id_visita,idPais,idDepartamento,idTiempo,idMotivo,idVia,noches_estadia,gasto_total
1,1,1,1,1,1,8,2233
2,2,2,2,2,1,5,408
3,3,2,3,2,2,7,572
4,1,2,4,3,2,2,241
5,2,3,5,1,1,10,847
6,2,4,6,3,2,10,148
7,2,5,7,4,2,7,224
8,2,6,8,2,1,5,483
9,3,5,9,2,2,6,1629
10,2,6,10,2,1,9,1193
11,4,7,11,2,2,8,699
12,3,6,12,2,2,2,2238
13,2,6,13,2,2,10,1872
14,5,6,14,2,2,6,566
15,2,1,15,1,1,1,2342
16,2,2,16,3,1,8,660
17,2,1,17,3,2,1,564
18,3,7,18,2,1,2,1996
19,2,3,19,2,1,4,1868
20,3,1,20,2,1,10,485
21,2,7,21,2,1,2,1046
22,6,2,22,2,2,5,2200
23,5,5,23,2,2,11,1054
24,2,8,24,4,1,7,389
25,5,2,25,3,1,7,1433
26,3,5,26,2,2,10,2326
27,2,3,27,2,1,5,551
28,2,8,28,2,2,3,1425
29,2,6,29,2,2,5,852
30,5,4,30,2,2,4,1259
31,3,1,31,2,2,6,151
32,2,7,32,3,1,1,1916
33,2,4,33,3,2,1,2091
34,3,6,34,2,2,8,820
35,3,3,35,1,2,6,2033
36,5,3,36,2,2,9,1472
37,6,5,37,1,2,10,2312
38,2,5,38,2,1,1,1693
39,2,4,39,2,2,7,1336
40,2,3,40,2,1,1,1964
41,7,7,39,2,2,7,1925
42,2,2,41,4,1,7,319
43,2,6,42,2,2,8,2448
44,5,1,43,3,2,5,1673
45,2,7,44,3,1,8,1988
46,2,3,45,2,1,10,1071
47,3,1,46,2,2,5,337
48,2,3,47,3,2,9,2039
49,2,5,48,2,2,11,351
50,3,7,49,5,2,8,2053
51,2,5,50,3,2,11,852
52,2,8,51,3,2,7,210
53,8,3,52,4,1,7,800
54,2,1,53,1,1,3,2159
55,5,6,54,1,2,6,1521
56,2,7,55,3,1,6,1428
57,3,3,56,2,2,11,269
58,2,3,57,1,2,5,2244
59,2,7,58,2,1,2,979
60,2,8,59,5,1,10,205
61,3,8,60,3,1,7,805
62,3,7,61,1,1,5,1237
63,2,2,24,2,2,2,1073
64,6,8,62,2,2,4,2278
65,2,8,63,3,1,11,1312
66,3,3,64,4,2,1,1291
67,2,8,65,1,2,8,170
68,3,8,66,1,2,5,1769
69,5,4,67,3,1,8,1009
70,3,5,68,2,1,1,809
71,2,8,69,1,2,8,279
72,2,2,70,2,1,5,998
73,5,8,71,2,1,7,2082
74,2,2,72,3,2,3,1484
75,2,5,73,3,2,3,333
76,2,7,74,2,2,9,1487
77,2,8,75,2,2,7,1612
78,2,5,76,1,1,11,795
79,4,4,77,5,1,6,1919
80,5,5,78,2,2,4,1915
81,3,1,79,3,1,5,1729
82,2,4,80,3,2,8,131
83,3,7,81,2,2,1,1180
84,3,2,4,5,1,2,456
85,3,6,82,3,2,3,2309
86,2,6,83,3,1,11,1183
87,6,4,84,3,2,5,1647
88,3,1,85,3,1,11,1481
89,8,6,86,3,2,8,1974
90,2,2,87,3,2,5,2439
91,2,7,88,1,2,5,2225
92,2,5,89,2,1,6,345
93,5,8,90,3,2,9,2328
94,2,2,91,2,2,9,846
95,7,4,92,2,2,9,1346
96,7,8,93,5,1,11,851
97,3,1,94,2,2,11,1923
98,3,1,95,3,1,5,1416
99,5,3,96,3,2,6,2028
100,5,1,97,1,1,7,1348
101,2,8,98,2,1,3,644
102,5,8,99,3,2,1,2327
103,1,1,100,3,2,2,1500
104,2,7,101,2,2,4,2336
105,8,8,102,2,1,9,2424
106,2,4,103,2,2,1,206
107,2,2,104,2,2,6,2372
108,2,2,105,1,2,4,1888
109,2,7,106,3,2,6,1498
110,7,1,107,3,1,2,2132
111,1,7,108,2,2,2,2489
112,5,8,109,2,1,7,807
113,6,2,110,3,1,5,2221
114,2,2,111,5,2,6,1786
115,2,4,112,1,1,4,1605
116,3,4,113,5,2,1,1476
117,7,8,114,3,1,8,2041
118,2,7,115,2,2,1,2094
119,6,1,116,2,1,8,320
120,3,5,117,5,2,11,391
121,6,1,118,3,1,1,815
122,2,8,119,1,1,10,2345
123,3,6,120,3,2,10,2148
124,5,2,121,1,2,4,216
125,5,8,122,2,1,6,716
126,2,7,123,3,2,1,1538
127,8,3,124,3,1,9,265
128,4,1,125,3,1,7,1360
129,2,5,126,1,1,1,2415
130,2,5,127,4,2,10,2251
131,3,2,128,2,2,2,1584
132,3,1,129,3,1,5,1601
133,5,8,130,3,2,3,619
134,2,1,131,3,2,1,622
135,3,4,121,3,2,5,223
136,3,6,132,1,1,8,1237
137,2,4,133,3,2,1,2173
138,3,8,134,3,1,6,1455
139,2,1,135,2,2,1,1641
140,2,4,136,2,2,8,678
141,3,6,137,4,1,5,967
142,6,5,138,5,2,3,138
143,2,1,139,3,2,8,2170
144,2,4,140,1,1,10,260
145,2,4,141,2,2,8,1271
146,2,2,142,2,2,3,928
147,2,6,143,5,2,7,1568
148,5,7,144,3,1,1,2174
149,2,6,145,3,1,3,150
150,8,2,146,5,2,7,756
151,2,3,147,2,2,3,1143
152,4,7,111,3,2,11,1738
153,1,2,148,2,2,7,2186
154,3,6,149,4,2,3,166
155,2,2,150,4,2,3,575
156,3,6,151,2,1,2,2023
157,3,4,152,1,1,5,743
158,4,3,153,3,1,11,1652
159,3,1,154,2,2,1,1441
160,2,8,155,2,2,11,1612
161,7,5,156,2,1,4,404
162,6,3,157,2,2,11,2111
163,3,1,158,3,1,4,491
164,4,4,159,3,1,10,1661
165,3,2,160,4,2,3,2107
166,5,8,161,2,2,5,2191
167,5,6,114,3,2,4,2146
168,5,7,59,2,2,8,2150
169,2,8,162,2,1,11,1482
170,3,4,163,5,1,8,840
171,3,4,164,2,1,10,2012
172,2,3,38,5,2,1,1806
173,2,2,165,5,1,8,1093
174,5,4,166,1,1,11,1390
175,3,8,167,2,1,9,1730
176,2,1,168,4,1,4,2435
177,7,4,169,2,2,11,1700
178,4,7,170,5,2,8,1514
179,3,5,171,3,2,9,1584
180,2,3,172,2,2,2,2363
181,8,8,173,3,1,11,2427
182,4,7,174,3,2,9,964
183,2,8,175,1,2,6,534
184,2,5,176,3,2,9,1965
185,2,2,177,2,1,11,1942
186,5,1,165,2,2,11,1303
187,2,4,178,2,2,8,891
188,3,3,125,3,2,4,1918
189,2,4,179,2,2,11,1071
190,1,8,180,3,1,7,2085
191,2,1,181,2,2,3,2285
192,3,6,182,3,2,1,1011
193,8,8,183,3,1,4,2088
194,2,1,143,1,2,4,373
195,2,7,184,1,1,5,1720
196,5,1,185,4,1,4,2045
197,2,4,186,2,1,9,973
198,7,1,182,2,2,5,1429
199,2,4,187,2,2,5,959
200,2,3,67,5,2,8,611
201,1,8,188,3,2,7,400
202,3,3,189,2,2,2,1825
203,5,7,190,1,2,1,1471
204,2,3,191,3,2,1,1782
205,2,5,192,3,2,1,1179
206,7,4,193,3,1,10,1102
207,2,7,165,3,1,6,687
208,3,2,194,3,2,5,1751
209,2,8,195,3,1,9,2434
210,2,2,196,2,1,6,705
211,5,1,89,2,2,10,878
212,7,5,76,2,2,10,1210
213,5,2,197,1,2,5,1283
214,5,7,198,3,1,7,2100
215,3,3,199,5,2,5,1912
216,3,6,200,1,1,1,2003
217,5,4,201,1,1,9,1759
218,2,6,202,2,1,4,1380
219,2,2,203,2,2,5,1395
220,8,5,132,2,2,4,253
221,2,2,204,3,2,6,2319
222,2,3,205,3,2,9,1947
223,3,5,206,2,1,1,761
224,5,6,207,3,1,4,2065
225,3,4,208,3,1,10,2324
226,2,7,209,3,2,3,1515
227,6,1,210,5,2,3,247
228,5,3,211,5,1,8,1971
229,7,8,212,2,1,8,1467
230,2,8,213,2,2,7,1909
231,2,7,214,2,1,10,1294
232,2,5,215,2,2,5,1631
233,2,1,216,2,2,2,1805
234,2,3,217,4,1,5,1375
235,2,7,218,4,1,4,1865
236,3,4,92,2,2,8,1141
237,5,4,219,1,1,6,1744
238,5,6,220,2,1,1,1191
239,2,8,56,2,2,5,375
240,2,5,221,3,1,8,390
241,2,2,222,3,2,1,1202
242,2,5,140,1,2,1,2400
243,2,5,223,4,2,3,529
244,3,3,224,2,2,1,447
245,1,2,225,5,2,6,1298
246,5,7,87,2,2,5,1781
247,3,7,15,2,1,5,868
248,4,7,226,2,2,3,2455
249,5,6,227,1,2,2,890
250,7,8,228,3,1,1,1365
251,3,1,229,5,2,2,370
252,3,6,230,2,2,10,1332
253,5,2,231,2,2,9,264
254,2,4,210,2,2,10,1001
255,5,1,232,3,1,5,724
256,8,5,233,2,2,11,1713
257,5,8,84,2,2,8,1788
258,2,7,234,2,2,3,1241
259,2,1,190,2,1,5,1438
260,5,8,235,3,2,7,774
261,8,5,236,3,2,2,2493
262,2,4,237,1,1,3,351
263,7,2,238,1,2,3,556
264,4,6,239,3,2,11,1074
265,2,3,153,1,1,9,1018
266,7,1,240,2,1,11,176
267,2,3,241,3,2,1,2142
268,3,4,181,2,1,9,1962
269,3,8,242,2,1,1,881
270,3,3,81,3,1,10,294
271,5,1,243,1,2,7,528
272,2,3,44,2,2,11,2056
273,4,3,244,2,1,4,2094
274,5,3,245,3,2,10,2017
275,5,6,246,2,1,8,1045
276,3,5,247,3,2,1,826
277,2,7,170,1,1,1,1633
278,3,6,248,3,1,6,1271
279,1,4,249,5,2,5,1905
280,2,4,250,2,2,5,1297
281,6,6,251,2,2,2,1480
282,5,4,237,1,2,2,2464
283,5,5,252,4,2,4,180
284,5,5,253,4,2,2,2195
285,3,4,254,2,2,4,2205
286,5,3,124,3,1,5,2308
287,2,8,255,2,2,4,1028
288,7,6,256,3,1,6,2199
289,5,7,257,3,1,3,1198
290,5,1,87,1,2,2,727
291,5,1,258,3,2,1,2055
292,2,3,259,1,2,5,1410
293,2,7,260,5,2,4,1739
294,5,6,261,3,1,9,2024
295,2,3,262,3,2,10,1252
296,3,6,133,3,1,1,2203
297,2,7,263,3,1,9,357
298,2,3,81,1,2,8,1828
299,2,8,264,2,2,10,939
300,7,5,265,3,1,11,794
301,3,1,266,3,1,4,144
302,3,4,203,2,2,11,761
303,8,3,267,3,1,2,1577
304,2,6,119,3,1,3,658
305,2,4,268,3,2,10,1065
306,5,4,27,2,2,9,1802
307,5,4,219,5,2,10,2017
308,2,1,269,2,2,2,913
309,8,3,270,3,1,8,1560
310,8,2,271,2,2,10,1019
311,2,1,272,3,2,1,1849
312,2,4,273,3,2,4,832
313,7,2,274,2,2,3,1209
314,2,6,275,2,2,10,303
315,2,5,41,2,1,2,1653
316,5,5,276,2,2,3,385
317,3,8,168,2,2,3,2479
318,3,6,277,2,2,9,2151
319,2,2,278,4,2,3,1807
320,3,4,263,2,2,9,599
321,3,5,279,3,1,4,2377
322,2,8,280,2,1,1,1954
323,2,4,88,1,1,8,2108
324,3,5,281,3,2,10,163
325,8,2,238,2,1,5,2276
326,8,8,282,3,1,2,247
327,2,3,81,3,1,9,139
328,5,5,283,2,2,7,1914
329,5,7,284,3,2,6,800
330,5,5,23,1,1,2,1558
331,3,7,285,2,1,6,1989
332,2,7,286,3,1,7,724
333,5,3,287,1,2,5,316
334,2,2,288,4,2,5,274
335,2,8,289,3,1,4,836
336,3,2,290,2,2,10,1257
337,6,3,291,3,1,1,1102
338,2,5,13,2,2,10,1726
339,3,7,292,3,1,7,925
340,2,3,124,3,2,3,327
341,1,6,239,2,2,5,1375
342,3,4,205,3,2,8,1703
343,2,3,217,3,1,2,379
344,2,4,293,2,2,4,438
345,2,8,294,3,1,9,2329
346,2,7,295,2,2,11,1100
347,2,7,296,3,1,2,334
348,5,1,242,2,2,8,2120
349,2,8,36,1,2,9,1634
350,5,2,297,2,1,3,1077
351,2,5,298,1,1,5,906
352,3,5,299,2,1,4,1355
353,2,6,30,2,2,10,1460
354,2,5,300,2,1,10,2290
355,3,6,301,2,1,8,402
356,2,6,26,3,1,8,137
357,7,2,302,3,1,11,723
358,3,6,303,3,2,5,1901
359,3,2,304,3,2,5,976
360,2,4,305,1,2,1,2154
361,2,8,72,2,1,5,2378
362,3,4,306,1,1,1,1503
363,3,6,303,1,1,4,1746
364,2,4,307,2,2,7,392
365,2,3,308,3,1,11,759
366,2,8,309,2,1,11,956
367,3,2,310,5,2,2,2364
368,2,1,311,3,2,1,1902
369,3,3,312,2,1,2,1888
370,2,7,313,3,2,7,1428
371,3,6,185,3,2,3,1439
372,2,1,314,3,2,5,1650
373,3,2,315,2,2,1,1301
374,2,1,316,3,2,10,1443
375,2,8,317,5,1,10,2460
376,2,1,318,4,2,10,2216
377,2,6,319,3,1,8,1365
378,2,8,320,1,2,4,345
379,5,3,321,4,1,10,1717
380,4,8,322,2,2,2,535
381,2,1,323,3,1,8,307
382,7,8,152,2,2,10,1564
383,3,8,324,3,2,5,2256
384,2,8,325,5,2,2,163
385,6,3,326,4,2,9,2286
386,7,4,327,5,2,6,2032
387,6,1,328,2,1,8,2191
388,2,2,329,1,2,2,1506
389,2,6,330,1,2,5,1750
390,3,1,331,3,2,11,312
391,3,6,332,3,2,3,705
392,2,4,333,5,2,8,317
393,4,4,334,4,2,1,1441
394,3,3,335,2,1,9,2228
395,2,1,336,2,2,6,1726
396,3,2,337,5,1,1,2072
397,3,5,338,2,2,3,1839
398,2,7,339,2,1,8,1869
399,6,3,310,2,1,8,853
400,2,7,340,3,2,3,1512
401,2,8,341,2,2,10,2141
402,4,6,342,1,1,8,930
403,6,7,343,3,1,6,2034
404,7,3,344,2,2,7,278
405,4,2,345,4,2,2,2034
406,3,4,306,5,2,1,1681
407,8,6,346,1,1,11,601
408,2,6,347,3,1,1,1863
409,5,8,157,1,1,3,1657
410,5,6,348,2,1,7,465
411,2,5,349,2,2,9,229
412,3,8,350,5,2,2,1917
413,3,4,351,3,1,6,349
414,5,4,128,2,2,8,266
415,2,5,297,1,2,11,2059
416,5,6,352,3,2,9,192
417,2,8,89,2,1,10,2396
418,2,5,353,2,1,3,280
419,4,6,354,3,2,5,1264
420,3,2,1,3,2,5,1755
421,2,6,355,2,2,11,262
422,2,8,356,2,2,8,1753
423,5,5,357,2,1,1,1092
424,6,2,358,2,1,11,1713
425,1,2,206,1,1,3,2384
426,5,5,359,3,2,6,1070
427,2,8,360,3,1,6,839
428,2,6,361,3,2,4,311
429,2,5,362,3,1,5,1381
430,2,3,363,1,1,10,1697
431,2,5,364,1,1,3,2170
432,2,2,365,2,1,4,706
433,3,6,366,3,2,10,534
434,2,1,367,3,1,10,781
435,5,7,73,2,2,1,2181
436,8,6,368,2,2,6,1726
437,3,2,369,2,2,5,532
438,5,4,370,2,2,5,1774
439,5,6,371,3,1,4,522
440,2,7,56,1,2,9,190
441,2,2,372,2,2,11,1637
442,2,7,373,3,2,11,781
443,2,1,374,3,1,9,530
444,5,8,375,3,1,5,1955
445,1,4,316,3,2,7,1560
446,8,4,159,3,1,3,1600
447,2,5,371,1,1,1,1157
448,6,7,376,5,2,1,1929
449,2,7,377,2,2,3,585
450,7,4,378,2,2,3,553
451,2,7,379,3,2,5,1378
452,2,3,380,2,1,8,2274
453,2,8,381,3,2,6,1854
454,4,6,382,3,2,8,1112
455,2,1,383,5,1,7,801
456,2,6,235,3,1,1,1922
457,1,3,384,3,2,10,440
458,8,3,385,3,1,8,281
459,2,3,386,1,2,1,1279
460,5,1,387,2,2,5,439
461,2,4,388,2,1,3,212
462,2,3,3,3,1,7,1521
463,3,3,198,4,2,5,1343
464,2,7,389,1,1,2,1178
465,3,7,390,2,1,1,1515
466,3,4,391,2,1,10,1701
467,3,3,392,3,2,6,1951
468,5,3,155,5,1,6,1185
469,5,4,393,3,1,8,631
470,2,1,394,3,1,9,675
471,2,6,288,3,1,2,1573
472,3,1,395,4,2,5,971
473,5,4,396,3,2,5,288
474,3,1,397,3,2,10,774
475,3,3,398,3,2,8,427
476,2,5,39,3,1,9,1979
477,3,4,399,3,1,5,510
478,2,6,238,2,1,5,2058
479,1,8,400,3,2,3,707
480,3,6,401,2,2,6,1989
481,2,8,402,5,2,7,124
482,3,5,403,2,1,3,321
483,7,8,404,4,1,2,1388
484,2,6,405,4,1,2,1726
485,3,4,225,3,2,9,911
486,5,3,406,2,1,6,632
487,5,3,407,2,2,2,259
488,2,3,408,2,2,5,699
489,3,3,409,2,2,7,1121
490,1,2,410,3,2,1,1403
491,6,3,14,3,1,11,174
492,3,2,378,2,1,8,2482
493,6,4,411,1,2,11,304
494,3,6,412,3,2,6,765
495,2,6,413,2,2,1,2467
496,3,2,183,2,2,8,696
497,2,6,414,3,1,5,1350
498,2,1,415,2,2,7,708
499,3,5,416,3,2,10,142
500,7,1,417,3,2,4,1040
501,5,2,418,3,2,2,1201
502,3,5,90,2,2,8,297
503,2,4,419,1,1,4,809
504,2,2,420,2,1,8,2477
505,2,3,293,1,2,9,809
506,5,5,421,2,2,11,2092
507,2,2,422,2,2,4,494
508,2,3,423,2,2,8,778
509,2,6,424,3,2,4,171
510,5,7,94,5,1,8,564
511,4,2,260,2,1,1,988
512,5,4,425,2,2,2,1231
513,2,5,426,2,2,10,481
514,2,6,184,2,2,3,2060
515,2,2,427,2,2,2,1366
516,2,2,428,3,1,10,600
517,2,6,429,2,2,8,1898
518,2,4,430,2,2,10,1566
519,2,8,431,3,1,11,2378
520,2,8,432,3,1,9,276
521,2,4,433,2,2,9,1560
522,3,7,434,4,2,1,1186
523,6,3,435,3,2,9,1758
524,4,5,436,3,1,8,2469
525,2,4,65,1,1,8,1528
526,2,3,339,5,1,3,859
527,4,8,437,2,1,8,1307
528,2,5,438,2,1,2,437
529,7,8,64,1,2,2,396
530,3,7,439,3,1,4,1036
531,8,6,440,2,1,7,646
532,4,3,70,2,2,4,1193
533,5,4,441,3,2,2,2365
534,3,7,442,1,2,5,2312
535,2,1,443,3,2,8,1520
536,2,1,355,1,1,7,1637
537,2,2,444,2,2,7,177
538,2,3,445,2,1,9,1437
539,2,4,446,2,2,5,2359
540,2,2,447,4,1,4,805
541,4,4,249,1,1,10,2486
542,2,3,448,3,1,11,675
543,2,5,263,2,2,9,130
544,2,7,144,3,1,11,2063
545,3,5,449,1,2,11,1748
546,2,7,450,1,1,11,133
547,6,6,451,3,2,1,1357
548,3,8,452,2,1,6,1487
549,3,1,453,3,1,11,2232
550,2,1,454,3,1,3,1354
551,3,6,455,2,1,6,2007
552,7,6,242,4,2,7,1404
553,2,6,456,2,2,1,1504
554,2,4,397,1,2,6,187
555,2,6,145,2,2,8,444
556,6,3,457,3,1,5,1236
557,2,6,342,2,1,5,1437
558,1,2,458,3,1,7,1447
559,2,8,459,1,2,8,1173
560,3,6,460,2,2,7,2013
561,5,3,91,3,2,3,525
562,2,1,361,3,1,6,1825
563,2,7,461,5,2,9,1512
564,2,1,462,3,1,2,1612
565,2,1,463,2,2,9,1130
566,7,7,464,5,2,3,1775
567,2,8,448,5,1,3,909
568,3,3,346,2,1,10,790
569,2,8,431,4,1,2,562
570,2,6,188,3,2,3,1786
571,3,5,465,5,2,7,349
572,3,1,466,2,2,3,208
573,2,1,467,2,1,1,1441
574,3,5,468,1,2,4,979
575,2,6,181,5,1,7,575
576,4,7,469,2,1,6,1915
577,2,1,470,3,1,10,1995
578,2,6,471,1,2,3,2418
579,5,2,472,3,2,1,527
580,2,7,473,1,1,8,2464
581,2,5,474,3,1,2,2280
582,2,3,475,3,1,5,2067
583,4,8,61,5,2,3,1689
584,8,6,210,2,1,4,2495
585,5,5,476,1,2,3,1756
586,3,8,395,3,2,3,1767
587,3,7,242,2,1,3,2039
588,2,5,467,2,2,10,1381
589,2,5,477,5,2,11,1565
590,8,7,478,2,2,11,489
591,2,4,479,2,2,8,2236
592,2,3,480,4,2,11,2331
593,1,4,481,2,2,1,674
594,5,1,482,5,2,2,1149
595,2,8,319,2,1,2,2287
596,2,2,483,3,1,9,741
597,3,1,484,2,1,7,488
598,3,6,485,2,2,10,1956
599,2,5,486,3,2,7,721
600,2,1,133,4,1,8,882
601,6,3,412,5,2,2,1572
602,2,3,376,4,2,10,2153
603,3,7,487,3,2,11,1267
604,2,4,259,2,2,1,1537
605,2,4,10,3,1,6,903
606,2,2,488,3,1,3,2437
607,1,1,489,2,1,2,1313
608,4,4,490,1,1,3,696
609,2,7,491,3,1,4,1270
610,4,4,492,3,2,5,1629
611,2,3,493,2,2,10,1974
612,3,4,494,2,1,10,620
613,2,7,495,4,2,4,334
614,4,8,496,1,1,8,1273
615,2,3,497,3,2,6,721
616,3,4,434,5,1,7,181
617,5,2,498,2,1,4,1701
618,2,6,499,1,2,7,227
619,2,1,428,3,1,5,504
620,2,7,500,5,1,11,203
621,5,6,316,3,1,2,2186
622,2,5,501,3,1,9,1624
623,3,8,135,2,2,2,2155
624,8,6,376,2,1,2,821
625,2,3,502,2,2,3,1151
626,2,3,503,3,1,4,629
627,5,8,504,2,1,7,1000
628,5,6,250,1,2,5,1997
629,8,6,505,2,1,7,2022
630,2,5,275,1,1,1,2385
631,2,7,346,1,1,4,2013
632,7,4,506,3,1,2,837
633,5,5,35,2,1,6,681
634,3,1,507,2,2,2,298
635,2,3,91,2,1,4,700
636,2,7,508,3,1,5,810
637,2,1,509,3,1,8,1987
638,8,1,510,2,2,5,460
639,2,6,83,2,2,2,214
640,3,3,229,1,1,10,1227
641,3,7,468,2,2,8,1196
642,2,7,511,2,2,8,1552
643,2,1,512,1,1,10,2258
644,3,6,48,5,2,1,505
645,2,2,513,3,2,9,2468
646,2,8,514,2,2,8,252
647,2,5,515,2,2,1,314
648,5,6,516,3,2,9,2064
649,6,6,517,2,2,11,1681
650,3,1,518,2,1,9,886
651,5,6,436,3,1,8,2432
652,3,4,288,3,2,11,794
653,3,6,371,3,2,10,639
654,6,4,519,3,1,7,1028
655,2,1,82,2,2,6,227
656,2,7,520,3,2,5,2402
657,8,6,521,1,2,6,2128
658,5,4,522,2,2,1,1678
659,2,5,523,4,1,1,161
660,6,3,524,2,1,9,668
661,2,8,525,2,2,6,2230
662,2,1,38,1,2,3,232
663,3,2,526,5,1,9,1174
664,2,2,527,2,2,3,1746
665,5,4,459,2,2,9,1345
666,2,3,528,2,1,5,992
667,2,5,529,3,2,1,293
668,3,6,224,3,1,11,1721
669,3,4,530,3,2,5,1483
670,2,2,531,2,2,10,787
671,6,6,532,2,2,2,838
672,3,5,533,2,2,2,1103
673,2,1,327,3,2,1,1710
674,2,3,534,3,1,10,2257
675,5,4,517,3,2,4,1226
676,3,5,535,3,1,4,921
677,2,2,536,3,2,5,1035
678,2,2,537,5,1,4,440
679,2,3,538,3,1,2,1184
680,2,1,539,3,2,5,1647
681,3,5,200,3,1,8,2255
682,8,2,92,1,1,6,975
683,2,4,540,5,2,5,912
684,4,2,252,3,1,7,566
685,8,1,541,2,1,1,351
686,1,8,360,1,2,6,1328
687,8,2,181,3,1,2,1349
688,7,7,542,5,2,5,1656
689,3,8,335,2,2,10,753
690,2,2,229,4,2,4,1330
691,3,6,13,3,2,7,359
692,4,8,172,4,2,9,776
693,2,3,364,1,2,9,402
694,2,4,334,1,1,10,202
695,2,6,543,2,2,1,1466
696,7,2,544,2,2,7,1697
697,5,7,545,3,2,7,301
698,3,7,546,2,2,5,1258
699,2,1,547,4,1,8,2420
700,5,7,548,3,2,10,2382
701,2,8,549,2,1,4,2486
702,3,4,333,3,2,11,1212
703,2,3,550,3,1,1,2141
704,6,5,551,2,2,4,1748
705,3,5,552,2,1,11,1590
706,3,1,553,2,2,2,864
707,5,5,554,3,2,3,1940
708,3,4,163,2,1,4,2062
709,2,6,450,2,1,7,1283
710,3,2,438,1,2,9,1928
711,8,7,555,2,1,4,434
712,2,7,556,3,1,2,2149
713,5,7,557,3,2,10,334
714,6,5,558,1,2,10,2349
715,7,7,559,2,2,4,879
716,3,4,560,5,2,8,1519
717,5,4,113,2,2,11,1916
718,8,8,561,2,2,2,1626
719,8,4,562,3,2,8,2158
720,6,4,563,1,2,5,1437
721,3,8,564,2,2,2,269
722,2,6,212,3,2,8,1081
723,2,3,224,2,2,2,1937
724,2,1,565,2,1,4,231
725,8,4,559,3,2,2,1014
726,4,8,209,5,1,6,1834
727,3,3,566,2,1,3,943
728,3,3,567,2,2,7,1741
729,2,6,434,3,2,6,382
730,3,4,568,5,1,1,1427
731,5,4,569,3,2,9,873
732,2,8,570,2,2,7,920
733,2,7,571,3,2,1,1248
734,3,5,572,2,2,4,2108
735,2,6,573,2,2,4,1136
736,6,5,529,5,1,6,590
737,2,2,279,1,2,3,2332
738,1,1,574,5,1,2,620
739,2,2,575,3,2,3,2394
740,2,8,357,3,2,4,2107
741,3,4,130,3,2,8,253
742,5,5,576,2,1,11,189
743,3,8,415,2,2,8,979
744,2,5,577,2,2,1,708
745,2,3,578,3,2,9,1982
746,3,5,579,3,2,4,925
747,2,3,580,2,2,4,727
748,2,4,581,5,1,4,1974
749,5,3,466,3,2,7,1116
750,2,1,582,2,2,2,1869
751,2,5,583,2,1,7,1242
752,2,4,584,2,1,10,1325
753,6,2,585,4,2,11,1144
754,2,6,586,2,1,2,1995
755,1,3,135,2,2,3,1918
756,2,7,587,2,1,11,1190
757,5,8,588,2,2,11,2153
758,2,4,242,3,2,5,1186
759,3,6,35,2,1,1,761
760,7,3,194,2,2,11,873
761,7,2,589,4,2,8,2455
762,5,7,362,3,2,6,1468
763,7,3,292,2,2,4,2335
764,2,8,519,3,1,3,416
765,3,1,571,2,2,7,1763
766,3,8,590,4,2,6,1785
767,1,3,591,2,1,9,1698
768,2,8,592,2,1,2,1002
769,8,7,392,3,2,6,1733
770,3,5,593,2,1,10,1854
771,3,1,514,3,2,1,2054
772,2,7,594,1,1,4,1481
773,2,3,564,2,1,4,1752
774,5,3,595,3,1,9,726
775,3,6,596,2,1,9,1125
776,8,3,452,3,2,8,495
777,5,4,597,2,2,8,1853
778,3,4,340,2,2,11,2211
779,4,1,327,1,1,5,667
780,3,4,598,2,1,11,2094
781,3,3,599,1,2,3,1310
782,2,6,234,3,2,10,1595
783,2,2,382,2,1,5,305
784,5,6,600,2,2,10,2334
785,1,6,163,3,1,7,1376
786,2,3,601,3,1,8,1352
787,2,2,6,3,2,8,874
788,3,8,390,3,2,2,1287
789,2,7,602,2,1,7,2263
790,5,4,603,2,2,4,1164
791,5,1,276,3,2,4,196
792,2,4,604,3,2,9,476
793,1,8,590,3,2,7,2312
794,3,1,605,2,2,5,1259
795,3,4,606,2,1,5,1421
796,2,7,349,1,1,7,1035
797,2,5,607,1,2,9,1524
798,4,7,608,4,1,6,1268
799,2,6,609,2,2,10,1026
800,2,7,610,2,2,7,2402
801,2,6,203,3,2,4,1673
802,2,5,233,3,1,9,2335
803,2,8,132,2,1,8,818
804,2,3,611,3,2,9,1724
805,8,1,612,2,2,5,298
806,5,4,613,2,1,11,1372
807,2,1,540,3,2,1,347
808,5,5,582,2,1,8,752
809,2,7,156,3,2,8,2149
810,3,5,614,2,1,7,1470
811,2,4,615,2,2,7,736
812,2,5,616,1,2,5,2390
813,4,2,250,3,1,8,216
814,2,6,92,1,2,3,1876
815,7,1,617,3,2,11,451
816,2,3,21,3,2,5,814
817,2,8,605,5,2,10,786
818,5,2,618,2,2,10,2406
819,3,6,279,2,2,9,900
820,2,8,619,4,2,11,315
821,2,2,620,2,1,8,392
822,2,7,615,3,2,9,799
823,8,6,621,1,2,8,498
824,3,5,622,5,1,6,1029
825,2,7,623,5,1,7,596
826,4,7,624,3,2,6,466
827,2,8,625,3,2,2,865
828,2,7,619,2,2,1,2172
829,2,3,282,2,2,1,580
830,3,7,626,4,1,7,1899
831,2,5,320,4,1,8,1276
832,3,1,73,2,1,1,473
833,1,1,627,2,2,1,2073
834,2,1,628,3,1,7,2099
835,2,7,629,3,2,11,403
836,2,8,630,1,2,5,1713
837,3,1,631,2,2,9,2025
838,1,7,632,5,1,9,787
839,2,2,633,3,1,7,1700
840,2,3,545,4,2,7,2269
841,2,3,314,3,2,2,891
842,2,8,625,2,2,2,1268
843,3,1,634,5,1,10,2295
844,2,6,635,2,1,11,335
845,2,5,636,4,2,1,441
846,3,1,637,2,1,7,1909
847,2,6,638,3,1,5,2357
848,3,4,639,2,1,1,1053
849,2,3,640,2,2,7,1324
850,8,5,449,3,2,7,2264
851,2,3,641,2,2,10,601
852,8,3,642,4,2,3,2213
853,2,2,601,1,1,3,864
854,5,5,180,1,2,4,459
855,2,2,630,4,1,7,1870
856,3,4,643,3,2,7,822
857,2,8,630,2,2,11,1084
858,3,1,644,3,2,8,2133
859,5,5,266,3,2,9,1548
860,3,6,266,2,2,5,1949
861,3,7,645,2,1,10,349
862,2,3,646,3,1,11,394
863,2,3,534,2,2,8,2228
864,3,2,647,2,1,1,777
865,2,7,376,2,2,11,2176
866,2,4,648,2,2,2,2462
867,2,2,195,5,2,8,2214
868,2,7,130,3,2,8,1495
869,3,7,649,2,2,9,456
870,3,4,157,5,1,7,993
871,1,2,650,2,1,8,1248
872,2,5,651,3,1,2,813
873,8,3,348,3,1,8,344
874,3,7,652,2,1,3,1585
875,1,4,653,2,2,10,1630
876,7,4,654,2,2,4,1127
877,5,6,232,2,1,7,506
878,2,4,291,1,1,7,2360
879,2,8,635,2,2,6,2427
880,2,4,596,2,2,1,1707
881,8,5,655,3,2,9,1098
882,8,8,656,1,2,3,1208
883,5,3,623,3,1,10,1013
884,4,1,360,5,2,4,219
885,1,1,657,1,2,2,1080
886,3,8,658,3,2,5,175
887,3,2,659,3,1,6,1732
888,2,4,660,2,2,11,1737
889,2,8,661,3,1,6,1145
890,2,2,662,4,2,11,1654
891,2,2,370,1,2,1,548
892,5,3,663,2,2,4,1318
893,2,2,664,5,2,10,2035
894,4,6,665,1,2,4,1945
895,2,6,666,2,2,3,1253
896,2,1,667,3,1,7,1625
897,7,5,668,4,2,4,1737
898,5,4,669,2,1,7,806
899,2,3,434,2,2,3,1643
900,3,5,670,3,2,4,837
901,2,2,671,2,2,3,1556
902,8,3,672,3,1,4,2348
903,3,7,673,2,2,10,1270
904,2,2,126,3,2,4,1359
905,3,5,674,5,2,4,2178
906,4,1,403,1,1,3,1234
907,5,6,675,2,1,11,450
908,7,6,676,3,2,6,752
909,2,6,677,2,1,5,1420
910,4,3,185,4,2,6,1709
911,5,2,678,2,2,7,1563
912,5,7,679,3,1,4,2412
913,2,6,674,2,1,11,1635
914,4,2,188,3,1,9,1889
915,3,6,680,2,2,1,889
916,4,5,569,5,2,8,1012
917,2,8,681,3,1,2,1291
918,2,1,682,5,2,3,1582
919,2,2,612,3,1,2,1909
920,3,3,272,2,1,10,2265
921,3,6,683,2,1,6,697
922,3,5,49,2,2,5,1522
923,3,6,21,4,2,7,804
924,7,7,455,5,2,9,1451
925,2,1,138,1,1,7,1776
926,2,8,23,3,2,11,1431
927,4,4,146,2,2,9,1446
928,3,6,675,2,1,5,2029
929,3,1,514,1,2,3,2053
930,3,2,319,2,2,3,2279
931,3,1,462,2,1,4,205
932,2,5,164,3,1,2,1794
933,3,4,684,2,2,3,2058
934,6,5,638,3,1,11,1383
935,3,2,685,2,2,9,2334
936,2,3,686,2,1,9,1158
937,5,7,687,2,2,8,662
938,2,8,688,1,2,2,2290
939,2,5,689,3,2,9,1313
940,4,2,451,2,2,5,437
941,2,4,690,2,2,8,2354
942,8,8,653,4,1,6,1641
943,2,8,483,3,1,2,1064
944,5,2,691,3,1,1,2174
945,3,5,640,3,2,4,2389
946,2,2,692,2,1,4,1544
947,5,2,640,1,1,7,1890
948,8,6,600,1,2,2,436
949,5,2,693,2,2,4,2212
950,3,7,459,1,2,10,1060
951,6,5,31,3,2,11,651
952,2,5,694,3,1,1,305
953,2,5,695,3,2,7,595
954,2,6,128,1,2,11,1193
955,5,5,696,1,1,3,285
956,7,8,583,2,2,8,1796
957,3,2,697,3,2,1,1268
958,1,1,698,4,2,1,1629
959,5,7,357,3,2,9,2335
960,2,8,167,4,2,5,1080
961,2,6,406,1,1,11,886
962,8,7,591,3,2,4,183
963,2,1,699,3,2,4,1827
964,3,7,25,3,2,8,2277
965,2,3,233,3,2,9,2179
966,2,4,417,3,1,7,1740
967,3,1,359,5,2,8,1149
968,2,2,700,2,1,2,1463
969,1,6,661,1,2,10,615
970,2,5,362,3,1,7,889
971,5,5,701,5,1,4,887
972,5,1,320,3,2,8,1626
973,5,1,702,5,1,10,1126
974,1,1,703,2,2,8,2146
975,2,2,704,2,1,10,2269
976,2,5,705,3,2,2,1928
977,2,4,706,1,2,9,129
978,4,3,707,3,2,6,2498
979,6,2,453,3,1,11,2038
980,2,4,412,2,1,5,1055
981,5,5,708,4,2,9,278
982,2,5,709,2,1,3,826
983,2,5,710,2,1,5,1302
984,5,5,614,2,1,5,1778
985,2,6,711,5,2,8,1960
986,3,5,160,3,2,9,614
987,3,1,604,3,2,9,1719
988,5,5,234,2,2,5,1736
989,3,4,712,2,2,2,217
990,3,3,713,3,2,10,2228
991,3,6,714,2,1,6,496
992,2,3,715,3,1,4,1863
993,5,3,716,2,1,9,2386
994,2,3,717,1,1,8,1288
995,2,2,264,1,1,6,1485
996,3,5,665,3,2,2,1356
997,4,4,391,2,1,3,2333
998,2,5,517,2,2,2,829
999,2,3,718,3,2,6,2015
1000,2,5,719,1,2,4,1606
1001,2,2,720,1,2,1,176
1002,3,8,380,3,1,9,1304
1003,2,5,199,2,1,6,2139
1004,5,5,721,2,2,2,335
1005,5,3,722,2,2,3,1727
1006,5,6,723,2,2,8,747
1007,3,8,189,2,1,9,271
1008,2,6,724,2,2,9,2096
1009,2,5,725,3,1,5,1645
1010,3,8,597,2,2,4,166
1011,2,3,438,3,1,5,976
1012,5,6,332,2,2,1,1288
1013,2,4,726,1,2,3,239
1014,2,8,727,2,2,11,490
1015,2,6,728,2,2,9,544
1016,2,1,729,2,2,8,1966
1017,1,6,730,4,1,4,2081
1018,2,4,424,3,2,1,1767
1019,4,2,573,3,1,3,1569
1020,3,4,731,4,2,4,1889
1021,4,8,732,1,2,4,2440
1022,3,1,58,2,2,1,1315
1023,8,3,733,2,1,6,2286
1024,2,4,428,1,2,11,400
1025,3,1,329,3,2,11,2147
1026,2,6,734,2,2,9,1503
1027,2,7,735,1,1,8,1640
1028,3,1,314,3,2,2,1510
1029,3,7,55,1,1,7,2146
1030,2,3,736,3,2,3,2371
1031,2,5,737,3,2,6,1182
1032,3,8,738,3,2,2,1064
1033,3,2,177,1,2,8,2118
1034,2,7,607,3,2,4,1113
1035,8,5,739,2,2,6,1466
1036,8,3,740,3,2,3,2476
1037,4,5,701,2,1,1,1535
1038,7,2,492,2,2,2,661
1039,2,3,377,3,2,10,2268
1040,6,5,741,2,2,8,329
1041,2,2,697,2,2,6,1524
1042,2,7,742,2,2,4,1656
1043,7,1,217,2,2,9,502
1044,2,5,461,2,2,7,1051
1045,3,1,540,2,2,1,348
1046,2,6,80,3,2,6,1328
1047,3,4,279,3,2,4,2018
1048,3,1,743,1,1,6,1955
1049,2,1,744,2,2,11,1921
1050,2,6,504,3,1,8,2047
1051,3,3,354,2,1,9,1711
1052,3,4,475,2,1,3,1544
1053,2,6,745,3,1,2,687
1054,8,4,676,3,2,10,1872
1055,2,4,720,3,2,7,1452
1056,4,1,714,3,1,7,386
1057,2,3,746,3,2,3,1100
1058,2,5,51,4,2,5,1041
1059,2,2,484,1,2,10,431
1060,2,3,747,2,2,8,1239
1061,2,4,75,3,1,3,1769
1062,2,1,85,2,2,8,368
1063,2,5,748,3,1,3,321
1064,2,3,749,3,2,4,586
1065,3,8,750,2,2,3,644
1066,8,2,751,2,2,5,2104
1067,2,4,592,2,2,8,1344
1068,5,1,341,2,2,5,1321
1069,5,6,752,3,2,7,2246
1070,3,4,297,3,2,4,529
1071,1,2,753,3,1,10,2064
1072,6,2,687,3,2,2,2419
1073,2,2,165,2,2,6,1881
1074,3,8,754,2,1,5,1632
1075,3,8,121,5,2,8,294
1076,2,8,755,3,2,8,1332
1077,2,7,251,2,1,1,2494
1078,8,8,319,3,1,11,1710
1079,5,2,207,2,1,8,1816
1080,2,5,756,1,2,3,2283
1081,2,4,757,3,1,2,1005
1082,8,4,758,2,2,11,1230
1083,2,3,759,2,1,10,907
1084,5,7,138,2,1,4,2056
1085,2,8,406,2,2,10,2206
1086,2,2,760,2,1,8,1782
1087,2,2,164,2,1,5,648
1088,2,1,761,2,2,11,1325
1089,2,6,762,3,2,7,596
1090,3,1,763,2,1,8,2090
1091,3,3,764,2,2,3,2435
1092,2,5,765,3,1,7,129
1093,5,7,144,3,1,7,1156
1094,3,6,392,5,1,9,2078
1095,2,4,175,3,2,3,1180
1096,2,1,766,2,2,6,701
1097,2,1,109,3,1,7,1719
1098,6,4,407,4,2,9,402
1099,5,5,767,5,1,4,1522
1100,2,4,768,1,1,4,1613
1101,5,5,769,3,2,11,1406
1102,2,4,770,3,1,5,1572
1103,2,6,380,2,2,10,1508
1104,3,2,21,3,2,5,584
1105,5,8,771,3,2,1,488
1106,2,7,535,2,1,8,134
1107,4,7,692,5,1,8,2082
1108,2,5,772,2,2,9,2281
1109,2,8,478,2,2,3,2296
1110,6,8,98,2,2,6,1954
1111,3,1,97,2,2,11,590
1112,5,8,773,3,2,10,182
1113,5,8,97,2,1,9,916
1114,8,1,360,1,1,4,757
1115,2,2,774,2,2,9,467
1116,2,2,775,3,1,6,1822
1117,5,5,776,3,1,4,1151
1118,3,7,175,5,1,6,1690
1119,3,2,601,5,2,6,867
1120,2,8,777,2,1,4,329
1121,2,1,778,3,1,10,1323
1122,3,5,779,4,1,5,1791
1123,2,8,656,2,2,1,281
1124,2,6,168,2,2,9,586
1125,2,8,634,3,1,11,1118
1126,2,3,780,3,2,11,1071
1127,5,5,407,5,2,7,1847
1128,5,4,15,3,2,5,466
1129,2,6,764,3,2,5,1737
1130,2,7,781,5,2,6,1739
1131,3,1,782,2,2,11,699
1132,2,5,409,3,2,8,287
1133,7,5,535,1,2,11,2331
1134,5,5,232,3,2,3,2064
1135,1,2,294,2,1,8,2162
1136,3,2,683,3,2,3,2035
1137,2,1,467,2,1,10,712
1138,3,7,402,4,2,5,2325
1139,2,7,783,2,1,11,2206
1140,2,6,39,3,1,5,1147
1141,2,7,784,2,2,2,1658
1142,2,5,785,3,2,1,2070
1143,2,3,297,2,1,3,1074
1144,2,8,324,5,1,10,2358
1145,3,8,786,3,2,4,272
1146,6,3,353,1,1,7,1538
1147,2,8,787,3,2,7,2129
1148,3,8,788,3,1,9,1041
1149,2,3,789,2,2,4,611
1150,8,8,487,2,2,3,1045
1151,2,2,790,2,2,3,1640
1152,4,1,791,2,2,10,1793
1153,2,5,73,2,1,10,1618
1154,5,1,397,3,1,1,1792
1155,2,2,649,4,1,6,1105
1156,2,7,792,3,1,4,1851
1157,2,5,793,2,2,5,1261
1158,2,7,340,3,2,2,889
1159,7,5,794,3,1,8,905
1160,3,4,741,3,2,10,1106
1161,2,1,795,3,1,3,412
1162,6,3,796,2,2,7,2472
1163,3,3,147,5,1,9,2361
1164,6,4,797,3,2,9,789
1165,2,6,651,3,1,8,1710
1166,1,6,56,2,1,3,905
1167,2,1,762,2,1,5,2335
1168,3,8,512,3,2,10,2275
1169,2,4,798,5,2,1,925
1170,3,5,799,3,2,7,1156
1171,3,2,523,2,1,11,2292
1172,2,2,800,3,2,4,150
1173,6,6,801,2,1,9,2222
1174,6,6,363,2,1,10,1399
1175,6,2,802,5,1,8,439
1176,6,4,803,3,2,10,2047
1177,5,3,804,3,1,7,2007
1178,6,1,17,2,1,10,1174
1179,1,6,701,2,1,4,261
1180,2,6,78,2,2,2,176
1181,5,2,2,3,2,3,335
1182,1,3,805,2,2,8,1989
1183,5,7,373,2,2,6,195
1184,2,2,806,3,2,3,374
1185,2,8,341,3,1,10,1110
1186,5,8,807,3,2,11,2345
1187,8,7,686,2,2,2,1242
1188,2,6,614,2,2,8,2056
1189,2,4,22,2,1,9,286
1190,2,2,784,3,2,7,801
1191,3,1,33,3,2,5,1774
1192,2,7,441,2,2,8,1105
1193,3,8,808,3,1,3,910
1194,6,6,267,3,2,4,2103
1195,5,6,809,1,2,11,2048
1196,2,6,219,2,2,3,2303
1197,8,6,511,3,2,3,1719
1198,3,7,610,3,1,8,1695
1199,2,6,758,2,1,3,2129
1200,3,5,512,4,1,6,848
1201,3,5,179,1,2,7,2249
1202,7,2,689,2,2,1,1027
1203,8,7,411,3,2,11,2055
1204,2,4,174,2,2,8,307
1205,2,5,26,5,2,8,527
1206,2,6,466,2,1,11,989
1207,5,7,430,5,2,4,782
1208,5,7,584,1,1,8,585
1209,2,6,350,3,2,6,1076
1210,2,7,699,3,2,7,1485
1211,8,6,679,2,2,3,2015
1212,1,5,810,2,1,3,1363
1213,2,5,285,2,1,11,1551
1214,5,4,811,3,1,10,2073
1215,3,3,437,2,2,10,2472
1216,2,6,812,2,1,9,1804
1217,2,4,522,3,2,10,1156
1218,2,4,587,5,1,10,1031
1219,2,8,813,3,1,9,1844
1220,3,3,814,1,1,3,148
1221,2,7,519,1,2,9,1947
1222,2,4,104,2,1,3,1955
1223,3,3,815,1,1,4,518
1224,2,4,816,3,2,3,1410
1225,5,4,817,3,2,5,2195
1226,2,8,818,2,2,4,968
1227,3,3,609,3,2,9,952
1228,6,4,819,2,2,2,369
1229,2,6,615,1,2,10,178
1230,3,5,187,5,2,8,730
1231,2,6,820,3,2,3,2226
1232,1,7,821,3,1,9,1413
1233,7,5,822,3,2,2,1178
1234,2,8,823,2,1,7,634
1235,5,4,430,2,2,6,1847
1236,2,6,542,5,1,8,1640
1237,6,7,824,2,2,3,2391
1238,2,8,825,3,2,6,446
1239,7,1,481,3,2,11,976
1240,2,8,826,5,1,2,725
1241,3,1,465,2,1,11,880
1242,6,6,305,5,1,10,1449
1243,4,6,414,2,2,10,1040
1244,2,8,827,5,2,7,1230
1245,3,6,828,2,2,3,852
1246,2,1,829,2,2,5,510
1247,2,8,830,2,2,3,1715
1248,2,8,715,4,2,10,1317
1249,2,8,562,2,2,1,1716
1250,3,8,831,3,2,1,317
1251,2,6,182,3,2,10,918
1252,3,7,832,2,1,4,1088
1253,2,2,833,2,2,5,1883
1254,2,2,713,3,1,1,2002
1255,5,2,370,2,2,10,2292
1256,2,6,834,1,2,11,406
1257,2,4,566,2,1,3,2130
1258,2,7,835,2,1,3,1413
1259,3,3,750,2,1,2,880
1260,3,3,836,3,1,6,1951
1261,2,8,77,1,1,2,1920
1262,2,7,837,2,1,4,492
1263,4,5,838,3,1,5,420
1264,6,4,835,2,1,3,2070
1265,2,2,557,1,2,1,681
1266,3,1,839,5,1,1,822
1267,2,2,217,3,2,1,1610
1268,2,2,553,3,1,6,309
1269,2,5,840,1,2,4,131
1270,3,4,805,3,2,6,2429
1271,2,2,320,2,1,11,1175
1272,1,3,841,3,2,1,2074
1273,3,1,842,3,1,5,2131
1274,2,3,349,2,2,1,1970
1275,5,2,449,2,2,4,933
1276,2,7,581,2,1,9,1335
1277,2,6,540,3,2,6,2240
1278,2,7,756,3,1,4,1338
1279,2,1,648,2,2,10,617
1280,2,1,754,1,1,7,1339
1281,2,5,834,3,1,11,1888
1282,2,5,843,3,1,10,2499
1283,2,1,145,5,1,10,2130
1284,6,1,844,2,2,1,832
1285,2,7,596,3,1,1,2416
1286,2,4,309,3,1,5,2195
1287,6,3,247,3,2,7,1359
1288,3,2,797,3,2,9,525
1289,3,8,845,5,1,9,1333
1290,2,1,846,2,1,10,1241
1291,3,4,847,3,2,8,492
1292,2,6,848,4,2,11,2323
1293,5,2,849,2,2,2,1091
1294,6,1,850,3,2,1,1502
1295,3,4,473,4,2,3,265
1296,2,5,362,2,2,1,857
1297,3,5,851,3,2,1,2029
1298,3,5,852,2,1,8,509
1299,3,6,853,1,1,3,458
1300,3,3,854,2,2,2,349
1301,5,2,228,2,2,6,1019
1302,3,3,595,3,1,1,1237
1303,6,3,221,2,1,2,2376
1304,7,3,855,2,1,4,1551
1305,2,5,856,2,1,7,1602
1306,5,8,394,5,2,2,1374
1307,2,2,36,2,2,4,599
1308,5,7,857,5,1,4,1856
1309,2,5,858,2,2,8,948
1310,3,8,535,3,2,7,854
1311,5,3,571,3,2,7,1662
1312,2,7,859,2,2,9,2100
1313,7,4,860,3,2,3,955
1314,3,4,185,2,2,3,586
1315,2,1,861,5,2,10,1858
1316,2,8,334,3,1,9,2101
1317,8,6,576,2,1,2,218
1318,2,8,467,3,1,3,827
1319,5,4,731,5,1,9,969
1320,5,4,123,3,2,10,2246
1321,8,4,530,2,2,6,2158
1322,5,6,302,3,2,5,1848
1323,3,4,862,3,2,9,1389
1324,1,8,863,1,2,7,522
1325,7,3,89,2,2,2,1904
1326,5,5,864,2,2,10,598
1327,2,2,310,5,1,9,583
1328,2,5,865,2,1,11,2002
1329,3,2,866,3,2,6,138
1330,3,7,106,3,1,3,1899
1331,2,1,514,4,2,1,2318
1332,2,2,867,2,1,4,865
1333,3,2,868,3,2,11,1314
1334,2,1,869,3,2,8,443
1335,2,6,304,2,1,5,1094
1336,2,2,546,2,2,5,1662
1337,5,1,870,2,1,2,2213
1338,3,2,871,2,2,4,1317
1339,2,5,872,2,1,4,2128
1340,2,7,674,2,2,11,1814
1341,3,1,100,3,2,9,709
1342,5,3,873,4,1,7,515
1343,3,4,874,4,1,7,240
1344,2,8,875,3,1,9,1421
1345,2,2,173,1,2,9,1208
1346,4,2,212,5,2,5,2378
1347,2,5,876,1,2,1,861
1348,3,5,877,3,2,2,1508
1349,2,3,878,3,1,11,2259
1350,2,1,711,2,2,8,696
1351,2,4,679,3,1,6,1715
1352,3,3,183,2,2,10,1556
1353,2,8,503,3,2,8,956
1354,2,3,879,3,2,3,2246
1355,2,6,880,2,2,3,1714
1356,2,4,123,5,2,6,1153
1357,2,3,614,2,2,11,841
1358,2,2,348,2,1,4,2291
1359,2,3,691,2,1,4,1545
1360,5,8,304,2,1,11,829
1361,3,8,881,4,1,4,856
1362,2,4,882,2,2,2,2428
1363,2,7,113,2,2,7,2193
1364,3,5,530,2,2,5,2209
1365,2,5,600,2,2,5,1780
1366,2,4,883,2,1,7,1824
1367,3,7,884,3,2,5,1137
1368,1,2,885,2,2,1,1029
1369,3,6,792,3,1,2,1225
1370,2,3,492,3,2,5,1250
1371,4,1,814,2,1,7,2456
1372,2,5,277,4,1,10,2116
1373,4,2,886,1,2,2,203
1374,2,1,160,2,1,8,271
1375,2,4,887,4,2,5,2066
1376,3,7,888,1,1,9,1720
1377,8,3,880,3,2,6,662
1378,1,3,606,3,2,3,671
1379,3,3,755,3,1,6,2450
1380,5,1,471,4,2,9,1756
1381,3,7,889,3,1,1,2468
1382,5,7,633,2,2,1,2093
1383,7,8,890,2,1,8,587
1384,2,3,300,2,2,7,1587
1385,2,6,891,2,1,11,695
1386,8,7,376,2,2,11,376
1387,8,7,776,2,2,1,1013
1388,2,7,282,2,1,8,807
1389,2,8,892,3,1,5,1761
1390,6,8,893,3,1,9,2289
1391,3,1,894,2,2,3,959
1392,3,5,779,2,1,5,2233
1393,2,4,828,2,2,7,611
1394,1,6,656,3,1,10,1294
1395,2,7,503,2,2,11,234
1396,2,8,895,1,2,8,460
1397,2,2,741,5,1,3,1690
1398,1,3,780,2,1,1,267
1399,5,2,450,2,1,6,1330
1400,5,5,182,1,1,5,221
1401,2,2,214,3,1,11,1318
1402,1,8,896,2,2,5,519
1403,5,5,897,2,1,11,1879
1404,5,2,252,3,1,11,1411
1405,6,5,898,2,2,6,697
1406,2,7,618,2,1,3,852
1407,3,1,835,3,1,5,1611
1408,1,8,693,3,1,10,827
1409,5,1,179,2,2,11,468
1410,3,7,899,3,2,1,1857
1411,2,7,900,2,1,8,427
1412,3,4,634,2,2,9,181
1413,3,4,680,2,1,4,282
1414,2,2,406,3,1,5,376
1415,4,7,491,3,1,7,2318
1416,2,6,222,1,1,10,2282
1417,2,7,42,2,2,5,1577
1418,5,6,39,4,2,4,651
1419,3,1,678,3,2,8,1410
1420,2,3,901,2,1,11,720
1421,2,7,116,2,2,11,1470
1422,2,7,390,2,1,6,507
1423,2,3,902,2,2,2,304
1424,2,6,903,5,1,11,1021
1425,2,8,85,2,2,4,2052
1426,2,2,883,2,2,3,1772
1427,3,7,585,3,1,2,1138
1428,1,6,647,2,1,6,1035
1429,3,4,809,2,2,11,181
1430,5,1,881,2,1,10,1270
1431,2,2,689,2,2,1,2201
1432,5,1,319,1,2,10,1092
1433,3,6,16,2,1,4,1261
1434,3,6,540,2,1,8,2173
1435,2,1,904,2,2,5,2101
1436,2,2,732,2,1,3,2450
1437,3,2,391,3,2,2,768
1438,2,5,905,1,2,11,2040
1439,4,1,906,2,2,11,1018
1440,2,7,654,3,1,6,174
1441,2,6,907,3,1,4,1512
1442,3,1,908,3,2,7,679
1443,4,7,909,3,2,8,292
1444,2,1,260,3,2,9,570
1445,3,3,883,3,1,7,2347
1446,2,5,853,3,2,9,1149
1447,3,2,432,2,2,4,1671
1448,5,8,821,3,2,1,1314
1449,4,3,772,3,1,7,1988
1450,2,5,505,2,2,2,856
1451,2,3,802,2,2,10,2360
1452,3,5,67,3,1,11,1445
1453,2,8,577,1,2,9,628
1454,5,8,37,2,1,6,1325
1455,3,5,174,1,2,9,2381
1456,2,4,910,3,2,8,1305
1457,7,1,911,2,2,9,556
1458,2,7,912,2,1,7,1778
1459,6,5,184,2,2,11,1289
1460,7,8,223,5,2,3,741
1461,5,6,360,1,2,10,907
1462,2,8,309,2,2,5,458
1463,1,6,836,2,2,3,302
1464,5,6,418,1,1,3,825
1465,2,6,913,2,2,7,575
1466,2,8,203,4,2,6,793
1467,2,3,300,3,2,5,1260
1468,6,2,155,3,2,5,1854
1469,4,2,602,3,2,11,1183
1470,8,8,757,2,2,8,1609
1471,5,4,914,2,2,1,1886
1472,3,5,915,4,1,4,1696
1473,2,2,916,2,1,5,1157
1474,2,3,569,2,2,9,1887
1475,2,8,268,3,1,1,810
1476,3,6,586,5,1,9,934
1477,1,6,339,2,2,6,1902
1478,6,6,917,3,2,3,422
1479,2,2,412,2,1,3,2044
1480,5,8,609,1,1,11,450
1481,3,8,918,2,1,11,988
1482,3,2,486,2,1,4,462
1483,3,1,919,2,2,5,1545
1484,2,1,75,3,2,9,193
1485,8,2,920,2,1,6,498
1486,5,7,462,3,2,5,881
1487,5,4,771,3,1,6,2214
1488,2,4,921,5,1,6,1228
1489,2,4,919,3,2,9,2023
1490,2,7,922,2,2,10,1246
1491,5,6,93,2,1,7,880
1492,8,7,923,5,2,7,762
1493,2,7,16,4,1,4,272
1494,5,7,123,2,1,5,1167
1495,3,2,149,3,2,7,2230
1496,2,3,363,2,2,8,2328
1497,5,7,924,1,1,6,125
1498,5,1,925,2,2,8,2135
1499,2,7,798,2,2,9,2283
1500,2,6,926,3,2,1,1340
1501,3,8,515,1,1,4,1731
1502,2,1,293,1,2,9,1740
1503,8,4,217,2,1,5,2281
1504,3,5,208,4,2,11,2359
1505,2,5,322,3,2,4,1087
1506,2,5,927,3,2,9,710
1507,8,4,928,5,2,2,904
1508,5,4,26,2,1,2,909
1509,5,2,929,2,1,11,2446
1510,2,1,95,4,2,8,165
1511,1,7,930,2,2,8,317
1512,2,8,931,1,1,5,1035
1513,3,3,932,1,2,6,1553
1514,8,1,933,2,2,11,1590
1515,2,8,455,1,2,5,349
1516,3,4,934,2,1,8,245
1517,2,4,635,3,2,6,943
1518,3,6,935,3,1,6,851
1519,2,7,936,2,2,7,1514
1520,1,2,320,5,2,2,1647
1521,2,1,818,3,2,9,426
1522,3,2,49,3,1,3,273
1523,4,2,197,5,1,9,490
1524,6,7,319,2,1,10,981
1525,3,8,797,3,2,5,269
1526,3,3,503,5,2,1,682
1527,2,6,39,2,2,10,236
1528,2,7,290,1,2,4,1669
1529,3,8,177,3,1,6,579
1530,2,3,937,2,2,3,120
1531,2,4,31,2,1,6,994
1532,2,3,393,3,2,11,1314
1533,3,2,938,2,2,1,142
1534,2,2,581,1,1,10,269
1535,2,3,939,2,2,10,2049
1536,2,4,940,3,2,9,2290
1537,3,5,941,2,2,9,1588
1538,3,5,322,3,1,11,976
1539,3,3,173,3,2,4,2455
1540,5,7,942,5,2,2,842
1541,2,2,608,3,1,11,366
1542,2,2,943,2,2,8,549
1543,2,6,944,1,2,7,1512
1544,3,2,945,2,2,1,939
1545,5,4,946,5,2,6,929
1546,2,8,740,4,2,10,1837
1547,3,1,774,2,1,5,143
1548,3,4,579,2,2,2,1200
1549,6,1,947,5,2,5,509
1550,5,2,404,5,2,6,195
1551,3,8,948,3,2,10,279
1552,3,3,949,5,2,6,784
1553,6,4,950,5,2,2,183
1554,6,4,951,3,2,1,855
1555,3,1,909,3,2,4,635
1556,3,2,101,3,2,4,249
1557,3,8,952,2,2,9,1550
1558,2,2,953,2,2,1,819
1559,3,7,214,3,2,11,136
1560,2,7,647,3,2,10,1741
1561,8,1,809,2,1,11,370
1562,3,2,837,5,1,1,735
1563,7,3,174,1,2,8,974
1564,3,4,896,2,1,5,1605
1565,5,5,734,2,1,9,2497
1566,2,4,433,4,2,6,1592
1567,3,1,101,2,2,10,1459
1568,3,1,780,3,1,3,2021
1569,2,8,954,2,2,1,1136
1570,4,2,278,2,1,10,415
1571,2,3,884,5,1,6,1349
1572,3,1,143,3,1,11,424
1573,2,2,955,1,2,3,943
1574,4,8,898,2,1,4,1353
1575,2,2,476,3,2,3,282
1576,3,7,154,2,1,7,1537
1577,2,4,956,1,2,11,930
1578,2,4,545,5,2,11,139
1579,1,2,5,3,1,9,839
1580,2,6,278,2,2,5,1544
1581,3,6,799,3,2,6,1694
1582,2,8,402,3,2,5,2217
1583,2,3,806,1,2,3,1235
1584,3,5,957,3,1,3,1853
1585,3,6,958,2,2,4,2116
1586,3,3,729,3,2,5,2368
1587,3,7,246,3,1,7,295
1588,2,2,396,1,2,9,536
1589,2,2,339,5,2,5,1805
1590,2,5,587,5,2,2,1232
1591,5,1,242,3,2,9,347
1592,7,7,959,3,2,5,1006
1593,2,6,108,1,2,6,1918
1594,2,8,424,2,1,9,2182
1595,2,6,960,3,2,4,468
1596,6,8,463,3,1,11,1087
1597,5,7,564,2,1,3,2483
1598,2,8,772,3,2,4,2089
1599,3,8,944,3,1,8,388
1600,2,2,422,2,2,7,2314
1601,3,3,961,3,1,7,2472
1602,5,7,247,3,2,11,1608
1603,2,4,962,3,2,1,1327
1604,4,5,912,3,1,2,1259
1605,3,7,735,2,1,3,1503
1606,2,5,963,2,2,1,1974
1607,3,1,964,1,2,9,2352
1608,3,1,965,4,1,9,687
1609,8,8,187,5,1,5,1764
1610,2,4,303,3,2,11,2441
1611,2,3,966,3,2,11,2482
1612,3,3,831,5,1,4,1275
1613,3,5,266,3,1,3,262
1614,2,2,322,2,1,9,889
1615,6,3,617,3,2,2,1859
1616,2,8,967,3,1,8,2328
1617,2,4,500,1,2,7,1573
1618,4,8,100,1,1,2,1577
1619,2,3,968,5,2,3,1291
1620,2,1,773,2,2,2,1464
1621,3,1,969,3,1,11,971
1622,2,4,219,1,2,3,1135
1623,6,1,863,2,2,4,655
1624,3,2,625,3,2,5,2309
1625,3,5,213,1,1,2,2080
1626,2,2,970,3,2,7,306
1627,2,1,273,2,2,4,2141
1628,3,6,842,2,2,11,623
1629,3,6,575,1,1,1,852
1630,5,5,318,1,2,4,2373
1631,2,1,256,3,1,9,1224
1632,3,4,971,2,1,5,2209
1633,2,1,458,3,2,2,2404
1634,3,2,556,2,1,6,2379
1635,3,7,171,2,2,7,2495
1636,2,5,161,2,2,2,719
1637,3,2,171,2,2,10,1552
1638,2,8,106,2,2,2,1445
1639,3,4,972,1,1,10,1938
1640,5,7,705,4,1,3,215
1641,2,1,508,2,1,11,1790
1642,8,4,580,2,1,10,1075
1643,3,8,177,5,2,4,2179
1644,8,3,973,5,2,5,1508
1645,2,6,442,3,2,3,548
1646,8,1,555,2,1,4,2299
1647,2,3,303,2,2,7,2213
1648,3,6,705,5,1,6,820
1649,8,3,968,5,1,2,999
1650,2,5,406,3,1,7,671
1651,2,7,974,5,2,2,2065
1652,5,3,772,2,2,3,514
1653,3,4,975,2,2,1,268
1654,3,3,419,2,1,6,2382
1655,2,8,428,2,2,11,1843
1656,3,5,60,1,1,10,1723
1657,2,3,976,5,1,4,1965
1658,8,6,977,2,2,9,610
1659,5,3,81,3,2,4,2240
1660,5,4,961,3,2,11,1942
1661,2,4,683,2,2,10,218
1662,4,7,158,1,1,6,766
1663,3,3,978,3,2,8,388
1664,4,5,934,3,2,5,867
1665,2,6,787,2,2,3,1867
1666,5,5,299,3,2,9,879
1667,3,3,751,1,2,11,783
1668,2,5,36,2,1,3,343
1669,2,4,852,2,2,9,1843
1670,2,7,628,3,1,2,1404
1671,2,5,158,3,2,11,1776
1672,2,3,444,2,2,8,207
1673,3,3,449,2,1,6,1791
1674,3,4,979,2,2,9,550
1675,3,4,980,5,2,5,867
1676,2,4,981,2,2,4,1216
1677,5,8,451,2,1,2,2041
1678,8,1,534,1,2,1,952
1679,2,3,683,1,2,4,1772
1680,2,3,591,3,2,8,1854
1681,3,1,857,1,2,10,2081
1682,5,6,787,3,2,9,1867
1683,5,1,982,2,1,1,484
1684,3,7,983,2,1,2,2003
1685,2,5,984,3,2,3,346
1686,7,1,985,2,2,8,897
1687,2,4,291,2,2,11,690
1688,2,1,182,5,2,9,349
1689,2,8,181,2,1,3,1278
1690,2,6,286,2,2,4,412
1691,3,2,643,5,2,8,1025
1692,3,8,412,2,2,3,921
1693,6,8,906,2,2,11,891
1694,2,6,36,1,2,6,2071
1695,6,1,986,2,1,1,521
1696,3,5,987,3,2,7,939
1697,3,7,678,3,2,5,248
1698,4,5,988,2,2,4,206
1699,5,7,788,2,1,8,1019
1700,2,2,215,3,2,8,349
1701,4,3,9,1,2,7,1088
1702,3,4,935,3,2,1,2326
1703,5,4,989,2,2,10,1209
1704,1,4,181,2,2,6,2089
1705,2,7,985,2,2,3,1479
1706,3,7,990,1,2,8,480
1707,5,7,991,2,2,10,2421
1708,3,1,992,5,2,3,2031
1709,2,7,914,2,1,11,1292
1710,5,3,833,2,2,8,411
1711,2,5,458,3,2,5,1542
1712,5,3,993,2,2,5,2496
1713,1,6,994,3,1,8,1655
1714,2,8,355,5,1,3,2183
1715,2,4,995,5,1,4,1871
1716,2,6,996,2,2,1,2149
1717,3,2,574,2,1,9,130
1718,8,8,789,5,2,3,2197
1719,3,3,887,1,2,8,287
1720,2,2,454,2,2,1,809
1721,3,6,883,1,2,1,1607
1722,5,4,654,3,2,6,998
1723,2,6,742,2,2,11,466
1724,5,2,203,5,2,6,410
1725,2,6,538,2,1,7,1779
1726,5,8,948,3,2,1,1686
1727,2,3,29,3,2,3,1202
1728,2,1,403,2,1,4,1673
1729,4,1,247,3,1,9,2460
1730,3,6,997,3,2,8,936
1731,2,1,998,2,1,4,2446
1732,8,1,999,2,2,10,1674
1733,5,1,386,3,2,7,1512
1734,2,4,40,5,1,9,2046
1735,3,7,430,5,2,10,2077
1736,4,4,1000,2,1,10,1440
1737,5,8,610,3,2,8,1845
1738,2,6,252,2,1,5,483
1739,3,1,478,2,2,9,2377
1740,3,2,1001,3,1,5,898
1741,7,4,27,2,2,11,211
1742,2,2,681,5,1,3,1609
1743,5,8,503,1,2,6,1102
1744,2,8,1002,3,1,3,1167
1745,5,1,119,3,1,2,2380
1746,6,5,88,5,2,7,2270
1747,2,5,1003,2,1,3,2031
1748,2,2,713,2,2,5,871
1749,3,2,1004,2,2,9,1472
1750,5,8,306,2,1,4,707
1751,2,1,1005,4,1,9,2284
1752,3,6,617,2,2,6,484
1753,1,2,394,2,2,3,826
1754,5,1,417,1,2,11,2443
1755,5,2,242,1,1,1,213
1756,2,4,431,3,1,8,2438
1757,1,2,515,2,1,10,1289
1758,2,8,4,2,2,4,602
1759,2,1,1006,4,2,6,1153
1760,2,1,629,2,2,2,162
1761,3,3,763,1,1,4,959
1762,4,6,445,5,1,8,1953
1763,2,8,206,3,1,2,2028
1764,7,8,196,1,1,6,915
1765,7,4,1007,2,2,2,1712
1766,3,3,812,5,1,8,344
1767,5,3,271,3,2,3,328
1768,2,3,437,2,2,9,260
1769,2,3,1008,1,1,6,1630
1770,4,4,31,5,2,3,485
1771,3,3,993,3,1,11,556
1772,2,4,46,3,1,2,1222
1773,5,2,671,1,1,8,2098
1774,1,8,560,1,1,4,924
1775,3,8,1009,3,2,8,386
1776,2,3,186,3,2,7,1240
1777,3,8,667,3,2,2,323
1778,5,1,306,2,2,7,519
1779,2,4,530,2,2,4,1016
1780,2,8,1010,5,2,6,525
1781,3,6,259,2,2,8,305
1782,3,5,397,2,2,9,807
1783,2,5,1011,2,2,4,678
1784,2,2,90,2,2,3,1965
1785,2,4,4,2,2,2,1802
1786,2,3,496,2,2,4,238
1787,2,1,243,5,2,2,697
1788,3,8,1012,2,2,3,1054
1789,3,8,1013,4,2,1,1956
1790,3,5,785,2,2,7,2190
1791,2,3,17,3,2,6,2081
1792,2,5,1014,1,2,1,897
1793,2,5,1015,3,2,9,1227
1794,2,3,1016,2,1,6,899
1795,2,6,1017,3,2,5,470
1796,2,8,524,3,1,1,2208
1797,6,8,973,2,2,10,1774
1798,2,6,281,2,1,5,325
1799,8,7,894,2,2,2,1533
1800,2,2,1018,2,1,7,156
1801,2,8,702,3,2,11,567
1802,5,1,995,4,2,6,1400
1803,2,3,1019,2,2,4,1669
1804,2,5,884,2,2,11,1334
1805,6,7,1020,2,2,3,707
1806,3,6,66,3,1,5,2119
1807,2,8,471,5,1,3,1828
1808,2,1,462,2,1,9,2327
1809,1,4,1021,5,1,6,2299
1810,4,1,100,2,2,10,893
1811,3,7,84,2,1,2,1520
1812,2,3,24,2,2,7,2012
1813,7,8,126,2,2,8,157
1814,2,3,793,2,1,9,414
1815,2,3,1022,3,2,4,1675
1816,5,6,373,3,1,1,639
1817,2,2,22,2,2,8,1426
1818,3,2,101,2,2,10,722
1819,4,7,1023,2,1,1,715
1820,5,2,1024,1,1,5,225
1821,2,8,1025,2,2,2,833
1822,2,7,870,2,1,8,1858
1823,2,8,1026,2,2,5,696
1824,2,8,1027,2,2,6,1204
1825,3,1,697,3,1,7,573
1826,2,1,87,2,2,4,1270
1827,2,6,956,2,2,5,949
1828,2,3,296,1,2,9,329
1829,2,3,624,4,2,6,1233
1830,3,5,780,1,2,8,1726
1831,3,5,508,4,1,4,2363
1832,3,5,448,3,2,11,1390
1833,5,7,262,4,2,4,503
1834,5,1,905,3,2,8,1466
1835,2,2,1028,1,2,11,2076
1836,2,6,264,4,2,3,1080
1837,3,2,796,3,2,11,2435
1838,2,3,658,4,2,5,2364
1839,2,5,844,2,2,3,2166
1840,6,2,203,2,2,1,1412
1841,2,3,492,2,1,3,686
1842,3,5,1029,3,2,6,717
1843,3,8,291,5,2,11,737
1844,2,8,1030,5,2,6,751
1845,2,8,898,3,1,7,2211
1846,3,7,155,2,1,3,130
1847,2,8,60,2,1,9,1187
1848,2,2,1031,3,1,10,1342
1849,8,2,514,3,1,9,279
1850,3,2,363,2,1,2,1932
1851,2,7,54,2,2,8,2110
1852,2,4,190,3,2,11,1743
1853,3,4,722,1,2,2,2337
1854,2,7,262,2,2,2,2447
1855,2,5,983,2,1,6,1887
1856,2,1,1032,3,2,8,676
1857,2,5,742,3,2,1,1533
1858,3,6,1,4,1,8,1281
1859,3,7,715,2,1,8,1274
1860,2,4,1033,1,1,4,1037
1861,2,5,134,2,1,6,578
1862,2,7,438,3,2,2,123
1863,3,2,8,2,2,1,1465
1864,2,3,752,4,2,11,2347
1865,2,3,990,2,1,7,847
1866,6,7,1034,3,2,7,762
1867,2,2,1006,5,2,3,1326
1868,6,1,1035,3,2,3,1189
1869,2,1,542,1,2,10,342
1870,2,5,1036,5,2,1,2241
1871,3,5,966,2,1,1,577
1872,2,8,241,3,1,2,258
1873,2,8,356,3,1,10,178
1874,2,3,655,1,2,3,2010
1875,6,2,173,2,1,4,146
1876,2,2,1037,3,2,8,369
1877,3,5,197,2,2,5,590
1878,5,6,1038,3,2,2,1636
1879,5,4,1039,2,1,7,716
1880,5,7,1000,2,2,8,371
1881,2,5,834,3,2,3,1251
1882,2,4,821,1,2,6,2451
1883,2,5,812,2,2,10,2189
1884,2,1,821,3,2,8,2001
1885,2,8,640,3,2,10,1254
1886,2,4,936,3,2,6,2042
1887,8,5,1040,1,2,10,1070
1888,8,5,852,2,2,6,241
1889,2,6,1004,3,1,8,2138
1890,2,7,812,2,2,1,1572
1891,2,3,243,5,2,2,1255
1892,2,3,630,3,2,11,459
1893,2,5,71,2,1,3,905
1894,8,7,28,2,1,7,1172
1895,2,7,29,2,2,1,2249
1896,2,7,1041,3,1,4,1345
1897,2,2,521,3,1,3,188
1898,6,5,1042,4,1,8,2201
1899,1,1,375,3,2,7,479
1900,5,6,1043,3,1,1,1354
1901,2,5,1044,1,1,11,809
1902,2,8,53,3,1,9,678
1903,2,3,543,2,1,11,1861
1904,2,5,456,5,1,4,823
1905,5,4,793,2,1,7,1489
1906,2,7,544,4,2,6,1213
1907,2,6,838,2,2,3,1694
1908,3,8,567,3,1,6,1659
1909,2,6,508,3,2,7,1113
1910,3,2,154,2,2,11,2417
1911,2,7,8,5,2,5,688
1912,2,2,975,3,1,10,2038
1913,2,2,272,3,1,4,644
1914,1,5,882,2,2,11,1370
1915,2,3,327,4,1,6,1290
1916,2,1,1045,5,1,10,1548
1917,2,3,1046,2,2,8,2496
1918,3,8,1047,2,2,7,770
1919,7,6,1048,2,1,3,1952
1920,2,3,256,2,1,2,2429
1921,2,5,699,3,2,10,2031
1922,8,2,1049,1,1,5,652
1923,5,3,1050,2,1,9,1698
1924,3,6,1051,2,2,11,2468
1925,2,8,461,3,1,10,707
1926,2,7,34,2,2,5,1834
1927,5,6,1052,2,1,10,1333
1928,3,8,778,3,2,11,1053
1929,3,7,65,2,1,1,1652
1930,2,7,468,3,2,9,1232
1931,3,1,646,2,2,2,1771
1932,7,3,613,1,2,2,2435
1933,8,7,976,1,2,6,824
1934,2,5,325,3,1,11,1819
1935,3,6,967,3,2,3,644
1936,3,1,1053,2,2,5,906
1937,1,8,1054,3,1,5,732
1938,5,8,260,1,1,11,878
1939,6,8,1055,1,2,3,943
1940,6,4,244,2,1,8,1814
1941,2,8,123,2,2,3,852
1942,5,6,417,2,2,6,2322
1943,3,1,559,2,2,10,2250
1944,2,6,865,2,1,5,2051
1945,2,5,1008,2,1,11,1971
1946,2,5,723,1,2,11,463
1947,5,6,24,3,2,11,1679
1948,2,4,245,2,1,7,1933
1949,4,7,713,2,2,6,2270
1950,3,4,1056,3,2,11,1046
1951,5,2,762,3,1,9,2265
1952,2,5,1057,3,2,11,1825
1953,3,5,531,4,2,2,594
1954,2,1,906,3,1,11,1137
1955,2,8,156,3,2,11,2398
1956,7,1,914,2,1,10,1214
1957,3,7,843,3,1,6,1937
1958,2,3,1058,5,2,10,1520
1959,7,3,984,2,1,10,2444
1960,2,5,778,3,1,5,1800
1961,2,7,828,2,2,9,2071
1962,3,4,1059,1,2,2,530
1963,2,7,1060,3,1,8,1443
1964,3,7,1061,2,1,7,995
1965,3,5,184,5,2,1,2385
1966,3,8,383,4,1,3,1612
1967,2,6,1062,2,2,4,2407
1968,2,2,46,2,2,8,2330
1969,2,6,736,1,1,2,1873
1970,6,4,361,3,2,8,1393
1971,2,4,656,5,1,2,1661
1972,2,5,1063,2,2,3,569
1973,4,1,209,3,1,8,1795
1974,5,3,760,3,2,11,1225
1975,7,4,230,2,2,9,1797
1976,6,2,864,4,2,5,829
1977,2,1,674,3,2,4,782
1978,2,7,739,3,1,3,1580
1979,2,5,190,2,1,3,1014
1980,2,2,1064,3,1,9,1517
1981,3,4,947,1,2,4,1289
1982,2,2,1065,1,1,2,825
1983,5,3,1066,5,2,4,365
1984,2,2,1038,2,2,3,299
1985,2,5,177,2,2,5,2020
1986,5,8,1001,3,1,4,1870
1987,2,8,53,1,2,2,2351
1988,5,3,712,3,2,11,1209
1989,6,5,111,2,2,10,2049
1990,5,2,812,3,2,1,135
1991,2,4,776,3,1,1,1579
1992,1,5,348,2,2,1,2409
1993,2,1,564,2,2,3,781
1994,5,2,479,2,1,2,1159
1995,2,4,675,2,1,4,306
1996,2,6,1067,2,2,3,671
1997,6,7,259,2,1,7,784
1998,2,6,540,3,2,8,1824
1999,7,8,731,2,1,11,1666
2000,2,1,826,3,1,5,542
2001,7,6,27,2,2,6,2142
2002,6,6,1068,2,1,7,253
2003,2,3,612,4,2,9,1531
2004,3,4,611,1,1,1,429
2005,3,4,1069,2,1,2,1575
2006,8,5,969,3,2,1,953
2007,2,8,1070,2,2,9,1304
2008,3,4,1071,1,2,2,869
2009,2,2,80,2,1,2,1967
2010,2,8,1030,2,1,5,626
2011,2,4,775,3,2,9,1743
2012,3,6,1053,2,2,3,973
2013,4,2,522,3,2,10,1934
2014,2,1,667,2,1,8,155
2015,3,6,628,2,1,10,2415
2016,3,3,1072,3,2,1,1417
2017,2,2,333,3,2,10,894
2018,1,1,377,2,2,2,287
2019,2,7,805,2,2,8,1723
2020,2,3,1073,2,2,1,843
2021,2,7,538,1,2,9,485
2022,1,4,1074,3,1,4,1907
2023,6,4,657,3,2,3,961
2024,2,5,5,2,2,3,2334
2025,2,1,40,3,1,1,1125
2026,3,3,400,2,1,8,627
2027,5,7,847,3,2,4,656
2028,3,2,347,3,2,1,547
2029,8,8,810,1,1,11,715
2030,7,8,61,1,2,5,1140
2031,4,3,922,2,2,10,2005
2032,3,1,575,5,1,8,1043
2033,2,5,260,2,1,8,1323
2034,5,5,739,2,1,10,372
2035,2,8,804,2,2,3,2015
2036,2,7,35,3,2,4,1747
2037,2,7,1075,3,2,10,2483
2038,3,7,959,2,2,4,760
2039,3,1,1076,2,2,3,386
2040,3,4,629,2,2,6,1669
2041,2,2,523,5,2,3,1848
2042,3,5,1077,3,1,6,2351
2043,2,7,1078,2,1,5,1105
2044,3,6,207,5,1,11,218
2045,2,4,146,2,1,2,1483
2046,7,6,34,3,2,8,1744
2047,5,5,1065,2,2,11,2217
2048,5,2,26,2,2,7,1935
2049,5,2,397,2,2,7,957
2050,3,7,425,3,1,6,697
2051,2,2,1079,5,1,9,1515
2052,3,2,544,3,1,4,459
2053,3,2,313,3,2,5,858
2054,3,7,1080,5,1,9,745
2055,2,3,894,3,2,3,2057
2056,8,5,54,2,2,3,2140
2057,2,8,677,4,2,8,351
2058,2,1,575,3,2,10,1177
2059,6,4,638,2,1,6,522
2060,7,6,91,1,2,2,499
2061,2,5,605,3,2,3,439
2062,1,8,1081,2,2,8,1356
2063,2,8,319,2,2,5,187
2064,5,6,412,3,1,2,1676
2065,3,5,201,2,1,3,1430
2066,3,5,1082,3,1,11,1581
2067,5,6,1083,2,2,2,1023
2068,2,8,557,3,2,5,1737
2069,2,7,612,4,1,5,235
2070,3,8,62,3,1,9,1801
2071,2,7,1084,3,2,6,1266
2072,6,2,228,2,1,2,1860
2073,3,7,1085,3,2,11,2049
2074,2,6,1086,1,1,1,2212
2075,5,6,1087,2,2,7,1847
2076,2,8,859,2,1,7,479
2077,2,6,139,3,2,10,1413
2078,2,7,1064,3,2,6,2467
2079,6,8,553,1,2,2,2360
2080,2,2,1088,3,2,8,1828
2081,2,7,1089,1,2,4,1782
2082,2,7,240,2,1,11,1369
2083,2,5,1090,2,2,7,1138
2084,2,1,1050,3,1,8,798
2085,7,7,1091,2,2,7,705
2086,6,7,769,2,2,3,1011
2087,2,1,684,2,1,8,688
2088,3,5,829,3,2,4,1348
2089,6,6,1092,1,1,8,1430
2090,2,5,933,2,1,5,2021
2091,2,8,576,5,1,9,1919
2092,8,3,131,2,2,3,1791
2093,5,5,1083,4,2,2,1438
2094,2,3,20,4,1,4,2039
2095,2,4,832,1,2,2,242
2096,2,4,564,2,1,11,1795
2097,2,1,671,2,2,11,941
2098,5,1,897,3,2,2,2492
2099,3,1,492,2,1,1,907
2100,3,6,1093,1,1,8,929
2101,2,3,1094,5,2,1,2422
2102,2,7,797,4,2,8,1436
2103,2,7,262,2,1,9,2009
2104,7,3,523,2,2,6,1470
2105,3,3,975,2,2,7,1414
2106,2,5,886,2,2,6,1204
2107,2,7,89,2,2,1,307
2108,5,6,236,2,1,1,248
2109,3,4,395,2,1,1,464
2110,2,8,1095,2,2,3,559
2111,2,1,288,1,2,7,2104
2112,2,4,830,3,2,11,2391
2113,7,7,386,3,2,8,343
2114,3,5,341,3,2,1,1633
2115,5,6,26,2,1,6,1758
2116,4,7,912,5,2,8,1430
2117,6,8,268,2,1,5,2060
2118,2,7,961,3,1,11,606
2119,2,1,950,2,1,2,1743
2120,3,3,983,4,2,4,756
2121,2,3,771,5,2,4,209
2122,5,7,223,2,2,4,1756
2123,4,4,543,4,1,8,2126
2124,5,3,789,3,1,6,1802
2125,2,7,855,3,1,9,2057
2126,2,2,1096,2,2,10,1701
2127,2,3,878,2,2,1,1137
2128,7,7,1097,1,1,1,474
2129,2,7,431,2,1,2,1781
2130,2,1,1098,5,1,5,1583
2131,2,5,1099,2,2,11,378
2132,6,8,475,2,2,6,2314
2133,5,5,275,3,2,11,2050
2134,1,7,162,2,1,3,586
2135,5,2,101,4,1,1,2277
2136,3,2,258,2,2,7,811
2137,2,1,471,2,1,1,784
2138,2,6,744,3,2,7,2251
2139,3,7,578,3,2,9,2124
2140,4,2,389,4,2,1,1005
2141,2,4,913,2,2,8,657
2142,2,7,752,2,2,10,961
2143,3,2,1100,3,2,9,764
2144,2,1,324,2,1,8,1144
2145,3,4,439,3,2,1,2069
2146,2,5,427,1,1,4,372
2147,2,7,347,2,2,10,1163
2148,2,1,546,2,1,4,2002
2149,3,3,1101,2,1,1,349
2150,3,6,905,3,2,7,1320
2151,2,8,965,2,2,7,774
2152,1,2,361,2,2,10,678
2153,2,6,548,2,2,9,1309
2154,2,1,1007,4,2,8,600
2155,3,5,1102,3,2,3,2050
2156,2,6,311,2,1,11,2084
2157,3,2,1103,2,2,2,1063
2158,8,3,682,2,2,10,174
2159,5,6,1104,2,2,3,1531
2160,3,1,842,3,2,8,2024
2161,3,4,81,3,1,6,533
2162,2,1,971,1,2,11,2138
2163,2,7,915,2,1,3,314
2164,2,6,1105,2,1,2,2493
2165,8,1,1106,2,2,1,559
2166,2,4,753,2,2,8,2042
2167,3,6,432,2,2,3,2055
2168,8,6,487,3,1,3,1922
2169,5,7,1107,2,1,5,575
2170,6,5,1075,2,2,5,513
2171,3,1,970,3,1,9,1496
2172,2,4,718,2,2,5,2154
2173,7,5,1108,1,2,7,1433
2174,2,4,639,5,2,7,1680
2175,2,1,851,2,1,7,221
2176,5,8,1109,4,2,5,2310
2177,3,5,215,2,2,3,556
2178,4,3,1110,4,1,11,850
2179,6,8,926,4,1,7,2056
2180,4,7,479,1,1,8,1144
2181,2,1,1083,2,2,4,1910
2182,3,5,1066,3,1,6,992
2183,5,4,46,3,1,5,2208
2184,6,3,122,2,1,10,1226
2185,2,3,1111,5,1,2,684
2186,2,4,240,1,1,1,1608
2187,4,3,419,5,2,6,510
2188,2,5,531,3,2,10,1381
2189,3,3,213,2,2,6,1182
2190,2,7,951,3,1,7,336
2191,2,8,1011,3,1,5,840
2192,5,2,717,2,2,1,1794
2193,2,1,340,2,2,11,1547
2194,5,2,774,2,1,6,795
2195,2,2,1112,3,1,4,948
2196,2,8,783,2,2,11,1789
2197,2,1,269,3,2,7,608
2198,5,7,1113,2,2,2,2275
2199,2,2,1114,2,1,9,570
2200,3,3,952,3,1,7,1524
2201,5,6,788,1,1,5,548
2202,3,2,552,5,2,2,2029
2203,3,4,878,2,1,1,1921
2204,2,8,491,2,2,5,1198
2205,2,1,1115,1,2,10,662
2206,3,5,1101,2,2,5,1277
2207,2,5,481,2,1,11,527
2208,4,7,1034,3,1,3,1373
2209,7,7,249,2,2,9,1127
2210,2,3,823,3,1,11,454
2211,3,2,190,5,2,10,2170
2212,8,6,983,2,1,1,1190
2213,2,5,1116,2,1,5,1674
2214,5,6,438,2,1,11,2329
2215,2,4,978,2,1,4,216
2216,3,3,661,3,2,2,712
2217,4,4,1117,2,1,1,2329
2218,3,7,1118,5,2,10,2030
2219,3,1,931,3,1,11,2023
2220,1,1,319,2,2,4,2265
2221,5,3,567,2,2,6,2378
2222,5,4,1054,2,2,8,2291
2223,3,6,563,2,1,10,1470
2224,3,7,1051,2,2,2,589
2225,5,8,142,3,2,11,2170
2226,6,4,468,3,1,2,617
2227,5,6,1119,4,1,6,1306
2228,5,6,187,1,2,4,1446
2229,2,8,326,2,1,10,2385
2230,7,3,812,3,2,9,2464
2231,5,5,166,2,2,4,1506
2232,5,5,287,2,2,2,293
2233,2,7,447,3,1,1,252
2234,1,2,1120,3,2,6,2355
2235,2,1,725,3,2,11,557
2236,2,4,479,1,1,1,2217
2237,3,7,783,1,1,6,1161
2238,5,7,1006,2,2,8,2344
2239,2,1,380,3,2,6,2168
2240,5,7,263,4,1,4,370
2241,2,7,126,3,1,2,1601
2242,2,7,288,3,2,5,256
2243,2,2,665,4,2,5,748
2244,4,6,100,2,1,8,1544
2245,2,3,573,2,1,3,2394
2246,2,1,625,3,1,2,2330
2247,5,6,1018,3,1,1,1089
2248,2,7,157,2,2,2,1131
2249,5,5,1023,2,1,2,2328
2250,4,7,245,2,2,1,1222
2251,7,6,86,3,2,8,2476
2252,2,2,285,2,1,8,823
2253,3,3,1106,2,1,10,576
2254,3,7,620,2,1,4,1805
2255,2,4,1075,2,2,3,801
2256,2,1,1121,2,1,1,2404
2257,3,7,179,2,1,8,727
2258,2,2,1122,3,2,8,735
2259,8,5,1012,3,1,4,200
2260,5,7,1123,2,2,5,1894
2261,2,8,1124,3,2,4,2053
2262,2,5,32,5,1,5,252
2263,6,8,579,2,1,11,1275
2264,2,4,856,4,1,4,1940
2265,5,3,297,2,1,9,225
2266,2,4,54,2,2,1,1474
2267,4,4,387,2,2,10,2071
2268,5,8,40,3,2,10,1902
2269,2,8,1125,2,1,3,1186
2270,2,4,931,2,2,7,2053
2271,3,1,863,5,2,6,182
2272,8,5,1031,2,1,8,1392
2273,2,2,1126,1,2,6,841
2274,3,5,802,2,2,11,1108
2275,2,1,699,1,2,8,1622
2276,4,6,1127,5,2,1,1669
2277,5,7,123,2,2,9,1673
2278,2,5,108,3,1,5,2013
2279,2,5,831,2,2,10,1296
2280,2,5,153,2,1,2,685
2281,3,6,1128,1,2,1,152
2282,2,1,804,3,1,4,1955
2283,2,2,827,3,1,10,1101
2284,6,1,1129,2,2,8,1884
2285,3,3,63,2,2,3,562
2286,5,4,1130,2,1,10,1271
2287,2,7,407,2,2,4,2079
2288,2,2,322,2,1,2,460
2289,2,6,18,2,2,2,1071
2290,3,7,697,3,2,2,1878
2291,3,3,231,2,2,10,381
2292,1,5,180,2,2,1,2278
2293,2,5,1061,2,2,10,2225
2294,2,4,1123,3,2,10,1497
2295,1,1,1004,2,2,5,746
2296,2,6,1131,2,2,5,1404
2297,2,6,866,2,2,11,369
2298,2,7,36,2,2,3,1011
2299,5,5,294,3,1,3,2133
2300,7,5,131,2,2,8,918
2301,2,4,1096,2,2,10,2062
2302,2,4,759,3,2,7,327
2303,5,4,1047,3,1,4,1350
2304,8,7,1123,3,1,8,468
2305,2,6,1132,3,1,10,1674
2306,4,6,1133,2,2,9,1216
2307,2,1,326,2,2,6,435
2308,2,5,897,2,1,7,1794
2309,2,6,976,1,2,11,1305
2310,2,8,902,3,2,7,215
2311,2,7,103,3,2,5,2344
2312,8,7,1134,1,2,11,952
2313,2,3,510,2,2,4,1566
2314,2,3,695,1,1,2,2235
2315,2,8,1131,4,1,11,2107
2316,5,3,1135,3,2,1,2062
2317,1,8,816,2,2,8,1909
2318,2,2,324,1,1,2,2102
2319,2,3,24,3,2,8,1072
2320,2,8,769,3,1,9,2420
2321,3,6,1035,5,1,4,2331
2322,2,2,422,3,2,1,2219
2323,3,8,895,3,2,6,1267
2324,5,4,64,2,1,8,2327
2325,3,5,498,3,2,1,792
2326,2,6,690,5,2,5,947
2327,2,3,793,3,2,11,572
2328,3,4,1001,5,1,1,1533
2329,3,4,533,2,1,7,760
2330,2,5,172,2,2,6,2412
2331,7,4,814,3,2,4,1506
2332,3,3,196,2,2,8,1414
2333,2,7,339,2,2,8,2014
2334,2,1,287,2,2,2,1293
2335,6,2,18,3,2,5,1681
2336,2,4,1136,5,1,1,563
2337,1,5,872,2,2,3,558
2338,2,3,1137,2,1,3,2342
2339,2,1,1032,4,2,10,1189
2340,5,2,834,5,2,3,2138
2341,2,3,699,1,1,3,553
2342,2,6,238,2,2,10,1915
2343,2,1,1069,3,2,2,1339
2344,4,5,611,2,2,7,300
2345,3,3,84,3,1,7,148
2346,2,5,933,2,2,4,2030
2347,2,6,243,3,2,8,2447
2348,3,5,1138,2,1,10,1844
2349,2,1,1139,5,2,10,2126
2350,2,2,823,2,2,8,1209
2351,2,8,169,2,2,4,1327
2352,3,8,835,1,2,6,1153
2353,2,3,401,3,2,6,222
2354,3,8,544,2,2,5,1243
2355,3,4,368,2,2,4,475
2356,8,2,1140,2,1,9,1379
2357,5,3,1141,3,2,6,1325
2358,2,8,1042,2,2,7,1522
2359,5,5,874,1,1,5,506
2360,8,5,1099,3,2,2,2231
2361,3,8,525,5,2,11,212
2362,2,1,777,2,1,6,1683
2363,2,5,315,2,1,11,1201
2364,1,6,1071,5,2,11,1045
2365,2,1,1142,2,1,3,1697
2366,2,3,926,2,1,10,1654
2367,3,5,329,3,1,6,319
2368,7,3,825,3,1,3,1809
2369,2,7,895,2,1,8,1968
2370,5,5,812,3,1,7,1223
2371,7,1,900,2,1,1,1619
2372,3,7,456,2,2,4,1184
2373,3,7,82,4,1,2,200
2374,3,4,750,2,2,11,984
2375,8,6,26,1,1,11,332
2376,5,3,159,3,1,11,493
2377,8,2,547,2,2,6,1444
2378,2,5,27,3,2,5,1643
2379,2,1,617,3,1,2,1351
2380,2,8,63,3,2,1,1062
2381,3,3,1143,2,2,7,904
2382,4,8,832,2,1,9,663
2383,2,1,148,3,2,9,1552
2384,2,3,1095,1,1,11,1487
2385,2,6,405,1,2,10,220
2386,2,8,18,2,1,3,1821
2387,2,4,449,2,1,6,1280
2388,2,5,804,4,1,10,827
2389,7,8,599,2,1,1,870
2390,2,7,1144,2,2,11,2039
2391,3,3,411,1,2,1,2109
2392,3,8,147,2,2,6,2388
2393,5,2,355,2,1,6,1572
2394,2,7,933,2,2,5,1250
2395,8,5,1145,2,1,6,1592
2396,3,5,737,2,2,10,128
2397,2,1,900,3,2,5,1512
2398,2,5,752,2,2,6,828
2399,2,3,814,2,2,9,475
2400,5,6,556,5,1,7,487
2401,3,3,1146,5,1,3,2411
2402,2,4,807,1,1,9,1410
2403,2,5,313,3,1,6,2313
2404,4,2,432,3,2,5,153
2405,4,4,581,2,2,4,807
2406,3,2,816,2,2,10,381
2407,3,4,881,2,2,1,2290
2408,7,7,1147,4,2,7,912
2409,5,3,917,3,2,5,1599
2410,2,3,945,4,1,1,881
2411,2,3,867,2,1,4,2128
2412,5,7,677,3,2,10,2411
2413,2,3,532,3,2,1,1766
2414,2,8,1148,2,2,10,1396
2415,7,1,681,3,1,4,792
2416,3,3,478,2,2,7,2066
2417,1,7,902,2,1,9,470
2418,3,1,951,3,2,2,170
2419,8,5,651,3,1,4,273
2420,2,7,156,5,1,1,681
2421,5,3,620,2,2,6,1174
2422,2,8,776,2,1,8,794
2423,2,7,1149,2,2,3,443
2424,2,3,1079,1,2,11,383
2425,5,8,940,1,2,5,1981
2426,2,2,1011,2,1,11,2247
2427,3,5,30,1,2,1,2275
2428,2,5,258,2,2,5,1733
2429,2,3,406,2,2,1,2149
2430,3,8,1150,1,1,5,436
2431,8,5,601,5,2,9,1993
2432,2,6,840,2,2,7,675
2433,3,4,1151,2,2,7,1304
2434,8,2,419,1,2,9,1559
2435,3,5,258,2,1,11,2395
2436,5,6,1152,1,2,5,982
2437,2,8,1001,3,1,8,2399
2438,3,3,2,3,1,7,2261
2439,2,2,702,3,2,6,1178
2440,3,4,1125,3,2,6,1342
2441,5,2,730,2,1,7,2084
2442,3,2,477,2,2,10,358
2443,2,6,531,3,2,3,2284
2444,1,1,901,2,1,11,780
2445,3,2,264,3,2,5,2107
2446,8,6,1100,2,1,2,1790
2447,3,4,990,3,1,5,949
2448,2,8,952,2,2,8,882
2449,3,1,686,2,2,7,535
2450,3,8,1153,4,1,3,1388
2451,2,7,1154,3,2,7,711
2452,3,6,544,3,2,2,1040
2453,3,6,304,3,1,4,1103
2454,3,6,60,3,2,10,2080
2455,2,2,704,5,1,2,420
2456,3,3,1155,1,2,7,1785
2457,2,4,993,2,2,5,1770
2458,2,2,621,2,2,9,593
2459,2,4,568,2,1,7,600
2460,2,4,534,2,1,2,2375
2461,2,2,639,3,2,4,1758
2462,2,2,237,2,2,3,2316
2463,2,7,196,2,2,10,508
2464,6,2,1012,2,2,2,932
2465,3,1,457,5,2,2,1319
2466,3,1,9,2,1,8,1661
2467,8,6,1069,2,1,6,401
2468,8,5,1156,2,1,3,1290
2469,4,4,836,2,2,8,1140
2470,2,7,1094,5,1,3,416
2471,3,7,191,2,1,5,586
2472,5,5,1157,3,2,1,867
2473,7,7,424,3,1,1,1512
2474,3,3,434,3,2,10,1417
2475,2,8,660,3,2,2,524
2476,6,6,452,3,2,11,1488
2477,3,4,798,3,2,7,2248
2478,2,3,594,4,2,1,2438
2479,2,1,242,3,1,7,133
2480,2,7,895,3,1,10,283
2481,2,7,1158,3,1,9,2054
2482,2,2,1115,3,2,5,717
2483,6,8,38,3,2,11,1096
2484,2,8,569,2,2,11,1021
2485,3,3,231,2,2,6,668
2486,7,3,1159,4,1,10,1599
2487,3,1,331,3,2,11,783
2488,2,7,92,2,2,7,186
2489,3,6,211,2,1,8,2205
2490,2,7,1160,5,2,11,945
2491,2,2,314,3,2,2,978
2492,5,8,1161,2,1,2,907
2493,1,2,173,2,1,9,2234
2494,5,6,837,2,2,6,2463
2495,2,4,1162,2,2,7,2139
2496,2,1,1105,3,2,5,245
2497,2,4,1162,3,2,1,120
2498,3,1,762,3,1,8,1705
2499,2,3,1163,3,2,1,641
2500,4,5,751,3,1,1,404
2501,2,8,164,2,2,2,1379
2502,2,7,104,2,1,5,259
2503,3,5,1164,2,2,4,1084
2504,2,1,1125,5,1,4,331
2505,5,6,1165,2,1,1,2211
2506,1,4,312,2,1,1,1658
2507,2,6,60,2,1,10,521
2508,2,5,208,4,1,2,1727
2509,6,4,471,1,1,2,884
2510,5,6,768,3,1,1,2264
2511,8,6,254,2,2,10,1185
2512,2,8,641,2,2,11,363
2513,2,8,22,2,2,8,731
2514,2,4,589,1,1,3,1207
2515,2,2,317,2,2,8,1147
2516,5,8,1166,5,2,5,1772
2517,2,4,802,3,2,11,1469
2518,3,6,1128,3,2,3,1606
2519,2,2,1167,3,1,6,572
2520,7,4,1168,5,2,2,2287
2521,2,2,99,2,1,11,1770
2522,2,4,1169,3,1,1,819
2523,3,5,1170,2,2,9,1877
2524,2,8,54,3,1,3,375
2525,3,2,95,4,2,7,1994
2526,2,1,539,2,2,9,711
2527,4,7,87,3,2,4,2321
2528,3,3,517,3,1,9,2097
2529,3,7,534,5,1,4,2213
2530,8,8,1150,2,1,2,2448
2531,6,7,1171,3,1,6,1162
2532,3,2,919,4,2,9,2406
2533,3,1,293,3,2,3,1045
2534,3,1,36,1,1,2,548
2535,2,7,1024,1,1,5,1562
2536,6,6,74,3,2,7,217
2537,5,1,1086,2,1,11,1476
2538,2,6,925,2,2,6,140
2539,2,1,915,3,1,4,1825
2540,2,5,254,2,2,9,974
2541,2,5,635,2,2,1,2141
2542,2,5,233,2,1,10,2490
2543,2,5,917,2,1,1,1418
2544,2,4,897,3,2,7,1916
2545,3,5,252,2,1,5,1689
2546,2,8,2,1,1,4,426
2547,2,8,250,1,1,5,2337
2548,3,1,759,3,2,3,2456
2549,4,2,46,3,1,1,1624
2550,3,2,759,3,2,9,1472
2551,2,2,431,2,2,5,1107
2552,3,7,669,2,1,10,1034
2553,2,5,588,3,2,6,358
2554,2,7,454,3,2,8,2434
2555,2,5,286,2,2,10,1552
2556,3,7,247,2,2,6,822
2557,5,1,136,2,2,10,2034
2558,5,8,695,5,2,3,1459
2559,2,4,1089,4,1,8,1060
2560,5,8,196,3,2,2,1010
2561,2,2,992,3,2,7,169
2562,2,8,503,2,1,6,190
2563,2,7,765,3,2,11,1126
2564,3,8,1070,2,1,2,2013
2565,2,8,54,3,2,4,1255
2566,3,7,1172,2,2,3,2001
2567,4,7,1112,2,1,1,1289
2568,2,4,1074,1,2,3,1763
2569,3,6,717,4,1,7,192
2570,2,5,320,3,2,11,1342
2571,2,7,378,2,2,6,1169
2572,2,7,64,3,1,3,2279
2573,8,3,126,3,2,2,215
2574,2,3,1173,4,1,6,730
2575,5,3,1174,1,2,7,2002
2576,2,7,1003,2,2,2,870
2577,7,8,24,2,1,7,1457
2578,4,7,987,1,1,3,1397
2579,5,7,1154,4,2,6,150
2580,1,1,9,2,1,5,1241
2581,2,6,387,3,2,1,2341
2582,3,5,197,2,1,9,772
2583,3,1,864,2,2,4,1867
2584,3,2,599,1,2,5,1177
2585,4,2,838,3,2,3,1430
2586,2,8,1161,2,1,7,2081
2587,2,5,553,2,2,10,1005
2588,2,8,728,4,1,4,978
2589,1,8,910,3,1,4,2001
2590,8,4,838,1,2,9,2357
2591,3,5,639,2,2,3,2194
2592,3,3,166,3,1,5,161
2593,3,6,391,3,2,3,951
2594,3,3,323,1,2,2,2031
2595,2,8,179,2,1,6,760
2596,5,6,883,3,2,8,850
2597,3,1,813,1,2,5,640
2598,3,1,25,1,2,2,1851
2599,2,8,1172,3,2,5,2335
2600,5,7,1175,3,2,10,1146
2601,7,4,1176,2,2,6,631
2602,3,6,1177,3,2,1,1288
2603,5,1,951,3,1,3,618
2604,3,7,1178,5,1,7,2073
2605,3,6,839,2,1,9,289
2606,2,8,435,4,1,8,2071
2607,5,7,558,2,2,4,1891
2608,3,4,41,2,2,6,1140
2609,5,4,183,2,1,10,1593
2610,3,4,773,4,1,11,130
2611,5,1,1179,3,1,9,1151
2612,5,4,661,2,2,7,914
2613,3,2,1050,2,1,10,1728
2614,7,7,1014,4,2,11,2056
2615,3,8,697,5,1,2,2297
2616,8,5,631,2,2,6,1204
2617,5,1,358,2,2,8,1649
2618,2,7,1180,1,2,1,1359
2619,7,1,288,5,2,11,861
2620,3,7,1181,1,2,1,2056
2621,6,2,412,5,2,1,2109
2622,5,7,643,3,2,4,813
2623,2,3,322,1,2,2,2081
2624,2,7,735,5,1,7,1987
2625,3,2,311,5,2,4,1416
2626,7,7,1182,3,2,7,664
2627,5,1,501,3,2,10,1122
2628,2,2,1183,3,2,11,231
2629,3,2,1008,1,1,2,2320
2630,3,4,199,2,2,3,2481
2631,2,2,1184,2,2,1,2007
2632,2,8,91,3,2,9,965
2633,2,6,1018,3,2,11,983
2634,2,2,1077,2,2,6,253
2635,2,2,38,3,2,11,1773
2636,2,8,132,2,1,10,2157
2637,4,8,366,1,1,10,861
2638,2,1,895,2,1,7,2060
2639,2,6,1185,1,2,11,1920
2640,2,3,18,3,1,4,1092
2641,3,6,577,5,2,4,1631
2642,3,7,961,5,2,10,1002
2643,2,7,422,1,2,10,580
2644,3,6,1186,3,2,8,229
2645,5,8,309,2,1,1,2058
2646,2,8,309,2,1,11,1022
2647,3,6,139,2,2,7,984
2648,3,7,863,3,2,4,1730
2649,2,1,1187,3,1,4,1858
2650,5,4,410,2,2,8,1068
2651,5,5,1108,3,2,6,2478
2652,3,1,1188,3,2,5,2278
2653,2,8,363,2,1,9,416
2654,8,1,541,3,2,2,1950
2655,3,7,925,3,2,7,2270
2656,2,3,382,3,1,2,1682
2657,2,4,1155,3,2,5,564
2658,5,3,1163,2,2,3,2104
2659,7,8,785,3,1,9,1733
2660,2,3,388,3,2,6,1577
2661,2,5,935,1,1,6,2007
2662,3,6,287,3,1,3,2026
2663,8,7,309,2,2,9,1666
2664,2,5,391,3,1,7,233
2665,5,8,307,3,1,5,1457
2666,3,6,189,3,1,10,2360
2667,5,7,790,3,1,7,717
2668,3,5,8,2,2,10,1857
2669,2,4,833,2,2,2,1009
2670,5,1,515,3,2,6,2147
2671,1,1,293,1,2,5,1871
2672,2,6,117,2,1,6,1393
2673,3,6,181,2,1,11,2117
2674,2,6,1189,4,1,8,1152
2675,2,8,895,3,1,3,2164
2676,5,2,927,3,2,10,1787
2677,2,3,70,2,1,8,1083
2678,5,2,802,2,1,9,326
2679,2,2,294,2,2,5,2246
2680,6,1,815,5,2,5,406
2681,2,4,1152,3,1,7,1256
2682,2,1,45,1,2,4,1569
2683,2,7,457,5,2,3,2394
2684,7,6,607,3,1,3,897
2685,2,1,200,2,1,9,1000
2686,2,7,570,3,1,11,1550
2687,4,7,768,1,1,10,1359
2688,4,6,699,2,2,1,2490
2689,5,4,489,5,2,9,314
2690,2,7,978,4,1,8,145
2691,2,7,650,3,1,1,2438
2692,5,4,1190,3,1,8,953
2693,3,2,18,3,2,4,2307
2694,2,3,150,3,1,6,1494
2695,2,1,1170,2,2,8,2045
2696,6,2,1182,2,2,1,1111
2697,2,7,1177,2,2,4,400
2698,5,4,1191,2,1,2,873
2699,3,6,147,2,1,1,1005
2700,5,1,12,4,2,4,1078
2701,3,4,908,3,2,3,906
2702,2,8,565,2,1,9,1758
2703,2,3,994,3,1,1,2332
2704,5,1,1192,3,2,11,1611
2705,2,7,1134,2,1,6,587
2706,5,6,1193,5,1,4,657
2707,5,2,1042,2,2,4,2476
2708,3,4,74,2,2,3,1534
2709,2,8,1097,2,1,2,897
2710,2,8,409,5,2,4,1873
2711,5,2,446,1,2,7,123
2712,2,3,1194,5,1,7,654
2713,6,3,904,5,1,1,1218
2714,6,2,61,2,1,10,834
2715,2,5,875,3,1,3,1237
2716,2,2,1195,3,1,4,1309
2717,2,6,540,4,2,3,1010
2718,6,1,1196,3,2,6,1685
2719,2,5,1197,1,2,7,140
2720,2,8,1198,3,1,4,948
2721,5,2,485,3,1,7,2123
2722,2,1,1089,3,2,6,650
2723,2,4,773,4,2,1,772
2724,2,3,1042,5,1,1,181
2725,3,4,599,2,2,4,826
2726,2,2,315,2,2,7,2306
2727,3,5,985,3,1,4,1206
2728,4,6,1044,3,2,7,1255
2729,3,1,227,2,2,6,267
2730,5,4,1070,3,1,4,767
2731,2,8,651,2,1,10,801
2732,2,1,294,2,2,8,2101
2733,2,2,111,4,1,1,1405
2734,3,6,761,2,1,7,1279
2735,2,6,1199,4,2,1,2478
2736,2,3,806,2,1,6,197
2737,2,2,1200,2,2,7,1136
2738,2,4,1169,2,2,6,269
2739,3,8,316,3,2,4,1553
2740,3,1,506,2,1,8,1207
2741,2,3,1058,1,2,11,645
2742,3,1,768,3,1,8,265
2743,3,4,1201,3,1,2,1453
2744,3,3,1202,1,2,1,2025
2745,7,4,345,2,1,8,1026
2746,2,2,72,2,2,7,1634
2747,2,4,544,2,2,10,793
2748,3,3,1203,2,2,11,842
2749,8,3,1204,2,2,2,2094
2750,3,6,843,3,2,5,1979
2751,7,4,591,2,1,5,537
2752,5,6,167,2,2,7,1605
2753,3,4,959,5,2,2,849
2754,3,1,248,3,2,9,2003
2755,2,8,240,3,2,9,1352
2756,3,6,510,3,2,5,1351
2757,3,2,1178,3,2,11,2351
2758,5,2,1146,3,2,2,1490
2759,2,3,555,5,1,7,1546
2760,2,1,746,2,2,4,2061
2761,5,8,855,2,2,11,407
2762,5,2,509,2,2,3,2288
2763,8,3,959,2,1,11,1220
2764,2,1,1205,2,1,7,1442
2765,2,7,793,2,1,7,1774
2766,2,2,1206,3,2,1,1050
2767,5,5,1106,2,2,7,2123
2768,2,3,258,2,2,10,513
2769,1,2,134,2,2,5,1867
2770,2,5,589,2,2,7,1614
2771,1,7,78,1,2,8,896
2772,5,4,273,3,2,10,1137
2773,4,3,1103,2,2,7,770
2774,2,7,93,2,2,10,839
2775,3,2,1207,3,2,2,1484
2776,2,3,1208,2,2,4,2108
2777,2,6,959,2,2,6,2081
2778,2,4,1188,2,2,9,1535
2779,5,5,576,3,2,5,201
2780,2,7,1209,2,2,2,726
2781,1,1,417,2,2,4,1075
2782,2,1,1105,4,2,8,763
2783,2,8,674,5,2,4,1295
2784,2,3,419,3,1,8,513
2785,5,3,555,3,1,4,1903
2786,2,6,1210,3,1,8,2333
2787,4,5,506,2,2,3,2298
2788,3,3,630,3,2,4,585
2789,8,1,1211,2,2,10,941
2790,2,5,1205,3,1,9,469
2791,3,5,77,2,1,5,1488
2792,5,6,917,2,1,3,2296
2793,7,4,1054,1,2,3,2342
2794,2,3,1212,1,2,4,1844
2795,1,5,1213,5,2,2,2268
2796,2,7,856,5,1,7,1708
2797,5,6,734,5,2,7,1071
2798,2,1,1214,2,1,9,2437
2799,2,6,900,3,2,8,2080
2800,2,8,179,3,1,3,2173
2801,4,8,879,2,2,5,992
2802,6,8,389,4,1,8,1436
2803,2,6,626,2,2,8,1977
2804,4,4,28,3,2,2,2301
2805,3,8,885,5,2,1,342
2806,5,6,531,2,1,5,1904
2807,2,8,1215,3,1,1,1347
2808,3,7,1216,3,2,7,1904
2809,2,3,1097,3,1,8,760
2810,2,6,404,2,2,11,2202
2811,3,7,561,5,2,6,690
2812,5,1,359,3,2,3,1354
2813,3,5,925,2,1,10,2425
2814,8,8,189,1,2,1,2350
2815,7,8,641,3,2,2,1316
2816,2,2,1143,2,1,2,1001
2817,2,8,691,2,1,10,397
2818,3,4,370,2,2,2,283
2819,8,3,182,2,2,10,1754
2820,6,7,610,2,1,5,1062
2821,5,2,519,2,2,2,642
2822,3,8,610,3,2,9,269
2823,5,4,611,4,1,6,2176
2824,2,4,543,5,1,7,2028
2825,2,6,282,3,1,3,701
2826,3,3,380,3,2,10,988
2827,4,1,261,5,2,7,548
2828,6,2,203,2,2,4,1730
2829,2,5,207,2,2,8,1843
2830,5,4,1160,3,2,9,2476
2831,4,1,218,1,2,5,333
2832,3,1,396,3,2,3,2332
2833,2,2,951,1,1,11,1168
2834,3,7,676,2,1,6,573
2835,3,5,1163,2,2,3,960
2836,3,7,614,3,2,6,1827
2837,3,7,916,2,2,7,1466
2838,7,3,1202,2,2,6,1262
2839,2,8,1140,1,2,4,1199
2840,2,1,1065,2,1,7,1800
2841,3,3,506,2,2,2,1926
2842,2,1,631,2,2,5,916
2843,6,8,1121,5,2,6,532
2844,2,6,171,2,2,6,1710
2845,3,8,237,2,2,5,1482
2846,4,4,174,3,1,10,799
2847,2,8,41,2,1,5,1078
2848,7,1,1217,1,1,8,2332
2849,3,3,930,3,2,5,1144
2850,2,5,284,2,1,11,1984
2851,1,2,433,3,2,6,740
2852,2,5,890,2,1,10,2118
2853,3,1,387,2,2,1,1420
2854,2,3,217,2,1,1,1555
2855,2,6,1218,2,2,1,950
2856,4,5,1100,3,1,4,1803
2857,5,6,494,2,2,3,2088
2858,2,2,386,2,2,5,984
2859,3,8,731,4,2,7,1752
2860,5,6,787,2,2,6,2468
2861,4,8,1160,3,2,3,282
2862,3,2,1219,5,2,2,1147
2863,1,6,141,2,2,2,1963
2864,3,1,748,4,2,3,1491
2865,5,7,830,3,2,10,357
2866,6,6,1149,1,2,3,1772
2867,2,4,226,3,2,3,1955
2868,2,5,90,3,2,8,539
2869,2,8,1220,1,2,3,1676
2870,2,5,1221,2,1,6,746
2871,2,5,1043,2,1,9,1155
2872,5,2,512,4,1,8,1819
2873,3,2,307,2,2,6,771
2874,2,1,865,2,1,10,1720
2875,2,2,93,3,1,5,2255
2876,2,1,785,2,2,5,200
2877,2,6,707,3,1,8,1306
2878,3,7,744,3,1,7,2081
2879,2,3,941,3,1,11,135
2880,6,7,550,3,2,5,1972
2881,2,8,511,3,2,11,1840
2882,8,5,1138,3,2,10,2121
2883,2,5,935,2,2,6,1573
2884,5,1,346,3,1,5,1766
2885,3,2,288,5,2,11,929
2886,7,4,325,3,2,9,1329
2887,3,7,1222,2,2,11,233
2888,6,8,288,3,2,6,1995
2889,3,6,80,3,1,3,2222
2890,5,1,868,2,2,3,648
2891,4,5,889,3,2,10,1143
2892,5,4,1140,2,2,10,2105
2893,3,8,512,3,1,4,1189
2894,2,8,637,4,1,5,281
2895,4,1,1223,4,2,9,413
2896,3,3,47,3,2,10,1770
2897,3,3,1176,3,2,11,1671
2898,2,3,464,2,1,2,2014
2899,3,7,602,2,2,2,1746
2900,5,6,1224,2,1,1,375
2901,3,7,767,3,2,8,1609
2902,2,3,424,3,1,1,2166
2903,2,6,510,2,2,6,2305
2904,2,4,672,3,2,2,1993
2905,5,1,1225,3,2,9,1250
2906,2,6,534,5,2,4,963
2907,3,5,1226,5,2,10,1786
2908,3,2,222,1,2,11,1237
2909,6,3,851,3,2,5,1691
2910,2,7,1017,2,1,2,1843
2911,2,2,930,2,2,5,1353
2912,3,1,496,3,1,7,698
2913,3,6,421,3,2,5,2435
2914,2,6,1227,1,1,1,1510
2915,7,2,1220,2,2,9,514
2916,3,8,847,5,2,2,1892
2917,2,1,345,2,2,4,2086
2918,2,2,46,2,2,6,2484
2919,4,5,1228,2,2,1,1062
2920,2,7,44,3,1,9,712
2921,2,3,625,1,1,9,2077
2922,2,3,347,2,1,8,517
2923,3,6,801,3,1,9,312
2924,7,4,582,1,2,4,1821
2925,2,1,1085,2,1,9,425
2926,2,7,468,2,1,4,917
2927,2,8,695,3,2,5,812
2928,3,7,261,2,2,6,2381
2929,2,1,557,3,2,11,565
2930,4,6,915,2,2,7,388
2931,2,1,521,4,2,11,403
2932,2,8,313,3,1,3,352
2933,2,1,84,3,2,2,991
2934,7,8,817,3,2,5,2341
2935,3,3,768,1,1,10,963
2936,8,7,240,1,2,3,1736
2937,2,7,109,2,1,11,1126
2938,2,7,106,3,2,3,1761
2939,3,5,1229,3,2,7,2481
2940,3,5,337,3,2,6,243
2941,3,6,675,5,1,11,1438
2942,2,5,495,2,1,3,1251
2943,2,5,639,3,1,7,1106
2944,2,3,1230,1,2,10,1948
2945,3,5,466,4,1,11,1720
2946,3,5,1231,3,2,10,1500
2947,7,5,1232,3,1,6,1547
2948,2,4,207,1,2,1,932
2949,7,8,880,3,2,5,529
2950,2,4,1102,5,2,4,506
2951,2,8,582,2,2,3,1219
2952,6,2,29,5,2,3,1304
2953,3,5,253,2,1,8,1962
2954,3,2,1207,3,2,3,1037
2955,5,3,1199,3,2,11,2097
2956,2,5,1102,1,2,2,1606
2957,5,1,618,2,2,5,270
2958,4,7,481,2,1,10,1842
2959,2,2,615,3,2,3,1486
2960,3,5,1061,3,2,10,362
2961,5,4,155,1,2,3,1705
2962,2,1,492,3,2,8,1943
2963,2,6,19,5,2,9,1005
2964,2,2,1084,1,2,2,1889
2965,3,7,977,3,1,1,2096
2966,5,3,1233,3,1,8,1121
2967,3,6,703,2,1,10,1635
2968,2,1,816,2,1,10,813
2969,3,2,281,3,2,6,1099
2970,7,2,822,2,2,9,523
2971,2,5,757,3,2,1,2240
2972,7,8,25,3,1,5,931
2973,5,6,723,1,2,5,1937
2974,2,5,1106,3,1,3,650
2975,2,8,1040,1,2,2,630
2976,3,3,1234,2,2,9,1386
2977,5,6,206,2,2,11,2386
2978,4,2,658,2,2,7,1054
2979,3,1,740,2,1,9,1089
2980,2,3,897,5,1,3,1691
2981,2,7,1170,1,2,1,1743
2982,5,5,1003,2,1,2,284
2983,2,7,170,5,2,6,2331
2984,5,5,649,1,2,6,736
2985,2,4,1235,3,2,2,938
2986,2,3,855,2,2,9,1487
2987,2,6,1098,3,1,10,1029
2988,2,3,1236,3,2,1,1949
2989,3,7,533,1,1,4,2374
2990,2,6,665,2,1,4,172
2991,8,3,234,5,2,1,2147
2992,3,4,621,3,2,5,1350
2993,3,4,1067,1,1,6,1659
2994,2,3,407,2,1,9,363
2995,3,2,908,2,2,11,1712
2996,2,6,765,5,2,8,1425
2997,6,3,399,3,1,4,124
2998,3,5,1206,2,2,6,2230
2999,2,5,356,2,2,7,1584
3000,3,4,1237,2,1,6,811
3001,2,7,2,1,2,5,633
3002,2,6,51,2,2,1,944
3003,8,3,110,1,2,7,2206
3004,2,6,557,2,2,11,1301
3005,3,3,426,2,1,7,1171
3006,6,2,571,3,2,5,1826
3007,2,1,1048,1,1,9,188
3008,2,5,796,1,2,3,2322
3009,2,4,712,3,2,1,1343
3010,2,7,606,3,1,5,1816
3011,2,6,668,2,1,4,2053
3012,7,5,1238,3,2,6,2017
3013,7,3,519,2,1,2,2387
3014,5,5,795,5,2,5,1124
3015,2,3,1150,3,1,8,1509
3016,7,6,146,3,1,8,603
3017,3,4,6,2,1,2,725
3018,2,4,800,2,1,3,2268
3019,2,1,862,1,2,9,1470
3020,2,2,725,2,2,11,2392
3021,8,2,1152,2,2,11,1110
3022,3,5,315,2,2,7,2064
3023,5,6,784,1,1,9,335
3024,5,6,759,5,2,4,563
3025,3,7,324,2,2,11,279
3026,2,4,710,1,1,7,1422
3027,3,2,184,2,1,7,1621
3028,7,3,22,3,2,7,1312
3029,2,8,854,2,2,10,1386
3030,8,2,642,3,2,11,2310
3031,2,4,524,3,2,5,2218
3032,2,7,357,2,2,6,1259
3033,3,5,729,2,1,4,310
3034,5,2,1191,3,1,11,469
3035,3,7,968,1,1,9,1266
3036,3,8,1239,1,2,4,2194
3037,3,7,224,3,2,9,1684
3038,3,3,192,2,2,9,886
3039,2,7,102,2,1,5,1960
3040,2,4,240,2,2,9,612
3041,2,5,1240,3,2,9,1161
3042,2,3,128,3,2,3,671
3043,2,1,301,2,1,3,168
3044,3,5,268,3,2,4,1596
3045,3,7,128,2,2,8,1176
3046,2,3,1241,1,2,3,2484
3047,2,2,609,1,2,2,2158
3048,2,1,1232,1,2,6,1400
3049,2,7,1175,2,1,3,226
3050,2,3,1242,2,2,9,516
3051,3,4,176,2,1,10,1025
3052,2,2,797,3,2,9,270
3053,3,1,418,2,2,10,1731
3054,5,7,102,5,1,6,1958
3055,2,6,341,3,2,5,390
3056,2,6,879,2,2,11,1667
3057,2,1,159,4,1,2,1935
3058,2,8,823,3,2,8,232
3059,2,3,365,5,1,3,2071
3060,5,3,1010,2,1,5,359
3061,2,8,1160,2,2,10,1863
3062,6,5,1052,3,2,11,749
3063,2,3,1096,2,2,4,1030
3064,5,3,198,5,2,3,1998
3065,5,6,16,3,2,11,1790
3066,2,7,976,2,2,3,1909
3067,2,6,767,4,2,9,2364
3068,3,3,118,1,2,2,2132
3069,4,7,1008,2,2,3,1171
3070,2,2,70,3,2,5,2069
3071,2,6,652,2,1,11,2396
3072,2,7,1206,2,2,11,785
3073,2,4,1243,1,2,4,516
3074,8,4,470,5,1,9,288
3075,5,4,1244,3,1,5,2404
3076,2,3,1245,4,1,10,2469
3077,2,8,160,2,2,5,2484
3078,2,6,1214,2,1,7,225
3079,7,3,167,2,2,4,2174
3080,1,1,969,1,2,5,2075
3081,2,6,1189,5,1,1,2055
3082,2,3,865,3,2,7,390
3083,8,6,452,1,2,11,543
3084,2,7,744,1,1,4,997
3085,2,2,863,2,1,2,2264
3086,2,7,208,2,2,7,2340
3087,2,8,44,2,1,8,1570
3088,2,1,492,3,2,9,573
3089,8,3,519,2,2,8,1656
3090,3,1,924,3,1,8,1102
3091,2,3,263,5,1,8,311
3092,2,1,810,2,2,7,1818
3093,5,1,131,4,1,2,1950
3094,2,8,38,2,2,2,2045
3095,2,5,427,2,1,11,1665
3096,2,3,300,3,1,9,2108
3097,5,8,635,2,1,1,131
3098,2,6,113,2,1,1,1175
3099,2,6,1048,2,2,7,1529
3100,2,6,1189,3,2,10,2136
3101,2,1,87,5,1,6,1441
3102,6,7,28,3,1,6,1297
3103,3,2,445,2,1,8,541
3104,2,6,1246,3,2,11,392
3105,2,4,460,1,1,11,2090
3106,3,1,318,2,1,4,1223
3107,2,4,421,2,2,5,292
3108,5,7,1188,2,2,5,1509
3109,3,4,1065,5,2,6,978
3110,2,6,922,2,1,1,336
3111,6,5,1053,3,2,4,1751
3112,2,1,1149,2,2,3,1296
3113,2,8,109,2,2,11,1887
3114,3,3,721,2,2,11,1930
3115,5,7,962,2,1,7,1637
3116,3,7,938,2,1,1,333
3117,5,1,1199,2,2,2,1738
3118,2,4,1125,3,2,11,770
3119,3,5,363,2,2,8,843
3120,2,3,1247,2,2,2,1636
3121,5,6,810,3,2,11,1986
3122,2,1,396,2,2,9,742
3123,2,5,971,2,1,4,765
3124,8,7,116,2,2,3,2228
3125,2,7,1163,5,1,4,1394
3126,2,3,597,2,2,9,481
3127,2,4,548,2,2,7,577
3128,2,2,193,2,1,11,662
3129,3,1,267,2,2,11,1341
3130,2,4,299,3,2,4,988
3131,2,1,417,5,1,7,228
3132,2,7,183,1,2,8,1306
3133,2,4,752,2,2,11,2499
3134,2,6,527,3,2,11,1556
3135,2,2,1248,3,2,8,1746
3136,2,6,1206,2,1,6,994
3137,2,2,1220,2,1,11,2103
3138,4,8,949,2,2,11,386
3139,4,8,433,2,1,1,1737
3140,2,3,27,2,1,10,1358
3141,2,3,633,2,1,11,206
3142,3,4,225,1,1,11,2045
3143,3,1,136,2,1,3,2281
3144,8,1,728,3,2,6,1957
3145,2,4,613,2,2,1,1535
3146,3,3,997,2,2,5,529
3147,4,2,871,2,1,2,904
3148,2,8,160,2,2,1,1794
3149,2,6,575,3,1,10,955
3150,2,3,1249,5,2,3,2111
3151,2,3,122,2,1,2,207
3152,2,5,337,1,1,6,1998
3153,5,1,790,2,1,6,1438
3154,2,2,1250,3,1,11,1634
3155,2,6,764,3,1,7,970
3156,4,5,1227,1,2,7,441
3157,2,5,1221,5,1,5,995
3158,2,4,1022,3,2,3,299
3159,2,3,1251,5,1,6,750
3160,2,1,891,3,2,3,2391
3161,2,3,464,1,2,5,330
3162,7,5,644,3,1,3,1911
3163,2,5,1252,1,1,6,592
3164,3,8,987,3,2,4,169
3165,2,6,80,3,2,9,2475
3166,8,3,390,2,1,2,558
3167,3,3,1136,2,2,7,1708
3168,1,8,699,3,2,5,644
3169,2,2,594,3,2,9,816
3170,7,6,713,3,2,10,1504
3171,4,1,702,2,1,5,1914
3172,5,3,930,5,2,5,262
3173,2,3,1253,3,2,2,603
3174,2,1,280,2,1,3,834
3175,2,6,1141,3,1,6,610
3176,2,3,517,2,1,4,1182
3177,5,1,507,2,1,11,1779
3178,3,8,104,5,2,3,789
3179,3,2,655,1,2,5,2087
3180,2,8,610,2,1,9,1849
3181,2,3,270,2,2,3,709
3182,2,1,169,3,2,7,951
3183,2,5,1113,1,2,9,885
3184,5,3,1189,3,2,4,430
3185,2,2,399,3,2,7,563
3186,5,1,133,4,2,11,1089
3187,3,8,247,1,1,7,1247
3188,4,1,530,3,2,11,2029
3189,2,3,591,3,2,3,1960
3190,3,5,450,2,2,1,2116
3191,2,1,363,4,1,4,1622
3192,2,1,1171,2,1,9,1512
3193,3,8,825,3,2,10,2434
3194,5,7,470,3,2,7,2161
3195,2,5,726,2,2,10,949
3196,2,2,1031,2,2,6,1211
3197,3,7,447,3,2,5,1693
3198,2,3,1162,5,2,11,2033
3199,3,4,747,1,2,10,2278
3200,7,3,1226,3,2,10,245
3201,3,3,755,2,2,1,2098
3202,3,6,1098,5,2,4,2140
3203,3,3,739,2,1,3,1087
3204,5,4,1254,2,1,3,1954
3205,3,5,113,2,2,11,1301
3206,2,3,1255,4,2,1,2443
3207,2,4,831,1,1,3,134
3208,6,2,858,2,1,10,1019
3209,2,7,375,2,1,11,1610
3210,3,7,1256,4,2,10,1959
3211,7,6,1046,2,2,8,2476
3212,3,7,418,3,1,4,2158
3213,2,7,290,3,2,7,1168
3214,2,5,954,2,1,2,2031
3215,2,5,234,2,1,7,2450
3216,2,2,404,5,1,6,1459
3217,6,3,606,3,1,8,374
3218,5,4,1078,2,2,8,906
3219,5,6,796,1,2,8,648
3220,2,4,878,1,2,10,1867
3221,2,8,802,2,1,4,1980
3222,2,7,416,3,2,9,1753
3223,2,7,236,2,2,8,1135
3224,3,6,1072,3,1,4,670
3225,3,8,159,3,2,2,446
3226,2,6,212,3,1,1,1344
3227,3,5,789,3,2,2,1157
3228,6,2,1078,2,2,5,1287
3229,2,5,1257,2,2,11,867
3230,3,3,901,3,2,5,1039
3231,2,8,1258,5,2,10,1087
3232,3,1,1259,3,1,2,913
3233,2,6,578,2,2,4,1954
3234,3,6,553,2,2,8,1635
3235,2,7,508,2,2,1,432
3236,2,6,1109,3,1,2,1402
3237,7,5,803,4,1,2,1342
3238,2,6,826,2,2,5,1035
3239,2,6,1260,2,2,2,989
3240,3,1,276,5,1,8,1311
3241,2,2,1261,3,1,3,1020
3242,5,7,725,1,1,3,1808
3243,3,8,1019,2,2,8,1541
3244,2,3,283,3,2,1,777
3245,2,4,1262,2,1,4,997
3246,5,5,1162,2,2,7,332
3247,2,8,439,2,2,5,2045
3248,4,8,900,5,2,3,705
3249,2,3,1172,2,2,8,820
3250,5,2,1248,3,1,5,1696
3251,8,3,526,4,2,6,1909
3252,3,5,1263,2,2,1,2121
3253,2,8,746,1,1,3,745
3254,3,8,525,3,2,10,609
3255,3,1,558,2,2,4,1989
3256,3,7,955,2,2,10,835
3257,2,3,1264,2,1,10,2248
3258,5,7,469,2,2,4,350
3259,2,2,756,2,1,5,566
3260,2,5,310,3,2,9,1515
3261,3,2,715,2,2,4,961
3262,2,4,1010,3,1,7,2053
3263,5,8,808,3,1,8,1744
3264,4,3,766,3,2,7,2101
3265,8,5,522,3,1,2,2336
3266,3,3,1265,3,2,1,947
3267,3,4,974,3,1,5,1649
3268,2,6,658,2,1,8,688
3269,3,5,1229,3,2,1,469
3270,2,4,117,4,2,2,478
3271,2,3,1145,3,1,9,1923
3272,5,5,76,3,1,6,2463
3273,2,1,1191,3,2,1,2229
3274,2,8,837,2,2,8,309
3275,5,8,1198,3,1,3,186
3276,2,4,1130,1,1,4,858
3277,2,7,646,3,1,10,1569
3278,2,6,957,2,1,5,1848
3279,5,2,361,3,2,9,677
3280,3,7,826,2,1,5,593
3281,5,3,1227,2,2,6,213
3282,2,2,743,2,1,7,1979
3283,5,7,1127,2,2,5,1771
3284,3,7,148,1,2,5,433
3285,2,3,518,3,1,2,1087
3286,2,5,1243,3,1,2,550
3287,3,2,885,1,1,6,990
3288,3,6,1218,4,2,10,1517
3289,3,3,433,2,2,6,1174
3290,2,7,234,4,1,10,1813
3291,3,2,342,2,2,6,529
3292,3,3,1266,4,1,3,1521
3293,3,1,1267,1,1,9,1521
3294,3,1,244,2,1,7,1202
3295,4,2,139,2,2,4,629
3296,7,1,770,3,1,9,2119
3297,3,7,1202,2,2,4,343
3298,5,6,405,3,2,3,2423
3299,2,2,386,3,2,1,485
3300,5,5,177,2,1,4,2274
3301,3,7,1138,2,2,3,900
3302,2,2,892,3,1,3,528
3303,2,7,1157,2,1,6,2223
3304,2,5,653,2,2,9,1581
3305,2,1,101,1,2,1,1605
3306,2,2,909,3,1,9,312
3307,2,8,1038,2,2,2,1708
3308,5,6,987,2,1,11,711
3309,2,1,893,3,2,3,478
3310,2,8,925,3,2,9,2020
3311,7,4,96,3,2,8,182
3312,2,1,431,2,2,9,1900
3313,7,1,796,1,2,8,1683
3314,3,5,1002,3,1,6,598
3315,2,5,1268,2,2,10,1653
3316,2,8,791,3,2,9,2401
3317,2,6,597,2,2,3,2008
3318,2,5,428,2,1,4,2035
3319,2,8,1097,1,2,1,2388
3320,2,7,967,1,2,7,289
3321,2,4,1023,3,1,2,2078
3322,3,8,82,1,2,1,433
3323,2,8,260,1,2,8,1051
3324,5,3,879,1,1,10,1836
3325,2,3,184,5,2,11,584
3326,5,2,468,1,2,11,445
3327,2,4,1269,1,1,9,2343
3328,5,7,508,3,2,4,291
3329,2,4,1202,3,2,9,1699
3330,3,4,616,2,1,3,875
3331,2,8,831,1,2,8,1479
3332,3,1,1057,1,2,10,1337
3333,2,3,1014,2,1,5,1639
3334,3,5,884,2,2,2,2254
3335,2,6,620,2,2,5,800
3336,2,5,1261,2,2,6,1566
3337,2,1,1270,2,1,5,596
3338,2,7,1066,3,2,7,738
3339,3,1,1271,2,1,4,674
3340,6,7,339,2,2,11,390
3341,2,3,960,2,1,10,2221
3342,5,3,789,2,2,10,1028
3343,3,5,609,3,2,7,579
3344,3,7,672,2,1,9,1682
3345,2,2,762,3,2,2,1945
3346,2,5,917,2,2,11,298
3347,4,4,146,3,2,11,2494
3348,2,8,1272,5,1,9,1434
3349,3,7,363,3,2,10,1782
3350,3,3,812,2,1,2,2443
3351,2,4,182,2,1,7,2337
3352,2,2,1260,5,2,5,2128
3353,3,4,792,3,2,4,817
3354,2,2,1273,2,1,7,923
3355,2,3,113,2,2,1,726
3356,2,5,563,2,1,3,263
3357,6,6,588,2,2,2,1767
3358,2,3,78,3,2,2,363
3359,3,5,572,3,2,5,1548
3360,2,6,1274,4,2,10,1464
3361,2,4,850,2,2,2,306
3362,4,1,997,1,2,3,2415
3363,5,1,41,2,2,7,2400
3364,2,1,380,3,2,2,2037
3365,3,6,903,3,2,4,2276
3366,2,2,167,1,2,2,2065
3367,5,1,590,3,2,8,794
3368,2,1,812,2,2,6,1792
3369,5,2,971,4,1,8,808
3370,3,6,645,1,2,6,1632
3371,2,6,915,2,1,11,2077
3372,4,2,524,1,2,1,226
3373,6,3,359,4,2,9,390
3374,2,8,85,5,2,9,1671
3375,5,2,420,3,2,5,2145
3376,5,8,67,3,1,10,1928
3377,5,5,606,2,2,11,657
3378,8,5,108,2,2,7,231
3379,3,7,489,4,2,3,2139
3380,5,3,1275,3,1,2,1338
3381,7,4,924,2,1,11,1211
3382,3,3,964,3,2,8,2199
3383,3,8,539,2,1,3,533
3384,2,7,714,2,1,2,1624
3385,5,5,1218,3,2,7,1791
3386,5,7,375,2,2,9,1686
3387,3,7,1037,2,2,6,250
3388,2,7,322,5,1,2,971
3389,2,7,1099,2,2,2,2300
3390,2,2,550,2,1,1,1701
3391,3,6,1084,3,2,9,1826
3392,2,5,25,2,1,4,2385
3393,5,2,5,3,2,4,1909
3394,3,4,762,2,1,10,1576
3395,8,5,1233,5,2,4,2263
3396,2,6,945,3,1,1,1643
3397,6,4,1064,3,1,10,1337
3398,2,5,902,3,1,11,1120
3399,3,5,1194,3,2,8,978
3400,3,6,1212,2,1,9,227
3401,2,1,865,3,2,9,932
3402,2,5,1276,2,1,9,966
3403,2,5,1115,3,2,6,398
3404,5,5,287,2,1,7,2330
3405,2,3,716,2,1,1,212
3406,6,3,96,3,2,11,141
3407,2,6,104,2,2,5,1333
3408,6,2,409,3,2,6,1229
3409,2,4,643,2,2,8,2306
3410,2,7,445,3,1,1,716
3411,2,3,381,2,2,8,1772
3412,4,7,534,3,2,7,682
3413,3,6,380,2,2,2,354
3414,2,3,837,2,2,7,2048
3415,2,4,1237,2,1,4,2046
3416,2,2,1277,3,2,10,1147
3417,3,3,1278,2,1,10,2307
3418,2,1,1279,2,2,11,1377
3419,5,2,852,3,2,6,1236
3420,3,7,355,2,2,9,1031
3421,4,2,1192,1,2,4,1092
3422,3,3,840,5,2,10,1470
3423,2,4,1092,1,2,2,1365
3424,6,3,725,4,2,9,1537
3425,2,5,222,5,2,1,284
3426,2,7,1124,5,2,6,1112
3427,5,7,256,2,1,7,1208
3428,2,8,737,2,1,8,1125
3429,2,5,426,1,2,4,654
3430,2,2,754,3,2,1,354
3431,2,5,638,5,2,1,528
3432,2,5,1024,5,1,1,1501
3433,2,5,909,5,1,3,2055
3434,2,4,234,2,2,9,980
3435,5,1,1073,2,2,6,2115
3436,3,8,1280,3,1,7,1500
3437,3,5,264,3,2,7,1818
3438,3,4,118,5,2,2,1838
3439,7,8,400,1,2,11,1404
3440,4,7,840,5,2,6,1445
3441,7,5,979,3,2,9,1355
3442,7,7,68,3,2,4,2076
3443,2,1,1245,1,1,8,776
3444,3,8,1065,3,2,8,886
3445,3,3,941,5,1,3,2274
3446,3,2,447,2,2,7,1389
3447,3,6,101,2,2,8,2409
3448,2,3,841,1,2,6,281
3449,2,7,614,2,2,4,2472
3450,1,7,158,2,1,8,735
3451,3,8,1281,2,2,11,971
3452,2,8,1005,2,1,4,1079
3453,2,7,683,2,2,6,1175
3454,3,7,986,3,1,2,1196
3455,2,1,178,3,2,2,1181
3456,2,1,1145,3,1,4,937
3457,2,2,1282,3,2,6,1619
3458,2,5,736,2,1,3,1081
3459,2,6,937,2,1,3,439
3460,5,6,626,3,2,6,2204
3461,2,6,146,3,1,10,525
3462,2,7,8,1,2,8,2497
3463,5,3,1282,3,1,6,2247
3464,5,1,500,3,1,8,1413
3465,2,6,1163,3,2,4,2474
3466,5,4,1078,2,2,5,2098
3467,8,8,1265,2,1,3,1874
3468,1,6,160,1,1,7,2306
3469,5,8,1283,3,2,11,1311
3470,5,5,116,3,2,7,1972
3471,2,8,1284,2,2,6,2329
3472,3,3,629,4,1,4,2044
3473,3,4,1285,2,2,7,2319
3474,2,4,869,1,1,3,1361
3475,3,1,1271,2,2,6,1050
3476,5,2,1219,2,2,4,845
3477,8,5,483,2,2,5,315
3478,2,5,788,3,1,6,1629
3479,2,5,876,3,2,7,348
3480,3,7,1255,2,2,7,378
3481,2,6,395,2,1,7,234
3482,3,2,504,3,1,5,1915
3483,2,3,347,3,1,10,1091
3484,3,1,603,2,1,7,497
3485,3,3,678,2,1,5,1336
3486,2,4,755,1,1,5,559
3487,2,8,745,1,1,3,869
3488,2,8,1109,1,2,9,1563
3489,2,5,713,2,2,9,2234
3490,5,8,702,1,1,1,1747
3491,3,2,337,4,2,4,1197
3492,2,3,197,3,1,11,1556
3493,3,3,879,2,2,11,2369
3494,2,5,413,3,1,3,2268
3495,5,4,405,3,2,4,2357
3496,2,4,1103,3,1,2,1358
3497,7,5,1040,2,2,6,1977
3498,3,3,353,3,1,6,917
3499,3,4,1286,3,2,7,1562
3500,5,3,727,3,2,6,2453
3501,4,8,1287,3,2,8,139
3502,8,7,199,3,2,4,985
3503,3,6,166,2,2,2,2213
3504,2,2,866,2,1,10,941
3505,4,5,1125,3,2,7,1544
3506,2,1,567,3,2,1,369
3507,5,7,1196,2,2,1,2265
3508,5,1,906,2,2,11,1637
3509,1,8,727,3,1,5,203
3510,1,5,79,2,2,5,2396
3511,2,4,615,4,1,5,2138
3512,3,2,63,3,1,3,1407
3513,2,8,1188,3,1,6,2343
3514,2,4,242,2,2,2,256
3515,2,8,251,3,1,10,2382
3516,2,8,1288,2,2,8,1485
3517,5,1,413,3,2,8,1669
3518,6,8,1113,3,2,5,579
3519,3,8,847,3,2,6,1139
3520,2,8,1131,1,1,2,1310
3521,7,6,1014,2,2,5,344
3522,4,5,1074,2,1,8,1581
3523,5,1,769,2,2,10,1132
3524,3,7,368,1,1,7,1838
3525,4,1,128,2,2,9,1080
3526,2,4,1150,4,1,9,1314
3527,8,5,1289,4,1,8,1646
3528,8,2,1290,4,2,2,1649
3529,4,4,531,4,1,4,1870
3530,2,5,1291,2,1,4,2345
3531,4,3,953,3,2,8,2411
3532,3,1,317,2,2,2,2245
3533,3,3,1024,3,1,10,832
3534,7,2,519,2,2,9,557
3535,2,3,1257,2,2,2,930
3536,2,2,201,5,2,4,1903
3537,7,5,959,3,1,3,1013
3538,7,7,1250,3,2,10,550
3539,7,7,112,3,1,8,656
3540,2,6,569,3,1,1,1939
3541,5,6,221,2,2,7,2320
3542,2,5,679,2,2,7,2273
3543,5,4,236,5,1,9,2435
3544,2,1,922,2,1,10,1391
3545,5,2,1162,2,2,8,227
3546,3,8,140,2,1,6,1444
3547,6,3,1223,5,2,6,1344
3548,3,6,860,2,2,6,1647
3549,3,3,1046,2,2,5,800
3550,2,8,1176,2,2,1,2419
3551,5,3,1096,2,2,2,2035
3552,3,7,427,3,1,11,560
3553,2,3,677,4,1,6,184
3554,3,4,122,3,1,2,1198
3555,7,1,951,2,2,5,2070
3556,2,6,717,1,2,10,2427
3557,2,7,386,2,2,1,2484
3558,3,3,449,2,2,1,943
3559,7,3,435,1,2,6,2161
3560,2,4,1007,2,2,1,1758
3561,8,6,857,2,1,4,123
3562,8,4,649,3,1,2,1869
3563,2,3,955,2,1,9,2097
3564,2,2,325,2,1,1,2124
3565,5,6,678,2,2,3,785
3566,8,3,1222,2,1,7,421
3567,5,1,120,4,2,1,747
3568,2,8,35,3,2,1,2025
3569,2,4,1158,2,2,6,1540
3570,3,2,1032,2,2,6,2034
3571,3,4,1208,3,2,4,1121
3572,2,5,664,3,2,10,276
3573,3,7,234,2,1,3,1111
3574,2,1,1292,1,1,10,905
3575,3,8,1251,5,1,1,2043
3576,2,8,221,3,1,8,1480
3577,2,5,303,3,2,8,2268
3578,4,5,841,3,2,7,1814
3579,2,3,1065,1,2,4,2122
3580,3,7,1169,2,2,2,282
3581,2,2,1189,3,2,7,340
3582,2,8,1069,3,1,8,1421
3583,2,7,86,5,1,5,1039
3584,2,4,972,2,2,9,2166
3585,2,3,1259,5,2,10,1469
3586,4,1,29,3,1,8,1775
3587,2,4,217,2,1,4,1614
3588,2,8,786,1,2,10,788
3589,5,5,889,2,2,9,2390
3590,2,3,726,2,2,1,1293
3591,5,1,638,3,2,9,2158
3592,2,1,25,1,1,1,2045
3593,2,7,400,2,1,5,1288
3594,3,4,715,5,1,5,889
3595,6,8,1193,2,2,8,1263
3596,2,5,1293,2,1,11,589
3597,2,4,1294,2,2,11,1313
3598,2,4,611,2,2,5,1638
3599,2,7,259,5,2,8,2493
3600,1,4,1097,5,1,1,143
3601,2,3,1039,3,1,10,847
3602,4,8,352,4,2,3,488
3603,2,7,656,3,1,7,1648
3604,4,7,189,1,2,6,170
3605,3,2,507,2,1,11,2016
3606,4,7,626,2,1,5,755
3607,2,1,45,3,2,7,365
3608,5,3,756,1,2,5,2248
3609,5,8,578,2,2,7,2380
3610,3,4,779,4,1,10,2002
3611,7,2,689,3,2,3,2276
3612,3,5,597,3,2,6,815
3613,4,4,736,2,2,2,1804
3614,2,8,783,3,2,1,608
3615,3,2,103,3,1,2,997
3616,4,5,93,3,1,4,544
3617,2,8,1195,3,1,11,465
3618,3,4,116,2,2,10,1552
3619,6,8,375,1,1,6,2170
3620,3,1,1295,2,2,11,254
3621,2,6,284,3,2,5,2027
3622,2,6,715,3,2,8,1437
3623,4,1,74,5,1,2,685
3624,8,2,315,3,1,3,1007
3625,8,8,1296,1,2,2,2357
3626,5,6,378,4,1,10,686
3627,3,4,1103,2,1,2,1677
3628,2,8,474,3,2,4,2165
3629,2,8,1160,5,2,2,1460
3630,2,5,935,5,2,2,536
3631,2,7,1091,2,2,3,1243
3632,4,1,445,3,1,1,797
3633,5,3,1297,2,1,5,761
3634,3,6,850,5,2,11,1404
3635,6,2,93,2,2,4,1005
3636,8,1,1277,2,2,11,1803
3637,3,4,1298,2,2,11,2284
3638,3,8,594,2,1,1,1957
3639,2,6,1299,4,2,6,1572
3640,3,7,549,2,2,7,2289
3641,2,6,1199,2,2,4,2326
3642,2,7,363,2,1,3,299
3643,8,1,1064,5,2,9,253
3644,2,3,77,2,2,11,848
3645,2,7,837,2,2,3,958
3646,3,1,1091,2,2,5,130
3647,3,3,1212,3,1,5,2231
3648,2,1,1300,4,2,7,2253
3649,2,7,572,4,1,1,2367
3650,6,5,1169,4,2,11,2350
3651,2,5,632,2,2,3,1859
3652,7,1,640,5,2,3,1824
3653,3,4,1238,3,1,10,1748
3654,2,3,1277,3,1,10,1789
3655,2,8,984,3,2,8,2429
3656,5,4,1301,2,2,3,2436
3657,4,6,10,2,2,7,144
3658,2,1,1007,5,1,9,515
3659,2,4,868,5,2,8,1215
3660,2,4,1016,2,2,6,371
3661,5,6,488,2,1,5,844
3662,2,1,164,1,2,7,276
3663,2,4,329,2,1,9,224
3664,2,2,497,5,1,6,493
3665,3,3,181,1,1,11,1090
3666,4,2,1302,1,1,11,807
3667,3,4,961,5,2,2,868
3668,2,4,195,5,1,8,2467
3669,2,2,89,5,2,4,2136
3670,2,4,1220,5,1,6,2010
3671,2,4,875,3,2,2,2208
3672,5,3,126,2,2,6,1746
3673,2,1,1303,3,1,2,2366
3674,2,3,664,5,1,1,241
3675,3,8,925,4,2,11,1552
3676,5,3,592,3,2,5,483
3677,3,5,1242,3,2,4,360
3678,5,5,494,5,2,11,204
3679,3,8,1070,2,2,4,2336
3680,5,4,218,2,2,1,700
3681,5,6,422,2,2,9,1993
3682,2,3,1204,5,2,11,1692
3683,2,2,557,2,2,8,1543
3684,1,7,1272,2,1,1,736
3685,8,7,399,2,2,5,2328
3686,5,7,636,3,2,11,382
3687,5,2,323,1,2,9,618
3688,2,8,716,2,1,1,948
3689,3,5,271,2,1,10,955
3690,6,8,1194,3,2,10,1159
3691,4,4,74,3,1,3,1555
3692,2,3,1241,3,2,11,1124
3693,2,8,1304,4,2,4,2430
3694,3,1,34,3,2,2,1124
3695,2,4,64,3,2,9,946
3696,2,5,544,2,1,1,1940
3697,3,5,1277,2,2,4,502
3698,2,4,960,2,1,10,1871
3699,5,2,1137,2,2,3,1977
3700,5,4,445,3,2,10,1233
3701,7,4,461,2,2,9,991
3702,7,1,1305,1,2,11,971
3703,3,1,142,2,1,3,720
3704,5,2,112,5,1,7,1931
3705,3,2,1106,3,2,11,1593
3706,8,2,379,2,2,2,793
3707,2,7,204,3,2,8,1230
3708,1,7,1203,2,1,2,921
3709,2,1,1270,1,2,10,308
3710,2,1,844,4,2,9,1586
3711,2,8,1306,3,2,9,992
3712,3,7,568,5,2,9,2459
3713,2,5,1280,2,1,6,2358
3714,3,7,864,2,2,7,1610
3715,5,8,1029,2,1,4,1200
3716,2,6,97,2,1,11,2462
3717,3,5,551,1,1,11,620
3718,2,3,169,3,1,2,1024
3719,3,8,943,3,1,3,762
3720,3,4,916,3,2,3,1059
3721,2,4,1035,2,2,1,135
3722,6,6,1221,1,2,3,2358
3723,3,8,736,2,2,4,1342
3724,7,1,893,2,2,4,175
3725,5,4,783,2,2,3,1286
3726,4,5,1307,2,2,10,984
3727,2,1,466,2,2,4,1679
3728,2,6,207,2,1,11,814
3729,3,4,233,4,1,4,1167
3730,4,1,425,3,1,3,2254
3731,2,4,1308,3,2,5,1811
3732,6,5,203,2,2,3,750
3733,2,6,334,2,2,8,997
3734,2,4,402,2,2,11,187
3735,2,8,224,3,2,3,738
3736,3,5,868,3,1,10,1703
3737,1,4,766,2,1,3,1616
3738,2,5,889,1,2,8,1862
3739,3,1,1309,2,1,1,1852
3740,2,6,409,3,1,11,604
3741,3,1,489,4,1,4,225
3742,2,7,1169,2,2,3,835
3743,3,4,1146,1,1,1,1091
3744,3,7,224,1,2,1,960
3745,3,6,1187,3,2,7,1929
3746,2,3,1271,4,1,11,2398
3747,2,3,1011,2,2,4,496
3748,5,6,1248,2,1,5,1940
3749,5,8,1310,2,1,2,557
3750,1,1,1075,2,2,3,2074
3751,7,2,1311,2,2,1,203
3752,6,6,497,3,2,4,907
3753,2,5,1146,2,2,11,1331
3754,2,7,236,2,2,8,2125
3755,2,3,134,2,2,11,352
3756,2,6,558,2,2,11,1392
3757,3,6,1240,1,1,3,1504
3758,7,7,1297,3,2,1,735
3759,2,6,611,3,1,4,1853
3760,3,5,1206,2,2,9,442
3761,3,1,1021,3,2,10,1949
3762,3,7,461,2,1,8,685
3763,2,2,139,2,2,10,342
3764,5,5,1169,3,1,3,667
3765,2,8,997,3,1,4,1547
3766,1,2,372,2,1,11,2233
3767,8,3,431,3,2,5,2261
3768,2,8,14,4,1,7,2247
3769,2,2,1303,3,1,1,1241
3770,5,2,58,2,1,3,482
3771,3,3,176,2,1,1,1076
3772,2,7,735,2,2,3,1675
3773,1,8,1033,3,2,11,2362
3774,2,5,187,5,2,11,361
3775,2,7,14,2,2,6,2271
3776,3,5,1132,2,2,9,968
3777,2,3,1154,4,2,6,2012
3778,2,5,77,3,2,8,175
3779,3,7,64,3,2,4,609
3780,2,1,1117,1,1,5,235
3781,3,8,1027,2,2,8,2351
3782,6,4,682,3,1,1,1520
3783,4,2,114,2,2,8,2078
3784,2,8,719,3,1,2,949
3785,2,5,864,4,2,6,2106
3786,3,8,536,2,2,4,970
3787,3,2,558,2,1,10,1161
3788,4,7,382,4,1,10,2241
3789,3,4,258,2,1,4,1821
3790,2,4,578,2,2,5,2249
3791,3,7,787,2,1,1,354
3792,5,8,83,3,2,4,616
3793,8,5,489,3,2,8,941
3794,2,2,1206,1,2,9,406
3795,3,3,1220,1,2,2,1753
3796,2,8,1218,1,2,6,1867
3797,3,3,604,1,1,5,593
3798,2,3,246,3,1,8,2152
3799,8,8,57,3,2,8,2112
3800,3,1,908,3,1,8,1305
3801,4,1,636,2,1,10,1842
3802,6,3,1250,1,2,1,1187
3803,2,2,1096,1,2,10,1571
3804,5,3,1216,2,2,4,1901
3805,4,3,133,2,2,11,2097
3806,3,8,1312,2,1,2,1267
3807,3,6,988,2,2,4,1216
3808,2,1,524,2,2,6,709
3809,5,1,640,1,2,4,1309
3810,2,3,1136,2,2,5,2257
3811,3,7,286,3,2,3,1831
3812,2,3,512,2,2,11,1362
3813,2,6,206,3,1,2,1177
3814,2,6,150,3,2,7,1303
3815,2,1,1313,1,2,6,994
3816,3,1,1314,3,1,3,1641
3817,2,8,561,1,2,10,925
3818,2,1,792,3,2,9,724
3819,5,1,1212,1,2,6,973
3820,5,2,1315,3,2,5,1768
3821,5,3,274,1,1,8,1144
3822,8,2,1077,3,2,2,1563
3823,2,5,1115,3,2,6,735
3824,2,7,547,2,1,6,1150
3825,2,1,1171,2,2,7,1373
3826,1,1,251,2,2,3,1372
3827,5,8,555,2,1,6,966
3828,2,3,1309,3,1,3,1488
3829,2,1,1316,2,1,8,246
3830,3,1,1308,4,2,5,581
3831,2,7,781,2,2,6,259
3832,3,2,839,2,2,9,2375
3833,8,5,753,5,1,9,898
3834,3,2,1317,2,2,11,316
3835,8,6,835,2,1,5,675
3836,2,7,1165,5,1,10,980
3837,3,1,1318,3,1,7,441
3838,1,2,432,3,1,6,1707
3839,3,3,86,2,2,10,1849
3840,3,8,1267,2,2,4,131
3841,5,4,552,3,2,1,1859
3842,4,5,996,3,2,4,1560
3843,2,4,171,2,2,2,1457
3844,2,5,1176,2,2,8,1320
3845,2,3,693,1,1,2,964
3846,1,3,1048,3,1,9,2270
3847,8,7,452,4,1,10,1378
3848,2,1,422,3,2,6,2088
3849,2,5,11,4,2,5,1078
3850,8,3,64,3,2,9,582
3851,2,8,722,3,2,2,2230
3852,2,8,798,2,1,1,541
3853,2,6,448,2,2,9,1088
3854,2,5,1319,5,2,10,436
3855,5,7,1288,4,2,4,1337
3856,2,3,34,3,1,2,665
3857,3,2,1116,2,1,6,2189
3858,1,3,749,4,1,1,457
3859,2,4,1276,1,1,11,483
3860,2,8,223,2,2,4,1740
3861,4,5,763,2,1,11,2293
3862,5,8,880,2,1,4,1357
3863,2,7,863,3,1,10,1779
3864,2,7,1272,3,1,11,1868
3865,2,4,1304,2,2,7,1911
3866,3,4,1153,2,1,3,1627
3867,2,1,213,5,2,11,1924
3868,3,7,334,3,2,8,1354
3869,2,6,131,1,2,2,1726
3870,7,7,417,1,1,4,2287
3871,2,3,315,5,1,8,994
3872,3,5,136,2,1,4,644
3873,2,8,1126,2,2,5,608
3874,2,3,1056,2,2,10,2130
3875,5,4,1141,3,1,8,2493
3876,5,8,1320,3,2,8,839
3877,5,3,162,2,2,5,316
3878,5,5,335,2,2,6,2116
3879,2,2,558,2,2,9,913
3880,5,5,994,2,2,2,678
3881,2,5,653,4,2,3,776
3882,2,1,1321,4,1,11,1986
3883,5,3,1322,2,1,9,670
3884,4,3,1198,3,1,3,1649
3885,5,5,1262,2,2,5,982
3886,5,4,477,3,1,3,224
3887,6,2,451,3,2,10,1754
3888,2,1,1323,2,2,4,986
3889,6,2,508,3,2,3,421
3890,3,8,1324,5,1,10,852
3891,7,2,1291,2,2,4,916
3892,3,1,565,2,2,1,1468
3893,3,8,82,3,2,8,743
3894,5,4,815,3,1,10,1329
3895,2,4,1234,5,1,11,403
3896,8,8,754,3,1,7,1101
3897,2,1,1325,2,2,6,695
3898,2,2,991,3,1,7,211
3899,2,4,845,2,1,8,1105
3900,2,8,285,2,2,1,1297
3901,2,2,143,3,1,7,1705
3902,2,2,1096,2,2,9,1565
3903,3,4,772,5,2,4,522
3904,3,3,725,3,2,2,2148
3905,2,3,1054,3,2,1,2046
3906,2,8,223,2,2,8,1056
3907,8,8,307,3,1,9,1108
3908,2,3,574,2,2,11,2028
3909,2,8,656,2,2,3,1103
3910,2,3,354,3,2,8,1357
3911,2,4,1095,2,2,8,523
3912,5,7,1004,5,1,11,398
3913,2,8,1247,4,2,1,2016
3914,3,4,501,2,2,8,275
3915,2,1,751,3,1,2,1806
3916,5,8,98,2,2,2,780
3917,5,5,546,3,1,4,1083
3918,2,8,554,2,2,10,1760
3919,2,4,25,4,1,7,1063
3920,2,3,238,5,1,2,1976
3921,3,2,71,3,1,5,840
3922,2,5,1084,2,1,4,2101
3923,3,3,768,1,1,6,482
3924,2,8,1139,3,2,3,305
3925,2,7,997,3,2,9,2152
3926,2,7,514,3,1,1,1928
3927,2,8,294,2,2,8,1254
3928,2,7,412,2,2,6,2222
3929,2,6,944,2,2,4,1858
3930,3,6,609,2,2,9,2140
3931,2,1,1326,2,1,1,2039
3932,5,6,1014,1,1,9,1418
3933,5,1,62,2,2,2,786
3934,5,4,95,2,1,6,1128
3935,8,4,877,2,1,11,2441
3936,2,8,922,3,2,8,2014
3937,2,1,26,2,2,2,1157
3938,3,4,11,2,1,5,1276
3939,3,1,1327,3,2,10,417
3940,3,5,1121,4,1,10,1553
3941,2,8,1325,2,2,4,402
3942,3,5,938,2,2,5,2123
3943,8,8,963,2,1,10,1093
3944,2,6,83,1,1,4,734
3945,6,5,381,2,2,3,673
3946,2,8,1193,3,1,4,2204
3947,2,3,1321,2,2,11,1253
3948,2,1,1139,2,2,5,607
3949,3,3,84,3,1,1,1043
3950,3,7,967,5,2,11,1568
3951,3,5,105,2,1,4,1212
3952,3,4,408,2,1,11,1560
3953,2,2,1027,2,2,9,1455
3954,2,5,465,3,1,8,1105
3955,2,1,933,2,2,5,2033
3956,6,2,1328,2,2,3,1456
3957,2,2,538,2,1,2,1945
3958,1,1,390,2,1,8,1743
3959,2,4,71,3,2,8,293
3960,2,8,1160,2,1,5,2323
3961,2,6,922,3,2,11,1751
3962,2,4,569,2,2,11,1075
3963,6,8,629,5,1,7,677
3964,5,7,1282,2,1,1,1792
3965,8,8,337,2,2,6,1582
3966,7,4,462,5,1,10,793
3967,3,4,1111,5,1,11,1456
3968,5,5,937,2,1,9,2043
3969,3,7,642,1,1,11,1396
3970,3,4,572,1,1,7,2205
3971,2,8,118,2,2,5,1669
3972,2,4,1329,2,2,6,1696
3973,3,5,1014,1,1,7,315
3974,2,4,818,2,2,6,2042
3975,3,7,1198,3,2,5,365
3976,4,2,668,2,2,2,2122
3977,3,7,760,3,2,11,658
3978,3,2,1050,1,1,3,2389
3979,2,1,1082,1,2,4,1668
3980,5,1,840,4,2,5,1496
3981,2,6,426,3,1,1,955
3982,8,4,319,2,1,10,1133
3983,6,2,106,2,2,7,1178
3984,1,7,214,2,2,8,1930
3985,2,5,436,1,1,7,2211
3986,2,4,646,2,1,5,1303
3987,8,1,684,3,2,1,676
3988,5,4,908,2,1,9,2120
3989,1,3,916,2,2,2,239
3990,3,5,1192,2,1,10,272
3991,3,4,1330,5,2,1,992
3992,2,7,1115,1,1,2,1983
3993,7,2,1256,2,2,4,1259
3994,5,1,1313,2,1,2,1875
3995,2,4,500,2,2,6,1765
3996,2,7,15,3,2,8,2419
3997,3,1,1300,2,2,9,2485
3998,5,7,82,1,2,8,2303
3999,2,8,851,2,2,11,1472
4000,2,3,388,3,1,8,1525
4001,2,6,128,3,1,9,173
4002,2,5,1281,2,1,8,675
4003,8,1,1029,2,1,2,1781
4004,5,6,973,2,2,7,570
4005,5,4,1154,3,1,3,499
4006,5,3,573,4,1,1,1490
4007,2,4,561,3,2,10,2457
4008,5,8,1296,2,1,9,1966
4009,6,3,1329,2,2,8,367
4010,5,5,645,2,2,6,295
4011,2,5,635,2,2,2,1429
4012,5,7,1089,2,1,11,1492
4013,1,8,51,2,1,1,342
4014,2,1,439,2,1,10,543
4015,2,1,817,2,2,6,808
4016,1,5,1141,3,2,5,1750
4017,8,8,244,3,1,2,1096
4018,3,5,915,2,2,1,921
4019,2,4,173,2,2,3,272
4020,2,1,472,5,2,5,1999
4021,3,4,883,2,2,9,196
4022,8,1,1027,2,1,8,1474
4023,2,1,327,2,1,9,287
4024,2,7,1032,2,2,5,1545
4025,1,3,3,2,2,4,505
4026,2,2,894,3,2,3,1989
4027,5,5,1290,2,2,3,1252
4028,2,3,1228,2,1,11,258
4029,5,1,774,3,2,4,1563
4030,6,2,127,2,2,11,1723
4031,2,2,832,2,2,5,687
4032,7,3,371,3,2,10,2279
4033,6,6,390,5,1,7,349
4034,6,6,1331,3,2,9,1963
4035,2,7,1274,2,2,11,231
4036,3,1,698,2,2,4,2475
4037,2,4,96,3,1,5,982
4038,2,4,588,2,1,5,2134
4039,3,8,1092,3,2,4,566
4040,2,6,633,2,1,3,831
4041,5,4,876,2,1,7,1198
4042,3,7,1137,2,2,5,1872
4043,1,1,415,3,1,2,1004
4044,7,6,488,3,2,9,1873
4045,2,3,571,3,1,1,1615
4046,3,7,302,3,2,4,1866
4047,5,2,1332,2,1,11,1027
4048,2,8,529,4,1,7,836
4049,2,7,713,2,2,8,2247
4050,4,5,802,2,2,10,2353
4051,2,2,124,2,1,11,1108
4052,4,6,492,4,1,11,1303
4053,1,2,1076,2,1,6,1895
4054,3,7,220,1,2,7,1538
4055,5,8,879,2,2,9,450
4056,2,6,36,1,2,6,984
4057,4,1,1017,2,2,7,956
4058,7,5,611,3,2,2,1288
4059,2,8,817,2,2,7,1331
4060,3,7,390,2,2,7,1433
4061,3,1,873,3,2,2,903
4062,2,7,589,2,2,5,1768
4063,6,5,1333,2,1,4,1426
4064,2,7,746,2,2,7,1509
4065,3,1,374,3,2,4,295
4066,2,4,1044,2,2,9,210
4067,3,7,1009,4,2,9,2061
4068,7,1,1225,5,2,5,1898
4069,3,2,436,2,2,8,1935
4070,5,5,170,2,1,3,2373
4071,5,2,879,5,2,4,413
4072,2,7,1334,2,2,2,996
4073,2,1,1038,2,2,11,520
4074,2,2,1335,3,2,3,435
4075,2,6,975,2,2,4,2191
4076,2,4,1200,5,1,9,1578
4077,8,1,920,3,2,4,1158
4078,6,6,1052,3,1,1,1643
4079,2,8,33,3,2,2,632
4080,2,4,199,2,1,7,1123
4081,2,1,1336,1,2,2,848
4082,7,6,1192,3,2,11,1453
4083,3,7,861,2,2,3,1977
4084,3,8,61,1,2,11,222
4085,3,4,866,3,1,10,1030
4086,5,6,168,2,2,3,1860
4087,2,1,968,2,1,8,963
4088,2,6,1337,3,2,7,1730
4089,2,8,1338,2,2,1,1267
4090,2,5,990,1,1,8,1988
4091,1,8,1205,5,2,3,549
4092,2,6,1339,3,1,5,2262
4093,2,1,1340,3,2,7,2224
4094,8,4,1341,1,2,3,1154
4095,2,5,334,2,2,8,705
4096,2,5,1342,3,1,8,1087
4097,4,5,1142,2,2,9,1724
4098,5,7,170,3,1,6,716
4099,2,2,460,1,1,2,2458
4100,5,7,357,2,1,8,1916
4101,5,5,387,5,1,10,2308
4102,2,4,1325,2,1,2,380
4103,5,2,237,5,2,9,1112
4104,3,4,295,5,1,2,395
4105,6,8,1343,1,1,7,545
4106,6,3,799,1,2,3,1939
4107,2,4,36,2,2,1,327
4108,3,6,72,2,2,8,1111
4109,2,8,215,2,2,11,2105
4110,2,2,964,2,2,7,2098
4111,2,1,1236,3,1,3,836
4112,5,5,757,1,1,1,1278
4113,3,4,595,3,1,10,580
4114,2,1,1344,3,2,4,1590
4115,7,8,1345,2,2,5,1273
4116,5,5,1085,5,1,3,2001
4117,5,4,814,3,1,5,1748
4118,2,1,775,1,1,1,1781
4119,5,8,1346,4,1,7,1905
4120,1,8,762,1,1,2,1023
4121,2,6,491,3,1,5,2152
4122,2,4,1347,1,2,10,2016
4123,6,6,1270,3,2,2,760
4124,3,3,998,3,2,8,1603
4125,3,7,891,3,1,3,1081
4126,2,7,560,2,1,1,2096
4127,3,1,686,2,2,6,811
4128,2,3,253,3,2,11,1436
4129,2,1,175,5,2,8,1140
4130,3,6,66,3,1,7,1631
4131,2,3,1081,3,2,6,1664
4132,5,5,1008,2,2,5,992
4133,6,7,1348,2,2,8,1828
4134,3,4,745,3,1,10,334
4135,3,4,396,3,2,4,1521
4136,2,8,712,4,2,7,2175
4137,2,6,271,3,2,2,731
4138,6,2,1170,3,1,9,1258
4139,2,6,1349,2,2,8,1500
4140,2,6,802,2,2,4,1155
4141,3,2,957,3,2,7,1481
4142,3,1,938,1,1,1,1071
4143,2,7,1350,1,1,5,1105
4144,2,2,1124,2,2,2,2225
4145,7,1,822,3,2,2,1324
4146,2,3,841,2,1,2,297
4147,2,7,77,2,1,2,1363
4148,2,3,132,4,2,5,801
4149,2,3,237,1,2,4,2051
4150,3,2,100,2,1,1,1599
4151,3,1,1257,2,2,11,1397
4152,5,5,573,3,1,6,344
4153,2,8,126,2,1,3,1644
4154,2,6,526,4,1,8,696
4155,2,2,314,2,1,2,466
4156,2,3,1177,1,2,8,2073
4157,2,5,1196,4,2,6,1419
4158,2,1,255,3,2,5,1203
4159,2,1,1100,4,1,10,1244
4160,3,1,560,2,1,6,208
4161,2,2,1096,2,2,6,1196
4162,2,6,957,3,1,4,1685
4163,2,6,527,1,2,1,183
4164,2,5,41,3,2,2,1417
4165,5,4,67,3,2,8,2305
4166,2,3,223,2,2,9,894
4167,2,4,521,1,1,4,317
4168,2,4,844,1,2,11,763
4169,2,4,502,3,2,8,671
4170,5,3,251,1,1,10,1921
4171,6,3,379,2,1,6,500
4172,2,8,1167,2,2,11,2222
4173,5,7,1351,5,1,1,2109
4174,2,3,523,4,2,6,404
4175,2,8,754,2,2,7,1566
4176,2,5,122,3,2,1,2348
4177,4,5,792,3,1,11,2090
4178,2,7,48,3,1,9,526
4179,6,1,63,2,2,6,1967
4180,2,2,805,2,2,8,1276
4181,2,6,843,2,2,8,572
4182,5,7,610,3,1,9,361
4183,8,7,1343,2,1,1,957
4184,7,4,290,1,1,6,835
4185,5,5,902,4,2,9,2328
4186,2,4,818,3,2,8,1691
4187,2,8,1223,2,2,4,1677
4188,2,6,1145,3,2,5,1621
4189,2,1,59,3,2,9,568
4190,8,1,622,2,1,5,2093
4191,5,4,937,3,1,9,1661
4192,7,5,1181,2,1,1,1797
4193,2,7,816,1,2,10,618
4194,5,3,389,3,2,9,602
4195,4,2,1309,2,2,10,1679
4196,3,6,483,4,2,9,2078
4197,2,6,925,3,2,6,954
4198,5,8,454,5,1,7,1039
4199,3,1,99,2,1,6,2155
4200,6,6,1183,3,2,4,193
4201,2,3,14,2,2,7,1929
4202,2,5,140,2,2,11,515
4203,3,7,1195,5,2,2,2462
4204,2,2,1284,1,1,3,2476
4205,3,8,475,4,1,11,441
4206,2,2,639,3,2,4,1650
4207,8,8,737,2,2,3,1403
4208,4,3,382,2,2,9,2258
4209,2,6,676,2,1,4,2139
4210,2,8,444,3,2,10,1788
4211,3,7,999,2,2,1,501
4212,5,7,603,2,2,8,400
4213,2,3,1243,1,2,4,408
4214,2,2,320,3,2,9,799
4215,3,3,1258,2,2,9,1176
4216,5,2,1352,2,2,9,1954
4217,2,6,566,1,2,11,1251
4218,5,4,730,4,2,9,435
4219,8,2,1029,2,2,7,1168
4220,2,7,297,4,1,9,168
4221,3,7,428,2,2,7,824
4222,2,3,505,5,2,11,1022
4223,2,1,1353,3,2,8,158
4224,2,2,1191,5,2,2,535
4225,2,1,1087,3,2,4,2239
4226,7,1,568,2,1,4,2472
4227,3,1,1354,2,2,4,1236
4228,2,3,152,3,1,3,953
4229,2,3,1269,2,1,1,2085
4230,3,6,283,2,1,6,554
4231,2,2,1000,2,2,5,2280
4232,2,4,479,2,2,11,1587
4233,3,7,912,3,1,3,1569
4234,1,5,738,5,2,7,2467
4235,2,4,846,5,2,6,1874
4236,3,1,1035,4,1,4,1447
4237,2,7,480,3,1,9,2224
4238,3,2,447,5,2,4,1467
4239,3,1,271,1,2,9,1746
4240,7,4,569,5,2,3,1971
4241,3,6,805,2,2,7,1697
4242,2,3,1251,4,2,7,380
4243,2,4,1165,2,1,1,2316
4244,2,4,1079,3,1,1,346
4245,3,5,1064,3,1,2,2330
4246,4,4,1355,3,2,4,1006
4247,3,8,240,3,2,2,1882
4248,5,3,694,3,1,10,2475
4249,2,6,758,3,1,10,1291
4250,2,7,784,3,1,5,1791
4251,2,6,506,2,2,2,1425
4252,2,7,216,3,1,8,562
4253,2,1,213,3,2,6,2321
4254,5,8,189,3,1,3,667
4255,2,7,544,2,1,2,351
4256,3,3,516,3,2,9,2175
4257,5,3,11,5,1,1,895
4258,2,5,168,2,2,6,785
4259,5,2,724,3,1,7,1442
4260,2,8,633,2,1,9,2403
4261,2,6,730,3,1,7,2030
4262,2,1,765,2,2,4,1440
4263,2,4,769,5,2,2,2187
4264,5,5,482,2,1,6,1481
4265,4,4,1155,4,2,10,1808
4266,2,3,395,3,1,11,2217
4267,2,1,604,3,1,7,2046
4268,2,7,790,5,1,6,1919
4269,3,6,34,2,1,4,1436
4270,2,6,119,2,2,11,1261
4271,3,2,821,5,2,7,173
4272,5,7,1121,5,1,10,1463
4273,2,3,1097,1,1,6,2449
4274,6,8,126,2,1,6,679
4275,2,8,1356,3,2,2,897
4276,6,6,725,3,1,11,1011
4277,2,1,846,1,1,2,129
4278,2,1,109,2,2,6,261
4279,5,7,818,5,1,1,395
4280,5,1,812,2,1,8,1551
4281,7,3,757,2,1,9,2098
4282,2,8,819,2,1,8,1109
4283,8,8,819,2,2,10,2341
4284,2,7,195,2,2,6,1438
4285,2,3,304,2,2,10,2212
4286,2,8,1357,3,2,1,1365
4287,5,6,244,3,2,8,1907
4288,5,2,794,1,2,2,1616
4289,2,8,87,2,1,4,256
4290,2,2,370,2,2,1,137
4291,2,8,514,2,1,1,1591
4292,2,7,1095,3,2,5,1294
4293,3,7,482,5,2,6,1283
4294,5,2,264,2,2,11,194
4295,3,5,402,5,1,9,888
4296,8,4,78,5,2,3,1336
4297,2,3,286,2,2,2,1598
4298,2,3,1300,2,2,2,2377
4299,3,6,292,3,2,8,2406
4300,5,4,416,3,1,9,1460
4301,3,7,991,2,1,8,541
4302,1,1,821,2,2,3,1531
4303,3,3,1343,2,2,10,1877
4304,2,7,1228,5,2,10,928
4305,2,2,695,2,1,8,1054
4306,5,5,400,2,2,10,1568
4307,5,7,1358,1,1,11,2363
4308,2,1,524,3,1,6,288
4309,2,1,836,3,2,6,1372
4310,3,5,618,5,1,9,1324
4311,3,8,978,2,2,8,520
4312,2,5,243,2,2,1,1352
4313,3,3,989,2,2,7,998
4314,2,5,624,2,2,6,1554
4315,8,6,29,2,1,5,504
4316,2,1,390,1,1,3,2038
4317,5,7,748,5,1,1,2084
4318,3,1,1249,3,2,8,1820
4319,2,2,1090,3,2,3,679
4320,3,3,274,3,2,7,245
4321,2,8,328,2,1,6,1689
4322,3,2,1038,2,2,2,2165
4323,3,3,1359,3,2,2,274
4324,2,7,813,2,2,11,1775
4325,2,3,931,1,2,3,1871
4326,5,8,220,3,2,3,1481
4327,2,4,464,2,2,2,544
4328,3,8,1360,3,2,8,1609
4329,2,4,20,3,2,1,738
4330,8,3,17,2,2,3,1638
4331,3,8,378,1,1,1,1846
4332,5,6,742,2,2,4,292
4333,2,5,781,2,2,1,1150
4334,2,8,168,3,1,1,2441
4335,2,4,902,3,2,4,1464
4336,2,5,1143,2,1,6,1334
4337,5,4,1050,2,2,11,641
4338,3,6,381,2,2,6,2176
4339,2,2,215,2,2,4,587
4340,3,3,1316,5,1,7,1552
4341,2,6,1063,5,2,8,1619
4342,2,2,34,3,2,2,1454
4343,4,5,1238,3,2,9,523
4344,3,7,420,3,2,5,245
4345,3,7,446,1,2,6,978
4346,2,1,578,2,2,1,1937
4347,2,7,694,3,1,4,2001
4348,2,8,1106,3,2,7,2129
4349,4,3,940,3,1,6,653
4350,3,3,755,1,2,2,2269
4351,2,3,1153,5,2,7,1339
4352,5,4,1352,3,1,9,1243
4353,2,5,699,2,1,9,1008
4354,5,3,713,3,2,3,798
4355,2,3,381,3,1,6,796
4356,2,4,1100,2,1,1,2204
4357,2,4,479,2,1,4,1230
4358,2,5,1142,3,1,5,1324
4359,5,4,1216,3,1,9,1340
4360,5,4,880,5,2,3,479
4361,3,4,935,3,1,9,2163
4362,4,6,689,2,2,5,1988
4363,2,4,280,2,2,3,1177
4364,1,2,234,2,1,2,805
4365,1,7,1068,3,2,9,2141
4366,2,1,1234,2,2,11,850
4367,2,2,681,2,2,11,157
4368,5,7,909,2,1,6,1262
4369,2,8,701,2,2,6,2281
4370,5,5,1338,2,2,2,1717
4371,2,5,594,1,2,8,2225
4372,3,2,249,2,2,5,1992
4373,3,4,655,2,1,10,624
4374,2,5,383,5,2,6,1421
4375,2,1,1361,3,2,9,1864
4376,2,3,1138,3,2,8,2052
4377,3,6,301,2,2,9,657
4378,7,1,1145,2,2,7,2257
4379,2,4,1362,3,2,1,2190
4380,5,5,1033,2,2,1,1294
4381,2,6,368,2,2,4,1094
4382,5,7,1102,2,1,2,1413
4383,1,8,366,2,1,9,890
4384,2,4,246,3,2,4,1811
4385,1,2,424,2,2,5,2258
4386,3,3,737,2,2,2,2038
4387,2,8,1088,2,1,9,484
4388,1,2,375,3,2,8,351
4389,2,6,528,3,2,7,2477
4390,2,3,1360,2,1,7,563
4391,3,2,4,2,2,8,636
4392,5,6,1116,2,2,10,2462
4393,5,3,110,3,2,10,1794
4394,2,5,902,2,2,7,854
4395,8,7,856,3,2,10,332
4396,5,3,1142,3,1,7,2173
4397,8,8,1190,3,2,6,1159
4398,2,4,639,2,1,9,1815
4399,5,6,939,2,1,4,1375
4400,4,7,96,2,1,5,2365
4401,2,1,500,2,1,6,626
4402,6,8,1345,2,1,7,1502
4403,2,6,515,5,2,5,2111
4404,2,1,1284,5,2,5,1140
4405,8,7,1217,2,1,10,498
4406,6,7,228,2,2,10,178
4407,2,2,1196,2,2,6,439
4408,2,4,2,1,2,10,1598
4409,5,5,396,5,1,9,1360
4410,8,7,1240,3,1,6,2068
4411,3,8,1292,3,2,8,1322
4412,3,3,956,3,2,4,1522
4413,5,6,634,2,2,7,1843
4414,2,5,1363,2,1,5,1734
4415,6,1,851,3,2,4,542
4416,2,8,378,1,2,2,1311
4417,3,7,85,3,1,9,1013
4418,3,8,200,5,1,5,1719
4419,3,1,647,1,1,11,570
4420,5,6,501,2,2,6,2274
4421,6,4,1183,2,1,1,2358
4422,3,1,28,2,2,4,2476
4423,5,8,26,2,2,5,624
4424,2,5,11,3,2,4,1510
4425,7,5,87,2,2,2,2338
4426,2,5,236,5,2,1,1330
4427,2,6,1364,4,2,9,1542
4428,2,8,672,2,2,4,321
4429,5,1,907,2,2,8,852
4430,6,7,1338,5,2,11,2364
4431,3,7,1365,2,2,8,778
4432,2,1,983,3,2,4,229
4433,2,2,712,3,1,8,339
4434,3,7,524,2,2,4,993
4435,2,3,1328,2,1,6,2358
4436,2,3,840,3,1,5,1783
4437,3,1,240,3,1,11,1708
4438,6,4,1366,3,2,1,219
4439,2,1,425,2,2,9,2326
4440,2,5,878,3,1,11,633
4441,7,6,313,3,2,6,2297
4442,5,1,870,3,2,10,2321
4443,4,7,655,1,1,11,729
4444,2,7,63,2,1,9,1110
4445,2,2,568,2,1,4,1357
4446,6,2,984,3,2,4,1284
4447,2,4,459,5,1,4,1839
4448,5,8,161,2,2,2,2377
4449,2,1,770,3,1,3,755
4450,3,3,1049,2,1,5,1343
4451,5,6,176,3,2,4,2082
4452,3,2,1367,2,2,1,420
4453,5,1,1368,3,1,8,613
4454,2,8,582,2,1,4,1185
4455,6,7,18,2,1,4,1899
4456,2,1,468,2,1,7,2168
4457,2,7,683,1,2,6,303
4458,2,8,202,2,2,2,1849
4459,5,5,1212,2,1,4,702
4460,7,7,1166,3,2,2,1406
4461,3,2,1236,2,1,3,636
4462,3,5,762,2,1,11,1138
4463,7,6,83,3,1,11,554
4464,7,6,619,3,2,10,631
4465,3,4,60,2,2,6,695
4466,7,2,584,2,2,11,1194
4467,3,5,330,2,2,9,415
4468,2,4,105,5,1,1,790
4469,2,4,1081,3,2,4,1482
4470,6,3,1304,1,1,8,2225
4471,2,5,955,3,2,4,595
4472,2,2,1288,4,1,6,624
4473,8,2,570,4,1,11,382
4474,2,7,115,2,1,1,905
4475,7,5,1224,2,2,10,507
4476,7,1,258,3,2,4,400
4477,6,1,12,2,1,7,309
4478,2,3,831,3,2,6,1640
4479,2,4,613,2,2,9,1861
4480,1,8,102,5,1,11,2424
4481,2,4,362,1,2,3,454
4482,3,8,682,3,2,5,2462
4483,5,3,1007,3,2,7,624
4484,2,7,530,3,2,11,1026
4485,8,3,1369,3,1,1,1068
4486,3,2,166,3,2,9,887
4487,2,2,1346,3,1,11,903
4488,2,1,1088,3,2,9,1641
4489,2,5,788,3,1,3,942
4490,2,6,566,3,2,8,121
4491,5,7,652,2,1,2,855
4492,2,5,514,2,1,4,379
4493,2,4,1190,2,1,7,2460
4494,1,1,46,2,2,9,267
4495,3,1,54,1,2,4,521
4496,2,1,471,2,2,1,1845
4497,8,1,1183,2,1,7,2021
4498,2,2,1132,1,2,3,1707
4499,1,3,671,3,1,11,2014
4500,5,3,1370,3,1,10,149
4501,5,5,952,2,2,9,1314
4502,5,5,634,3,2,10,1864
4503,3,8,102,3,1,9,2117
4504,7,4,767,5,2,2,531
4505,7,1,724,4,2,7,1680
4506,2,1,1191,1,1,8,727
4507,2,6,1051,2,2,11,2411
4508,4,3,859,2,1,1,1219
4509,3,8,25,3,1,5,1862
4510,4,8,647,2,2,11,310
4511,3,1,734,2,2,8,1695
4512,3,4,1371,1,1,10,1451
4513,2,5,255,1,1,2,2010
4514,2,5,1275,1,2,1,342
4515,3,8,1242,2,2,10,1060
4516,3,5,800,2,2,4,1853
4517,3,8,1372,2,1,1,2301
4518,5,7,1373,3,2,5,745
4519,3,6,1374,2,2,8,1205
4520,7,1,1120,2,1,11,1089
4521,2,1,345,1,2,8,1617
4522,3,4,896,2,2,9,939
4523,2,1,642,4,1,5,1884
4524,3,4,1375,1,2,8,2019
4525,2,7,234,4,1,10,715
4526,2,6,539,1,2,5,1089
4527,2,1,520,2,2,7,2310
4528,2,4,916,2,2,11,1137
4529,3,7,1376,5,1,8,1561
4530,6,3,1156,2,2,8,1757
4531,2,1,483,2,2,2,149
4532,5,7,284,3,2,1,1224
4533,3,8,319,3,2,11,573
4534,2,1,699,5,1,8,1349
4535,2,7,695,2,2,9,498
4536,2,5,1071,2,1,7,1649
4537,5,1,731,3,1,8,696
4538,2,8,930,2,1,9,857
4539,2,8,838,3,2,10,1909
4540,2,2,1171,4,2,10,2046
4541,3,6,469,3,1,10,2049
4542,5,5,334,3,2,4,906
4543,2,7,935,3,2,3,273
4544,3,7,799,4,1,4,2087
4545,3,8,521,3,1,10,1763
4546,2,6,126,2,2,3,166
4547,2,2,452,5,1,2,1883
4548,3,5,394,3,2,1,223
4549,3,4,581,2,2,4,353
4550,5,4,518,2,2,11,285
4551,5,4,534,2,1,5,1516
4552,2,5,1244,4,2,8,2100
4553,2,2,1082,2,2,7,1328
4554,3,2,1319,3,2,11,228
4555,5,3,633,2,2,11,1279
4556,2,8,1329,2,2,6,448
4557,8,5,1377,2,2,6,1280
4558,3,6,572,2,2,11,1355
4559,2,7,146,1,2,5,1605
4560,5,1,160,3,2,11,1360
4561,2,2,922,3,2,4,521
4562,3,3,1378,1,2,8,1777
4563,3,2,699,3,2,8,2007
4564,2,4,899,3,2,11,1501
4565,7,8,109,1,1,10,1373
4566,5,6,20,3,2,11,2265
4567,2,1,870,3,2,3,782
4568,2,1,1219,3,1,8,1460
4569,2,2,489,2,2,5,1993
4570,7,1,1379,2,1,1,1879
4571,2,4,1350,3,2,8,863
4572,2,7,435,2,2,7,1765
4573,2,4,1007,2,2,7,2272
4574,2,1,376,2,1,5,1457
4575,5,6,282,3,2,5,1809
4576,5,4,442,3,1,7,2471
4577,3,2,1058,5,2,11,455
4578,3,8,603,3,1,9,1155
4579,3,3,178,2,2,10,1303
4580,2,4,1380,2,1,1,2061
4581,2,3,66,3,1,8,2255
4582,2,5,198,2,1,11,1951
4583,5,6,899,1,2,10,2485
4584,1,2,375,1,1,9,175
4585,2,1,221,2,1,7,610
4586,2,8,604,2,2,2,2138
4587,2,6,1008,5,1,5,907
4588,7,2,1272,2,2,11,1187
4589,7,2,683,3,2,4,644
4590,2,6,916,2,1,7,572
4591,5,4,829,3,1,3,1993
4592,5,6,406,2,2,8,1639
4593,2,6,39,1,1,5,824
4594,2,5,1097,4,1,6,1110
4595,3,1,1276,3,2,4,842
4596,2,6,853,2,1,7,1916
4597,2,5,1309,3,1,9,1506
4598,2,3,1381,3,2,4,1533
4599,3,4,599,2,2,6,564
4600,7,5,501,2,2,6,321
4601,3,4,337,1,1,1,1134
4602,2,1,783,5,1,9,1900
4603,2,3,899,2,2,11,685
4604,3,6,118,2,2,2,1848
4605,2,6,646,4,1,10,572
4606,3,8,659,2,2,1,2151
4607,2,6,637,1,1,5,651
4608,5,6,381,2,2,2,1621
4609,4,3,1382,5,2,10,2038
4610,4,7,937,3,2,5,2211
4611,2,5,43,2,2,11,1706
4612,3,8,1344,2,2,1,1862
4613,2,4,566,2,1,7,1002
4614,5,4,984,1,2,4,232
4615,2,8,267,2,1,8,2094
4616,5,4,987,2,2,8,1208
4617,2,5,583,2,2,7,2158
4618,4,2,286,2,1,1,2010
4619,5,5,1383,3,2,3,1747
4620,2,5,1384,4,2,6,1940
4621,1,7,416,2,2,6,2008
4622,2,4,347,1,1,6,1006
4623,6,5,681,2,1,2,1019
4624,5,5,28,4,2,8,2008
4625,6,4,909,3,1,3,1729
4626,2,4,1,1,2,5,1566
4627,2,5,755,2,1,9,1693
4628,5,3,1353,5,1,7,2390
4629,8,7,1231,2,2,9,836
4630,2,1,1313,2,1,4,194
4631,2,1,936,3,2,1,402
4632,2,7,186,2,1,10,1022
4633,4,2,613,1,2,3,616
4634,5,5,150,3,1,11,902
4635,2,8,1379,2,2,5,1657
4636,2,6,656,2,2,10,770
4637,3,1,837,2,1,1,2341
4638,2,4,481,3,2,7,1326
4639,5,6,689,5,2,1,1248
4640,2,7,551,3,2,8,1424
4641,5,2,655,3,2,7,1327
4642,4,6,868,2,1,2,1350
4643,3,5,1326,1,1,11,2361
4644,2,5,526,4,2,7,141
4645,5,3,419,2,1,11,1397
4646,2,7,695,2,1,11,1217
4647,1,5,435,2,2,6,1202
4648,2,7,865,1,2,7,708
4649,7,1,713,2,1,1,702
4650,2,5,1071,3,2,7,2032
4651,2,5,1322,3,2,9,151
4652,2,6,472,2,1,8,2462
4653,8,2,1385,2,1,7,940
4654,6,5,505,1,1,2,1313
4655,2,1,283,2,1,7,1731
4656,2,2,311,3,2,11,2287
4657,2,5,824,3,1,2,1001
4658,2,2,702,2,1,4,1682
4659,5,1,727,2,2,1,789
4660,2,6,1103,2,1,3,376
4661,5,6,626,3,2,5,179
4662,5,3,1294,2,2,6,127
4663,3,7,1386,3,1,3,1531
4664,7,1,490,2,1,3,1238
4665,2,8,615,3,2,10,1137
4666,2,7,1085,2,2,6,1076
4667,5,7,381,3,1,9,1584
4668,2,4,715,1,2,2,451
4669,2,5,650,5,1,2,2076
4670,1,4,292,2,2,7,2024
4671,3,4,1000,3,2,4,2393
4672,2,5,491,3,2,1,717
4673,5,3,1387,3,2,6,1005
4674,2,1,1388,2,2,9,1539
4675,8,2,619,2,2,10,2464
4676,2,2,559,3,2,6,1092
4677,3,4,1032,2,2,11,2385
4678,5,8,799,1,2,6,537
4679,3,6,285,1,1,4,1348
4680,5,2,327,2,2,11,1063
4681,8,2,857,3,2,1,2490
4682,5,7,338,3,2,7,178
4683,2,4,1327,1,2,4,731
4684,3,7,158,4,1,9,1437
4685,1,4,914,2,2,4,1639
4686,2,1,723,3,1,11,2223
4687,5,7,1334,1,2,9,1626
4688,3,8,966,1,2,1,865
4689,2,4,1389,3,2,10,2160
4690,2,1,944,2,1,4,732
4691,8,3,66,3,2,2,367
4692,3,4,968,2,1,11,1763
4693,2,4,869,2,2,6,958
4694,4,1,766,2,2,11,1558
4695,3,3,714,2,1,9,769
4696,5,3,1116,3,2,2,1500
4697,2,5,700,3,1,11,1626
4698,1,2,554,3,2,2,1040
4699,3,1,1111,2,1,1,2089
4700,5,3,145,1,1,9,1692
4701,2,8,20,2,1,1,1636
4702,2,2,877,2,1,2,685
4703,2,4,58,3,1,5,1108
4704,8,1,954,1,2,7,986
4705,2,4,302,3,1,9,966
4706,5,7,816,2,2,1,2339
4707,2,2,862,2,2,8,1720
4708,2,7,525,2,1,1,1872
4709,2,8,1390,3,1,9,1409
4710,5,3,213,2,2,10,495
4711,5,2,1036,2,1,2,2271
4712,8,4,670,2,1,3,2356
4713,1,6,120,3,2,10,457
4714,2,7,528,3,1,4,2454
4715,7,2,1266,1,2,3,1431
4716,3,4,212,3,1,2,1292
4717,4,6,602,2,2,5,1664
4718,2,4,345,3,2,2,1230
4719,7,1,1335,3,2,2,1518
4720,2,7,945,3,2,8,903
4721,2,4,896,3,2,2,1414
4722,2,8,28,4,2,8,2475
4723,2,3,1297,3,1,8,358
4724,2,2,146,3,2,1,1504
4725,7,2,1178,1,2,5,2205
4726,5,8,1391,3,2,11,2375
4727,2,4,977,2,1,9,1058
4728,2,4,1209,1,2,8,1585
4729,2,2,336,3,2,11,1434
4730,4,3,1296,3,2,10,785
4731,2,4,521,2,1,9,2395
4732,3,8,192,2,2,3,913
4733,2,2,566,3,2,2,1406
4734,3,1,203,3,1,1,1760
4735,2,8,1140,2,2,11,2350
4736,2,1,339,2,1,8,2058
4737,2,1,1305,2,1,8,2308
4738,2,7,702,2,2,8,2126
4739,2,1,1315,1,1,3,1720
4740,3,5,666,2,2,1,1533
4741,2,5,313,3,2,9,1107
4742,2,1,1350,2,1,7,1491
4743,2,2,775,3,2,6,1223
4744,4,7,1384,4,2,7,983
4745,3,1,1291,2,1,6,142
4746,5,5,246,3,2,11,2485
4747,2,5,1392,2,2,4,2001
4748,2,7,749,2,2,2,1638
4749,2,7,34,2,2,11,850
4750,3,8,705,2,2,1,928
4751,3,8,383,3,1,11,1476
4752,1,3,219,3,1,9,1356
4753,4,3,22,3,2,2,1043
4754,2,2,1020,5,2,6,2043
4755,2,7,1000,2,1,8,1343
4756,2,8,1128,1,1,7,664
4757,2,3,1286,3,2,9,1670
4758,8,6,1024,1,2,9,688
4759,2,6,613,2,2,4,2174
4760,6,8,1087,3,2,9,1085
4761,3,4,106,2,2,10,967
4762,3,3,858,2,2,2,183
4763,2,6,557,2,2,1,938
4764,3,4,467,3,2,6,906
4765,3,5,801,3,2,4,683
4766,2,1,1315,3,2,4,1756
4767,2,8,374,2,2,10,1910
4768,2,7,490,3,1,10,2108
4769,3,1,821,2,1,11,946
4770,2,6,546,3,1,1,1713
4771,5,8,459,2,2,6,1007
4772,5,5,1085,4,2,3,1262
4773,2,8,463,2,2,7,1350
4774,3,5,526,1,2,1,1920
4775,2,8,659,2,1,8,1534
4776,5,7,1276,2,2,9,1743
4777,2,3,1147,2,1,4,716
4778,2,8,833,2,2,5,561
4779,2,4,647,1,1,8,1124
4780,5,4,102,3,2,5,745
4781,2,5,609,2,1,10,1251
4782,2,5,327,2,2,4,1857
4783,2,5,810,2,2,5,375
4784,2,4,792,3,1,2,908
4785,5,1,761,3,2,10,1669
4786,3,6,1216,3,1,2,2352
4787,1,3,325,3,2,1,2422
4788,2,3,1131,4,2,4,2325
4789,2,3,591,2,2,10,2054
4790,5,2,970,4,1,8,200
4791,5,6,613,2,1,10,173
4792,2,1,50,2,2,10,2391
4793,3,4,1006,3,1,10,2072
4794,5,6,348,2,2,10,1482
4795,2,3,59,3,1,2,1962
4796,5,1,942,2,2,7,2171
4797,2,7,1393,5,2,8,1181
4798,8,6,261,2,2,10,2481
4799,3,8,107,5,1,1,1887
4800,2,4,414,1,2,3,2063
4801,2,5,341,2,2,6,1174
4802,6,6,650,2,2,7,1906
4803,5,4,510,2,1,5,524
4804,2,5,962,3,2,7,1989
4805,3,3,589,4,2,6,702
4806,3,5,1056,2,1,7,1169
4807,2,2,324,2,2,4,2195
4808,2,1,247,3,2,2,1507
4809,3,5,424,3,2,8,260
4810,2,1,730,2,2,1,1970
4811,2,4,585,3,1,4,1836
4812,5,5,673,2,1,4,2398
4813,3,4,1175,2,2,1,669
4814,2,3,471,1,2,8,884
4815,2,6,251,2,2,6,588
4816,3,4,1285,3,1,2,781
4817,3,7,274,2,2,4,1681
4818,3,5,982,2,1,7,694
4819,2,8,834,3,2,9,1235
4820,3,3,11,2,2,7,2376
4821,1,5,512,2,2,2,2228
4822,2,2,962,3,1,1,140
4823,2,1,268,2,1,10,1235
4824,5,5,277,3,1,7,1993
4825,2,3,1072,2,1,9,2157
4826,2,3,1363,2,2,2,434
4827,2,6,260,2,2,3,165
4828,2,1,1394,3,2,4,1773
4829,2,4,1290,3,1,9,1405
4830,2,6,1259,3,2,7,2059
4831,4,8,1229,2,1,2,1773
4832,3,1,1395,1,2,4,2072
4833,3,1,678,2,1,4,1428
4834,2,5,620,3,1,4,2412
4835,3,7,1186,3,1,10,685
4836,2,6,1140,2,1,7,2092
4837,5,6,30,4,2,6,1000
4838,7,6,961,3,2,2,2330
4839,5,3,1370,3,1,11,1681
4840,3,2,399,3,2,11,1564
4841,5,5,1004,2,2,10,2087
4842,3,4,1100,1,2,2,413
4843,2,6,435,2,1,3,1065
4844,2,1,1359,2,1,10,2069
4845,8,7,1238,2,2,1,1000
4846,2,4,236,2,1,9,482
4847,7,4,1022,1,1,7,341
4848,2,1,1370,5,2,7,202
4849,2,5,768,3,1,9,740
4850,3,8,624,5,1,7,2168
4851,2,3,229,3,2,1,1316
4852,5,8,1333,3,2,4,712
4853,5,6,453,5,2,9,2271
4854,3,2,832,2,1,6,2019
4855,3,3,1382,2,2,8,2025
4856,2,5,358,2,1,3,1632
4857,2,6,882,2,1,6,918
4858,2,7,137,5,2,4,413
4859,2,5,877,1,2,8,1421
4860,1,5,1297,1,2,3,332
4861,3,5,1042,2,2,5,589
4862,5,5,1396,1,2,2,1258
4863,3,2,571,2,2,7,1306
4864,2,7,343,3,1,9,309
4865,3,5,631,3,2,5,392
4866,5,1,505,2,2,9,1115
4867,2,7,686,5,2,2,2231
4868,7,5,1255,3,2,8,1651
4869,3,7,1040,3,1,3,1678
4870,2,2,1097,2,2,10,705
4871,3,5,786,3,2,5,530
4872,2,6,1330,3,1,3,1547
4873,2,3,1229,3,2,5,2481
4874,5,2,809,2,2,5,573
4875,1,4,1072,3,1,1,2385
4876,5,4,120,3,2,8,869
4877,7,6,1214,2,2,7,2295
4878,1,2,193,3,2,8,1595
4879,1,3,1332,2,2,3,889
4880,2,1,990,5,1,7,565
4881,3,8,1046,3,1,7,820
4882,2,3,558,2,1,2,568
4883,3,1,527,2,2,3,2273
4884,8,5,1352,2,1,6,749
4885,2,6,1168,2,1,4,1940
4886,3,2,117,3,2,4,368
4887,3,8,182,3,1,1,1772
4888,2,1,500,2,2,8,1013
4889,2,4,1204,4,2,2,335
4890,3,2,1047,1,2,6,1837
4891,2,3,1337,3,1,10,2436
4892,3,5,256,2,2,10,2051
4893,3,3,1281,5,2,11,572
4894,3,1,1397,2,1,1,585
4895,2,6,790,2,2,1,1660
4896,3,1,334,2,2,10,778
4897,2,7,445,2,1,2,795
4898,4,1,25,2,2,6,1024
4899,2,8,864,3,2,4,1266
4900,4,4,1270,5,1,11,1430
4901,5,3,1028,5,2,8,1702
4902,5,1,977,1,1,7,446
4903,2,6,32,2,2,4,140
4904,2,5,1098,2,1,4,224
4905,2,3,512,2,2,5,2242
4906,2,1,1395,3,2,7,1167
4907,1,2,742,3,2,10,1280
4908,2,8,840,3,2,9,905
4909,6,5,1025,2,2,5,1292
4910,5,3,1398,3,2,3,1622
4911,2,8,1160,3,1,9,2084
4912,3,6,1353,5,2,1,729
4913,2,6,749,3,2,2,1224
4914,2,5,900,2,2,4,524
4915,2,6,1189,2,2,6,846
4916,1,3,870,2,2,3,291
4917,3,3,646,2,2,10,1524
4918,3,4,1013,2,2,3,667
4919,2,3,332,2,1,9,2459
4920,3,4,1245,2,1,3,2322
4921,2,1,1331,4,2,5,623
4922,2,6,1320,3,2,3,328
4923,2,1,253,3,2,1,2211
4924,2,6,1064,2,1,5,2377
4925,3,4,34,2,2,5,2114
4926,2,7,429,2,1,11,1907
4927,6,6,137,2,1,3,1377
4928,2,6,117,5,1,9,1953
4929,3,7,741,3,1,10,615
4930,2,2,380,2,1,4,1207
4931,2,1,723,3,2,3,2051
4932,8,5,833,2,1,5,2406
4933,7,1,624,1,1,7,1964
4934,5,4,129,2,2,2,1105
4935,4,7,1115,3,1,5,730
4936,5,6,201,1,1,3,1252
4937,3,5,438,1,2,9,569
4938,7,5,1399,2,1,8,1847
4939,2,5,733,3,1,9,1403
4940,3,7,171,4,2,6,1058
4941,5,2,123,3,1,4,622
4942,2,3,1174,1,1,9,138
4943,4,6,1166,3,2,4,1385
4944,2,6,511,1,2,4,1468
4945,4,1,1400,5,1,2,2271
4946,2,5,218,3,1,1,1821
4947,2,2,553,2,2,10,1515
4948,2,8,794,2,2,4,897
4949,4,8,85,1,2,6,1149
4950,2,8,924,2,2,4,737
4951,3,5,941,5,2,4,1150
4952,3,1,267,2,1,2,2030
4953,2,3,942,5,1,3,305
4954,6,6,170,1,2,3,1659
4955,2,5,1401,5,1,7,1052
4956,3,7,481,2,1,4,188
4957,3,6,1103,5,2,3,861
4958,2,1,1402,3,1,5,1942
4959,2,4,1165,2,2,4,548
4960,5,3,37,5,1,1,2125
4961,1,8,1319,2,2,6,1952
4962,2,2,219,2,2,5,2327
4963,2,3,581,3,2,7,1541
4964,6,4,187,3,2,8,551
4965,2,2,851,5,2,3,1755
4966,3,5,312,2,2,4,2237
4967,3,4,1342,2,2,5,1271
4968,2,3,10,4,2,8,518
4969,3,5,12,2,2,10,2178
4970,8,3,302,2,1,7,1740
4971,3,5,655,4,2,7,1861
4972,5,1,1149,3,2,5,1771
4973,3,1,1263,2,1,11,633
4974,3,2,1345,1,2,4,861
4975,2,3,178,5,2,1,2093
4976,5,4,1171,5,2,6,668
4977,2,3,412,2,1,9,2385
4978,2,7,1126,2,1,2,795
4979,8,4,799,2,2,1,2386
4980,5,2,834,2,2,10,644
4981,6,8,613,2,2,5,1787
4982,2,4,296,1,2,4,490
4983,7,8,476,2,2,4,1615
4984,3,5,1175,3,1,1,1695
4985,6,8,1080,4,2,1,1672
4986,8,3,94,2,1,1,414
4987,6,8,17,3,1,8,1870
4988,8,2,184,3,2,1,1468
4989,2,2,1174,2,1,5,1982
4990,5,8,1025,3,1,10,1975
4991,2,3,1311,2,1,6,933
4992,5,6,359,2,2,7,686
4993,6,4,566,1,1,11,2100
4994,2,5,878,2,1,5,1759
4995,3,6,923,3,1,9,498
4996,5,6,1403,5,2,1,1261
4997,2,4,926,2,1,7,1301
4998,2,5,306,3,1,6,1317
4999,2,8,610,3,2,9,454
5000,2,1,1080,3,1,11,752
5001,3,3,1121,2,2,6,2050
5002,3,4,1091,2,2,2,1982
5003,2,2,1258,2,2,9,266
5004,6,3,889,2,2,4,2077
5005,3,6,301,2,1,9,1389
5006,3,4,143,5,1,3,1307
5007,2,1,1108,3,2,11,1852
5008,3,1,146,2,2,3,2023
5009,2,3,812,5,2,11,286
5010,5,7,1023,3,1,5,1041
5011,5,4,741,3,2,8,2119
5012,2,8,607,3,2,9,1385
5013,1,6,673,5,1,4,1904
5014,3,5,643,3,2,8,832
5015,2,2,1404,3,1,10,278
5016,8,1,454,1,2,5,1029
5017,2,2,1301,3,2,9,2303
5018,5,6,1326,2,2,3,1949
5019,3,3,1053,4,1,8,2396
5020,2,6,1367,2,2,5,2198
5021,6,8,1012,3,2,8,734
5022,3,8,1128,3,1,11,408
5023,2,7,515,2,2,10,166
5024,1,1,285,4,2,1,973
5025,3,3,249,2,1,9,777
5026,5,2,1061,3,2,5,1773
5027,7,1,1169,3,1,3,1345
5028,2,3,326,2,1,2,367
5029,2,3,1161,2,2,3,2358
5030,2,2,155,2,1,1,595
5031,1,4,412,4,1,6,1481
5032,2,8,1364,3,1,7,767
5033,2,6,624,3,1,11,1646
5034,2,7,1040,3,1,10,1361
5035,2,4,447,2,1,7,1190
5036,3,8,388,4,1,2,1686
5037,8,4,1303,4,1,3,2008
5038,2,4,270,1,1,4,1298
5039,2,7,780,5,2,10,1458
5040,5,4,433,3,1,7,1915
5041,2,6,145,2,1,10,206
5042,8,4,342,2,2,8,2319
5043,3,6,238,5,2,9,994
5044,2,1,454,4,2,6,1794
5045,6,7,1239,3,1,7,1476
5046,2,3,1274,3,1,8,653
5047,2,5,826,1,2,7,863
5048,2,5,1195,3,1,7,1797
5049,6,2,1152,1,2,9,2443
5050,5,3,1297,3,2,10,1235
5051,2,1,253,3,1,6,2268
5052,7,3,1270,2,2,1,727
5053,3,2,564,2,2,3,815
5054,2,5,578,2,1,5,2267
5055,5,1,1329,2,2,9,2203
5056,5,4,473,2,1,1,505
5057,3,4,1305,3,2,2,2324
5058,2,5,799,2,1,3,2087
5059,2,7,1034,2,1,11,519
5060,5,6,295,2,1,4,1472
5061,7,2,632,3,2,6,479
5062,5,5,278,3,1,7,1654
5063,7,7,55,2,2,7,2300
5064,5,1,388,3,2,2,2352
5065,1,3,912,2,2,3,976
5066,2,2,268,3,1,1,1020
5067,2,5,1062,2,1,1,1148
5068,3,6,828,2,1,6,266
5069,2,8,333,2,1,4,1018
5070,5,5,363,3,2,11,1422
5071,1,8,1225,3,1,10,1954
5072,2,4,1034,2,2,11,203
5073,8,7,4,3,2,4,1117
5074,3,1,370,1,2,9,1036
5075,3,7,1237,2,2,8,2058
5076,3,6,437,3,1,3,1477
5077,2,4,1405,2,2,3,529
5078,2,8,136,2,2,8,1508
5079,3,6,968,2,1,2,1251
5080,8,8,218,2,2,10,418
5081,3,7,131,3,2,5,1524
5082,2,2,300,1,1,6,2150
5083,2,1,1228,3,2,5,1988
5084,6,7,728,2,1,1,1547
5085,3,1,116,3,2,5,891
5086,8,6,621,5,2,9,1715
5087,3,3,62,3,1,11,1745
5088,3,3,1346,2,2,10,1208
5089,5,2,1178,3,2,2,2209
5090,2,2,351,3,2,11,1508
5091,5,8,507,3,2,3,2034
5092,3,2,449,1,2,6,2137
5093,5,7,1206,1,2,3,1999
5094,7,2,663,3,2,6,1807
5095,2,6,1378,4,1,7,156
5096,3,2,401,4,2,3,1186
5097,2,8,214,4,2,4,1851
5098,2,4,1094,2,1,6,362
5099,5,3,580,2,1,1,1279
5100,2,5,1402,3,2,1,455
5101,3,4,382,3,2,5,1152
5102,2,4,357,2,2,8,1016
5103,2,3,437,3,2,1,1274
5104,2,2,540,3,2,1,768
5105,2,6,71,3,2,1,807
5106,7,7,1310,3,2,10,940
5107,3,1,84,2,2,1,1574
5108,8,8,93,4,2,9,2139
5109,2,5,80,2,1,2,1846
5110,5,5,1349,2,2,6,2417
5111,5,4,509,3,2,11,898
5112,2,2,6,2,2,2,2344
5113,5,2,728,2,2,5,2208
5114,5,5,1368,3,1,5,1402
5115,3,4,1239,2,1,11,857
5116,5,6,527,3,2,11,1242
5117,2,5,250,2,2,9,2279
5118,2,4,369,2,1,4,1385
5119,3,6,192,5,2,6,1277
5120,1,3,636,3,1,4,1159
5121,2,2,991,5,2,11,735
5122,2,4,383,2,1,6,1433
5123,3,6,899,3,2,3,1239
5124,5,7,617,5,2,4,628
5125,5,5,86,3,2,9,472
5126,2,8,900,3,1,1,851
5127,5,3,1056,2,1,7,1052
5128,3,7,144,2,1,3,1103
5129,3,5,751,3,2,9,120
5130,3,4,782,3,1,7,2002
5131,5,3,198,3,2,11,517
5132,7,7,1026,3,2,2,1911
5133,3,7,1387,5,2,11,1990
5134,3,1,708,2,1,5,321
5135,2,3,1079,3,1,1,214
5136,2,7,889,3,1,1,788
5137,8,8,524,2,2,7,1543
5138,3,4,188,3,2,7,419
5139,3,7,389,1,1,11,2348
5140,5,6,1374,2,1,8,729
5141,2,1,586,3,2,8,586
5142,4,4,973,2,1,7,831
5143,5,3,1256,3,1,3,2338
5144,5,3,1086,1,2,3,2023
5145,2,6,978,3,1,2,1952
5146,3,8,375,2,1,1,130
5147,2,2,1069,2,1,8,260
5148,3,2,1211,2,2,6,429
5149,5,4,744,2,2,5,2051
5150,2,8,413,3,2,1,960
5151,5,4,1040,2,1,5,208
5152,2,2,1264,2,1,10,1870
5153,7,1,50,2,2,8,1454
5154,3,4,152,2,2,8,2283
5155,2,2,672,2,1,10,2462
5156,2,1,1350,3,2,6,1280
5157,1,7,1080,4,1,2,1377
5158,3,2,506,3,1,2,336
5159,2,6,598,2,1,2,848
5160,2,1,664,3,1,8,385
5161,2,8,1058,3,2,8,499
5162,7,2,1143,1,2,8,1798
5163,5,7,736,3,2,1,1052
5164,2,5,462,3,2,9,1251
5165,2,2,371,2,2,10,1231
5166,2,5,1406,2,1,4,1664
5167,8,5,483,2,1,9,1129
5168,3,3,1099,2,2,7,2109
5169,5,8,842,5,1,3,199
5170,5,4,698,3,1,10,1031
5171,4,2,1196,3,2,10,2180
5172,8,7,188,2,1,3,1411
5173,2,3,961,1,2,2,2241
5174,6,3,540,2,2,7,2023
5175,4,1,810,3,1,8,1393
5176,2,5,384,2,1,1,1861
5177,7,3,1006,3,2,7,2078
5178,5,7,69,3,2,2,2067
5179,5,8,899,2,1,7,1609
5180,2,2,928,5,1,6,1288
5181,3,6,497,3,1,9,377
5182,2,2,1293,2,2,7,1600
5183,7,5,134,3,1,9,2244
5184,8,1,733,3,2,5,2245
5185,3,7,1056,4,1,6,2016
5186,3,2,1110,2,2,6,646
5187,5,2,1152,3,1,3,2105
5188,2,4,1399,3,2,3,850
5189,3,3,1364,2,2,1,2380
5190,5,4,961,3,1,4,2423
5191,2,2,149,2,2,3,2076
5192,2,5,1407,2,1,7,516
5193,5,6,802,3,1,6,2174
5194,2,3,437,3,2,9,1434
5195,4,8,363,2,1,10,1871
5196,2,2,170,5,1,3,1972
5197,2,6,752,3,2,6,302
5198,3,2,212,3,2,9,1382
5199,5,1,411,3,2,10,1377
5200,3,5,514,3,2,3,1546
5201,5,1,865,3,2,9,268
5202,3,3,1408,3,1,3,370
5203,5,8,57,3,1,1,1392
5204,2,6,334,2,2,11,564
5205,2,7,1085,2,1,3,2185
5206,2,1,941,2,1,5,350
5207,2,2,1409,2,2,8,2128
5208,2,1,1086,2,2,1,1174
5209,2,4,176,2,1,4,894
5210,6,6,61,3,2,10,2208
5211,2,8,523,3,1,8,482
5212,2,2,908,5,2,11,126
5213,7,8,455,3,1,6,1695
5214,2,3,923,2,1,4,1713
5215,2,1,1296,3,2,3,1865
5216,2,5,724,3,2,1,1604
5217,2,8,383,2,1,10,2095
5218,2,6,1007,2,1,8,1616
5219,2,5,84,1,1,2,128
5220,4,4,1246,2,1,7,1331
5221,2,2,1301,3,2,3,396
5222,2,7,1026,1,2,5,2110
5223,3,5,342,1,1,6,1133
5224,2,8,184,2,2,3,714
5225,2,6,1410,1,2,6,1750
5226,5,8,662,2,1,11,2328
5227,1,6,1386,5,1,7,1299
5228,5,5,484,2,2,10,140
5229,2,5,569,2,2,7,1274
5230,6,2,727,2,1,2,1891
5231,2,5,920,2,2,2,1538
5232,2,6,1325,2,2,11,1909
5233,3,4,1188,3,1,11,922
5234,5,7,1379,3,2,3,2268
5235,2,8,958,3,2,7,2170
5236,3,4,488,4,2,1,877
5237,4,5,1252,2,2,8,1968
5238,2,3,147,2,1,4,1907
5239,5,6,568,3,2,6,1054
5240,2,6,814,2,2,5,1084
5241,2,7,501,2,2,1,1893
5242,2,2,1136,1,1,5,674
5243,3,7,95,2,1,5,2362
5244,2,2,454,3,1,7,1320
5245,7,1,435,2,2,9,2083
5246,6,2,258,5,2,9,175
5247,8,3,181,2,1,1,1410
5248,2,2,1206,3,2,5,1546
5249,2,8,828,1,1,4,150
5250,2,1,727,2,2,7,1252
5251,5,6,987,2,2,5,682
5252,6,7,909,3,2,2,884
5253,5,2,536,3,2,11,169
5254,3,1,871,3,1,4,942
5255,2,2,104,3,1,10,1853
5256,7,2,251,5,2,4,1506
5257,2,6,134,3,1,10,1732
5258,2,1,551,2,2,3,262
5259,4,7,1188,1,1,11,988
5260,3,7,1376,2,1,5,949
5261,2,7,975,3,1,8,1484
5262,2,7,632,2,1,2,1494
5263,2,2,114,3,1,11,438
5264,3,6,576,3,2,2,898
5265,2,4,947,3,2,9,132
5266,4,1,828,3,2,5,1510
5267,2,5,42,1,2,2,950
5268,3,1,131,5,1,2,2076
5269,2,2,466,3,1,3,2414
5270,2,7,1411,3,2,9,269
5271,5,2,533,2,2,6,653
5272,5,1,1384,2,1,1,378
5273,2,8,1086,2,2,10,1449
5274,3,6,309,3,1,3,1962
5275,7,8,1257,3,2,5,1473
5276,2,8,1412,2,2,4,217
5277,2,1,1176,2,1,5,886
5278,2,2,1329,5,2,1,591
5279,3,2,36,3,1,1,779
5280,2,8,594,2,2,2,870
5281,2,3,485,2,2,9,344
5282,3,7,1413,2,1,3,1051
5283,8,6,1297,1,1,8,868
5284,2,3,161,2,1,10,127
5285,2,4,235,1,1,3,1837
5286,3,2,997,2,2,3,893
5287,2,8,81,5,1,9,1623
5288,2,6,211,5,2,9,2224
5289,3,8,621,3,2,11,303
5290,1,6,27,5,1,2,1338
5291,7,6,548,3,2,8,1217
5292,2,4,1414,2,1,11,1061
5293,5,1,366,4,2,11,536
5294,2,1,630,2,2,9,1446
5295,2,8,761,3,2,7,433
5296,8,2,916,2,2,8,2287
5297,1,4,1360,2,2,1,2186
5298,2,6,401,1,2,2,1609
5299,2,8,632,2,1,8,2270
5300,2,6,886,3,1,3,894
5301,3,6,1414,2,2,7,1872
5302,4,1,270,5,2,7,901
5303,2,7,332,2,2,8,2309
5304,2,2,148,2,2,8,280
5305,2,6,686,2,2,8,1263
5306,2,8,378,3,2,5,906
5307,5,6,1057,2,1,1,605
5308,7,8,453,3,2,9,1164
5309,2,5,254,3,2,11,429
5310,2,7,1071,2,1,11,1644
5311,2,4,1381,5,1,9,1211
5312,3,3,655,2,2,6,791
5313,2,4,583,1,1,9,2470
5314,3,4,995,1,1,7,1066
5315,2,4,815,2,1,4,1345
5316,2,1,1070,3,1,10,1928
5317,5,7,1178,3,2,10,1738
5318,2,5,245,2,1,4,1206
5319,5,2,130,2,1,1,2301
5320,3,7,266,1,1,9,2349
5321,7,3,168,2,1,6,1579
5322,2,2,216,1,2,7,1648
5323,5,1,182,2,1,2,1051
5324,2,4,1336,3,1,11,778
5325,8,2,259,2,2,3,2466
5326,5,8,27,5,2,4,1220
5327,2,6,588,3,1,3,784
5328,2,6,583,3,1,10,2499
5329,4,4,77,2,2,9,2068
5330,1,2,1186,3,2,8,2386
5331,1,2,1320,2,1,2,2257
5332,5,2,423,2,2,9,2495
5333,7,2,724,2,2,11,1807
5334,3,6,509,5,1,8,1419
5335,2,4,838,3,2,4,1013
5336,2,5,925,2,1,3,587
5337,3,5,1180,1,1,4,1976
5338,2,2,1089,3,1,2,2401
5339,3,2,1060,3,2,8,1584
5340,2,3,823,3,1,6,2447
5341,3,7,792,2,2,10,1102
5342,2,2,895,2,2,1,2100
5343,3,5,785,5,2,7,369
5344,3,1,423,4,2,4,2368
5345,2,1,1382,2,2,11,215
5346,4,2,170,2,1,4,1402
5347,3,4,1139,3,1,5,1757
5348,4,2,206,2,1,11,2008
5349,2,1,204,2,1,8,836
5350,2,3,335,2,2,10,1629
5351,2,5,602,2,2,2,2176
5352,2,4,257,2,2,7,2168
5353,2,8,478,3,2,9,860
5354,2,7,970,2,2,8,2498
5355,1,2,433,2,1,10,1052
5356,1,2,477,2,2,10,1476
5357,8,3,1112,3,1,2,878
5358,8,5,625,3,2,4,824
5359,3,2,1029,3,2,1,2476
5360,3,4,1415,4,2,4,1212
5361,2,5,1416,5,1,5,1759
5362,2,7,669,2,2,6,1879
5363,5,5,1224,1,2,2,1330
5364,4,4,253,2,2,5,763
5365,5,1,865,2,1,5,567
5366,7,2,611,3,1,4,1718
5367,2,7,334,2,2,8,2491
5368,3,7,513,3,2,10,1350
5369,3,1,1062,2,2,7,173
5370,6,5,802,2,2,11,1628
5371,8,2,455,2,1,11,1337
5372,3,6,126,3,2,2,2004
5373,2,6,15,2,2,8,1605
5374,2,3,454,3,2,8,461
5375,2,7,574,5,1,5,2062
5376,4,4,631,2,1,7,1066
5377,2,1,1094,2,2,4,1167
5378,2,4,411,3,1,5,2187
5379,2,5,397,3,2,3,2453
5380,8,6,121,3,1,4,1082
5381,3,2,200,3,2,4,217
5382,3,4,1229,1,2,7,2457
5383,2,4,454,4,1,10,754
5384,2,5,354,2,1,10,806
5385,2,4,383,3,1,10,2225
5386,5,3,933,2,2,1,470
5387,1,5,1049,2,2,7,1502
5388,3,8,673,4,2,5,2110
5389,2,3,841,2,1,8,685
5390,5,8,383,2,2,11,337
5391,5,5,1328,3,1,8,725
5392,2,2,1417,3,2,6,1722
5393,2,8,950,3,2,3,1007
5394,5,7,209,3,1,2,1591
5395,3,1,643,1,2,9,2030
5396,6,6,893,3,2,8,319
5397,4,5,1418,3,1,10,407
5398,2,5,904,3,2,5,2056
5399,5,2,775,3,1,10,2205
5400,2,2,598,3,2,3,501
5401,5,6,479,2,1,7,1246
5402,3,7,281,2,2,11,2383
5403,3,5,962,2,2,2,1456
5404,4,2,559,3,1,5,272
5405,5,1,1407,3,2,4,361
5406,4,3,452,2,2,5,429
5407,2,3,920,5,2,10,1311
5408,2,2,555,3,1,5,450
5409,3,6,603,2,2,11,337
5410,6,8,1329,2,2,1,244
5411,2,2,704,2,2,11,2043
5412,2,2,32,2,1,11,387
5413,2,3,235,2,2,10,1374
5414,3,2,994,2,2,8,928
5415,5,6,873,1,2,2,599
5416,5,3,640,3,1,9,2280
5417,6,7,194,3,2,4,995
5418,5,4,449,3,2,8,2087
5419,2,8,527,2,2,10,910
5420,3,3,1397,2,2,3,711
5421,5,3,930,5,1,5,344
5422,6,1,589,2,1,11,932
5423,2,8,619,1,2,1,1637
5424,2,5,872,3,2,6,2039
5425,2,2,29,2,1,8,774
5426,3,8,1147,2,2,4,1290
5427,2,1,1233,3,2,1,178
5428,3,2,1396,2,2,11,1426
5429,5,6,668,2,2,11,1615
5430,2,4,891,2,2,11,1372
5431,3,5,1231,3,2,10,561
5432,1,2,1202,2,1,10,1194
5433,3,2,368,2,1,8,1044
5434,2,8,624,2,2,6,943
5435,2,5,437,1,1,10,2145
5436,3,6,1348,3,1,8,474
5437,2,6,827,3,2,2,170
5438,3,2,824,2,2,6,375
5439,6,5,356,1,1,2,356
5440,3,3,1222,2,2,6,1611
5441,2,8,1175,2,2,6,2376
5442,2,3,581,3,2,10,2254
5443,8,4,1026,3,2,7,715
5444,4,1,1273,2,2,1,1965
5445,3,8,365,3,2,1,1034
5446,2,4,1419,1,1,1,1139
5447,5,8,1420,2,2,5,910
5448,2,5,415,3,2,1,1730
5449,2,6,988,3,1,3,2228
5450,2,1,1012,2,1,1,120
5451,2,6,708,2,1,7,2250
5452,2,1,208,5,1,8,702
5453,2,8,306,2,1,4,615
5454,2,6,122,2,1,9,2440
5455,3,8,585,2,2,8,1655
5456,3,8,1262,5,1,7,385
5457,2,2,130,3,2,11,2101
5458,8,6,924,2,2,9,411
5459,2,7,568,3,2,10,2077
5460,2,5,174,3,1,3,930
5461,2,1,977,4,1,2,320
5462,5,3,436,3,2,10,565
5463,2,2,579,3,1,5,1805
5464,2,4,68,2,1,10,284
5465,3,6,314,2,1,9,2453
5466,3,3,1421,3,1,2,920
5467,5,7,674,2,2,2,230
5468,5,4,733,3,2,5,2337
5469,8,4,325,1,2,9,263
5470,2,7,1085,5,1,9,1573
5471,2,4,1422,2,1,10,1416
5472,6,1,1006,2,1,4,595
5473,3,7,1225,2,2,9,904
5474,5,2,1097,2,1,1,344
5475,2,4,341,5,1,9,1763
5476,2,2,491,3,2,11,1358
5477,2,2,353,3,1,7,861
5478,2,4,108,2,2,9,1021
5479,2,7,1181,3,2,11,1064
5480,2,3,108,3,2,10,1416
5481,3,7,8,2,2,5,708
5482,2,4,404,3,2,6,1249
5483,2,7,1391,2,2,1,1929
5484,2,1,1344,2,2,2,694
5485,2,6,1001,2,1,1,1346
5486,2,1,687,1,2,1,508
5487,2,2,507,2,2,7,827
5488,2,1,683,3,2,3,1024
5489,5,6,1423,2,2,1,1269
5490,2,4,578,3,2,1,905
5491,5,4,1424,2,2,7,1053
5492,4,4,750,1,1,11,317
5493,3,1,1338,3,2,5,1755
5494,2,8,818,5,2,1,1874
5495,2,8,444,3,2,8,2370
5496,3,4,1195,2,2,6,1969
5497,6,4,133,2,1,5,669
5498,8,4,1425,2,2,6,640
5499,2,2,1182,5,1,8,1988
5500,3,2,1426,2,2,9,1126
5501,1,6,214,2,1,11,585
5502,7,5,559,3,1,11,2132
5503,3,8,342,2,2,9,412
5504,2,1,68,2,2,11,1943
5505,2,2,824,2,2,3,2057
5506,3,4,1315,2,2,1,1959
5507,5,1,1074,2,2,10,1254
5508,6,6,874,3,1,6,327
5509,4,3,502,2,1,7,242
5510,2,7,886,3,2,6,1693
5511,5,3,590,3,1,5,1586
5512,2,4,899,3,1,10,1144
5513,5,4,1197,3,2,11,2008
5514,3,2,90,2,1,5,257
5515,2,8,1313,5,1,10,1632
5516,2,6,1054,1,1,3,996
5517,2,8,116,3,2,4,2109
5518,2,6,311,3,2,10,1304
5519,4,1,1209,1,1,3,1535
5520,2,8,511,3,2,9,489
5521,2,2,801,3,1,3,1665
5522,2,3,616,3,2,5,1801
5523,4,6,1381,2,2,6,1824
5524,2,4,343,3,2,8,2000
5525,2,6,1220,2,2,10,1609
5526,5,3,37,2,2,6,1382
5527,2,1,279,1,1,6,1659
5528,2,1,498,2,2,6,127
5529,5,7,490,3,2,1,2042
5530,2,1,1427,2,1,10,1278
5531,1,7,1417,2,2,11,1641
5532,3,7,488,3,2,6,1807
5533,3,7,1230,3,2,1,894
5534,2,1,992,3,2,2,1400
5535,7,2,1313,5,2,8,1941
5536,3,1,1008,1,1,8,1625
5537,2,1,517,4,2,2,1713
5538,2,8,457,3,1,3,2237
5539,3,8,238,2,2,6,568
5540,5,2,661,1,1,4,2335
5541,8,6,878,4,1,9,697
5542,3,5,922,3,2,7,2050
5543,3,1,1339,2,2,10,740
5544,2,8,1326,2,1,9,171
5545,5,5,612,3,1,7,2485
5546,6,4,708,3,2,6,992
5547,3,7,1047,2,2,4,756
5548,2,3,691,5,1,8,172
5549,2,5,826,3,2,6,327
5550,2,8,1056,3,2,10,338
5551,3,3,452,3,1,5,1200
5552,8,8,1124,2,2,6,2075
5553,2,8,688,5,2,6,1614
5554,2,5,1376,2,1,2,1069
5555,3,7,233,3,1,3,1607
5556,1,1,740,2,2,10,406
5557,2,7,621,2,1,9,1438
5558,2,4,1144,2,1,8,1622
5559,2,7,73,2,2,8,858
5560,3,5,1428,1,2,1,461
5561,5,8,633,1,1,9,1722
5562,2,6,379,1,2,4,2348
5563,3,4,68,1,2,11,2129
5564,3,8,563,1,1,2,362
5565,3,5,437,3,1,7,1996
5566,2,3,1043,5,1,6,1831
5567,8,8,1310,2,1,9,1350
5568,3,6,1379,2,2,11,1012
5569,5,4,126,2,1,2,870
5570,3,5,971,2,2,6,303
5571,6,8,743,2,2,11,1771
5572,3,3,1092,2,2,8,2213
5573,2,8,344,3,2,6,1209
5574,2,4,320,3,2,8,2161
5575,2,3,796,3,2,2,1842
5576,2,1,171,5,1,9,963
5577,6,3,610,4,2,6,2022
5578,4,7,1381,3,2,7,2272
5579,2,7,316,2,2,2,652
5580,2,4,556,3,1,10,1960
5581,2,8,469,3,1,8,1914
5582,4,6,1429,2,2,11,1569
5583,2,2,999,2,1,9,1852
5584,3,3,722,2,2,3,1783
5585,1,7,189,1,1,4,700
5586,2,6,936,2,2,11,960
5587,5,4,181,3,2,6,1781
5588,2,8,47,1,2,3,1628
5589,5,2,514,5,1,10,1389
5590,2,5,1307,3,2,7,750
5591,2,3,1282,3,2,8,1398
5592,6,1,829,2,1,5,2373
5593,3,5,395,3,2,5,146
5594,2,1,396,3,1,3,2060
5595,2,8,206,2,2,4,1757
5596,2,6,302,2,2,3,2491
5597,5,6,1418,1,1,8,1254
5598,2,4,644,2,1,3,572
5599,7,2,1052,5,1,2,644
5600,2,8,383,2,2,6,2410
5601,2,1,1142,2,1,8,521
5602,5,6,1180,3,2,10,1247
5603,3,8,1082,2,2,8,2451
5604,4,4,477,3,1,6,1865
5605,3,1,472,3,2,6,2119
5606,2,6,84,5,2,6,2421
5607,3,1,28,5,1,5,774
5608,2,4,1407,3,2,4,1058
5609,2,2,1064,2,2,2,2142
5610,2,5,672,2,2,11,1776
5611,3,8,477,2,1,5,695
5612,2,8,1114,1,1,2,984
5613,2,3,1297,3,2,9,284
5614,2,6,1032,2,2,4,1610
5615,2,4,663,3,2,1,1182
5616,2,4,124,4,1,10,1130
5617,2,4,589,3,2,1,1926
5618,2,4,1288,5,2,10,1967
5619,2,4,327,1,1,5,1655
5620,2,8,325,3,2,11,1941
5621,7,1,121,1,1,8,2448
5622,5,6,932,3,2,11,1843
5623,3,6,420,3,1,7,1702
5624,1,3,775,3,2,7,1839
5625,2,2,1369,2,1,5,1108
5626,2,8,1311,3,1,9,1018
5627,7,3,456,4,1,5,781
5628,3,5,246,1,1,1,2027
5629,6,5,1358,5,1,5,539
5630,8,5,162,4,2,11,1517
5631,2,5,547,3,2,3,1938
5632,6,5,1430,2,1,3,611
5633,8,1,1125,3,1,5,2102
5634,2,6,159,2,2,1,1603
5635,6,1,214,2,2,8,1222
5636,2,7,364,2,2,9,2143
5637,3,1,1145,2,2,10,1938
5638,2,3,1246,3,1,4,428
5639,2,3,865,1,1,1,141
5640,3,1,845,3,2,2,780
5641,2,7,1271,2,2,7,1577
5642,3,5,659,1,2,1,2236
5643,3,2,1107,1,2,3,1433
5644,2,6,1119,2,2,7,1300
5645,2,5,469,3,1,4,1244
5646,3,3,1268,3,2,10,282
5647,7,8,1131,2,2,4,2421
5648,3,1,191,5,2,1,1424
5649,3,7,586,3,1,8,558
5650,3,4,1191,2,1,4,187
5651,2,7,1015,3,2,9,1681
5652,3,4,1026,3,2,5,1245
5653,6,3,1117,4,1,6,2163
5654,5,6,74,2,2,6,251
5655,2,1,341,5,1,9,1654
5656,3,8,1354,2,2,3,1653
5657,3,7,139,3,1,6,2041
5658,3,2,432,3,2,9,1392
5659,3,7,783,5,1,8,1574
5660,5,1,286,1,1,7,1671
5661,2,8,104,2,2,4,1055
5662,2,3,30,2,2,5,1803
5663,4,7,1171,2,2,7,2220
5664,2,5,740,3,1,11,1747
5665,6,3,300,3,2,6,2030
5666,2,8,1014,5,2,11,764
5667,2,6,438,4,2,5,297
5668,3,7,86,5,1,9,1948
5669,5,2,666,2,2,5,2096
5670,5,4,161,5,2,6,2031
5671,2,8,1071,2,1,10,593
5672,2,6,829,3,1,11,1003
5673,3,7,469,2,2,7,2014
5674,2,6,941,2,2,2,1207
5675,2,5,331,2,2,5,1920
5676,3,3,440,2,2,6,2029
5677,3,5,1403,2,2,3,343
5678,2,5,411,2,2,4,314
5679,2,1,213,3,2,2,1753
5680,2,8,855,3,2,7,564
5681,2,3,1075,2,1,2,1126
5682,3,4,629,2,2,11,2275
5683,7,1,1276,3,1,2,806
5684,2,4,692,2,2,5,616
5685,2,3,803,4,2,5,2276
5686,2,5,2,1,2,6,793
5687,7,2,565,2,1,2,244
5688,2,8,1138,3,2,9,1108
5689,6,1,7,3,2,2,416
5690,2,3,1289,2,2,1,132
5691,2,1,847,3,2,4,2419
5692,2,7,277,3,1,2,1239
5693,3,8,1275,1,2,7,1136
5694,3,3,399,2,1,4,2352
5695,3,1,430,3,1,2,1133
5696,2,2,644,4,2,10,1756
5697,2,3,348,1,1,5,508
5698,2,2,370,2,2,9,227
5699,2,4,1338,2,2,4,554
5700,2,2,742,2,2,11,1091
5701,5,4,580,2,1,1,504
5702,2,2,547,3,1,8,417
5703,2,1,691,2,1,8,345
5704,2,6,1431,2,1,10,1448
5705,2,5,1359,1,1,10,724
5706,3,6,1194,3,2,5,1089
5707,2,6,1298,2,2,8,2452
5708,2,8,334,2,2,1,1306
5709,1,7,600,2,1,2,1056
5710,2,1,518,3,2,4,2443
5711,2,8,426,2,1,3,1408
5712,7,6,1402,2,1,3,1886
5713,2,6,1334,1,1,9,611
5714,4,1,650,2,1,9,175
5715,2,5,696,2,1,8,1469
5716,3,5,61,3,1,11,635
5717,5,6,1058,2,2,7,124
5718,1,5,47,2,2,8,2091
5719,3,7,1156,3,2,11,317
5720,3,7,1223,5,2,4,583
5721,3,1,298,3,2,7,1658
5722,2,2,659,2,2,11,1639
5723,5,3,619,2,1,8,302
5724,2,1,1130,2,2,4,2159
5725,3,5,813,3,1,5,2119
5726,3,8,493,3,1,8,2308
5727,1,6,309,2,1,2,1174
5728,3,8,50,3,2,4,383
5729,5,4,1423,5,2,4,894
5730,2,8,995,2,1,10,170
5731,2,5,1219,5,1,4,909
5732,3,4,994,3,1,1,2363
5733,3,7,993,3,1,6,2292
5734,3,6,718,1,2,11,1924
5735,5,3,983,3,2,3,2454
5736,2,8,176,3,2,2,1578
5737,3,2,1138,4,1,11,203
5738,2,2,115,5,2,10,1171
5739,2,7,963,2,2,8,307
5740,2,1,975,3,2,7,935
5741,5,7,313,3,1,7,2089
5742,3,7,760,2,1,7,1774
5743,2,3,771,2,2,2,991
5744,3,1,1085,2,2,5,876
5745,2,4,1222,2,2,1,1697
5746,7,4,1130,1,1,2,2452
5747,3,3,385,3,2,10,1316
5748,2,3,1419,1,2,1,2454
5749,6,2,1324,5,1,6,2211
5750,2,3,1342,3,1,9,1076
5751,5,8,1047,1,2,8,191
5752,2,3,214,3,2,6,1975
5753,2,5,1312,3,2,7,2147
5754,5,7,776,2,2,3,1358
5755,2,3,715,2,1,10,2395
5756,4,2,52,2,2,2,1257
5757,2,7,210,2,1,8,2285
5758,2,2,929,2,2,5,1910
5759,3,2,433,3,2,7,2266
5760,2,6,1230,3,1,4,2402
5761,3,8,937,1,2,4,454
5762,1,1,1215,5,2,5,1850
5763,5,3,5,3,1,4,1830
5764,2,6,844,2,1,5,695
5765,3,2,1089,1,1,7,2381
5766,8,2,1002,3,1,6,1769
5767,2,2,1006,1,2,7,2201
5768,3,3,405,2,1,7,1217
5769,2,6,711,3,2,9,999
5770,4,6,507,2,1,2,1781
5771,5,5,720,3,1,3,2399
5772,5,1,998,3,1,3,2199
5773,8,2,1432,3,2,11,1591
5774,2,4,296,3,1,6,1919
5775,2,5,165,2,1,1,2193
5776,2,7,163,2,1,9,1291
5777,2,3,358,1,1,5,565
5778,3,7,329,2,2,6,1002
5779,5,5,725,4,2,7,1567
5780,2,2,1342,3,2,1,1888
5781,3,5,1138,3,2,3,2483
5782,5,2,913,3,1,9,279
5783,2,5,185,3,2,5,2291
5784,2,2,931,2,2,2,1568
5785,3,6,1122,2,2,3,645
5786,2,5,1041,2,2,6,1701
5787,8,6,741,2,1,3,854
5788,2,1,1306,2,1,11,546
5789,5,8,149,3,2,1,1473
5790,3,1,162,3,1,5,2194
5791,2,7,95,5,2,10,1234
5792,2,1,266,2,1,11,2476
5793,2,5,432,1,2,7,828
5794,2,1,1276,2,2,11,1430
5795,2,6,313,1,2,11,841
5796,3,6,135,5,2,5,1837
5797,3,4,234,3,1,1,2243
5798,3,4,848,3,1,2,2335
5799,2,4,311,4,1,2,2034
5800,3,1,364,2,2,10,895
5801,2,1,556,2,2,11,585
5802,1,3,1397,3,1,4,1169
5803,1,3,1418,2,2,4,2482
5804,5,5,379,3,1,1,1900
5805,5,3,855,3,2,2,582
5806,2,6,836,3,2,2,769
5807,2,6,351,2,1,11,2115
5808,7,5,1119,2,1,1,845
5809,2,5,1426,5,1,5,497
5810,3,8,728,3,2,5,512
5811,7,7,415,2,1,5,2429
5812,3,2,522,1,2,6,241
5813,2,3,180,5,2,11,1941
5814,2,2,759,2,2,5,1802
5815,2,1,671,2,1,10,518
5816,5,4,1192,3,2,7,2224
5817,3,4,1060,5,2,9,2355
5818,8,6,383,4,1,9,2229
5819,5,8,1387,1,2,10,1530
5820,2,5,710,2,2,1,1236
5821,2,1,436,2,2,6,2469
5822,3,8,683,2,1,7,301
5823,8,2,168,3,2,9,2270
5824,2,7,419,2,1,10,1361
5825,7,1,77,2,2,11,1001
5826,2,1,153,3,2,5,1267
5827,2,5,709,2,2,2,1533
5828,1,7,432,2,2,10,2435
5829,2,3,826,2,2,8,2251
5830,3,5,655,3,2,1,456
5831,2,5,492,3,1,7,1655
5832,5,7,116,3,1,4,1147
5833,7,7,410,4,1,10,2377
5834,1,7,526,3,1,6,1684
5835,2,3,1433,2,1,8,1646
5836,2,8,319,3,2,11,1462
5837,3,3,1213,1,2,3,2468
5838,2,5,156,2,2,2,604
5839,3,3,329,3,1,8,901
5840,3,6,391,1,2,6,504
5841,2,1,550,5,2,11,2295
5842,5,7,761,2,2,6,559
5843,5,1,185,2,1,8,399
5844,6,7,482,3,1,5,1205
5845,2,2,596,4,2,11,2247
5846,2,5,502,5,2,5,281
5847,2,1,394,2,2,7,480
5848,2,1,1019,2,2,6,2436
5849,2,1,654,3,2,3,1105
5850,6,8,128,2,2,4,464
5851,2,3,1115,3,1,2,122
5852,2,3,59,2,2,8,1714
5853,2,1,1282,2,1,6,635
5854,2,6,134,2,2,7,959
5855,2,3,205,2,1,5,2333
5856,3,7,1100,2,1,7,2051
5857,2,7,1373,3,1,4,1731
5858,2,1,1155,3,1,10,1015
5859,2,2,603,2,2,4,1756
5860,3,1,1195,2,2,11,1091
5861,2,8,345,2,2,2,2357
5862,2,4,1260,1,2,8,1969
5863,8,7,1400,2,2,7,1347
5864,2,4,326,2,2,4,984
5865,3,5,249,3,2,3,1557
5866,4,1,271,1,2,1,2293
5867,2,8,66,2,1,5,1185
5868,7,5,672,2,1,6,938
5869,1,2,642,3,1,3,2387
5870,2,8,882,3,2,11,2278
5871,1,7,1278,3,2,10,1896
5872,2,2,448,2,2,9,2385
5873,2,6,379,2,2,10,1202
5874,5,7,1208,2,1,10,270
5875,1,1,1150,5,2,9,2272
5876,5,3,813,2,2,6,861
5877,2,6,204,3,1,5,2012
5878,3,7,1276,5,2,2,1786
5879,3,4,457,3,1,6,194
5880,2,6,1259,3,2,5,1926
5881,6,5,202,2,1,3,1717
5882,2,6,1140,4,1,11,1143
5883,2,4,188,2,2,10,1303
5884,2,4,1431,3,2,3,1335
5885,2,6,802,2,2,1,833
5886,5,8,315,2,2,9,1357
5887,2,8,174,5,1,4,357
5888,5,6,467,3,1,9,2063
5889,2,7,401,2,1,4,2420
5890,2,8,1181,4,2,5,674
5891,5,4,1066,1,2,5,2250
5892,2,5,946,4,2,4,147
5893,3,2,1036,3,2,4,1067
5894,5,6,633,3,2,7,1548
5895,3,7,1343,3,2,7,2336
5896,3,7,898,2,2,6,2034
5897,7,7,1082,2,2,3,151
5898,6,2,1422,3,1,6,696
5899,2,7,880,2,2,9,1209
5900,5,7,483,3,2,3,1971
5901,2,2,918,4,1,11,1302
5902,2,4,193,3,1,7,777
5903,2,4,749,1,1,11,2021
5904,6,4,1164,2,2,5,482
5905,3,4,66,1,2,7,1800
5906,2,5,716,5,1,11,743
5907,2,2,639,1,1,2,895
5908,8,7,770,3,1,3,686
5909,2,4,1420,5,1,2,2008
5910,2,8,886,4,2,10,179
5911,4,5,1297,1,1,7,1890
5912,3,7,314,3,1,9,527
5913,2,6,519,1,2,3,1148
5914,2,3,594,2,1,11,1360
5915,8,5,1151,2,1,11,362
5916,1,8,38,2,2,7,1219
5917,2,4,750,2,1,10,1083
5918,2,3,363,3,1,7,2331
5919,2,6,936,3,2,3,1080
5920,3,3,1101,1,1,11,538
5921,5,1,212,3,2,5,1387
5922,2,1,719,1,2,6,2404
5923,5,4,528,3,1,5,1738
5924,3,6,1065,3,2,8,1021
5925,5,2,1238,2,2,9,2242
5926,8,2,887,4,1,6,555
5927,2,5,1026,3,1,11,825
5928,2,4,1329,3,2,2,773
5929,5,1,226,1,1,2,159
5930,5,5,864,2,2,4,1894
5931,2,6,1056,2,2,10,1907
5932,7,7,72,2,2,3,1761
5933,2,8,101,1,2,7,2245
5934,2,3,246,3,2,4,2405
5935,2,4,1392,2,2,3,2190
5936,6,4,1233,2,2,2,1912
5937,3,1,1353,3,1,4,1699
5938,2,2,533,5,2,5,2020
5939,6,5,591,2,2,4,1318
5940,5,3,1196,3,2,10,1683
5941,7,2,1089,1,2,9,1270
5942,2,2,1434,3,2,1,599
5943,2,4,423,2,2,9,1742
5944,3,6,215,1,1,8,2010
5945,5,2,668,1,1,9,1171
5946,3,2,503,1,1,11,2119
5947,3,2,253,5,2,3,2347
5948,5,3,713,2,1,9,2087
5949,2,7,16,2,2,9,1843
5950,3,3,93,4,2,2,2352
5951,2,2,571,3,1,3,1852
5952,2,4,865,3,2,8,1111
5953,2,6,400,5,1,7,1561
5954,5,8,1345,3,2,2,681
5955,1,2,1080,3,2,10,1272
5956,2,1,655,2,1,9,2041
5957,2,1,703,3,2,2,577
5958,2,8,1096,3,2,1,132
5959,8,5,1093,1,2,9,766
5960,5,1,327,2,1,4,1815
5961,8,5,1313,2,2,11,825
5962,4,7,518,2,1,6,1954
5963,2,5,93,2,1,11,358
5964,2,5,155,3,2,5,2332
5965,3,8,1371,2,1,4,1960
5966,2,5,640,2,1,4,2470
5967,2,2,357,3,1,3,2372
5968,2,4,429,3,2,4,1847
5969,3,3,1214,4,1,4,1557
5970,3,1,910,3,1,7,995
5971,2,8,1315,2,1,9,173
5972,3,7,777,3,2,10,2453
5973,2,1,665,2,2,4,420
5974,5,1,1363,1,2,6,599
5975,5,5,1129,2,2,6,2070
5976,2,6,1052,2,2,5,1874
5977,3,8,916,2,1,11,1362
5978,3,3,959,3,2,5,2190
5979,2,6,1278,2,1,9,1915
5980,2,6,1214,2,2,2,447
5981,6,1,209,2,2,6,560
5982,2,6,615,1,2,9,2122
5983,3,2,117,2,1,3,1929
5984,7,6,613,2,2,4,1006
5985,2,6,1401,2,1,6,1730
5986,2,1,679,5,2,7,1052
5987,1,7,484,3,2,3,323
5988,2,7,1435,3,2,8,1415
5989,3,6,21,2,2,9,1923
5990,5,5,880,3,2,2,2484
5991,5,4,1083,2,2,11,1458
5992,6,3,1253,4,1,7,191
5993,5,2,730,3,2,7,2232
5994,3,3,1103,2,2,3,2493
5995,1,5,1166,3,2,2,2238
5996,1,6,459,3,2,9,162
5997,6,1,288,2,2,7,2488
5998,5,3,1386,2,1,4,2206
5999,2,6,842,2,1,11,1945
6000,5,3,1371,2,2,10,281
6001,2,6,740,3,1,5,563
6002,2,1,231,5,1,7,1679
6003,2,7,1291,5,2,9,1763
6004,8,4,1287,4,2,5,2320
6005,2,5,1344,3,2,7,1540
6006,5,3,789,3,2,1,2123
6007,3,7,1185,2,2,5,212
6008,2,2,1308,5,2,11,918
6009,3,8,1361,3,1,8,1551
6010,3,5,1436,2,1,2,548
6011,4,4,86,4,2,8,793
6012,2,1,1384,3,2,5,1668
6013,2,4,51,3,1,8,369
6014,5,2,1001,2,1,2,287
6015,2,8,604,2,1,8,2114
6016,2,7,1032,2,2,5,1284
6017,2,6,1241,5,2,4,737
6018,3,4,445,4,1,9,1589
6019,2,3,347,2,1,3,2476
6020,3,8,852,3,2,3,356
6021,6,8,1175,1,1,8,2467
6022,5,8,1187,2,2,11,571
6023,2,4,163,3,2,2,1101
6024,3,7,10,5,2,3,1581
6025,2,8,824,2,1,8,2344
6026,2,8,374,4,2,9,1161
6027,2,7,1437,3,2,11,2008
6028,2,2,1360,2,1,1,2159
6029,3,4,805,5,1,8,866
6030,8,5,321,2,2,10,2364
6031,8,4,322,3,2,7,1527
6032,2,2,349,2,2,2,1159
6033,3,1,770,5,2,1,2097
6034,2,2,1338,3,2,7,1877
6035,3,7,1235,2,2,8,393
6036,2,3,739,2,2,1,1903
6037,8,4,279,2,1,4,2386
6038,4,3,525,2,1,3,642
6039,2,6,1188,5,2,5,2116
6040,5,2,1183,1,2,9,2192
6041,3,2,86,3,2,1,920
6042,3,1,20,4,2,3,1946
6043,3,3,506,3,1,2,335
6044,5,8,1326,2,1,1,1392
6045,4,5,327,3,1,6,1572
6046,5,6,1003,3,1,6,812
6047,3,8,1373,2,1,9,1604
6048,7,7,585,2,2,11,1332
6049,6,2,713,3,1,8,2329
6050,2,7,549,3,2,2,573
6051,2,7,1138,3,1,11,1993
6052,5,6,1323,2,2,9,481
6053,6,2,1342,2,2,6,1452
6054,2,4,1073,2,2,9,1677
6055,2,2,1060,1,2,7,624
6056,2,1,807,2,1,8,1071
6057,5,2,958,3,1,10,387
6058,8,7,751,2,2,7,2319
6059,3,6,697,4,2,8,1784
6060,2,6,1265,2,2,9,2015
6061,1,1,91,2,2,6,2161
6062,2,1,876,3,2,10,1811
6063,1,6,397,2,2,7,1088
6064,2,6,1347,3,2,2,1074
6065,3,2,853,2,1,7,234
6066,3,8,1128,1,1,1,1509
6067,3,3,757,3,2,11,450
6068,8,6,1001,2,1,10,665
6069,8,5,605,2,2,4,267
6070,7,3,1166,2,1,10,778
6071,2,5,1162,2,1,3,1767
6072,2,3,1031,2,2,4,495
6073,3,6,377,1,2,5,749
6074,1,1,949,3,1,10,1881
6075,3,1,1212,3,2,4,1202
6076,6,6,118,2,2,4,1344
6077,6,3,497,3,1,8,970
6078,3,6,1116,5,2,2,797
6079,4,7,1083,1,2,1,2064
6080,6,8,562,3,1,8,2136
6081,7,3,76,3,1,11,1442
6082,3,4,1160,2,1,7,477
6083,7,8,1383,3,2,2,740
6084,2,6,760,1,2,3,645
6085,3,8,557,2,1,1,784
6086,2,8,452,2,1,11,1840
6087,2,4,1337,2,2,6,1268
6088,1,8,1101,1,1,4,1106
6089,3,5,453,2,1,8,2321
6090,2,4,1388,3,1,3,2053
6091,2,6,1318,2,2,1,313
6092,6,3,168,3,2,10,183
6093,4,2,939,3,2,1,2065
6094,2,4,1115,3,2,6,224
6095,6,1,1238,3,2,7,1331
6096,2,2,1385,2,1,8,762
6097,5,6,1392,3,1,1,1389
6098,5,3,1297,2,1,5,1042
6099,1,7,725,2,2,5,212
6100,4,1,1368,2,2,6,1642
6101,2,6,979,3,2,9,193
6102,3,2,1241,1,1,3,494
6103,2,1,1192,2,2,11,865
6104,3,7,1107,2,2,1,1246
6105,3,6,1103,1,2,3,1809
6106,2,1,319,3,2,8,2062
6107,3,5,626,5,1,10,617
6108,2,7,876,2,2,11,1110
6109,3,7,1226,2,1,3,506
6110,5,7,1199,5,2,7,2348
6111,2,7,904,3,2,9,1716
6112,6,7,606,3,2,8,953
6113,2,7,1254,2,1,11,1399
6114,3,8,1321,5,2,11,2086
6115,3,1,894,1,1,5,918
6116,2,5,1438,2,1,11,2481
6117,2,7,30,2,1,11,1414
6118,1,4,1295,3,2,8,1537
6119,3,1,1040,2,1,1,226
6120,2,1,183,2,2,2,1997
6121,2,1,1429,1,2,3,875
6122,4,5,1321,2,1,4,2265
6123,2,6,568,3,2,1,1441
6124,4,2,1223,2,2,8,2271
6125,2,1,908,3,1,4,2352
6126,3,4,768,2,1,7,645
6127,2,2,1097,3,2,10,203
6128,7,2,1146,3,2,2,2266
6129,5,1,296,5,1,6,1105
6130,3,5,964,3,2,9,647
6131,2,3,1317,2,2,7,327
6132,3,3,540,1,2,7,801
6133,2,3,1053,3,2,3,1605
6134,2,1,312,2,2,7,1514
6135,4,2,1167,2,1,9,1191
6136,5,7,862,2,1,7,1762
6137,2,7,1060,2,2,2,1708
6138,6,3,589,2,2,7,1273
6139,1,7,775,2,1,10,2428
6140,3,8,26,2,1,9,352
6141,3,4,1437,3,2,7,851
6142,1,1,531,2,2,1,1379
6143,3,1,1336,1,2,7,2297
6144,3,7,18,2,1,1,1240
6145,5,1,732,5,1,2,1058
6146,2,5,1027,2,2,9,2067
6147,4,7,729,5,1,3,1824
6148,3,4,265,2,1,8,2414
6149,3,6,751,4,2,1,1366
6150,2,5,1308,3,1,9,144
6151,2,2,485,2,1,10,1326
6152,2,1,926,2,1,6,291
6153,2,5,1018,5,1,1,1725
6154,5,3,963,2,2,7,263
6155,2,8,479,2,1,5,314
6156,2,8,928,2,2,5,1128
6157,3,6,355,2,2,9,258
6158,3,8,234,2,2,6,1758
6159,2,1,923,3,2,9,1727
6160,2,5,439,3,2,2,351
6161,1,7,29,2,2,4,2060
6162,2,3,287,1,1,6,1195
6163,1,8,1040,3,1,3,1715
6164,2,3,532,2,1,10,471
6165,3,8,930,2,1,10,1206
6166,2,5,477,5,2,3,717
6167,7,5,121,3,2,10,210
6168,2,7,1081,1,2,10,758
6169,2,8,595,2,2,1,1426
6170,2,4,210,3,1,5,2161
6171,7,4,991,2,1,6,1974
6172,4,4,580,3,2,4,441
6173,2,4,192,2,2,9,1823
6174,2,2,1263,3,2,6,1287
6175,5,1,1341,5,2,3,2024
6176,4,7,470,3,2,7,1269
6177,3,4,495,2,1,5,2097
6178,8,3,824,2,1,9,2364
6179,2,8,1379,3,1,11,2283
6180,2,2,339,3,2,5,831
6181,2,3,1356,3,2,11,862
6182,3,7,89,5,1,7,698
6183,2,7,1259,4,1,6,2173
6184,2,5,545,3,1,10,1403
6185,2,3,575,2,1,3,491
6186,3,8,1415,5,2,10,607
6187,2,3,566,2,2,7,999
6188,2,1,202,2,1,4,1218
6189,1,5,186,2,2,6,183
6190,2,3,1324,1,1,6,1333
6191,2,6,836,2,2,3,1947
6192,5,2,525,2,2,2,501
6193,4,4,503,2,2,3,1155
6194,3,4,970,2,2,8,1272
6195,2,3,65,3,2,1,637
6196,4,3,1439,3,2,11,1969
6197,3,2,693,1,2,3,1163
6198,2,3,1084,2,1,6,2017
6199,3,5,983,2,1,7,639
6200,5,3,217,3,2,10,2216
6201,3,5,975,5,1,4,2058
6202,8,8,1148,2,2,8,1257
6203,3,5,1301,2,1,11,869
6204,4,5,1014,2,2,8,1310
6205,3,4,8,3,2,4,1138
6206,2,2,942,3,1,4,698
6207,3,8,1309,3,2,11,1981
6208,2,5,1377,2,2,5,781
6209,2,3,1355,1,2,3,2134
6210,5,1,158,4,2,6,1410
6211,3,5,1266,2,1,9,825
6212,2,3,418,3,1,2,1423
6213,2,3,1268,3,1,3,190
6214,2,7,266,3,1,10,683
6215,4,6,241,3,1,11,1487
6216,2,3,739,5,2,1,663
6217,3,6,1268,3,2,6,1707
6218,3,3,84,2,2,11,2150
6219,3,5,817,3,2,11,1868
6220,2,4,98,2,1,3,547
6221,2,6,1398,2,2,1,1936
6222,5,6,278,2,2,7,1379
6223,5,8,1028,2,2,6,2474
6224,5,6,550,5,2,10,1062
6225,5,5,189,3,1,10,792
6226,2,1,62,4,1,7,1103
6227,2,5,597,1,2,7,877
6228,4,8,940,2,1,2,1181
6229,7,7,1396,2,2,4,872
6230,5,1,187,2,2,5,283
6231,3,5,459,3,2,9,1581
6232,2,7,998,3,2,11,455
6233,2,3,432,3,2,11,1168
6234,3,5,978,4,2,8,1725
6235,1,1,1335,5,2,8,706
6236,2,2,806,2,2,9,148
6237,2,8,762,1,1,7,859
6238,2,3,1029,1,1,11,146
6239,2,6,1313,3,1,6,633
6240,3,5,532,2,2,9,1770
6241,6,4,1431,2,1,5,1555
6242,7,3,426,2,2,5,1766
6243,1,1,477,2,2,3,2085
6244,3,7,342,3,1,9,522
6245,3,6,818,3,1,2,1651
6246,6,1,490,2,1,10,1414
6247,2,3,1352,2,1,3,1801
6248,1,3,734,2,1,4,893
6249,5,3,336,2,1,1,140
6250,2,3,1263,5,1,2,910
6251,3,1,660,2,2,5,1032
6252,2,2,1281,2,2,6,1694
6253,2,3,640,2,1,6,438
6254,2,7,916,3,2,3,729
6255,4,8,1172,3,2,4,2488
6256,5,6,358,3,2,11,922
6257,2,7,710,3,2,9,1506
6258,2,1,559,2,1,1,1702
6259,3,5,1143,2,1,9,1722
6260,2,5,1234,3,1,8,696
6261,3,1,797,3,2,4,1274
6262,5,1,1421,2,2,4,329
6263,3,3,990,3,2,5,517
6264,2,8,1389,2,1,11,668
6265,3,1,890,3,2,10,1645
6266,2,6,1301,3,2,2,1416
6267,2,7,1127,3,2,7,1107
6268,2,5,1407,2,2,2,2439
6269,2,6,824,3,2,7,2452
6270,4,8,1384,1,2,5,1359
6271,5,4,813,3,2,7,139
6272,3,8,380,1,2,1,1806
6273,3,6,960,2,1,9,1085
6274,2,3,1360,3,1,4,1515
6275,2,4,960,2,2,10,1526
6276,7,8,1199,5,1,11,1254
6277,2,7,1440,4,2,8,1538
6278,3,1,1039,5,2,6,430
6279,2,4,1309,2,1,4,1844
6280,1,7,492,2,1,10,513
6281,8,5,1082,2,1,8,904
6282,2,5,171,5,1,9,1987
6283,5,5,972,2,1,5,1416
6284,2,6,1196,3,2,10,2065
6285,3,4,975,2,1,8,1295
6286,2,5,65,2,2,4,2457
6287,2,5,1131,2,2,10,1367
6288,2,6,17,5,1,4,207
6289,8,3,321,1,2,9,1911
6290,7,6,272,2,2,7,433
6291,2,8,1204,2,2,5,1997
6292,3,6,577,1,1,7,501
6293,2,4,158,2,2,1,1399
6294,2,3,62,2,2,11,1236
6295,4,2,653,1,2,2,617
6296,2,4,948,1,1,4,2251
6297,3,7,41,2,2,10,2367
6298,2,2,809,2,2,2,1863
6299,2,1,1006,2,1,6,1953
6300,3,1,126,3,2,2,1906
6301,8,8,1253,2,1,8,1895
6302,5,7,469,2,2,11,123
6303,2,6,1401,5,2,7,2373
6304,7,7,188,3,1,5,1039
6305,8,8,406,1,1,10,947
6306,2,1,856,2,2,11,1617
6307,2,2,479,4,1,1,1938
6308,2,7,696,1,2,11,723
6309,2,1,30,2,2,8,588
6310,5,7,516,2,1,4,2245
6311,2,8,1374,2,2,4,1918
6312,2,8,239,2,1,4,1341
6313,2,2,1041,2,2,1,1543
6314,3,2,791,2,1,10,785
6315,3,6,428,2,1,10,2491
6316,5,1,1030,1,1,2,1076
6317,2,1,204,3,2,11,1281
6318,3,8,1270,2,2,7,480
6319,2,3,282,2,1,1,1041
6320,8,3,1349,3,1,5,2466
6321,2,2,699,2,2,9,236
6322,2,4,1392,3,1,8,1001
6323,2,6,558,1,1,8,2111
6324,2,5,108,2,2,5,2066
6325,2,8,351,2,2,4,1667
6326,3,1,327,2,1,10,2098
6327,7,1,1251,1,2,2,1825
6328,2,2,607,3,1,1,775
6329,3,2,658,5,2,2,1266
6330,5,1,1104,2,2,7,1086
6331,2,2,656,4,1,6,1389
6332,2,7,1104,3,2,7,422
6333,2,6,99,2,1,10,1794
6334,4,7,457,3,1,3,478
6335,7,1,777,3,2,5,875
6336,2,1,1289,2,2,3,1718
6337,2,3,1270,1,2,9,468
6338,5,7,809,5,2,8,2295
6339,3,2,612,2,2,7,997
6340,5,4,1050,5,1,6,1928
6341,2,3,867,3,2,4,361
6342,8,2,845,3,1,4,784
6343,5,5,165,1,1,2,497
6344,2,1,805,3,1,11,2204
6345,3,3,920,2,1,6,1837
6346,2,1,612,3,2,6,603
6347,2,8,1440,2,1,10,2275
6348,3,3,864,3,2,2,2278
6349,2,3,844,1,2,7,1920
6350,3,5,611,2,2,10,358
6351,2,1,1236,4,1,4,2096
6352,5,6,615,3,1,6,591
6353,2,2,157,2,1,11,2047
6354,5,1,265,4,2,6,280
6355,2,2,1423,3,2,7,2151
6356,2,6,1127,3,1,3,281
6357,3,4,942,2,1,5,1338
6358,2,4,808,3,2,5,2091
6359,2,7,160,5,1,4,1276
6360,2,7,1441,2,1,10,1202
6361,6,7,176,2,1,10,2031
6362,2,6,937,2,2,10,725
6363,5,2,483,2,1,11,907
6364,3,2,1248,2,1,7,2127
6365,2,2,1321,3,2,5,2210
6366,3,6,85,2,2,3,351
6367,4,6,1200,3,1,4,2485
6368,3,6,1374,2,2,2,2076
6369,4,8,1109,4,2,3,889
6370,2,8,1161,3,2,5,1941
6371,3,1,915,3,1,1,313
6372,2,2,633,2,2,4,1116
6373,2,8,675,3,2,5,730
6374,3,1,806,3,2,5,1940
6375,3,7,533,2,2,8,1883
6376,2,5,1442,2,1,3,1920
6377,2,6,532,2,2,9,1968
6378,3,4,162,3,1,4,1604
6379,3,1,623,3,2,11,1054
6380,2,6,144,3,2,10,1883
6381,2,7,764,3,1,5,1075
6382,5,3,730,2,2,2,465
6383,5,2,445,2,1,2,1311
6384,2,8,338,3,1,11,1699
6385,2,8,428,5,2,9,218
6386,2,6,590,4,2,9,438
6387,4,7,1297,1,1,2,1932
6388,5,8,165,2,1,1,1799
6389,2,2,579,3,1,1,985
6390,7,1,142,2,1,9,1723
6391,2,3,962,3,1,5,639
6392,2,2,19,3,2,3,1545
6393,1,7,1078,2,2,1,1550
6394,4,7,891,3,2,4,1180
6395,5,5,597,1,1,11,199
6396,3,6,255,2,2,3,1873
6397,2,2,824,3,2,5,337
6398,4,4,1238,3,1,10,1225
6399,3,4,516,2,2,8,1434
6400,2,5,845,2,2,7,2187
6401,3,2,1094,2,2,11,2290
6402,4,1,1334,3,2,5,1218
6403,1,4,820,3,2,10,694
6404,3,8,477,2,1,3,473
6405,5,7,1392,3,1,5,900
6406,2,6,512,3,2,11,1470
6407,3,6,47,4,2,11,472
6408,5,5,484,3,1,1,2253
6409,2,4,1143,2,2,3,274
6410,7,4,118,3,2,2,982
6411,8,7,15,3,1,1,543
6412,2,8,541,4,1,5,1085
6413,7,3,1094,3,2,1,1119
6414,3,4,1298,2,2,2,946
6415,3,3,46,2,1,1,1556
6416,7,5,510,1,2,10,1870
6417,2,2,461,2,2,8,613
6418,5,7,663,3,2,8,1326
6419,2,3,225,2,2,1,1468
6420,5,8,1069,3,1,7,1914
6421,3,6,1381,1,2,3,289
6422,2,5,1070,4,1,3,2374
6423,2,5,626,4,1,2,1337
6424,2,6,1318,3,2,2,1838
6425,2,3,1027,2,2,10,1816
6426,2,1,24,2,1,6,1112
6427,5,8,1436,3,1,5,773
6428,4,5,1001,3,1,6,2389
6429,8,4,1158,2,1,10,358
6430,4,2,1408,3,2,3,1172
6431,7,5,98,5,1,7,127
6432,2,8,417,3,1,11,1704
6433,5,4,299,3,2,10,2311
6434,5,4,428,3,2,4,1587
6435,2,1,1132,5,2,2,1560
6436,3,7,701,2,2,7,2170
6437,3,6,390,2,1,4,2180
6438,1,4,68,3,1,1,2085
6439,5,8,872,3,2,9,1348
6440,8,7,938,3,1,11,145
6441,2,3,752,1,2,1,281
6442,2,7,395,1,1,1,770
6443,6,6,198,2,1,7,2456
6444,2,6,773,3,1,7,844
6445,2,3,1433,4,2,9,332
6446,3,6,1003,3,2,5,1317
6447,4,4,693,3,2,2,584
6448,2,6,152,1,2,8,1000
6449,2,5,955,1,1,3,673
6450,3,2,1350,2,2,5,2296
6451,3,3,545,2,2,6,1466
6452,2,5,385,1,1,3,2108
6453,4,4,738,3,2,6,2063
6454,5,1,443,3,2,5,841
6455,4,5,553,1,1,11,2277
6456,2,5,690,1,2,7,557
6457,5,6,299,3,2,10,1252
6458,6,7,956,2,1,2,139
6459,3,2,1164,1,1,8,767
6460,2,5,100,2,1,6,235
6461,6,1,609,2,1,1,802
6462,3,6,531,3,1,11,2420
6463,7,8,1291,5,2,11,364
6464,2,5,146,5,2,2,239
6465,3,8,230,4,1,3,321
6466,1,1,1338,2,1,3,2279
6467,3,3,740,3,2,10,1958
6468,2,4,518,2,2,3,1706
6469,2,5,184,1,1,11,2402
6470,2,3,1049,3,2,5,652
6471,2,3,494,4,1,9,2021
6472,5,7,902,2,2,6,882
6473,2,1,1086,1,1,9,308
6474,2,6,1017,2,1,3,953
6475,2,2,196,2,1,9,135
6476,3,2,992,2,2,4,2071
6477,3,5,374,3,2,7,1415
6478,5,4,480,2,1,1,558
6479,4,1,1079,2,2,10,1535
6480,2,3,1263,3,2,3,742
6481,3,5,1356,2,2,4,556
6482,2,6,473,3,2,8,972
6483,2,4,747,3,2,1,901
6484,3,4,1394,4,2,7,1386
6485,7,2,1245,2,1,4,233
6486,2,4,1433,2,1,11,746
6487,2,7,31,2,1,3,1615
6488,5,2,641,2,2,8,347
6489,5,3,1203,2,2,5,972
6490,2,7,95,2,2,6,2133
6491,3,4,196,1,1,2,911
6492,8,5,753,2,2,1,2254
6493,2,4,1169,2,2,7,919
6494,2,5,134,3,2,8,2225
6495,2,2,559,2,2,3,395
6496,5,7,73,3,2,6,857
6497,2,8,270,3,1,1,761
6498,6,6,555,2,2,4,2182
6499,5,1,242,3,1,2,249
6500,2,4,917,1,1,1,824
6501,2,3,538,1,2,3,550
6502,3,2,423,2,1,11,716
6503,2,2,23,5,2,2,2496
6504,1,5,1280,5,2,5,1127
6505,2,3,1310,2,2,9,1440
6506,2,2,24,2,2,8,2002
6507,3,2,932,5,2,2,2407
6508,2,7,61,3,2,7,1195
6509,3,4,821,2,2,11,240
6510,2,8,210,2,2,3,2217
6511,3,8,1085,2,2,6,1672
6512,3,2,772,1,2,9,2229
6513,3,4,522,2,1,3,937
6514,5,3,774,3,1,10,182
6515,2,7,138,1,1,10,1512
6516,3,4,91,2,1,2,792
6517,2,2,766,2,1,2,1787
6518,3,2,925,3,1,5,1266
6519,6,4,80,2,2,6,2367
6520,2,5,1174,1,2,4,1863
6521,5,7,1328,2,2,6,735
6522,2,6,9,1,2,4,1262
6523,3,1,347,3,1,5,449
6524,5,8,481,2,1,7,1806
6525,2,4,640,5,1,6,321
6526,5,3,793,3,2,2,1656
6527,2,1,1172,2,2,9,999
6528,3,2,694,5,2,10,2055
6529,5,6,462,3,2,5,957
6530,2,5,517,2,2,9,522
6531,5,5,171,1,1,5,1049
6532,2,3,681,3,1,3,488
6533,5,8,1281,3,1,7,712
6534,3,6,635,3,2,8,2227
6535,5,4,707,2,2,5,2486
6536,1,8,292,4,2,9,1192
6537,2,3,256,2,2,3,2227
6538,2,5,819,3,2,8,659
6539,4,2,532,2,2,11,708
6540,2,7,430,5,1,2,763
6541,3,3,516,2,1,10,2347
6542,8,6,307,3,1,1,711
6543,5,4,921,2,1,7,1453
6544,2,3,11,3,1,10,2124
6545,2,4,1443,2,2,5,647
6546,2,5,871,3,1,7,410
6547,2,3,932,3,2,3,1179
6548,2,2,1074,2,2,3,2254
6549,5,4,702,3,2,1,1829
6550,2,5,445,3,2,3,2093
6551,8,4,1033,2,1,1,1178
6552,7,3,385,3,1,4,765
6553,1,1,676,4,2,10,2488
6554,2,7,713,5,2,5,246
6555,3,4,268,4,2,10,991
6556,2,1,46,2,2,9,1080
6557,2,5,72,2,2,1,1649
6558,3,2,201,5,1,8,122
6559,7,8,833,2,2,4,1700
6560,2,8,586,2,2,4,1322
6561,2,6,1406,3,1,1,198
6562,2,2,1263,4,1,8,1141
6563,5,3,253,2,1,5,832
6564,8,5,34,3,1,3,1241
6565,2,1,507,3,2,5,2192
6566,2,6,862,3,1,7,1710
6567,1,8,1090,3,1,9,185
6568,2,5,299,2,2,11,1917
6569,5,5,910,2,1,9,270
6570,2,7,680,3,2,7,708
6571,2,5,1135,2,1,9,513
6572,3,3,1078,3,2,9,1434
6573,5,1,110,1,1,3,1141
6574,2,4,524,3,2,5,1485
6575,2,1,874,2,2,2,964
6576,2,1,749,5,1,10,572
6577,3,8,1191,3,2,5,992
6578,4,6,597,3,1,7,1250
6579,7,4,216,2,2,5,166
6580,2,4,498,3,1,8,265
6581,4,4,811,2,2,10,655
6582,2,8,732,3,1,2,389
6583,2,3,1265,2,1,6,157
6584,5,2,1299,3,2,10,2208
6585,2,1,700,1,1,6,187
6586,2,2,230,2,1,4,1345
6587,2,8,424,4,2,1,1983
6588,5,7,341,3,2,6,1466
6589,3,5,847,2,1,9,532
6590,2,4,1040,1,1,1,2135
6591,7,5,1203,3,2,6,417
6592,5,5,1127,2,2,4,719
6593,5,1,1372,3,2,9,879
6594,3,4,580,2,2,9,470
6595,2,7,944,2,2,7,1674
6596,2,8,918,5,2,1,276
6597,5,5,1233,2,1,3,1095
6598,5,3,1032,5,2,1,334
6599,6,4,999,3,1,5,2377
6600,2,5,621,5,2,7,1308
6601,2,1,1335,2,1,5,260
6602,2,8,434,3,2,3,1544
6603,2,3,1344,2,2,5,420
6604,3,7,1419,5,1,9,1544
6605,6,1,738,2,2,3,906
6606,3,7,139,3,2,10,1117
6607,3,5,1444,1,1,6,196
6608,5,3,457,2,2,2,1625
6609,2,5,1423,2,1,4,203
6610,7,3,472,3,1,7,1563
6611,3,2,619,3,2,9,854
6612,2,3,1153,3,2,4,150
6613,3,2,1016,2,1,10,1673
6614,3,5,1336,2,2,3,2387
6615,2,3,1445,2,1,7,2059
6616,2,1,666,2,2,2,2101
6617,2,4,198,2,1,4,1945
6618,2,3,524,2,1,5,2395
6619,2,7,891,1,2,3,1135
6620,3,3,725,3,1,5,1108
6621,3,4,171,3,2,2,1650
6622,3,3,522,1,2,8,320
6623,8,6,625,3,2,5,1088
6624,3,1,1446,2,2,8,1842
6625,3,3,302,3,2,3,1196
6626,7,3,833,5,2,2,2313
6627,3,5,957,2,2,9,286
6628,2,4,961,4,2,5,2213
6629,2,7,523,3,2,8,2085
6630,5,8,635,3,2,10,248
6631,5,4,1003,3,1,5,943
6632,6,8,1021,2,1,6,677
6633,3,1,739,5,1,2,463
6634,1,3,1029,4,2,11,558
6635,2,3,217,5,2,1,431
6636,3,3,923,2,2,2,255
6637,1,8,1228,3,2,2,1465
6638,2,2,562,3,1,9,2461
6639,2,6,1447,1,1,7,2415
6640,2,1,322,2,2,5,1275
6641,5,2,764,4,2,9,1310
6642,2,7,53,2,1,8,2423
6643,3,3,107,3,1,10,156
6644,2,7,1441,3,2,7,1053
6645,2,4,1349,3,2,5,1621
6646,6,1,22,2,2,8,486
6647,2,2,872,3,2,10,735
6648,2,6,964,3,1,5,1343
6649,2,2,1007,3,2,11,543
6650,3,8,1399,2,2,5,2446
6651,2,5,1326,1,2,5,1287
6652,3,3,942,5,2,2,873
6653,8,2,1377,5,1,9,1893
6654,2,4,1217,2,2,10,1105
6655,2,6,271,3,2,6,1961
6656,3,4,1101,2,1,2,1384
6657,3,4,998,1,2,1,2373
6658,2,8,376,2,2,4,867
6659,3,3,1195,2,2,4,1459
6660,6,5,669,3,2,5,1486
6661,2,4,809,2,2,4,557
6662,3,8,462,3,2,1,1338
6663,2,8,642,3,1,2,694
6664,3,5,183,3,2,6,1070
6665,2,2,121,3,1,11,2049
6666,3,8,776,4,1,10,1920
6667,3,3,509,2,2,9,1216
6668,2,2,1377,2,1,8,2020
6669,5,7,1053,2,1,7,946
6670,3,5,71,2,1,7,869
6671,2,1,106,2,1,1,461
6672,8,2,1131,2,2,5,1974
6673,2,8,1280,2,2,4,623
6674,5,1,395,2,2,5,1169
6675,2,3,986,3,1,6,647
6676,3,5,893,2,2,6,1864
6677,2,7,504,2,2,10,591
6678,2,8,571,2,1,5,276
6679,2,2,930,2,2,3,1911
6680,5,2,470,3,2,3,1767
6681,5,8,1221,3,1,8,1031
6682,3,2,346,2,1,8,247
6683,4,3,43,2,2,8,1767
6684,1,4,876,2,2,11,419
6685,3,4,603,1,2,7,2104
6686,5,3,763,2,2,11,2442
6687,2,7,250,2,2,5,1705
6688,7,7,936,3,2,6,2252
6689,7,4,257,2,2,6,422
6690,2,4,1062,2,2,11,2461
6691,3,8,817,1,2,9,1985
6692,1,6,127,1,1,5,1315
6693,2,8,521,3,1,11,1523
6694,2,8,1375,3,2,7,1600
6695,2,4,377,2,2,9,133
6696,2,2,772,3,1,9,1434
6697,2,3,509,2,1,1,1787
6698,2,5,1160,3,2,7,1528
6699,2,3,1282,3,1,9,505
6700,4,3,1228,2,2,4,1197
6701,2,7,168,3,1,3,2299
6702,2,2,869,2,1,1,1931
6703,2,1,261,2,1,7,1088
6704,2,5,280,1,1,8,566
6705,6,1,1034,5,2,9,1742
6706,7,7,1412,5,2,3,1811
6707,3,6,692,1,2,3,1880
6708,3,2,177,1,2,1,2096
6709,3,7,378,2,1,5,1534
6710,2,4,1044,1,1,8,1418
6711,2,1,1414,2,1,7,252
6712,2,3,660,2,2,7,2094
6713,6,3,669,3,1,4,1751
6714,2,6,733,3,2,1,2084
6715,3,8,1378,3,2,7,998
6716,2,8,1397,3,1,3,1237
6717,2,8,171,3,2,5,535
6718,3,6,189,2,1,9,862
6719,2,7,706,3,2,3,1149
6720,1,5,1313,2,2,2,1850
6721,2,5,984,3,1,11,780
6722,2,2,1337,2,2,11,1746
6723,3,6,981,3,2,10,2414
6724,5,2,1257,2,2,8,1541
6725,2,7,1153,3,2,2,2148
6726,3,7,490,5,2,6,916
6727,5,1,612,2,1,6,2311
6728,2,5,512,3,1,2,995
6729,1,7,435,2,2,5,2291
6730,2,8,413,2,2,11,681
6731,2,2,906,3,1,1,507
6732,3,8,444,3,1,11,560
6733,2,6,1383,2,1,7,310
6734,5,1,1247,2,1,2,2095
6735,3,5,579,3,1,9,1601
6736,2,2,741,2,1,1,413
6737,1,4,1223,3,1,4,355
6738,5,6,269,5,2,6,1242
6739,3,7,1353,3,2,3,2264
6740,2,7,1234,3,1,6,2495
6741,2,2,878,2,2,4,2221
6742,5,5,1371,2,2,2,1118
6743,7,7,1427,3,1,10,1245
6744,2,1,683,5,2,11,588
6745,3,3,1100,2,2,5,528
6746,3,4,403,2,2,10,524
6747,2,7,100,3,2,8,942
6748,5,1,803,5,1,2,189
6749,2,7,230,3,1,11,2443
6750,2,8,391,2,1,6,2372
6751,2,8,425,2,2,8,1699
6752,2,7,1351,5,2,6,1901
6753,2,2,1195,3,2,5,1056
6754,4,2,723,2,2,3,1296
6755,5,8,175,3,1,8,170
6756,2,3,1251,3,2,10,134
6757,5,8,578,1,2,2,225
6758,5,2,1430,5,2,10,2323
6759,2,4,459,2,2,9,1842
6760,2,1,1205,4,1,8,2402
6761,2,5,474,4,2,6,443
6762,2,8,803,2,2,11,2378
6763,7,1,594,2,2,9,225
6764,3,1,208,2,2,6,1428
6765,1,4,766,2,2,8,787
6766,5,4,1233,3,1,5,922
6767,2,4,714,3,1,7,1156
6768,7,4,825,1,2,2,1578
6769,2,1,993,4,2,1,2108
6770,2,8,1004,5,1,8,133
6771,3,5,688,2,1,5,1728
6772,2,2,638,2,2,9,453
6773,2,1,1385,1,2,7,2426
6774,5,5,695,2,2,4,123
6775,4,2,759,3,1,5,830
6776,2,8,880,5,1,3,902
6777,2,8,867,2,1,5,299
6778,3,5,1200,3,2,10,595
6779,3,7,75,1,1,4,1083
6780,2,5,8,3,1,3,2098
6781,1,1,1188,2,2,8,1160
6782,3,3,1084,2,1,4,1928
6783,3,1,133,2,1,10,1917
6784,1,5,334,2,2,4,2346
6785,1,5,785,3,2,11,1703
6786,2,5,613,2,2,8,506
6787,2,8,1151,2,1,5,2167
6788,5,6,876,2,1,5,1208
6789,8,7,482,2,2,5,1213
6790,3,4,972,2,2,11,1926
6791,2,1,235,3,1,6,1451
6792,5,3,1162,5,2,5,1036
6793,2,4,582,2,2,1,2487
6794,6,2,174,2,2,1,941
6795,2,3,329,2,2,6,576
6796,8,7,1263,2,1,2,603
6797,2,4,235,2,2,3,1420
6798,8,8,1249,2,2,6,718
6799,2,3,1112,2,1,2,1491
6800,5,7,496,3,2,6,980
6801,8,6,647,3,2,6,847
6802,3,7,349,5,2,2,1838
6803,5,8,321,3,2,10,1676
6804,2,5,642,5,1,2,1561
6805,3,8,831,3,1,7,835
6806,4,3,99,3,1,9,520
6807,2,4,989,3,2,1,893
6808,5,5,1313,3,2,8,2030
6809,5,1,462,3,1,4,1280
6810,2,8,980,3,2,6,673
6811,2,5,839,3,1,3,1229
6812,2,4,894,1,2,10,2168
6813,2,5,507,2,2,11,659
6814,1,7,904,2,1,1,2241
6815,5,1,1010,2,2,1,724
6816,2,1,797,5,1,5,485
6817,2,4,1066,1,1,4,1796
6818,5,4,846,2,1,11,622
6819,2,3,1079,2,2,8,1721
6820,2,6,827,4,1,11,1161
6821,2,4,418,3,2,3,956
6822,4,2,817,2,2,3,1553
6823,2,1,1056,2,2,2,2491
6824,2,8,283,3,1,9,1520
6825,6,8,190,2,1,5,854
6826,2,1,1070,2,1,9,891
6827,1,2,1320,2,1,7,2165
6828,2,5,1282,3,1,8,1200
6829,2,1,67,2,2,7,1920
6830,2,2,146,4,2,5,1220
6831,2,3,1185,2,2,2,239
6832,2,8,1400,3,1,8,1057
6833,2,4,750,2,2,5,1865
6834,2,6,461,2,1,8,1180
6835,2,1,59,3,1,5,628
6836,5,2,1089,2,2,1,2432
6837,7,1,276,3,2,10,2009
6838,4,5,491,2,2,9,2434
6839,3,1,1022,3,1,5,270
6840,8,1,371,2,2,2,1353
6841,2,8,1351,5,1,4,1406
6842,2,5,1214,3,1,1,792
6843,2,1,730,3,2,4,2094
6844,5,4,1298,3,1,5,1405
6845,4,5,765,3,2,2,2385
6846,3,7,1099,2,2,6,352
6847,2,2,980,4,2,4,1500
6848,3,6,720,3,1,5,833
6849,2,6,565,5,2,10,2262
6850,3,2,757,3,2,10,1948
6851,3,3,908,2,1,5,330
6852,2,3,277,2,2,4,2157
6853,2,4,656,2,2,1,616
6854,5,6,765,2,1,5,1627
6855,3,2,970,3,2,4,857
6856,2,1,707,3,2,6,770
6857,2,2,1132,2,2,7,1715
6858,8,5,800,2,1,4,2201
6859,2,2,386,3,2,11,328
6860,2,4,1448,2,2,3,1930
6861,3,8,1387,5,1,1,695
6862,3,3,395,2,2,2,1767
6863,2,1,196,5,1,1,1652
6864,2,1,642,5,1,9,230
6865,2,6,1429,4,2,4,1202
6866,3,5,21,2,2,7,786
6867,2,1,1114,2,2,6,281
6868,3,6,1106,2,1,1,1180
6869,8,1,1003,5,2,2,1755
6870,1,3,756,1,1,4,927
6871,3,8,446,2,2,6,156
6872,3,1,635,2,2,5,1923
6873,7,3,1184,3,2,3,1088
6874,7,7,1343,2,2,9,1320
6875,7,7,1209,3,2,11,1575
6876,2,4,1042,1,2,7,1076
6877,2,8,28,3,1,6,1393
6878,6,2,822,3,2,5,1557
6879,8,7,1069,2,1,8,2474
6880,3,3,917,2,2,8,624
6881,6,7,429,3,2,10,836
6882,5,4,443,1,1,10,1140
6883,3,3,523,3,2,10,563
6884,2,3,80,2,2,10,1158
6885,3,4,411,2,2,5,1086
6886,3,1,292,3,2,1,813
6887,6,4,1,2,1,3,2439
6888,3,5,1070,2,2,4,1755
6889,7,4,1209,2,2,1,2337
6890,7,7,1321,2,1,1,1720
6891,2,3,278,2,2,4,1144
6892,2,8,823,2,1,4,1193
6893,3,7,1100,2,2,7,616
6894,2,6,638,2,2,11,845
6895,3,1,24,2,1,6,2409
6896,2,5,872,2,2,1,1306
6897,2,8,765,2,1,11,393
6898,2,7,1330,1,1,1,1575
6899,2,5,527,2,1,6,2211
6900,2,8,673,3,1,7,1032
6901,6,1,86,1,2,2,412
6902,2,6,1038,1,1,3,2006
6903,1,2,822,1,1,11,160
6904,6,1,714,3,2,2,1198
6905,1,5,645,3,2,6,487
6906,3,2,280,2,2,1,1304
6907,5,5,214,1,2,7,425
6908,2,3,1110,2,1,10,1565
6909,2,8,776,1,1,2,1561
6910,4,2,672,3,2,5,759
6911,2,4,779,2,2,1,1051
6912,6,1,832,2,2,10,2376
6913,5,1,1322,3,2,10,1733
6914,2,6,733,5,1,7,1124
6915,2,2,4,2,2,5,207
6916,5,6,10,5,2,5,2128
6917,3,1,351,1,2,8,443
6918,5,6,621,3,2,8,776
6919,2,2,924,2,2,8,167
6920,2,1,297,1,1,3,1020
6921,2,5,717,3,1,8,2369
6922,2,1,1330,3,2,5,1490
6923,2,8,686,5,2,1,2459
6924,2,6,1161,3,1,4,1111
6925,2,8,1362,2,1,11,1072
6926,5,6,1083,2,1,5,615
6927,3,1,531,3,2,8,1751
6928,2,7,1033,2,2,10,2210
6929,3,3,113,2,2,2,1478
6930,3,7,824,3,2,6,1984
6931,3,3,19,3,2,4,2297
6932,3,3,826,5,1,3,1572
6933,2,7,1175,2,1,11,1469
6934,2,8,247,5,2,9,1618
6935,2,7,211,3,2,5,844
6936,2,7,368,1,2,2,2035
6937,3,5,1258,1,1,3,2189
6938,4,5,706,2,2,9,651
6939,2,8,799,3,2,8,1073
6940,5,5,196,5,2,6,1536
6941,7,1,1050,3,1,8,1802
6942,2,4,1029,3,2,1,1047
6943,1,7,821,2,2,2,194
6944,2,1,625,2,1,6,2357
6945,1,2,199,4,1,5,467
6946,2,3,1181,3,2,1,744
6947,2,2,462,2,1,4,283
6948,3,3,373,2,2,8,1003
6949,1,6,1306,3,2,9,1371
6950,2,7,1180,1,1,1,204
6951,5,2,1399,2,1,2,2244
6952,5,1,888,4,2,3,721
6953,2,7,495,2,1,7,718
6954,3,6,1088,3,2,5,2331
6955,3,2,802,2,1,2,852
6956,2,6,1046,2,2,3,1612
6957,5,4,566,3,2,8,1056
6958,8,4,245,2,2,4,1727
6959,5,4,989,2,1,11,374
6960,6,6,497,2,1,11,657
6961,2,6,1027,2,1,10,669
6962,2,1,1348,1,2,9,2349
6963,1,7,1161,5,2,6,1742
6964,1,6,158,2,2,8,1622
6965,2,1,1228,2,2,10,517
6966,2,5,902,2,2,6,181
6967,7,7,1204,1,1,2,1333
6968,2,6,1382,2,1,10,1846
6969,2,3,763,1,2,8,2305
6970,5,1,473,2,1,7,1841
6971,6,8,746,2,1,4,2318
6972,5,5,1364,2,2,6,332
6973,5,1,1358,2,1,9,1933
6974,2,8,1331,3,2,1,2337
6975,3,6,447,2,1,11,788
6976,2,1,725,2,2,9,1288
6977,6,7,662,2,2,10,2067
6978,3,2,470,2,2,4,697
6979,3,2,1304,3,1,1,2440
6980,4,3,1153,2,2,8,1681
6981,2,1,312,1,2,11,702
6982,6,6,831,2,1,8,1856
6983,2,6,392,1,2,9,2150
6984,2,8,198,3,2,10,1872
6985,2,4,1122,2,2,1,1973
6986,4,4,1315,2,2,11,127
6987,4,2,321,2,1,2,950
6988,2,8,448,2,1,6,1665
6989,2,1,1106,5,1,11,971
6990,1,8,390,4,2,5,890
6991,2,6,60,5,2,3,2133
6992,3,7,1382,2,2,3,1367
6993,3,5,87,2,2,9,2458
6994,4,6,44,3,1,1,427
6995,3,1,572,5,1,11,2355
6996,2,2,1311,2,2,4,1683
6997,6,5,1113,2,1,7,1733
6998,2,6,1188,1,2,5,1511
6999,2,4,492,3,1,9,319
7000,2,3,466,1,2,10,1095
7001,6,3,370,2,1,8,1587
7002,5,8,129,1,1,1,1838
7003,2,7,285,2,2,8,1980
7004,5,7,800,3,1,10,846
7005,2,7,679,2,1,10,307
7006,6,2,1297,3,2,11,265
7007,2,7,622,3,2,5,410
7008,5,8,1216,2,1,6,2260
7009,3,5,291,4,2,1,1223
7010,2,3,294,2,2,11,1931
7011,4,8,1216,3,2,11,1975
7012,2,3,401,5,2,5,2140
7013,3,6,323,1,1,4,2025
7014,5,8,385,3,2,11,2324
7015,3,1,258,5,1,11,1087
7016,2,8,102,2,1,9,544
7017,6,8,816,3,1,4,2263
7018,2,6,1274,4,2,6,735
7019,3,8,380,4,2,10,2441
7020,5,6,216,3,2,11,144
7021,8,2,210,2,2,3,1988
7022,3,6,183,2,1,11,2279
7023,2,8,910,5,1,9,1063
7024,7,8,97,5,2,8,1805
7025,2,4,1449,2,2,9,599
7026,2,8,1190,5,2,10,439
7027,1,8,781,2,2,6,1334
7028,3,5,813,2,1,11,1173
7029,2,5,1087,3,2,8,1851
7030,3,1,1403,2,1,1,411
7031,2,3,181,4,1,1,178
7032,2,3,1114,2,1,10,2224
7033,2,1,1428,2,2,4,262
7034,5,4,679,3,1,1,2202
7035,5,1,438,1,1,7,2371
7036,3,6,1114,2,2,4,1275
7037,2,4,1017,3,2,1,1130
7038,5,7,26,2,1,1,1219
7039,2,8,321,2,2,6,2455
7040,3,2,657,2,2,6,1527
7041,1,3,1068,3,2,6,2464
7042,3,3,721,2,2,9,1665
7043,3,8,1183,2,2,7,2000
7044,6,1,2,3,1,7,2210
7045,3,1,1255,3,2,1,1442
7046,3,3,1004,3,1,8,863
7047,3,3,133,2,2,6,951
7048,2,7,922,5,2,11,2050
7049,5,6,1293,3,2,5,1569
7050,5,3,953,2,1,6,1643
7051,2,7,76,2,2,9,2145
7052,2,4,1422,3,1,4,1704
7053,6,8,961,1,2,7,1558
7054,3,8,932,3,1,3,1734
7055,2,4,880,1,1,2,759
7056,2,1,31,3,2,3,1154
7057,3,8,1076,2,1,7,450
7058,2,5,802,2,2,6,2002
7059,2,4,1052,3,1,3,810
7060,5,7,79,2,1,4,1183
7061,5,4,859,1,2,1,1892
7062,2,8,838,3,1,7,1841
7063,2,5,1153,4,2,5,1100
7064,3,5,1304,2,2,1,877
7065,2,4,374,5,2,4,385
7066,2,6,1181,1,2,11,1596
7067,2,5,407,1,2,4,436
7068,2,2,1107,3,2,7,1934
7069,2,8,837,2,2,11,1709
7070,6,7,776,2,1,6,465
7071,2,2,464,2,1,10,758
7072,2,6,1072,3,1,10,339
7073,2,5,1250,5,2,4,2278
7074,3,1,702,3,2,5,290
7075,7,6,641,3,1,2,180
7076,2,4,184,3,2,7,2244
7077,5,8,709,1,2,9,385
7078,2,4,676,3,2,9,1454
7079,1,4,547,3,2,7,162
7080,2,3,1324,4,1,7,1976
7081,2,8,603,1,1,8,759
7082,2,8,1152,3,2,5,2269
7083,2,6,781,1,1,1,1524
7084,3,2,23,4,1,10,787
7085,2,8,882,3,1,10,997
7086,5,7,994,3,2,11,723
7087,2,7,1378,1,2,10,1700
7088,3,4,654,3,2,3,2400
7089,2,7,1450,4,1,3,1131
7090,3,8,202,2,2,3,1364
7091,2,1,1060,2,1,11,701
7092,2,8,13,3,2,5,1400
7093,2,5,648,2,2,7,1812
7094,7,4,1403,2,1,9,1148
7095,5,2,1259,4,2,4,745
7096,2,5,465,2,2,8,1652
7097,2,4,1009,2,1,10,369
7098,2,7,1281,3,2,6,994
7099,2,7,57,1,2,3,1725
7100,3,5,1111,2,2,10,888
7101,2,6,408,2,1,5,1875
7102,2,6,81,2,2,8,1814
7103,3,2,45,2,1,1,1518
7104,2,5,841,4,2,3,993
7105,2,4,395,5,2,8,2215
7106,3,6,1187,3,2,7,1411
7107,2,2,752,1,2,1,1414
7108,4,4,454,3,2,4,2233
7109,5,5,186,2,1,5,1481
7110,2,3,1018,2,2,5,1260
7111,2,3,387,3,2,5,1524
7112,2,2,980,3,1,4,1443
7113,2,3,1075,4,2,9,290
7114,8,1,493,3,2,1,1025
7115,2,4,4,5,2,7,1149
7116,4,4,186,4,2,1,1010
7117,3,2,646,1,2,3,2353
7118,4,2,1231,2,2,11,314
7119,5,7,1106,3,2,10,2433
7120,5,5,589,3,2,5,827
7121,3,4,1251,2,2,11,692
7122,7,1,536,2,2,8,1284
7123,2,8,1029,2,1,11,328
7124,1,4,965,2,1,7,1288
7125,3,2,751,3,2,7,1795
7126,2,7,1414,5,2,5,1081
7127,6,4,962,2,1,10,2493
7128,4,8,284,3,2,7,601
7129,5,6,1126,3,1,10,1257
7130,2,7,1204,2,2,3,257
7131,6,7,836,3,2,11,714
7132,5,2,926,3,1,4,2479
7133,3,8,1077,5,1,4,2489
7134,8,7,1451,1,2,2,132
7135,2,7,635,2,1,5,2207
7136,2,1,1347,2,2,9,837
7137,3,4,410,3,1,2,2311
7138,2,2,376,2,2,11,1638
7139,3,3,1183,2,2,1,336
7140,2,1,39,1,1,10,733
7141,2,6,569,2,2,8,126
7142,2,8,117,3,2,5,136
7143,3,1,134,2,2,4,1012
7144,2,2,417,2,2,3,591
7145,2,7,1350,4,2,7,1655
7146,2,6,927,1,2,7,1032
7147,5,6,906,2,2,9,1517
7148,4,6,1034,1,1,4,592
7149,2,3,595,2,2,3,948
7150,3,1,658,2,2,6,1889
7151,2,4,657,2,1,6,448
7152,2,2,509,2,2,5,818
7153,8,8,960,3,2,2,1466
7154,2,3,1356,2,2,11,2271
7155,2,6,1097,2,1,2,2175
7156,2,4,191,2,2,5,1941
7157,6,7,544,3,1,3,2394
7158,3,2,67,2,1,3,338
7159,3,5,853,3,2,10,2223
7160,3,7,906,2,1,8,1604
7161,2,2,356,2,2,1,1815
7162,7,5,107,1,2,5,2195
7163,2,5,1061,2,2,5,484
7164,5,4,1048,5,2,9,995
7165,3,6,965,2,1,1,1870
7166,2,7,521,3,1,11,644
7167,2,5,1185,2,2,1,1742
7168,3,3,47,3,2,3,1949
7169,2,8,69,1,1,6,911
7170,2,6,1014,4,2,9,1923
7171,2,7,367,1,2,10,1035
7172,5,7,17,2,2,7,200
7173,4,4,561,3,1,11,919
7174,7,5,849,3,2,10,1995
7175,3,8,1345,2,2,9,2129
7176,3,1,253,2,2,2,2146
7177,2,8,553,2,1,5,2153
7178,2,4,666,3,2,1,1263
7179,7,4,290,2,1,8,1555
7180,5,7,1044,5,2,3,511
7181,5,3,27,3,1,7,994
7182,3,1,30,3,1,1,2087
7183,4,2,209,3,1,6,334
7184,8,3,300,2,1,11,1993
7185,2,4,310,4,2,9,2357
7186,2,1,607,2,1,5,1407
7187,3,1,605,1,1,7,1316
7188,2,4,760,3,2,7,334
7189,4,7,1237,3,2,8,928
7190,2,6,959,1,1,11,1674
7191,3,2,772,2,2,11,1537
7192,3,3,193,3,2,5,1153
7193,3,3,115,1,1,11,1471
7194,2,4,862,4,2,11,1315
7195,6,4,102,3,2,11,1406
7196,2,3,1041,4,1,4,1101
7197,5,5,250,1,1,1,1627
7198,5,3,1084,5,2,8,1931
7199,2,5,1060,5,1,6,615
7200,8,6,684,3,2,1,2186
7201,3,7,1422,3,2,5,2434
7202,3,5,270,2,1,10,1657
7203,3,7,1018,2,1,2,2080
7204,3,2,71,5,1,6,829
7205,2,8,648,4,1,1,1007
7206,5,4,54,2,1,4,2488
7207,3,5,1084,3,2,3,2310
7208,2,4,453,3,2,6,2473
7209,5,2,940,3,1,7,906
7210,5,2,247,2,1,5,861
7211,3,2,782,2,2,8,392
7212,2,2,1142,4,1,3,1075
7213,2,8,1416,2,1,3,1751
7214,2,8,1294,2,1,2,307
7215,3,3,1008,3,1,9,1372
7216,1,4,515,2,2,4,2329
7217,2,2,262,2,2,2,969
7218,2,1,1378,2,1,7,2230
7219,5,6,559,4,2,11,2225
7220,2,1,799,2,1,8,948
7221,2,3,1318,2,2,3,1313
7222,3,2,1446,3,1,9,1225
7223,5,5,230,3,1,4,1419
7224,5,4,1191,2,1,7,1107
7225,5,8,1404,2,1,9,1452
7226,2,3,84,2,1,7,1715
7227,4,6,411,1,1,5,584
7228,2,7,1242,2,1,10,1102
7229,2,5,689,2,1,1,922
7230,2,8,700,4,1,11,346
7231,2,5,374,3,1,2,848
7232,2,2,617,2,2,7,457
7233,3,6,1294,3,1,5,708
7234,3,4,1450,3,1,9,2480
7235,2,4,1172,2,1,3,180
7236,5,8,1109,3,2,9,1062
7237,5,6,290,1,2,10,1506
7238,2,5,1073,2,2,6,150
7239,2,6,471,3,2,10,1504
7240,2,7,1386,2,2,10,2442
7241,2,1,109,1,1,3,2087
7242,5,2,539,1,1,1,447
7243,2,7,420,3,2,10,1459
7244,2,2,1062,5,1,9,509
7245,2,1,40,2,1,11,838
7246,7,1,224,2,2,3,824
7247,2,6,706,4,1,2,1948
7248,3,5,863,3,2,1,553
7249,2,6,464,3,1,4,656
7250,5,1,615,2,1,7,590
7251,1,2,1427,3,1,3,174
7252,3,2,144,3,1,10,2021
7253,5,2,75,3,2,6,2125
7254,5,6,1373,5,1,3,356
7255,5,4,12,3,2,9,344
7256,5,7,1023,2,1,7,1685
7257,2,1,1045,3,1,6,802
7258,3,8,889,4,2,4,529
7259,6,5,1109,2,1,4,2410
7260,2,4,1177,3,2,4,1379
7261,6,8,466,2,1,5,1272
7262,3,6,727,2,1,1,583
7263,3,4,715,2,1,7,181
7264,3,2,485,3,1,9,1363
7265,7,4,131,3,2,6,1660
7266,2,1,1338,1,2,2,451
7267,2,5,26,4,1,7,795
7268,5,8,1189,1,1,3,275
7269,8,3,152,2,2,6,1195
7270,3,6,484,2,1,9,909
7271,2,7,856,3,1,10,1507
7272,2,7,997,1,2,8,2435
7273,1,3,372,2,2,6,2379
7274,2,8,1053,2,2,10,2476
7275,3,1,1253,2,2,5,1102
7276,2,3,495,3,1,4,2441
7277,2,2,1099,1,2,8,382
7278,2,6,575,2,2,6,1852
7279,2,5,898,1,1,11,2013
7280,5,2,840,3,1,8,1825
7281,2,1,724,2,1,9,1721
7282,2,6,90,5,2,4,2184
7283,3,1,635,5,1,10,992
7284,1,1,84,2,2,2,1604
7285,5,1,1294,2,2,7,1472
7286,2,6,1200,4,2,8,2288
7287,2,2,354,2,1,4,1702
7288,3,4,720,5,1,2,1727
7289,4,1,20,2,1,9,1808
7290,2,5,512,2,2,3,561
7291,2,2,1169,2,2,3,1987
7292,5,1,1324,2,2,9,707
7293,3,6,172,2,2,8,1176
7294,3,1,438,3,1,4,1317
7295,2,1,749,2,2,10,1819
7296,2,3,479,1,2,4,1911
7297,2,3,555,1,1,1,2258
7298,2,2,1057,1,2,1,2004
7299,6,7,1256,3,2,11,1657
7300,2,8,58,3,2,9,1896
7301,3,3,543,1,1,1,2091
7302,3,6,931,1,2,2,804
7303,2,3,551,2,1,7,1760
7304,4,6,917,3,1,2,742
7305,5,1,983,2,2,11,623
7306,6,2,146,2,2,4,394
7307,2,3,208,2,1,10,165
7308,2,3,333,1,2,2,2270
7309,2,2,982,2,2,3,1648
7310,2,6,672,3,2,6,2488
7311,2,4,392,3,2,7,2097
7312,4,7,1076,3,1,2,858
7313,2,6,924,2,2,9,1047
7314,1,3,844,3,1,2,319
7315,3,4,400,2,1,4,1398
7316,3,6,929,1,2,5,454
7317,2,6,480,2,2,8,221
7318,2,3,363,2,1,4,1607
7319,4,3,237,2,2,1,510
7320,2,8,1212,2,1,7,2022
7321,5,3,735,2,1,9,2213
7322,3,5,1242,3,2,11,1831
7323,4,3,1108,2,2,11,1589
7324,5,4,392,3,2,5,1304
7325,2,5,927,3,2,11,700
7326,3,1,545,2,1,2,1749
7327,2,6,728,2,1,11,953
7328,3,5,1347,2,2,9,816
7329,2,1,1175,2,1,3,1379
7330,2,7,557,3,2,2,363
7331,2,4,1273,1,2,4,1889
7332,8,6,1120,2,2,4,537
7333,3,6,1357,3,1,11,965
7334,1,6,672,2,1,10,1950
7335,2,7,705,2,2,5,972
7336,3,4,1052,4,1,1,821
7337,2,7,1379,5,2,10,1583
7338,2,7,1297,2,2,11,1638
7339,4,2,1438,1,1,1,1564
7340,6,2,335,2,2,10,158
7341,2,5,174,1,2,7,2134
7342,8,5,943,5,2,11,837
7343,5,6,630,2,2,5,444
7344,8,7,780,2,1,10,2384
7345,3,7,1262,5,1,6,1465
7346,6,1,260,2,1,7,743
7347,1,5,1192,3,2,1,267
7348,2,3,1105,2,1,5,1221
7349,2,4,1348,3,2,8,490
7350,2,7,383,2,1,3,872
7351,3,3,874,3,1,2,1101
7352,5,5,397,1,2,2,1972
7353,5,1,1249,5,2,4,1563
7354,5,3,565,2,1,7,437
7355,2,6,457,2,2,2,2019
7356,2,6,966,1,2,6,1769
7357,2,2,481,2,2,7,322
7358,5,2,609,1,2,9,1813
7359,2,2,1337,3,2,7,1847
7360,2,4,1438,3,1,1,520
7361,2,7,1255,5,2,8,1661
7362,2,1,749,2,2,3,1538
7363,2,6,419,2,2,7,1912
7364,2,1,1390,4,1,6,2498
7365,8,3,755,3,1,3,973
7366,2,8,1044,2,2,2,987
7367,4,6,528,2,1,4,1554
7368,2,2,1286,3,2,1,2247
7369,4,4,408,3,1,10,889
7370,3,7,570,2,2,10,1097
7371,7,2,788,2,2,7,935
7372,4,4,976,2,2,3,1354
7373,3,3,654,5,2,2,865
7374,1,7,1359,2,1,5,2335
7375,3,6,1318,5,1,7,2324
7376,5,7,280,3,1,1,2288
7377,2,7,680,2,1,1,924
7378,1,1,124,2,1,10,358
7379,7,7,1356,2,2,8,966
7380,2,1,901,2,1,5,337
7381,3,7,257,2,1,8,697
7382,1,3,863,2,1,11,1333
7383,5,4,920,2,1,3,1004
7384,6,6,1138,3,1,2,886
7385,2,1,275,2,2,7,2383
7386,2,8,1180,3,2,6,2143
7387,3,2,306,2,2,4,2108
7388,2,2,827,2,1,7,2044
7389,2,1,445,1,2,9,1654
7390,3,4,484,3,1,9,1718
7391,2,6,751,2,1,3,194
7392,2,1,199,4,1,1,184
7393,2,3,1342,3,1,4,431
7394,5,6,1452,3,2,10,683
7395,2,1,1383,2,2,1,180
7396,2,8,1412,2,1,7,1772
7397,3,2,910,2,1,2,1332
7398,2,6,1146,2,1,8,2040
7399,8,5,1164,2,1,5,153
7400,2,6,1048,1,2,10,738
7401,4,2,939,2,1,1,1479
7402,3,8,1273,5,2,2,2412
7403,4,6,1147,2,1,4,567
7404,2,3,951,2,2,3,1490
7405,2,8,1334,2,2,5,2317
7406,7,2,848,1,1,4,1184
7407,2,2,1048,3,1,2,1808
7408,5,4,410,2,1,11,1484
7409,2,8,1439,2,1,9,785
7410,5,3,793,5,2,7,682
7411,1,7,711,3,2,5,2180
7412,6,5,1325,2,1,11,1622
7413,2,6,642,2,1,4,1652
7414,2,3,666,2,1,10,2071
7415,6,6,875,3,2,5,140
7416,4,6,819,2,2,2,435
7417,2,5,333,1,1,8,2026
7418,3,7,249,3,2,2,1617
7419,2,6,1161,2,2,8,1051
7420,6,8,1183,2,2,5,491
7421,2,4,1229,2,1,4,1472
7422,3,3,17,2,2,7,612
7423,3,8,490,3,1,1,636
7424,8,7,809,2,1,7,2098
7425,7,6,104,2,2,10,1797
7426,2,6,278,2,2,5,2212
7427,3,7,588,2,2,6,938
7428,8,5,955,2,2,5,1841
7429,5,6,1028,2,2,7,1878
7430,5,7,1256,3,2,1,1566
7431,5,2,824,2,2,2,738
7432,2,1,1320,2,2,6,2124
7433,5,4,613,2,1,7,483
7434,2,2,114,2,1,8,404
7435,2,8,157,3,2,4,2370
7436,4,5,1087,2,1,11,1668
7437,2,7,492,3,2,3,2079
7438,2,4,395,3,2,9,546
7439,2,6,906,3,2,2,1000
7440,2,3,859,5,1,10,681
7441,7,6,1123,1,1,1,303
7442,5,4,140,2,2,6,1205
7443,2,6,1180,2,1,11,2069
7444,3,7,936,3,2,3,1939
7445,3,5,620,2,2,7,315
7446,2,8,987,2,1,8,1056
7447,5,6,934,3,2,2,1155
7448,2,8,1321,2,2,7,485
7449,5,3,816,3,2,10,1181
7450,2,3,204,2,1,5,1964
7451,2,1,612,2,2,5,2139
7452,2,1,1400,3,1,5,1511
7453,2,6,509,2,1,5,2123
7454,4,3,1341,2,1,10,2146
7455,2,6,869,2,2,5,2285
7456,2,2,804,3,1,7,1493
7457,8,7,199,3,2,11,2305
7458,3,7,1017,2,1,8,449
7459,2,5,819,2,1,11,1552
7460,6,7,58,4,2,4,596
7461,2,5,1414,4,1,7,2188
7462,5,3,198,3,1,9,262
7463,2,7,1157,3,2,2,353
7464,3,2,1305,3,1,9,1730
7465,3,7,581,2,1,6,1407
7466,2,3,1215,2,1,9,1676
7467,3,2,61,3,2,7,2475
7468,3,7,428,2,1,5,487
7469,5,8,381,2,1,5,1367
7470,4,8,648,2,2,1,682
7471,3,4,587,2,1,3,775
7472,3,8,94,3,2,6,171
7473,3,3,403,3,2,2,988
7474,5,1,1159,3,1,11,1611
7475,2,7,393,2,1,6,938
7476,3,6,61,3,1,5,946
7477,3,5,736,1,2,1,582
7478,6,5,281,3,2,3,2107
7479,3,4,760,1,1,1,415
7480,2,2,353,3,1,7,2311
7481,3,1,941,3,1,11,1091
7482,7,2,249,2,2,7,282
7483,4,1,861,2,1,1,448
7484,5,2,1288,3,1,8,1567
7485,4,3,459,2,2,7,814
7486,2,4,310,2,2,3,196
7487,3,3,972,3,1,2,551
7488,5,8,84,2,2,9,2402
7489,2,8,436,3,2,7,1598
7490,2,5,121,3,2,6,1068
7491,7,4,909,3,2,5,1903
7492,5,2,492,3,2,5,448
7493,6,8,1275,1,2,3,2203
7494,6,4,1135,2,2,5,2206
7495,2,7,908,3,1,8,1602
7496,1,2,229,3,2,2,1968
7497,2,8,1060,2,2,3,283
7498,5,3,812,3,2,3,1257
7499,2,7,137,3,1,6,1662
7500,2,8,228,2,2,1,1758
7501,8,7,551,2,2,5,268
7502,2,2,1392,5,2,9,207
7503,5,5,847,2,1,1,1330
7504,2,4,1100,2,1,6,800
7505,2,5,564,3,2,7,1453
7506,2,8,830,4,1,1,1678
7507,3,2,458,2,2,6,425
7508,2,8,1327,1,2,4,358
7509,2,7,220,2,2,4,459
7510,5,7,935,2,2,6,994
7511,2,5,1298,4,1,10,1540
7512,2,5,541,1,2,11,1630
7513,8,2,66,2,1,10,139
7514,2,2,463,2,2,11,1535
7515,2,3,762,2,2,8,1981
7516,5,3,1216,3,1,3,2392
7517,5,7,1162,2,1,7,1808
7518,5,8,1097,2,2,11,1962
7519,6,1,678,2,1,10,2348
7520,2,7,718,4,1,4,263
7521,6,2,681,2,1,3,989
7522,8,1,1035,2,2,3,1899
7523,4,2,531,2,2,11,2269
7524,3,8,963,3,1,6,2311
7525,4,1,635,2,2,11,1507
7526,2,6,1280,3,2,10,1296
7527,5,2,835,1,2,8,738
7528,2,5,836,4,1,1,1957
7529,7,7,358,2,1,4,895
7530,3,1,881,4,2,1,2102
7531,2,6,795,2,2,8,390
7532,1,7,111,3,1,5,2476
7533,3,6,238,2,1,3,2428
7534,3,8,1453,2,2,8,629
7535,2,3,1091,2,2,9,442
7536,4,6,1195,3,1,5,2186
7537,3,8,425,2,2,1,1558
7538,2,1,651,3,2,11,1239
7539,3,6,107,3,1,11,2288
7540,5,7,1092,2,1,6,1351
7541,5,7,649,4,1,5,1513
7542,2,6,234,2,2,11,1527
7543,2,3,596,2,1,6,1404
7544,3,3,1104,2,2,4,477
7545,8,2,1194,3,2,7,168
7546,5,4,1218,5,2,5,2225
7547,2,5,564,3,2,7,1545
7548,2,6,634,2,2,10,1563
7549,3,5,371,1,2,2,2272
7550,4,8,393,2,2,3,925
7551,2,6,1408,2,2,1,1960
7552,5,4,1162,2,1,3,1711
7553,2,7,741,5,1,8,2328
7554,2,7,149,2,2,5,1017
7555,2,3,221,3,1,9,1303
7556,1,1,605,2,1,1,643
7557,1,7,415,3,2,5,1694
7558,2,4,211,2,1,11,1958
7559,3,2,1139,4,2,11,2468
7560,2,7,1334,2,1,2,2438
7561,5,7,792,2,1,8,966
7562,3,6,1274,2,1,2,1246
7563,2,1,601,1,2,11,998
7564,2,8,1145,2,1,9,1411
7565,7,3,235,2,2,6,604
7566,5,4,1403,2,2,10,2458
7567,2,2,1249,2,2,9,1793
7568,3,5,60,3,2,2,1995
7569,7,7,791,4,1,9,1314
7570,3,2,537,5,1,4,2496
7571,2,5,1451,1,1,3,580
7572,3,6,798,2,2,4,1052
7573,3,4,1244,1,1,11,1458
7574,3,5,995,1,1,8,1120
7575,6,5,1239,2,2,7,783
7576,2,8,1397,2,2,6,1900
7577,3,7,689,3,2,1,2482
7578,2,2,810,4,1,2,2133
7579,2,6,868,2,1,10,591
7580,3,8,1207,4,1,2,2324
7581,1,3,1097,2,2,8,449
7582,2,7,474,3,2,5,205
7583,6,2,1092,2,1,5,1572
7584,2,6,874,2,2,6,1407
7585,2,7,186,4,2,3,2116
7586,2,7,930,3,2,2,169
7587,3,4,25,2,1,3,1641
7588,3,1,252,3,2,5,279
7589,2,8,1316,3,2,10,1175
7590,3,7,873,5,1,9,407
7591,3,8,303,2,2,5,224
7592,3,8,884,3,1,6,2179
7593,2,7,672,1,2,10,1676
7594,4,3,874,4,1,3,1420
7595,3,4,885,1,1,5,1280
7596,2,5,835,5,1,4,844
7597,2,1,2,3,1,7,1379
7598,5,5,125,3,2,8,446
7599,2,6,483,2,2,1,2095
7600,5,3,201,3,2,3,1989
7601,2,4,1335,2,2,9,1933
7602,3,3,1351,2,1,1,1626
7603,2,2,828,3,2,8,1364
7604,6,7,552,2,2,2,2454
7605,1,7,171,2,2,10,2441
7606,8,6,116,2,1,10,2175
7607,2,5,437,3,2,5,638
7608,7,5,63,3,1,3,2330
7609,3,8,709,5,2,7,617
7610,5,4,907,2,1,2,155
7611,2,5,1214,2,1,11,1884
7612,5,5,712,3,2,8,1376
7613,1,8,380,1,1,1,233
7614,2,3,74,2,1,6,2420
7615,2,3,881,2,1,3,270
7616,2,5,698,3,2,11,293
7617,2,2,1433,1,2,1,2139
7618,3,1,735,3,1,10,627
7619,7,7,883,2,1,1,1256
7620,2,6,1191,3,2,11,2209
7621,3,5,1189,4,1,3,2275
7622,3,6,420,3,1,6,625
7623,2,5,341,2,2,7,1177
7624,3,4,714,2,2,4,1790
7625,2,4,1221,4,2,3,1436
7626,3,2,465,1,1,3,2391
7627,2,1,1065,2,2,4,124
7628,5,5,1230,2,1,3,2276
7629,2,8,13,1,1,4,1886
7630,6,5,899,4,2,6,1071
7631,7,7,610,3,2,11,543
7632,2,1,67,2,2,9,347
7633,2,5,1252,2,2,11,1159
7634,2,3,824,1,2,10,381
7635,5,2,68,3,2,10,1574
7636,2,3,1393,3,1,7,195
7637,5,4,767,2,2,7,633
7638,2,2,1258,2,1,7,2114
7639,2,3,430,2,1,5,2306
7640,2,4,767,5,2,7,865
7641,2,7,1048,2,2,8,1271
7642,3,3,53,3,2,7,706
7643,2,4,691,5,2,3,1077
7644,4,5,1207,3,1,10,2175
7645,5,2,820,2,1,9,215
7646,2,2,117,2,1,10,1835
7647,3,5,784,2,1,6,470
7648,3,4,1231,2,2,8,1646
7649,5,2,279,3,2,6,1402
7650,2,2,19,3,2,4,1572
7651,2,5,1099,3,2,1,661
7652,2,7,1203,1,2,7,1218
7653,3,6,226,2,2,8,2414
7654,6,1,619,3,2,4,1456
7655,4,4,309,2,2,9,2401
7656,2,8,1413,4,1,8,2242
7657,5,4,1296,2,2,10,1964
7658,8,3,1336,3,2,2,2138
7659,2,2,453,2,2,10,415
7660,5,8,108,2,2,11,1220
7661,3,7,135,3,2,8,2128
7662,5,8,1178,5,2,4,2415
7663,3,1,275,2,2,10,193
7664,6,5,389,1,2,9,477
7665,2,2,1410,2,1,3,1259
7666,5,8,744,2,2,3,217
7667,2,8,1341,3,1,7,2235
7668,2,8,483,2,2,8,2256
7669,6,1,226,3,2,6,872
7670,5,4,396,2,1,6,1882
7671,2,4,110,2,1,10,525
7672,3,3,379,2,2,8,2190
7673,2,7,39,3,2,11,1089
7674,2,4,616,1,1,11,642
7675,5,1,139,3,2,10,947
7676,3,8,310,3,1,10,2321
7677,3,6,691,1,1,2,874
7678,5,2,1016,2,2,5,1034
7679,2,8,1062,2,2,2,1043
7680,2,3,1237,2,2,3,1575
7681,2,3,993,4,2,7,1067
7682,1,8,1228,3,1,1,870
7683,4,3,1035,5,2,4,456
7684,2,8,258,3,2,7,169
7685,2,6,1010,3,2,5,2022
7686,3,7,1058,2,2,5,2248
7687,5,1,541,2,1,3,685
7688,2,3,1346,3,2,8,447
7689,3,6,35,3,2,3,2254
7690,6,2,136,1,2,7,1938
7691,3,2,903,2,2,1,1653
7692,2,8,878,3,1,11,609
7693,3,5,910,2,2,3,1226
7694,2,7,1256,2,1,1,537
7695,2,6,758,3,2,4,501
7696,8,3,284,4,1,3,2171
7697,2,4,917,4,1,9,888
7698,2,6,608,2,2,2,1251
7699,3,6,1454,3,2,11,543
7700,1,8,289,3,2,5,1545
7701,5,1,1339,3,2,10,1503
7702,2,5,48,3,2,3,1530
7703,5,6,281,3,1,3,421
7704,3,7,1314,1,2,11,1649
7705,3,3,991,3,1,5,1863
7706,5,4,400,2,2,2,440
7707,2,7,715,4,2,5,2179
7708,6,8,489,2,1,3,471
7709,3,5,472,4,1,2,2192
7710,2,7,1400,2,2,5,1894
7711,3,2,771,1,2,3,2119
7712,2,6,1099,3,1,8,1630
7713,3,4,81,2,1,2,780
7714,2,1,244,5,1,7,374
7715,2,8,962,3,2,8,357
7716,5,3,1147,1,1,7,641
7717,5,4,1275,1,2,2,2115
7718,2,7,1255,2,2,9,1093
7719,3,6,12,2,2,10,1706
7720,3,8,91,3,2,6,1426
7721,2,1,597,5,1,9,1161
7722,2,7,265,2,2,3,2350
7723,5,8,1118,2,2,9,578
7724,2,2,724,3,1,3,764
7725,1,6,1138,3,1,3,924
7726,3,1,628,2,2,8,2475
7727,4,4,1455,5,2,6,2398
7728,2,3,1311,2,2,1,2393
7729,5,3,1091,2,2,2,2029
7730,2,2,94,3,1,10,2448
7731,5,5,1432,2,2,8,2034
7732,2,7,490,2,1,7,1944
7733,3,8,572,5,1,8,2392
7734,2,8,989,2,1,8,1828
7735,2,7,1182,2,2,6,1278
7736,3,4,609,5,2,7,1667
7737,3,7,931,2,1,6,1809
7738,3,6,8,1,2,11,513
7739,2,4,286,2,1,1,1343
7740,2,1,355,2,2,5,471
7741,7,8,817,2,1,10,1453
7742,5,8,177,3,1,1,989
7743,2,2,1043,3,1,2,775
7744,3,2,83,2,2,5,362
7745,7,4,121,3,1,2,1485
7746,4,4,1077,3,1,4,1594
7747,2,1,174,3,1,3,1015
7748,7,5,1298,5,2,9,1463
7749,2,4,345,1,1,10,930
7750,5,7,758,1,2,5,476
7751,2,5,441,2,1,2,1541
7752,3,2,1422,3,1,10,183
7753,3,2,596,2,1,6,2216
7754,2,2,719,2,1,6,1599
7755,3,8,964,3,2,5,750
7756,5,7,197,1,1,3,1559
7757,3,2,1042,2,2,8,817
7758,2,7,658,2,2,5,1642
7759,2,2,1330,4,1,10,271
7760,3,6,63,2,2,9,461
7761,7,8,1260,3,1,4,1401
7762,5,8,1326,2,2,4,335
7763,2,6,268,2,2,2,2431
7764,3,6,368,2,2,3,220
7765,2,3,1384,2,2,7,248
7766,6,6,447,3,2,6,884
7767,2,4,1339,2,2,7,421
7768,2,6,1312,2,2,7,2427
7769,5,4,164,5,1,9,1872
7770,4,5,1436,2,2,3,150
7771,2,2,1456,2,1,6,252
7772,2,1,1280,5,2,2,1058
7773,3,4,358,2,1,3,1279
7774,3,5,598,5,1,6,826
7775,2,3,820,2,2,11,2200
7776,3,5,25,1,2,1,613
7777,3,1,1205,2,1,8,2481
7778,7,5,245,2,1,4,1374
7779,2,8,219,2,1,5,602
7780,2,5,729,5,2,5,712
7781,5,6,774,3,2,6,1239
7782,5,3,84,2,2,11,1030
7783,5,8,560,3,2,1,535
7784,5,7,428,5,2,8,1147
7785,2,8,268,2,2,5,1621
7786,2,4,1349,2,1,3,2122
7787,2,6,1370,3,1,8,1800
7788,8,1,660,4,2,10,1155
7789,3,7,922,3,2,3,2132
7790,2,3,227,3,2,3,1874
7791,2,4,741,2,1,8,901
7792,4,4,565,3,1,10,1158
7793,7,1,789,2,2,8,388
7794,1,7,797,2,2,3,409
7795,2,1,1155,3,2,4,1404
7796,3,7,818,3,2,6,1143
7797,2,4,645,2,2,11,852
7798,2,5,1145,1,2,1,162
7799,2,7,249,1,2,9,600
7800,2,5,142,3,1,2,547
7801,3,5,1424,2,2,1,377
7802,1,5,18,5,2,5,409
7803,2,3,1450,3,1,7,2133
7804,1,4,1067,2,1,8,566
7805,2,6,1162,5,2,5,698
7806,2,3,163,4,2,8,1351
7807,2,8,1313,3,1,3,518
7808,2,5,403,1,2,7,1636
7809,2,7,650,2,2,8,1490
7810,5,2,61,2,2,11,1547
7811,5,1,5,3,1,5,2001
7812,7,4,1401,4,2,5,1490
7813,2,5,1144,3,1,7,2092
7814,5,5,1206,3,2,2,2309
7815,3,1,183,2,2,3,772
7816,8,1,467,2,1,9,2245
7817,2,6,1258,2,2,7,2206
7818,6,3,1009,2,2,6,1991
7819,5,7,1169,3,2,1,1353
7820,5,4,894,2,2,11,307
7821,2,8,95,2,2,7,1560
7822,3,1,184,2,2,5,1847
7823,3,8,247,2,1,6,1496
7824,2,4,440,5,1,2,881
7825,2,3,976,2,2,8,2071
7826,8,4,1207,2,2,10,1665
7827,2,5,968,2,2,6,964
7828,2,2,1087,1,1,2,2170
7829,3,8,267,2,1,8,819
7830,2,2,517,2,2,1,340
7831,3,7,729,3,1,2,279
7832,3,6,769,2,1,5,2015
7833,2,6,76,1,1,6,1433
7834,5,6,1187,3,1,5,990
7835,2,8,1398,2,1,2,1110
7836,4,2,373,2,2,3,1731
7837,8,1,632,3,2,10,413
7838,2,8,298,5,1,4,781
7839,7,1,77,3,2,8,300
7840,3,1,704,2,2,1,589
7841,3,5,383,3,2,6,1342
7842,2,3,1398,3,1,11,1949
7843,2,5,1199,3,2,7,1456
7844,8,7,510,3,2,9,920
7845,2,4,621,2,1,3,2131
7846,2,6,1379,5,1,10,885
7847,2,6,723,2,2,3,1334
7848,3,8,1130,3,1,10,1837
7849,8,1,617,2,2,4,253
7850,3,8,216,2,2,1,565
7851,2,5,467,3,2,7,1691
7852,2,8,913,3,1,11,1985
7853,2,8,1024,1,1,10,1261
7854,2,5,719,3,1,3,1021
7855,3,1,1290,3,2,5,2073
7856,2,3,272,2,1,11,1533
7857,7,3,510,3,2,7,1824
7858,3,5,1033,2,2,5,230
7859,7,7,191,4,1,6,2384
7860,8,5,658,2,1,4,1002
7861,8,3,619,3,1,1,269
7862,2,2,1284,2,2,7,2112
7863,8,2,1218,4,1,2,717
7864,5,6,1456,3,2,11,1199
7865,5,5,406,2,2,7,905
7866,2,3,581,2,1,1,2274
7867,2,1,628,3,2,9,1012
7868,6,1,1131,2,2,10,1370
7869,2,2,1283,2,1,4,1338
7870,2,3,1033,2,1,9,1929
7871,2,2,180,2,2,3,1488
7872,1,8,552,3,2,2,1739
7873,3,2,1408,3,1,5,208
7874,8,8,43,1,1,3,2356
7875,2,5,1128,3,1,6,1128
7876,2,5,157,3,1,4,1988
7877,3,7,268,3,2,4,2005
7878,3,3,718,3,2,10,675
7879,2,6,857,3,2,5,351
7880,2,5,838,2,2,6,915
7881,2,6,722,2,2,10,2453
7882,2,2,929,1,2,10,1129
7883,5,4,258,2,2,10,1509
7884,2,2,1091,1,2,6,2121
7885,2,7,1222,3,2,7,951
7886,2,3,858,2,2,7,1579
7887,2,3,661,1,2,4,1939
7888,8,4,1343,3,2,11,2030
7889,2,2,270,3,2,6,604
7890,2,6,336,2,2,4,1216
7891,2,6,295,4,1,2,2053
7892,3,2,141,1,1,11,296
7893,3,7,508,2,2,8,1767
7894,2,1,218,1,1,1,1125
7895,5,1,385,2,1,5,1059
7896,3,6,28,2,2,3,947
7897,2,8,95,4,1,6,376
7898,2,7,761,1,1,8,682
7899,3,1,304,3,2,1,2148
7900,3,4,930,3,1,10,2138
7901,6,4,57,2,1,4,925
7902,2,8,1368,2,1,4,697
7903,5,8,764,2,1,11,488
7904,2,5,238,2,2,6,1242
7905,4,3,334,3,2,1,2354
7906,3,3,831,2,2,6,1763
7907,3,1,617,3,2,10,821
7908,2,7,580,2,2,9,1822
7909,2,2,390,2,1,1,2230
7910,5,5,381,2,1,11,1516
7911,2,1,1186,3,1,11,1740
7912,2,4,975,3,2,3,1550
7913,2,7,973,2,2,5,1009
7914,2,2,848,3,1,10,347
7915,3,4,1061,3,2,2,134
7916,2,2,112,5,1,11,248
7917,2,7,1263,3,2,3,1812
7918,2,6,319,2,2,2,1237
7919,7,5,955,2,2,4,875
7920,8,5,932,2,2,8,1944
7921,3,6,682,2,1,9,1522
7922,3,2,415,3,2,8,1231
7923,2,2,1289,5,1,10,1153
7924,3,8,503,2,1,10,806
7925,5,4,918,4,1,1,1070
7926,3,7,1375,2,2,9,649
7927,2,8,1226,3,2,5,1235
7928,3,1,175,2,2,2,2465
7929,8,3,297,2,1,9,1746
7930,4,4,46,2,2,2,2280
7931,5,6,473,2,2,1,1594
7932,2,8,1096,3,2,3,510
7933,2,1,291,3,1,6,2153
7934,7,5,1067,1,1,3,1050
7935,2,5,1366,2,2,6,940
7936,3,7,1338,3,1,3,1541
7937,2,5,1196,5,1,10,874
7938,3,3,87,1,2,2,525
7939,3,6,202,3,2,2,2459
7940,1,4,621,2,2,4,1334
7941,2,8,1233,3,1,3,2317
7942,5,3,743,4,2,8,1278
7943,7,2,1390,3,2,1,2134
7944,8,2,991,1,2,6,967
7945,3,5,920,2,1,6,1833
7946,3,6,235,5,1,5,2081
7947,6,8,644,2,2,10,799
7948,3,1,429,1,2,11,1797
7949,3,2,464,2,1,8,1600
7950,2,1,74,3,1,11,235
7951,2,4,648,2,2,1,1989
7952,2,1,997,2,1,5,2161
7953,3,8,638,2,2,4,991
7954,5,4,496,3,1,8,2127
7955,2,4,281,5,2,11,2358
7956,5,2,440,2,2,10,454
7957,3,1,387,2,2,11,1870
7958,3,1,55,2,2,2,2098
7959,6,4,420,2,2,10,1728
7960,2,4,1212,2,2,7,1817
7961,5,1,274,2,2,2,2273
7962,3,3,1337,2,1,8,532
7963,5,7,229,4,1,11,497
7964,2,8,573,2,2,11,1622
7965,2,4,972,3,1,5,1195
7966,3,6,389,1,1,2,820
7967,2,5,450,3,2,1,2418
7968,2,3,562,3,2,9,605
7969,7,1,1104,4,2,2,1002
7970,3,3,1218,2,2,11,670
7971,7,8,348,2,1,1,1136
7972,3,8,788,2,2,11,887
7973,3,8,587,3,2,7,210
7974,6,8,524,3,1,6,2370
7975,8,3,440,3,2,8,666
7976,2,6,1372,5,2,10,1161
7977,4,6,1133,3,1,3,1726
7978,2,1,402,2,1,3,2442
7979,2,7,1066,2,2,6,1313
7980,3,8,56,2,2,6,1079
7981,6,4,498,2,1,3,549
7982,6,3,1438,2,1,6,2061
7983,2,7,607,5,1,1,954
7984,5,6,665,3,2,1,1984
7985,5,8,773,2,2,5,1963
7986,2,6,1336,5,1,4,373
7987,3,3,202,5,2,11,2365
7988,3,6,364,5,2,2,179
7989,2,2,667,2,2,3,1633
7990,5,7,1308,2,2,11,780
7991,2,7,729,2,2,1,1722
7992,2,8,478,4,2,6,1587
7993,2,6,360,3,1,10,1850
7994,5,1,1325,2,1,5,2206
7995,3,1,152,5,2,10,1399
7996,2,5,790,3,2,6,2133
7997,3,7,243,1,1,11,698
7998,2,8,1275,3,1,6,1425
7999,1,5,1437,3,2,2,577
8000,3,3,895,2,1,11,1140
8001,2,4,276,2,2,8,433
8002,2,1,312,2,2,6,901
8003,2,5,1321,2,2,2,385
8004,8,3,549,5,2,1,1786
8005,3,5,499,5,1,9,1858
8006,5,6,585,3,1,4,1594
8007,2,7,82,2,2,10,2269
8008,3,2,64,2,2,11,1319
8009,8,7,915,3,2,8,1949
8010,2,5,1322,3,1,2,926
8011,3,6,43,2,2,9,544
8012,8,8,1239,2,1,8,2020
8013,5,7,1248,3,2,11,2117
8014,2,7,1173,3,2,2,1210
8015,2,2,801,3,2,9,1405
8016,2,7,793,3,2,8,197
8017,4,5,582,1,2,2,135
8018,3,1,1247,3,2,6,1170
8019,8,2,1433,2,2,5,2125
8020,2,8,352,2,1,2,1199
8021,2,4,371,3,2,8,220
8022,2,4,433,3,2,1,818
8023,2,7,1303,3,2,8,2378
8024,2,6,1421,4,1,6,620
8025,2,1,439,3,2,9,2090
8026,7,6,4,2,2,6,1029
8027,2,7,451,2,2,1,859
8028,3,7,562,3,2,10,987
8029,8,4,812,2,1,5,1283
8030,6,5,275,2,1,7,1924
8031,2,6,538,4,1,4,1315
8032,8,3,1049,3,2,4,1842
8033,2,6,346,2,2,3,1820
8034,2,6,1398,2,2,8,802
8035,4,8,147,2,2,5,976
8036,5,1,1028,1,1,11,1407
8037,4,6,1326,2,1,6,1335
8038,5,7,642,1,2,3,1092
8039,2,2,1136,5,2,1,1722
8040,3,6,1272,3,2,8,832
8041,2,4,404,5,1,8,543
8042,3,5,1147,2,2,7,933
8043,2,3,1054,2,1,7,2259
8044,2,7,53,2,1,4,351
8045,4,3,552,2,1,11,2303
8046,1,4,722,1,2,10,306
8047,3,6,655,2,1,6,2203
8048,3,3,1421,2,1,6,2188
8049,5,1,35,2,2,8,2426
8050,3,3,1366,3,2,1,719
8051,6,5,772,3,2,6,135
8052,2,6,831,1,2,2,686
8053,2,3,288,3,2,5,781
8054,1,7,1251,2,1,9,2445
8055,1,4,339,2,1,1,515
8056,3,5,1105,3,1,6,2099
8057,2,4,1372,2,1,9,1664
8058,7,3,759,1,2,5,715
8059,3,5,484,3,2,5,1679
8060,5,4,450,3,2,11,679
8061,3,6,461,3,1,3,1405
8062,2,5,1191,2,2,2,1775
8063,2,3,371,3,1,7,2103
8064,3,5,338,3,1,3,1503
8065,2,6,686,3,2,3,518
8066,2,5,655,2,1,2,2453
8067,2,1,761,3,2,4,345
8068,2,7,102,5,1,8,1368
8069,2,4,1102,2,1,4,1260
8070,2,3,930,2,1,4,1921
8071,8,4,478,2,1,10,576
8072,2,5,753,3,2,10,1842
8073,2,1,343,3,2,6,1097
8074,2,4,690,2,1,9,2133
8075,4,1,708,1,2,3,160
8076,2,2,1061,5,2,7,1058
8077,2,5,345,3,1,4,532
8078,2,2,215,2,2,7,2410
8079,5,1,57,2,1,4,1652
8080,5,4,444,2,1,6,627
8081,2,4,958,2,1,3,2161
8082,2,4,1228,1,1,4,2317
8083,2,6,69,3,1,5,1743
8084,3,5,1393,1,2,7,2394
8085,5,8,699,4,2,1,1264
8086,2,2,123,3,2,8,1947
8087,3,3,244,5,1,6,1366
8088,2,8,1,3,2,8,2356
8089,3,4,1205,2,1,8,1370
8090,3,4,1335,2,2,9,722
8091,1,8,688,3,1,4,1251
8092,2,8,943,3,1,3,2337
8093,3,6,872,1,1,1,1209
8094,2,2,610,3,2,9,350
8095,2,5,373,2,2,11,1669
8096,2,3,170,2,2,2,1476
8097,2,6,148,2,2,9,1266
8098,2,1,588,2,2,10,273
8099,6,8,1082,2,2,8,431
8100,3,8,1361,3,2,9,1489
8101,2,2,362,2,1,2,2035
8102,2,6,162,3,1,11,2415
8103,2,1,677,2,2,7,2022
8104,2,4,208,2,1,7,1346
8105,2,5,281,3,2,3,1530
8106,3,7,728,2,2,4,1521
8107,1,4,599,4,2,10,1614
8108,3,5,1205,3,1,9,1059
8109,3,8,35,2,2,1,764
8110,5,7,558,3,1,3,2353
8111,2,1,929,2,2,7,2125
8112,2,6,703,3,1,11,1093
8113,3,2,613,2,2,2,131
8114,5,7,401,3,1,11,2362
8115,3,5,4,3,1,3,2261
8116,2,5,449,1,1,4,139
8117,8,7,948,2,1,1,506
8118,2,8,442,3,2,9,1432
8119,5,6,1411,3,1,9,1125
8120,1,4,431,3,1,3,777
8121,2,8,1453,1,2,11,706
8122,7,5,445,2,1,5,1553
8123,5,3,456,3,2,2,2174
8124,1,1,1,2,2,8,1233
8125,2,2,1442,2,1,5,1016
8126,8,6,1381,2,2,2,876
8127,2,3,1455,3,2,6,1539
8128,5,5,10,3,2,6,1245
8129,2,5,811,3,1,11,320
8130,2,7,698,2,1,5,1736
8131,2,3,319,3,2,6,2038
8132,2,5,729,2,1,8,1758
8133,2,7,852,3,2,11,585
8134,2,1,1218,2,1,5,369
8135,2,8,261,2,2,1,245
8136,2,5,1362,3,2,2,430
8137,2,2,69,5,2,9,931
8138,2,1,1098,2,2,11,2396
8139,4,7,471,3,1,8,316
8140,3,6,1080,2,1,4,2016
8141,2,8,1110,5,2,1,1960
8142,3,1,450,2,1,8,1462
8143,5,6,114,3,2,1,410
8144,2,6,1268,2,1,9,2186
8145,2,1,523,1,1,10,1836
8146,3,2,1212,2,2,9,2387
8147,8,7,673,2,1,5,121
8148,3,8,284,3,1,3,299
8149,5,5,253,2,2,1,1547
8150,2,4,898,2,2,2,1001
8151,5,1,326,2,1,5,2354
8152,2,6,1401,2,2,2,1530
8153,2,1,694,1,1,6,383
8154,3,6,416,3,2,11,149
8155,8,6,1048,2,1,3,1320
8156,2,3,1111,5,1,7,747
8157,2,4,879,1,1,10,222
8158,5,8,1244,2,2,10,2440
8159,3,2,408,2,2,9,1116
8160,2,8,295,2,2,1,755
8161,2,4,882,3,2,3,246
8162,2,7,1255,3,1,10,2450
8163,3,2,1388,4,1,4,138
8164,7,7,696,2,1,6,1315
8165,2,4,295,5,1,3,2289
8166,1,7,1320,2,1,4,2455
8167,2,6,256,2,1,11,920
8168,2,8,1067,5,1,10,372
8169,3,6,7,3,2,5,2375
8170,3,5,1085,3,2,4,2096
8171,2,6,515,2,1,3,985
8172,5,6,394,4,1,7,1328
8173,5,8,258,2,2,8,1077
8174,2,4,1202,2,2,2,1955
8175,2,2,314,3,1,10,1995
8176,2,6,1087,2,1,11,1371
8177,5,5,1212,2,1,6,1259
8178,2,7,1390,2,2,9,1394
8179,5,7,154,5,1,1,172
8180,3,3,655,2,1,8,768
8181,5,8,1408,3,2,6,960
8182,3,7,816,5,1,4,912
8183,2,3,1161,1,1,6,2214
8184,1,7,858,5,1,10,1002
8185,5,4,1362,3,2,9,1224
8186,3,8,1152,2,1,5,1577
8187,3,7,850,2,1,5,446
8188,3,5,34,3,2,3,2439
8189,2,4,242,2,2,9,412
8190,2,8,134,4,2,3,1929
8191,2,7,1082,1,2,5,2117
8192,6,6,713,1,2,1,1839
8193,3,5,778,2,1,10,713
8194,2,3,795,3,2,7,1768
8195,3,7,1214,3,1,8,688
8196,2,7,1299,2,1,8,976
8197,2,8,540,2,2,10,2028
8198,2,7,68,1,2,1,1016
8199,3,4,724,3,1,10,229
8200,6,2,150,2,1,10,1125
8201,6,6,839,2,2,10,683
8202,2,6,80,1,1,1,477
8203,3,4,544,2,1,7,1685
8204,7,4,1372,3,1,1,968
8205,2,1,1181,3,2,5,1246
8206,5,6,958,5,2,4,397
8207,4,1,73,3,1,3,1194
8208,3,1,822,2,2,1,838
8209,2,2,494,2,1,8,248
8210,8,1,149,2,2,3,673
8211,4,1,395,2,2,10,2004
8212,5,1,1440,1,2,4,1463
8213,2,1,1198,3,2,4,524
8214,5,1,1382,2,2,1,1670
8215,2,5,224,3,1,1,298
8216,2,1,1063,2,2,4,842
8217,3,4,241,3,2,6,1866
8218,6,5,393,4,2,11,2476
8219,5,7,794,3,2,6,2190
8220,5,5,972,3,1,4,1801
8221,3,5,1333,2,1,6,1956
8222,2,4,322,2,1,11,1999
8223,4,6,335,2,1,2,574
8224,3,5,568,3,2,11,2256
8225,7,8,868,3,2,4,1379
8226,3,6,157,2,2,4,2340
8227,5,7,763,3,2,10,1150
8228,4,5,914,3,1,5,480
8229,2,5,1241,2,2,1,1871
8230,2,5,857,3,2,3,1227
8231,2,2,436,2,2,3,2380
8232,1,6,287,2,2,4,496
8233,5,6,164,5,2,3,1614
8234,5,2,86,3,2,6,1177
8235,2,1,614,2,2,2,710
8236,5,5,999,2,2,5,1920
8237,3,3,308,4,2,6,2487
8238,2,6,463,2,2,9,563
8239,6,6,1044,3,2,10,2432
8240,2,8,726,3,1,1,2416
8241,2,3,905,2,1,3,1961
8242,2,3,945,2,1,11,384
8243,2,4,1044,2,2,7,1686
8244,3,3,495,4,1,8,2468
8245,2,7,1438,2,1,5,876
8246,5,2,306,3,2,9,617
8247,2,5,1200,5,1,10,1568
8248,3,5,785,3,2,8,1721
8249,3,3,1220,2,1,1,750
8250,5,1,885,3,1,1,1762
8251,2,5,565,1,2,8,2135
8252,6,1,1135,4,1,9,624
8253,3,5,1006,2,2,9,2355
8254,2,8,336,2,1,11,431
8255,2,8,1456,4,2,6,1470
8256,2,4,1014,5,1,7,1029
8257,5,8,685,2,1,5,1331
8258,2,1,923,4,2,10,1055
8259,2,2,607,2,2,4,1931
8260,2,5,180,2,2,8,1609
8261,2,5,1215,3,1,3,809
8262,5,6,158,3,2,11,1342
8263,3,5,176,2,2,7,2255
8264,2,6,1201,5,2,6,1485
8265,2,4,1405,2,2,10,1035
8266,2,3,406,2,2,8,1291
8267,5,6,756,3,1,6,247
8268,7,7,626,2,1,2,255
8269,2,3,832,3,1,5,375
8270,2,5,1393,2,1,4,2202
8271,2,6,794,3,1,3,417
8272,1,3,129,2,2,6,907
8273,3,4,403,2,2,5,1018
8274,2,6,393,2,2,3,247
8275,2,3,30,5,2,6,444
8276,2,6,862,1,2,4,1384
8277,3,4,22,1,1,7,936
8278,2,3,463,1,1,1,2375
8279,2,4,1042,3,1,3,2474
8280,3,1,1013,2,2,5,579
8281,2,5,963,2,2,2,964
8282,3,5,818,3,1,9,2083
8283,2,6,141,2,2,10,350
8284,5,8,718,2,2,1,1044
8285,2,3,988,2,1,4,1950
8286,1,1,933,2,2,4,647
8287,2,5,334,2,1,2,2172
8288,2,6,316,2,2,10,1777
8289,7,5,1043,3,1,1,290
8290,4,4,732,2,2,1,1200
8291,2,1,1073,1,2,10,907
8292,1,7,1303,5,2,10,861
8293,2,5,360,5,2,5,2075
8294,3,4,776,3,2,11,2007
8295,2,8,1446,1,1,10,1831
8296,2,7,456,3,1,1,1833
8297,3,7,533,2,2,4,633
8298,3,4,73,3,2,4,2307
8299,3,4,685,1,2,4,542
8300,3,2,545,2,2,5,2179
8301,8,4,1164,3,1,2,793
8302,2,7,786,1,2,3,281
8303,2,1,1443,3,1,7,1923
8304,5,8,1010,5,2,10,2158
8305,2,3,392,2,1,9,136
8306,3,1,825,1,1,5,149
8307,3,6,1403,3,2,5,1229
8308,2,3,538,1,2,9,1564
8309,8,5,431,3,2,8,974
8310,2,1,1262,2,2,8,2375
8311,2,3,805,5,2,5,1890
8312,2,5,638,5,2,4,2449
8313,2,4,550,2,1,3,1766
8314,2,1,1351,3,2,10,1814
8315,5,3,1428,2,2,10,933
8316,5,4,93,2,1,4,1081
8317,7,6,555,3,2,3,1722
8318,2,4,1311,2,2,6,1779
8319,2,8,1000,2,2,3,2076
8320,6,5,572,1,1,3,1901
8321,2,5,1187,5,2,1,475
8322,6,6,337,2,1,9,1123
8323,7,6,924,2,2,5,329
8324,1,6,490,3,2,11,1951
8325,2,3,1377,2,1,10,786
8326,2,6,1063,2,2,1,598
8327,3,4,749,2,2,4,1136
8328,5,4,478,5,2,3,607
8329,2,2,1422,5,1,7,2307
8330,5,4,994,1,2,6,2326
8331,2,7,845,2,2,8,401
8332,3,3,1438,3,1,8,360
8333,4,6,1001,4,1,8,644
8334,2,6,139,3,1,5,1609
8335,2,2,626,2,1,3,1634
8336,2,1,834,1,1,4,416
8337,2,7,799,2,2,7,1628
8338,2,6,88,3,2,8,751
8339,2,5,1158,3,1,9,741
8340,2,6,871,2,2,5,1735
8341,7,3,1072,2,2,10,2473
8342,1,3,644,4,1,4,2170
8343,2,7,1253,2,2,7,629
8344,2,6,1179,2,1,10,1381
8345,2,3,700,3,1,4,1074
8346,5,8,670,3,2,3,1415
8347,5,8,842,5,1,4,441
8348,6,7,1214,1,1,8,2253
8349,2,4,339,2,2,8,1669
8350,5,8,761,3,1,6,1212
8351,3,8,873,3,2,8,1298
8352,1,5,1262,4,1,4,1958
8353,3,7,277,2,2,3,583
8354,2,4,891,2,1,7,1979
8355,3,6,1307,5,1,11,1230
8356,7,7,157,3,2,6,2390
8357,2,5,446,3,2,6,1170
8358,2,2,48,1,2,2,223
8359,2,1,1184,2,1,2,1074
8360,2,2,706,3,2,10,178
8361,2,6,1360,3,1,5,198
8362,6,1,1392,3,1,3,2319
8363,3,6,374,2,1,3,1242
8364,5,7,654,3,2,9,260
8365,5,4,6,2,1,9,1029
8366,7,7,1034,1,1,1,1085
8367,8,7,559,2,2,6,215
8368,3,4,1431,2,2,2,332
8369,3,7,583,3,1,5,1301
8370,2,4,628,2,2,11,845
8371,2,8,650,3,1,2,825
8372,2,1,970,1,1,11,2255
8373,2,6,365,2,2,6,1323
8374,5,1,991,2,1,11,396
8375,3,5,1031,3,2,9,1331
8376,2,3,374,3,2,7,2015
8377,6,6,305,3,2,1,193
8378,2,2,373,3,2,6,259
8379,3,2,279,2,2,2,590
8380,5,6,481,2,2,11,2283
8381,3,5,225,2,2,2,2115
8382,2,6,224,2,2,3,558
8383,5,7,957,2,1,8,2426
8384,2,1,751,3,1,7,885
8385,3,3,459,2,1,4,1549
8386,2,5,160,5,2,3,614
8387,3,4,1250,1,2,1,1978
8388,2,3,1121,3,2,10,2240
8389,5,2,1147,1,2,4,2444
8390,2,3,1034,4,1,8,1564
8391,1,8,677,2,2,1,280
8392,4,3,490,4,2,2,753
8393,2,6,1028,5,2,10,2488
8394,2,8,6,2,2,2,2494
8395,5,7,831,1,1,9,1632
8396,2,8,1102,5,2,1,1303
8397,2,8,1139,2,1,6,555
8398,2,4,485,5,2,4,933
8399,3,8,1416,2,1,9,1957
8400,2,8,344,1,2,6,1610
8401,2,8,1060,2,2,9,659
8402,3,8,356,2,1,2,521
8403,2,2,242,4,2,2,1846
8404,2,3,876,2,1,6,2057
8405,8,1,851,1,1,10,660
8406,3,3,471,3,1,2,1930
8407,2,6,315,1,1,4,2154
8408,2,5,501,3,2,4,790
8409,3,5,51,5,1,5,982
8410,2,8,518,3,2,7,611
8411,6,7,744,2,1,10,2253
8412,5,5,653,5,1,11,1300
8413,6,7,451,2,2,1,2443
8414,7,1,936,3,2,5,2235
8415,3,3,1003,1,2,7,805
8416,3,4,1456,5,1,3,394
8417,7,4,58,5,2,10,1825
8418,3,8,322,3,2,3,418
8419,2,2,961,3,2,8,226
8420,3,3,278,3,2,4,1355
8421,2,5,648,2,2,2,1061
8422,5,7,485,2,1,6,1531
8423,5,5,1457,2,2,5,2438
8424,6,8,1370,4,2,7,674
8425,3,2,1166,1,2,2,926
8426,5,3,16,3,2,5,226
8427,2,5,860,2,1,5,133
8428,2,2,868,2,2,3,905
8429,1,6,348,2,2,8,1142
8430,5,7,320,3,1,7,1478
8431,3,8,1127,4,2,9,1164
8432,2,5,386,2,2,10,1883
8433,5,6,293,2,2,6,1475
8434,4,3,195,5,2,5,308
8435,2,7,1389,3,1,5,1346
8436,5,1,784,2,1,11,2232
8437,2,4,920,2,1,6,1872
8438,2,3,735,3,1,1,1943
8439,5,1,1244,3,1,7,2274
8440,2,2,628,2,1,2,2121
8441,2,1,1144,4,2,3,154
8442,5,2,1332,2,2,5,1745
8443,5,5,1369,3,2,8,617
8444,2,3,1407,2,2,9,965
8445,8,2,1431,2,2,9,1407
8446,2,8,1089,3,1,1,909
8447,6,7,1290,2,2,2,1189
8448,5,3,503,3,1,5,408
8449,2,3,928,2,2,11,876
8450,2,2,1327,2,2,3,186
8451,2,2,795,2,2,6,2024
8452,2,7,196,3,2,3,1577
8453,3,1,1075,4,1,3,245
8454,2,5,1154,3,1,10,535
8455,2,5,851,5,2,5,1153
8456,5,6,1444,3,1,11,2430
8457,2,1,242,3,1,10,1077
8458,3,1,1264,5,2,7,1835
8459,2,3,787,2,2,7,1769
8460,5,7,727,3,2,8,2235
8461,3,3,499,3,2,2,251
8462,5,2,503,2,1,5,1488
8463,2,8,1149,2,2,2,430
8464,2,6,1348,3,2,6,560
8465,2,3,793,3,2,5,986
8466,2,1,1273,2,1,10,1218
8467,2,6,324,3,2,1,1219
8468,3,1,1186,2,2,8,366
8469,3,1,759,3,2,7,670
8470,7,1,1363,1,1,10,199
8471,2,5,23,3,1,10,480
8472,3,1,1289,2,1,1,2124
8473,6,5,778,1,2,1,641
8474,3,7,18,2,2,1,1010
8475,3,3,10,2,1,4,457
8476,6,1,338,3,1,7,148
8477,6,4,624,3,2,8,886
8478,2,2,1386,2,2,9,2321
8479,3,4,266,3,2,8,740
8480,3,2,958,2,2,4,1720
8481,5,4,1114,1,1,3,1053
8482,8,5,1011,4,2,7,614
8483,2,8,236,3,1,6,138
8484,7,5,840,2,2,10,2195
8485,3,6,591,2,2,10,1904
8486,2,1,303,2,2,1,1926
8487,5,1,1315,3,2,5,1204
8488,2,8,316,3,1,6,157
8489,2,1,21,4,1,4,2455
8490,6,1,536,2,1,10,2464
8491,2,7,449,5,2,11,2380
8492,3,6,840,3,2,1,847
8493,5,3,651,2,2,4,1867
8494,6,5,1191,2,2,11,950
8495,4,5,1120,3,2,4,517
8496,3,2,110,3,2,2,2297
8497,3,4,207,4,2,10,2178
8498,2,8,240,2,2,8,139
8499,3,1,1240,3,2,9,2184
8500,8,5,1422,1,1,5,2412
8501,5,7,787,1,2,4,2051
8502,2,2,945,3,2,4,1867
8503,2,8,883,2,1,5,314
8504,8,6,672,2,2,8,2383
8505,7,2,110,2,1,2,813
8506,3,4,1236,3,1,4,2396
8507,3,1,958,1,2,4,786
8508,2,2,702,1,2,1,854
8509,5,1,469,1,2,5,372
8510,3,7,111,2,1,5,833
8511,5,6,311,3,1,8,1467
8512,2,6,1142,4,2,5,1091
8513,2,7,294,2,2,9,2246
8514,2,6,126,3,1,2,1016
8515,8,4,819,2,1,9,1202
8516,8,2,867,2,1,6,1579
8517,7,1,634,2,1,7,1444
8518,8,5,136,2,2,4,1984
8519,3,1,595,1,1,11,1398
8520,2,2,1291,2,2,11,1449
8521,5,6,395,5,2,7,173
8522,2,3,1233,4,2,6,1325
8523,2,5,1441,4,1,4,2475
8524,2,8,397,2,2,4,1019
8525,2,1,311,2,1,10,1196
8526,5,4,1258,2,2,10,1572
8527,2,8,1031,5,1,1,1972
8528,2,1,1230,2,2,5,2257
8529,5,3,499,3,1,4,2157
8530,5,4,442,3,1,4,1893
8531,3,6,192,4,2,5,1642
8532,2,7,1303,4,2,9,1188
8533,2,3,1270,2,1,8,1129
8534,5,6,167,3,2,7,1130
8535,5,8,196,2,2,11,1177
8536,2,4,443,1,1,3,2306
8537,6,8,1458,2,1,5,168
8538,2,8,455,2,2,7,1242
8539,2,1,69,3,2,2,2286
8540,3,4,134,2,1,2,2399
8541,2,6,1161,3,1,5,992
8542,6,5,371,2,1,9,1272
8543,2,2,1372,1,2,10,1961
8544,2,2,696,3,1,3,1254
8545,2,6,1208,2,2,1,747
8546,3,1,405,3,2,11,2052
8547,2,1,3,1,2,7,141
8548,2,4,959,5,1,9,944
8549,2,4,1256,3,1,6,460
8550,3,6,1344,1,1,6,928
8551,5,8,273,3,1,4,969
8552,5,7,218,3,2,8,2016
8553,3,7,185,3,2,2,320
8554,2,3,301,2,2,6,2134
8555,4,7,665,2,2,10,1627
8556,3,3,971,2,1,7,1968
8557,2,3,303,3,2,2,2257
8558,3,1,1292,3,1,5,1581
8559,5,6,893,3,2,4,2336
8560,2,8,1179,2,1,1,1618
8561,2,7,733,2,2,6,1945
8562,2,6,856,2,1,9,844
8563,7,1,322,3,2,5,1347
8564,2,6,799,3,2,4,664
8565,3,5,801,1,2,2,417
8566,2,7,743,2,2,8,462
8567,2,3,1260,3,2,9,2047
8568,2,8,731,3,2,6,2138
8569,2,6,1304,4,1,6,881
8570,2,1,393,5,1,6,1014
8571,3,7,40,5,2,2,277
8572,3,6,1359,3,1,5,2448
8573,5,4,524,2,1,7,1413
8574,2,4,755,3,1,8,1464
8575,4,1,710,2,2,8,1557
8576,6,6,229,5,2,5,644
8577,2,2,634,2,1,5,271
8578,6,5,315,1,2,6,2493
8579,2,2,26,2,2,4,669
8580,5,6,1173,3,2,8,2276
8581,2,4,772,1,2,7,1178
8582,3,7,1345,2,1,2,2195
8583,3,4,1238,2,1,6,1788
8584,2,7,929,5,2,6,1441
8585,5,4,206,2,2,4,843
8586,3,1,1260,1,2,6,1385
8587,3,6,598,5,2,10,1421
8588,6,1,225,3,2,9,298
8589,8,4,1103,3,1,10,752
8590,8,7,570,1,2,9,323
8591,4,3,358,2,2,1,2008
8592,2,3,1258,5,2,11,749
8593,2,6,1425,2,2,7,496
8594,2,3,535,2,2,4,2023
8595,6,6,287,4,2,2,2398
8596,2,4,176,2,2,8,2413
8597,2,3,1354,2,1,10,423
8598,2,4,334,3,2,3,1333
8599,2,5,474,2,2,2,199
8600,2,2,424,2,1,9,1727
8601,3,3,36,2,1,5,195
8602,2,7,1323,2,2,8,2385
8603,3,5,358,2,2,8,2076
8604,7,2,830,1,1,11,1632
8605,5,1,666,2,1,4,1312
8606,2,2,370,2,2,11,2003
8607,1,8,416,3,2,3,159
8608,5,2,658,3,2,11,297
8609,2,5,1396,3,2,6,1900
8610,5,6,1184,2,1,7,1229
8611,5,4,545,2,2,7,1014
8612,3,7,866,2,2,5,230
8613,2,8,456,3,2,7,1260
8614,3,5,542,5,2,2,1551
8615,5,8,579,3,2,9,722
8616,2,2,417,2,1,3,2456
8617,3,2,1321,1,1,1,1621
8618,2,5,238,3,1,3,2081
8619,3,3,1213,3,2,5,2390
8620,2,2,1275,4,2,1,647
8621,2,4,1392,4,2,6,140
8622,4,2,252,2,1,1,1074
8623,5,4,1240,3,1,10,1023
8624,2,1,403,2,2,6,1545
8625,2,8,1217,2,2,10,1865
8626,5,6,1235,2,1,1,632
8627,7,4,1153,2,2,8,338
8628,5,5,1341,3,1,2,979
8629,3,2,884,2,1,2,1017
8630,8,3,203,2,1,2,1421
8631,5,7,1099,2,2,1,837
8632,2,3,1294,2,2,2,1423
8633,3,1,350,1,2,8,285
8634,2,8,1059,4,1,8,2374
8635,5,3,133,1,2,6,364
8636,2,5,439,3,2,4,1135
8637,2,3,1433,3,2,10,840
8638,2,1,289,1,2,4,1007
8639,2,4,173,2,1,8,235
8640,2,8,983,2,1,8,1110
8641,5,8,911,2,1,8,1849
8642,2,1,1139,2,1,10,2172
8643,3,3,262,3,2,4,889
8644,3,7,655,1,1,2,633
8645,3,4,224,2,2,3,850
8646,3,8,286,2,2,3,1983
8647,2,2,887,2,2,6,2266
8648,2,3,719,1,1,1,2319
8649,5,1,919,5,2,1,1167
8650,3,2,128,3,1,3,1403
8651,5,1,635,1,1,3,2207
8652,3,4,464,2,2,2,1541
8653,2,2,322,2,2,4,2011
8654,5,3,1102,2,1,5,1937
8655,2,7,1124,4,2,11,2051
8656,8,4,19,3,1,3,1259
8657,2,6,620,2,2,7,146
8658,3,5,1140,2,1,10,765
8659,2,8,131,2,1,10,1682
8660,1,2,468,2,2,5,1413
8661,6,7,1254,3,2,4,909
8662,2,4,1443,5,2,2,552
8663,2,1,1030,1,2,9,247
8664,2,7,681,2,1,3,2112
8665,5,1,384,3,2,9,455
8666,2,6,112,2,1,1,1088
8667,3,1,929,2,1,11,808
8668,2,1,826,3,1,3,1369
8669,5,1,654,1,2,10,850
8670,3,8,1370,2,2,11,1529
8671,5,2,46,5,1,4,653
8672,5,2,692,3,1,3,697
8673,2,4,788,3,2,6,423
8674,3,5,309,2,2,7,2348
8675,3,8,1043,3,2,9,2286
8676,3,6,781,2,1,9,2040
8677,2,3,168,3,1,7,670
8678,5,7,244,3,2,10,641
8679,6,4,1199,2,1,7,1391
8680,6,6,1302,3,2,10,1052
8681,5,5,520,3,1,11,1445
8682,2,2,530,1,1,3,904
8683,2,2,729,1,1,8,506
8684,2,8,616,2,1,2,460
8685,2,6,297,4,2,11,306
8686,2,3,414,3,1,4,871
8687,2,2,1146,4,1,3,1884
8688,1,4,1351,3,1,9,548
8689,6,4,1440,2,2,6,672
8690,8,8,278,2,2,7,826
8691,2,2,1189,3,2,6,508
8692,1,6,1182,5,2,8,566
8693,2,8,874,2,2,1,260
8694,3,6,665,3,2,7,372
8695,3,7,657,2,1,6,585
8696,3,3,958,1,1,1,948
8697,8,3,512,1,2,1,1903
8698,2,6,797,3,2,1,1018
8699,3,3,132,2,1,6,599
8700,2,5,376,3,2,3,649
8701,4,4,1352,4,1,6,1623
8702,2,6,1305,2,1,9,1755
8703,5,1,1138,5,2,4,468
8704,5,3,1188,2,1,1,1502
8705,5,6,1172,2,2,11,2460
8706,3,1,249,3,2,2,2266
8707,2,5,1164,1,1,5,2450
8708,3,5,1348,2,1,7,1439
8709,6,2,1444,1,1,5,783
8710,7,4,879,1,1,6,2075
8711,2,4,562,3,1,1,351
8712,2,8,689,2,1,5,2301
8713,3,1,1368,3,1,6,325
8714,5,1,1047,5,1,1,163
8715,2,7,87,3,2,2,757
8716,5,4,239,2,1,6,1562
8717,8,1,916,3,2,7,1337
8718,3,5,1238,4,2,2,1482
8719,2,8,1206,3,2,1,1102
8720,1,8,726,1,2,6,1631
8721,3,8,995,2,2,11,1280
8722,2,2,512,2,2,10,1690
8723,2,5,684,2,2,11,643
8724,2,7,941,2,2,5,1756
8725,5,4,636,2,2,3,1868
8726,2,6,1190,3,1,11,1584
8727,2,1,361,3,1,9,339
8728,5,1,877,2,2,1,1112
8729,2,2,1341,5,1,9,348
8730,2,2,1131,2,1,1,2325
8731,5,1,1063,1,2,7,455
8732,4,5,609,3,1,1,619
8733,2,4,1429,2,1,6,858
8734,2,7,220,2,1,11,2232
8735,5,4,467,2,2,9,1848
8736,3,7,1419,4,2,7,846
8737,2,2,809,2,2,11,1308
8738,2,1,593,3,2,11,379
8739,2,6,1182,2,2,6,385
8740,5,2,150,2,2,5,914
8741,3,3,865,3,2,3,230
8742,4,8,196,2,2,11,2425
8743,3,6,1009,2,2,2,543
8744,3,4,1336,2,2,2,2438
8745,8,1,807,3,2,9,1278
8746,2,2,50,2,1,3,500
8747,3,8,658,1,1,7,869
8748,2,2,1306,3,2,4,139
8749,2,5,1033,2,2,7,124
8750,2,4,869,3,2,6,638
8751,2,1,569,3,2,11,1628
8752,8,4,700,1,2,10,1655
8753,3,3,1052,2,2,11,1785
8754,1,4,202,3,2,4,881
8755,2,1,1385,3,2,3,1345
8756,3,4,105,2,2,11,1220
8757,2,8,540,2,1,4,2188
8758,3,7,49,3,2,2,1146
8759,3,2,1401,5,1,11,812
8760,2,2,70,2,1,2,756
8761,5,3,1445,3,2,4,1991
8762,2,6,604,3,2,11,950
8763,3,1,862,2,2,3,1423
8764,3,1,1024,1,2,5,1093
8765,6,1,511,4,2,1,2089
8766,2,5,486,3,2,7,1021
8767,3,8,596,3,2,4,913
8768,3,4,187,3,2,6,537
8769,2,3,991,2,2,2,2211
8770,3,8,614,3,1,4,1596
8771,2,7,984,2,1,5,1881
8772,2,6,46,4,1,6,729
8773,2,1,149,3,2,1,2234
8774,7,4,138,3,2,4,124
8775,2,6,1178,5,2,2,594
8776,3,6,381,4,1,10,335
8777,2,6,155,1,1,1,539
8778,2,7,536,3,2,11,1213
8779,2,2,918,2,1,11,2297
8780,3,4,1306,3,1,9,376
8781,2,8,480,2,1,1,1461
8782,2,7,818,5,1,2,206
8783,5,1,395,3,2,9,866
8784,3,4,1160,2,2,8,2057
8785,2,1,1155,2,2,10,1115
8786,3,8,100,3,1,10,1165
8787,2,1,801,3,1,10,2175
8788,3,3,737,2,1,4,2189
8789,2,7,1161,2,2,2,196
8790,2,5,802,1,2,8,2141
8791,2,5,548,2,1,3,916
8792,2,4,703,2,2,10,199
8793,5,8,957,2,2,1,1433
8794,2,5,330,2,1,2,408
8795,2,5,437,3,2,4,1879
8796,3,2,1267,2,1,1,518
8797,3,7,738,2,2,6,1681
8798,2,3,278,3,2,4,1283
8799,2,7,658,2,2,11,823
8800,2,3,472,1,1,6,138
8801,2,2,690,3,1,5,168
8802,2,7,467,2,2,11,1382
8803,2,1,1221,2,2,4,1887
8804,3,2,544,2,2,7,522
8805,6,5,383,3,1,7,2159
8806,3,4,18,2,2,4,471
8807,2,8,1225,2,2,4,1601
8808,3,3,122,3,2,4,850
8809,3,8,566,3,1,8,687
8810,7,4,45,1,2,11,2103
8811,3,2,1254,1,2,5,2057
8812,3,8,1115,2,2,5,986
8813,2,5,332,2,2,9,1796
8814,2,5,1035,3,1,10,2075
8815,2,6,867,2,2,6,2302
8816,2,7,1257,3,2,4,771
8817,2,1,197,2,1,7,2246
8818,3,8,1133,1,1,8,468
8819,3,7,215,5,2,7,871
8820,8,1,801,4,2,6,1279
8821,2,1,101,2,1,2,1550
8822,2,4,974,3,2,5,472
8823,4,8,168,1,1,6,699
8824,8,3,960,3,1,11,2033
8825,3,4,987,2,2,2,512
8826,2,3,706,2,2,9,650
8827,3,3,205,2,2,10,2000
8828,2,3,1277,2,1,4,354
8829,4,5,396,2,1,5,955
8830,5,1,970,2,2,5,585
8831,2,4,1288,3,1,7,1598
8832,4,4,899,2,2,9,1866
8833,3,3,1444,2,2,9,2347
8834,8,1,329,2,2,6,1102
8835,6,5,1027,3,2,9,2195
8836,2,3,1422,2,2,4,2132
8837,2,6,775,5,1,5,914
8838,3,2,1220,5,2,5,2212
8839,8,3,892,2,1,5,685
8840,6,3,551,2,1,1,1623
8841,3,7,1354,3,1,7,1557
8842,2,6,94,2,2,6,1778
8843,2,4,913,2,2,3,2348
8844,5,7,859,2,2,8,757
8845,3,5,988,2,1,6,2379
8846,3,2,1032,5,1,11,2305
8847,3,4,439,2,2,9,1886
8848,5,5,484,2,2,7,229
8849,4,8,110,3,1,8,1528
8850,2,4,1079,2,2,9,1443
8851,2,6,911,2,2,6,2434
8852,5,8,205,3,2,8,1799
8853,1,3,1138,2,2,2,966
8854,2,4,604,3,2,1,303
8855,2,2,383,2,1,9,1090
8856,2,5,1045,2,2,10,1529
8857,2,3,1063,3,2,6,291
8858,2,1,731,3,2,10,714
8859,3,4,297,3,1,10,2156
8860,2,6,542,2,2,3,1156
8861,3,7,337,3,2,3,1144
8862,2,7,825,3,2,8,1182
8863,2,5,842,1,1,3,508
8864,3,1,1,2,1,10,2274
8865,3,4,584,2,1,11,2308
8866,2,5,40,3,1,6,298
8867,7,5,583,3,1,6,1448
8868,2,8,1075,2,1,5,807
8869,2,8,617,2,1,7,1951
8870,3,1,681,2,1,11,1827
8871,4,6,672,3,2,4,1196
8872,2,6,363,3,1,11,1819
8873,2,1,336,5,2,11,2236
8874,3,6,342,2,1,10,1309
8875,2,2,519,2,1,6,254
8876,5,2,636,3,1,1,2242
8877,2,3,436,3,1,3,1906
8878,7,1,1239,2,2,7,322
8879,2,8,865,5,1,11,1867
8880,6,2,253,2,1,9,408
8881,2,5,1314,2,1,1,955
8882,4,8,681,4,1,4,426
8883,2,7,551,3,2,7,271
8884,2,4,1417,3,2,10,1273
8885,2,6,1144,3,2,9,2190
8886,4,8,511,2,2,8,161
8887,2,8,1360,4,2,2,401
8888,2,7,1381,2,1,2,457
8889,2,4,602,4,1,9,2295
8890,6,7,1269,3,1,2,1059
8891,2,2,94,2,2,10,935
8892,2,2,15,2,2,7,1503
8893,8,7,1144,3,2,10,2264
8894,1,4,854,3,2,11,629
8895,2,1,612,5,1,9,609
8896,4,7,471,2,1,8,1312
8897,2,4,1175,2,2,11,2229
8898,2,5,1277,4,2,11,207
8899,7,7,220,2,1,5,527
8900,5,4,533,3,2,2,1175
8901,2,8,100,2,1,6,152
8902,2,2,236,5,1,7,2015
8903,2,5,871,2,1,10,584
8904,5,6,997,3,2,7,804
8905,6,8,96,2,2,5,2169
8906,2,6,81,3,2,10,2361
8907,7,6,517,5,2,9,396
8908,2,4,1201,1,1,6,462
8909,5,8,1011,2,1,10,781
8910,2,4,1011,3,2,9,2267
8911,3,7,195,3,2,8,407
8912,2,7,319,2,1,10,2068
8913,8,3,1077,1,1,9,188
8914,2,1,914,1,1,1,1210
8915,2,6,1087,3,2,11,2447
8916,7,3,494,3,1,2,624
8917,2,3,527,2,2,8,1095
8918,2,1,774,5,2,6,2434
8919,3,6,1156,3,2,1,2045
8920,7,1,975,3,1,11,810
8921,2,8,280,2,2,10,2122
8922,2,4,1170,3,2,1,692
8923,2,1,224,2,1,11,713
8924,8,8,209,2,1,1,2339
8925,2,7,451,3,2,3,1153
8926,2,2,505,3,1,9,579
8927,3,4,271,2,1,6,360
8928,2,1,588,2,2,2,1688
8929,2,3,1127,2,1,8,1335
8930,8,6,18,3,2,11,902
8931,2,1,1000,3,1,10,2164
8932,5,3,610,3,2,3,1091
8933,7,6,1105,3,1,1,1321
8934,2,5,110,2,1,10,1776
8935,2,4,833,2,2,6,1404
8936,1,3,982,3,2,4,2040
8937,5,8,903,3,1,6,925
8938,2,4,61,3,2,8,643
8939,2,5,217,2,2,4,405
8940,3,4,722,2,1,4,1922
8941,2,4,617,2,2,11,192
8942,3,8,607,3,2,6,293
8943,8,4,925,1,1,2,1726
8944,2,7,782,3,1,3,1864
8945,4,5,351,2,1,2,2193
8946,3,7,693,2,1,9,1426
8947,2,2,1376,2,2,4,2462
8948,5,5,1021,2,1,3,508
8949,3,3,375,3,1,11,1628
8950,2,4,315,3,2,2,1907
8951,2,1,148,2,1,1,1877
8952,3,4,312,4,2,2,632
8953,3,6,1295,5,1,4,1195
8954,6,8,489,5,1,11,895
8955,4,2,506,2,2,4,1053
8956,2,6,109,3,2,7,434
8957,5,3,254,5,2,3,1971
8958,2,1,571,3,2,7,2490
8959,2,7,314,2,2,4,609
8960,2,5,932,2,1,9,382
8961,3,8,64,4,1,7,2431
8962,2,5,1119,4,1,2,153
8963,2,4,916,3,2,9,855
8964,2,8,740,2,2,9,1559
8965,2,4,838,1,2,2,481
8966,8,3,737,4,2,8,1795
8967,6,7,1322,3,2,7,2113
8968,5,3,1302,2,1,1,2290
8969,3,8,898,2,1,1,1608
8970,5,6,875,2,1,8,1397
8971,5,8,303,3,2,10,284
8972,5,6,92,2,1,5,1575
8973,2,4,891,5,2,9,2104
8974,2,4,1103,2,2,3,2081
8975,2,7,245,2,1,3,270
8976,2,8,433,3,2,8,616
8977,2,6,876,2,2,5,2480
8978,5,4,553,3,2,1,1363
8979,5,5,896,2,2,9,2401
8980,2,3,489,3,2,2,1930
8981,2,2,988,2,1,7,1687
8982,3,5,816,3,1,11,769
8983,2,2,433,2,1,8,1306
8984,2,6,273,2,2,4,867
8985,7,6,1266,3,1,3,1969
8986,3,3,258,2,1,1,2408
8987,4,1,1192,5,2,10,551
8988,7,1,1448,1,2,7,1006
8989,1,4,525,5,2,7,654
8990,2,7,1153,2,1,9,1809
8991,2,4,31,2,1,11,991
8992,2,8,1188,2,1,11,2478
8993,2,6,26,3,2,6,1255
8994,3,1,1086,2,2,4,1132
8995,5,1,180,3,2,1,881
8996,8,7,37,3,2,6,142
8997,4,4,488,2,2,2,301
8998,3,6,493,3,1,10,1140
8999,3,8,351,5,2,9,1711
9000,2,3,182,3,2,7,446
9001,2,5,1304,5,2,1,878
9002,4,8,589,2,1,4,1805
9003,2,8,582,2,1,5,2056
9004,3,4,1417,2,1,3,2244
9005,4,1,836,3,2,9,477
9006,2,2,442,3,2,9,295
9007,6,1,657,2,2,9,1349
9008,2,5,99,2,1,2,830
9009,4,5,1072,2,2,3,681
9010,2,5,799,4,1,10,1330
9011,2,8,659,2,1,7,1086
9012,2,5,294,2,2,6,1945
9013,5,2,264,3,2,8,1509
9014,4,3,804,2,1,1,1986
9015,3,8,1284,3,2,8,926
9016,8,5,653,3,2,1,2299
9017,7,5,1276,5,1,6,1764
9018,2,4,1002,5,1,8,1799
9019,3,2,544,1,1,10,244
9020,2,7,322,2,2,7,178
9021,3,1,587,5,1,3,332
9022,2,1,466,3,2,7,400
9023,2,7,91,3,2,3,1532
9024,3,2,1380,3,1,11,1909
9025,2,7,1071,2,1,3,599
9026,3,1,1150,2,2,5,267
9027,8,6,636,3,2,2,2306
9028,2,3,402,1,1,1,1496
9029,5,4,1131,2,2,4,2267
9030,3,1,529,3,1,4,919
9031,2,2,815,3,1,4,1354
9032,5,6,194,5,1,10,1566
9033,2,3,673,3,2,10,1507
9034,2,8,604,2,1,9,1316
9035,2,5,630,3,2,3,969
9036,3,8,434,5,2,6,1947
9037,3,1,279,2,1,7,783
9038,2,4,117,3,1,7,966
9039,2,3,415,2,2,5,1702
9040,7,7,1370,2,2,2,356
9041,4,3,728,2,2,2,1881
9042,3,7,411,5,1,9,1134
9043,2,4,229,4,1,1,946
9044,2,5,877,3,2,1,2433
9045,4,3,193,3,2,8,2041
9046,2,4,1135,4,2,7,417
9047,2,1,1159,2,1,9,990
9048,3,8,29,3,2,6,1249
9049,5,6,700,1,2,3,2304
9050,3,1,1326,3,1,2,289
9051,2,8,454,2,1,7,401
9052,5,7,1358,1,1,11,1968
9053,3,2,1,2,1,1,909
9054,5,3,467,1,1,8,378
9055,2,5,681,5,1,8,1637
9056,5,8,267,3,2,9,943
9057,3,7,1358,2,1,9,1267
9058,3,4,800,4,2,9,1741
9059,3,2,111,1,2,7,1333
9060,2,7,1044,2,1,3,287
9061,2,3,714,3,1,10,581
9062,2,3,1459,2,2,6,612
9063,2,6,438,2,2,6,2163
9064,3,7,1172,3,2,2,1497
9065,5,7,452,3,2,4,2220
9066,2,5,653,2,2,2,1727
9067,8,1,1137,2,1,3,1977
9068,2,3,1066,5,1,7,234
9069,2,2,1268,3,1,8,224
9070,2,4,1401,3,2,11,164
9071,3,5,270,1,2,1,2357
9072,5,1,779,2,1,8,2016
9073,8,4,1094,3,2,11,1120
9074,2,2,179,3,1,8,1742
9075,2,8,62,3,2,7,1720
9076,5,5,368,3,1,7,1533
9077,5,6,776,3,2,3,916
9078,8,2,783,1,2,9,1990
9079,2,5,1419,3,2,11,1960
9080,5,7,1326,2,1,3,1195
9081,2,1,308,2,1,7,899
9082,3,3,280,2,2,8,1784
9083,2,4,1037,1,2,2,990
9084,3,5,897,2,2,4,1365
9085,3,2,1182,4,2,4,2393
9086,2,1,1072,3,2,7,1314
9087,2,4,953,1,2,6,1504
9088,2,3,408,3,2,10,216
9089,2,1,592,3,2,6,388
9090,2,3,999,4,1,6,1393
9091,2,6,620,3,1,9,2333
9092,5,7,753,2,1,11,310
9093,2,6,1268,3,2,4,492
9094,2,8,240,5,2,11,1261
9095,8,1,1104,2,2,10,2190
9096,2,3,1132,4,2,2,2384
9097,5,4,979,3,1,2,502
9098,3,8,1459,1,2,9,1282
9099,8,3,683,2,1,4,2198
9100,2,5,258,2,1,10,672
9101,5,7,1372,4,2,9,2393
9102,2,5,551,2,2,1,1685
9103,8,8,1411,2,1,11,1351
9104,2,6,828,2,2,11,1495
9105,3,6,124,3,2,2,1639
9106,2,3,360,2,2,7,713
9107,8,3,1398,3,1,11,1051
9108,5,2,751,2,2,7,2372
9109,2,8,463,1,2,11,1609
9110,2,5,879,2,2,1,693
9111,2,3,576,1,2,8,274
9112,2,3,830,3,2,7,1652
9113,2,6,768,5,2,11,1857
9114,6,1,1008,1,2,10,1820
9115,3,6,107,5,2,2,190
9116,8,7,1257,3,2,1,1223
9117,2,3,1456,5,2,2,1186
9118,5,5,1366,2,2,7,353
9119,3,1,406,2,1,10,1574
9120,2,2,664,3,1,4,1744
9121,3,8,1311,1,1,6,2031
9122,2,4,400,2,1,5,1629
9123,6,7,1451,4,2,11,523
9124,3,4,1008,2,2,8,2362
9125,7,6,209,3,1,7,1013
9126,3,2,1266,5,1,11,688
9127,3,5,147,4,2,7,2497
9128,3,1,1120,3,2,11,2275
9129,2,4,855,3,1,11,1494
9130,2,7,234,2,2,9,1583
9131,5,5,966,2,2,4,1151
9132,1,4,237,4,2,9,935
9133,2,1,972,2,2,3,2353
9134,8,2,328,2,1,3,823
9135,2,2,1392,3,1,5,1370
9136,3,5,564,2,1,10,610
9137,2,1,1396,2,2,3,671
9138,2,4,740,2,1,9,2178
9139,2,8,624,2,2,1,1520
9140,2,7,1342,4,1,6,835
9141,2,2,3,2,2,7,225
9142,2,1,443,3,1,1,1761
9143,2,2,1221,2,1,5,1761
9144,2,3,967,3,1,9,1663
9145,2,2,121,2,1,6,845
9146,3,3,497,3,2,4,331
9147,7,5,1003,1,2,4,1814
9148,2,3,950,2,2,5,1445
9149,2,8,268,1,2,5,2389
9150,5,8,467,2,1,6,2326
9151,2,5,1,2,2,3,139
9152,5,3,75,2,2,4,761
9153,2,5,970,2,2,5,381
9154,2,8,580,3,2,2,1221
9155,2,2,292,2,1,10,2136
9156,2,4,376,2,1,4,2126
9157,5,8,607,2,2,7,1245
9158,2,6,426,4,2,4,1180
9159,6,4,1032,2,1,8,1363
9160,2,6,259,3,2,1,602
9161,8,8,278,3,1,9,753
9162,2,6,274,3,1,5,2366
9163,2,3,848,5,1,11,1970
9164,3,6,1421,2,1,2,1928
9165,2,5,821,2,2,6,246
9166,5,7,997,2,1,4,1831
9167,2,3,264,2,2,8,1977
9168,5,7,145,2,2,8,2179
9169,2,3,932,3,2,10,619
9170,3,4,1318,2,2,7,1863
9171,3,2,155,2,2,3,791
9172,5,8,1419,2,1,10,1417
9173,2,5,1453,2,1,4,181
9174,8,5,1193,2,1,3,135
9175,6,7,775,2,2,1,1899
9176,4,8,649,5,2,7,2412
9177,3,2,1223,5,1,11,1064
9178,2,8,628,3,1,10,1730
9179,2,1,374,1,1,8,1701
9180,8,2,176,1,1,11,417
9181,8,1,28,3,2,8,1134
9182,2,6,1334,3,2,8,207
9183,2,6,37,5,1,1,197
9184,4,4,291,3,1,1,355
9185,2,8,23,3,2,10,721
9186,2,7,745,2,2,5,1979
9187,6,7,1433,3,2,11,2257
9188,7,6,425,1,1,10,1287
9189,1,6,1114,3,2,3,1823
9190,2,7,515,3,1,1,1227
9191,2,2,1075,2,2,11,1224
9192,3,6,424,5,2,2,2295
9193,3,8,77,2,2,8,1511
9194,2,2,162,3,1,5,693
9195,4,4,315,2,2,4,468
9196,1,8,261,2,2,2,2094
9197,2,5,349,3,2,8,1170
9198,2,7,1457,3,2,6,606
9199,2,5,54,2,2,11,2196
9200,3,3,811,1,2,8,1265
9201,2,5,1415,2,2,1,1628
9202,3,1,189,2,2,11,288
9203,3,8,793,2,2,3,2400
9204,4,1,177,3,1,1,500
9205,2,7,409,2,2,4,2474
9206,3,6,529,3,1,5,2447
9207,5,8,380,3,2,6,1937
9208,3,3,1243,2,1,6,1836
9209,8,7,1358,2,2,7,1662
9210,3,2,688,2,2,6,1752
9211,1,2,843,4,2,3,1544
9212,2,7,182,4,2,2,562
9213,3,4,908,4,1,8,2463
9214,3,7,304,2,1,6,2057
9215,6,2,511,2,1,1,952
9216,2,6,289,2,2,10,715
9217,2,3,586,1,2,10,844
9218,3,4,451,4,1,9,358
9219,2,5,423,3,1,2,2081
9220,3,8,330,3,2,10,2071
9221,6,4,1298,2,1,11,653
9222,8,5,931,3,1,5,1395
9223,2,6,1249,3,2,2,1872
9224,2,7,841,1,2,9,1559
9225,3,4,698,3,2,9,1754
9226,3,1,466,2,1,3,1713
9227,3,7,692,3,1,11,2144
9228,5,7,1291,2,1,2,1455
9229,3,2,1328,3,1,11,1952
9230,2,4,348,2,2,8,880
9231,5,1,745,2,2,9,2310
9232,2,5,223,2,1,2,1896
9233,2,6,891,1,1,11,1336
9234,5,4,40,2,2,9,2090
9235,3,1,1277,1,2,3,1028
9236,5,5,79,2,2,1,877
9237,2,6,408,2,2,6,2269
9238,2,7,15,1,2,2,724
9239,2,4,1393,3,2,1,775
9240,3,2,539,2,2,4,1832
9241,2,4,873,5,1,9,739
9242,5,3,1389,4,1,8,2396
9243,5,7,917,3,1,3,391
9244,3,5,295,3,1,8,1698
9245,4,3,435,2,1,6,1509
9246,4,6,697,3,2,5,1743
9247,4,7,594,2,2,1,940
9248,3,7,671,5,1,9,1909
9249,2,5,1145,3,2,2,1560
9250,3,2,547,2,2,9,1203
9251,5,8,910,2,2,5,1772
9252,2,2,1269,3,2,3,152
9253,5,7,256,2,1,10,2415
9254,3,6,696,4,1,7,1757
9255,2,3,851,2,2,1,1833
9256,3,7,786,2,2,5,535
9257,2,4,748,3,2,5,421
9258,2,1,587,3,1,11,1299
9259,4,2,467,3,2,7,1322
9260,3,3,1312,2,2,8,360
9261,3,7,1398,3,2,8,861
9262,2,3,257,2,2,1,2343
9263,3,5,362,2,1,4,2342
9264,2,1,102,2,2,6,2470
9265,5,6,1218,3,1,10,1930
9266,7,7,1112,2,1,11,454
9267,4,2,947,2,2,2,522
9268,2,4,1205,2,1,7,2106
9269,3,8,933,2,1,9,2287
9270,5,1,686,5,1,10,1630
9271,2,3,672,1,1,5,2117
9272,2,8,1201,2,1,5,839
9273,7,8,872,3,2,5,2221
9274,5,1,439,1,1,9,350
9275,2,5,398,2,2,5,850
9276,2,5,817,3,2,4,1519
9277,3,3,722,1,2,11,1230
9278,2,3,811,3,2,8,296
9279,3,6,1415,5,1,4,2223
9280,2,2,780,2,2,8,1571
9281,3,2,1158,5,1,7,2147
9282,5,8,544,1,1,8,1166
9283,5,1,65,1,2,2,417
9284,3,2,621,2,2,11,1133
9285,2,3,288,3,2,4,2082
9286,2,1,1130,2,1,3,343
9287,2,2,518,3,2,7,121
9288,3,6,694,2,2,9,506
9289,6,3,706,2,1,6,1246
9290,3,3,19,2,1,11,1539
9291,2,2,1159,3,2,4,1632
9292,2,6,1134,3,1,10,797
9293,2,7,1439,2,1,4,1183
9294,2,8,1277,2,2,3,962
9295,3,4,993,5,2,6,169
9296,2,6,1195,2,2,3,1849
9297,2,4,567,2,1,5,1494
9298,2,5,173,2,2,5,2177
9299,3,3,1019,2,2,5,2020
9300,3,3,1220,2,1,11,2429
9301,7,2,614,2,2,7,2081
9302,2,2,767,3,1,5,1716
9303,7,6,503,3,1,1,1293
9304,3,3,1434,3,1,7,2058
9305,2,2,144,2,2,7,1473
9306,2,6,929,3,1,10,2386
9307,2,3,1167,2,2,3,1901
9308,3,4,123,1,2,6,932
9309,2,5,651,2,1,5,2227
9310,7,3,864,4,1,1,710
9311,2,8,811,3,2,7,1698
9312,3,5,1129,2,2,4,1411
9313,2,3,706,3,2,2,1099
9314,3,6,311,2,2,2,2295
9315,4,3,795,3,1,8,1207
9316,6,2,717,4,2,3,1958
9317,2,7,625,3,2,6,1833
9318,2,6,1229,4,1,8,397
9319,7,8,920,2,2,7,1874
9320,2,5,719,3,2,3,2052
9321,3,3,892,3,1,9,818
9322,6,4,1224,2,2,11,316
9323,3,5,1287,2,2,2,1877
9324,2,2,774,5,1,8,1594
9325,7,4,215,3,2,7,1640
9326,6,6,847,1,1,10,1414
9327,5,5,279,3,1,2,1214
9328,2,7,471,3,1,5,250
9329,8,4,884,2,2,5,1300
9330,6,1,375,3,2,10,2088
9331,8,4,1353,2,2,2,210
9332,2,3,777,3,2,8,568
9333,5,5,1062,1,2,11,872
9334,3,8,1070,4,2,2,813
9335,2,8,60,3,2,7,281
9336,3,1,727,2,1,6,1254
9337,5,1,1143,2,2,7,1744
9338,1,2,599,2,1,9,2205
9339,4,5,1268,3,2,5,2450
9340,2,7,560,5,1,7,2372
9341,3,2,942,1,1,11,2158
9342,3,8,1456,3,2,11,538
9343,1,7,911,5,2,4,1699
9344,2,8,472,5,1,4,1840
9345,5,7,1394,2,2,10,1860
9346,3,3,33,3,2,9,2154
9347,8,7,203,2,2,7,1743
9348,3,4,439,2,2,8,1643
9349,3,6,1058,3,1,9,589
9350,6,1,392,3,2,11,1021
9351,5,5,890,3,1,7,888
9352,2,3,755,5,2,5,1648
9353,2,5,368,3,1,4,1497
9354,7,8,768,2,2,11,1756
9355,2,1,884,2,1,4,1841
9356,5,6,858,2,2,7,594
9357,5,3,1376,1,1,1,621
9358,6,1,506,4,2,11,2306
9359,3,8,598,2,1,1,1260
9360,5,3,380,3,2,8,2076
9361,2,7,51,2,2,6,2402
9362,3,4,679,2,2,1,428
9363,2,4,710,4,1,11,2055
9364,7,7,261,2,2,5,386
9365,7,5,80,3,1,8,2470
9366,2,1,660,3,2,1,1736
9367,2,1,692,1,2,10,2320
9368,5,1,437,1,1,8,174
9369,5,6,895,3,2,3,1510
9370,3,1,291,3,2,10,490
9371,6,3,481,3,2,10,785
9372,4,8,868,2,2,3,793
9373,2,1,59,2,2,4,249
9374,2,8,446,3,2,8,903
9375,3,8,1014,2,2,10,2198
9376,7,6,101,3,2,8,205
9377,3,6,524,2,2,2,317
9378,5,8,907,2,2,2,1785
9379,2,4,976,3,2,11,958
9380,8,5,1199,3,2,5,1026
9381,5,3,1153,3,1,1,170
9382,2,2,768,3,2,8,760
9383,2,3,1124,2,1,9,733
9384,2,7,1250,3,2,4,286
9385,7,2,189,2,2,8,1330
9386,5,7,1290,2,2,2,964
9387,3,3,783,2,2,11,1786
9388,2,1,406,2,2,7,1524
9389,2,2,76,2,1,5,157
9390,3,3,983,2,2,10,229
9391,2,8,1435,2,2,3,1602
9392,2,4,939,2,2,3,1614
9393,2,4,474,3,1,1,959
9394,2,4,921,3,2,1,439
9395,3,7,491,4,2,11,1891
9396,1,8,777,5,2,8,1961
9397,2,4,734,4,1,10,369
9398,5,8,459,2,1,5,1147
9399,2,5,919,2,2,8,1589
9400,3,6,74,1,1,4,1203
9401,8,3,1333,2,2,7,1462
9402,2,3,432,3,1,10,2180
9403,2,6,1115,1,1,11,951
9404,2,8,290,3,2,5,517
9405,3,2,809,3,2,4,1739
9406,5,8,203,2,1,11,1978
9407,2,2,1426,2,2,5,855
9408,2,4,466,3,1,4,2044
9409,4,1,1088,3,1,3,471
9410,3,4,1294,5,2,8,1618
9411,3,7,986,1,1,6,718
9412,8,1,200,4,2,1,188
9413,2,4,617,4,2,10,932
9414,1,4,78,3,1,6,128
9415,6,8,545,3,2,8,1712
9416,2,1,683,3,1,4,712
9417,3,5,139,2,2,2,2221
9418,3,6,971,2,1,4,2054
9419,4,8,787,3,2,9,1376
9420,2,8,772,5,2,7,1989
9421,5,2,333,5,2,10,2407
9422,6,7,1267,2,2,7,2007
9423,7,8,1006,2,1,2,2014
9424,1,5,409,2,2,3,424
9425,5,4,312,2,1,7,2257
9426,1,1,485,2,2,5,1377
9427,2,4,623,2,2,8,2385
9428,5,6,148,3,2,7,2152
9429,5,1,123,2,1,4,216
9430,2,3,532,5,1,11,2207
9431,2,4,329,2,2,4,2387
9432,3,1,568,2,2,8,2477
9433,2,4,1320,1,1,9,2016
9434,2,6,271,5,2,8,1610
9435,2,8,461,5,2,5,749
9436,6,4,343,3,1,1,2405
9437,2,2,1153,5,2,6,336
9438,7,6,1315,3,2,3,232
9439,2,2,340,2,1,4,1935
9440,3,4,1362,3,2,10,1265
9441,3,4,1328,2,2,1,2311
9442,3,6,30,3,2,5,1749
9443,7,6,1232,2,2,8,833
9444,5,2,1060,2,1,2,239
9445,5,7,455,2,1,6,1288
9446,2,3,73,3,2,11,2123
9447,5,6,1092,2,1,10,1063
9448,3,6,556,2,2,8,2119
9449,2,4,294,2,1,8,139
9450,1,5,707,2,1,7,657
9451,1,7,1000,3,2,11,148
9452,2,8,796,2,2,9,751
9453,1,7,606,3,1,7,523
9454,5,1,934,2,1,10,660
9455,2,5,830,5,1,6,244
9456,2,4,225,2,2,6,231
9457,6,8,779,2,2,4,1102
9458,5,8,818,3,2,8,729
9459,2,6,691,3,2,11,1859
9460,3,6,1028,2,1,2,2295
9461,3,6,345,5,1,10,2423
9462,3,3,632,2,2,2,520
9463,3,5,903,3,2,9,734
9464,3,1,304,2,2,8,630
9465,3,3,886,2,2,5,717
9466,1,2,434,3,2,3,1007
9467,6,8,36,2,1,4,1225
9468,5,4,22,2,1,3,1656
9469,8,6,498,2,2,5,1257
9470,4,3,1336,2,1,8,1860
9471,2,4,1428,3,2,3,1374
9472,8,4,1419,2,2,11,293
9473,2,2,207,4,2,4,1795
9474,2,7,303,3,2,9,1728
9475,3,7,660,3,1,4,500
9476,3,6,370,2,1,5,408
9477,3,3,1226,3,2,4,248
9478,5,7,170,2,1,6,2445
9479,2,7,649,1,2,6,908
9480,6,6,1312,3,1,6,1931
9481,2,5,250,3,1,5,1194
9482,8,6,1207,5,2,7,1170
9483,2,4,830,2,2,3,621
9484,3,8,1383,2,1,8,1752
9485,3,7,736,2,2,3,1033
9486,5,1,917,5,2,3,1763
9487,2,1,1244,2,1,4,2464
9488,2,6,1436,3,2,2,2313
9489,2,7,858,1,1,6,893
9490,3,3,1009,2,1,8,633
9491,6,8,990,2,1,10,582
9492,2,4,429,2,2,11,2021
9493,3,2,1398,2,1,11,386
9494,5,2,1407,5,2,9,2466
9495,2,7,1311,2,2,4,1486
9496,2,1,628,4,2,4,2095
9497,2,1,969,2,2,1,2230
9498,2,7,578,4,2,9,2285
9499,2,3,1340,2,2,2,1701
9500,2,5,740,2,2,4,2098
9501,2,1,414,2,2,7,2123
9502,5,1,9,2,2,8,1625
9503,5,7,539,3,2,10,1080
9504,5,7,222,3,1,2,612
9505,3,8,334,2,1,6,1462
9506,2,6,895,2,2,1,1440
9507,2,5,12,4,1,10,1791
9508,2,5,789,2,1,7,661
9509,3,8,467,2,2,2,1847
9510,8,1,388,3,1,6,819
9511,2,6,1331,3,1,10,514
9512,3,8,1228,2,2,3,2087
9513,3,4,1293,2,2,11,810
9514,7,4,1008,4,1,9,365
9515,2,3,770,1,2,4,2465
9516,2,7,999,3,2,2,2255
9517,4,2,779,2,2,2,1654
9518,2,8,1055,1,2,8,713
9519,3,1,24,1,1,2,518
9520,4,2,933,3,2,10,2005
9521,8,2,1396,2,2,2,294
9522,2,4,179,5,1,11,2081
9523,2,2,276,2,1,7,1694
9524,2,4,1434,2,1,1,388
9525,3,7,1087,5,2,1,1825
9526,3,4,751,3,1,6,747
9527,6,1,329,4,2,11,270
9528,3,3,248,3,1,10,1956
9529,3,8,713,2,2,8,909
9530,2,5,259,2,1,10,1195
9531,2,6,504,2,1,8,2050
9532,2,5,437,1,2,7,2234
9533,2,6,748,1,2,4,791
9534,5,5,881,1,1,6,2079
9535,3,8,394,3,1,9,494
9536,2,1,809,2,2,4,393
9537,3,1,524,2,2,8,1401
9538,2,2,1312,2,1,8,132
9539,2,6,1368,1,2,6,1199
9540,4,4,850,2,2,7,1829
9541,8,3,1000,1,1,1,883
9542,2,8,1271,1,2,2,492
9543,5,1,759,2,2,10,593
9544,3,8,197,5,2,10,2487
9545,2,6,750,5,1,5,2051
9546,5,1,981,3,2,4,515
9547,2,7,197,3,2,5,515
9548,2,3,1262,3,2,5,739
9549,2,6,828,2,2,10,2185
9550,2,8,194,3,2,3,527
9551,2,8,673,4,2,6,678
9552,2,8,434,2,2,1,1106
9553,3,2,376,2,2,4,1725
9554,5,6,1034,3,2,10,671
9555,2,3,196,2,1,10,1828
9556,2,4,437,4,1,4,746
9557,2,2,823,3,1,9,565
9558,1,8,740,2,1,1,1258
9559,2,4,141,5,1,9,2277
9560,4,4,811,2,2,8,240
9561,2,7,1086,2,2,10,2007
9562,8,7,513,4,1,11,2176
9563,2,4,316,3,2,2,665
9564,2,8,378,5,1,2,202
9565,3,7,1404,4,1,4,581
9566,3,1,950,2,1,6,881
9567,3,4,942,3,1,3,927
9568,2,7,1310,1,2,9,707
9569,2,2,787,2,2,7,1947
9570,3,8,888,3,2,1,272
9571,8,1,158,2,2,10,299
9572,8,7,862,3,2,4,1781
9573,3,3,588,2,2,3,1157
9574,2,4,344,3,1,4,1662
9575,2,5,579,5,2,11,1108
9576,7,5,1000,5,2,6,793
9577,7,7,1044,1,1,3,2142
9578,8,3,1363,2,1,9,155
9579,3,1,1123,3,2,10,1774
9580,4,2,160,3,1,9,2242
9581,7,1,820,2,2,4,2376
9582,3,5,120,2,1,9,738
9583,5,4,1219,2,2,2,1614
9584,2,2,659,2,2,9,1899
9585,3,8,681,5,2,4,1332
9586,8,6,216,3,1,10,1297
9587,2,5,238,1,2,4,1486
9588,5,3,547,2,1,11,1065
9589,2,2,235,2,1,10,1366
9590,7,1,801,1,2,3,653
9591,5,4,1449,3,2,2,552
9592,8,6,1178,3,1,8,1328
9593,5,5,847,3,1,5,210
9594,2,2,343,2,2,10,1430
9595,2,7,1181,5,2,11,1251
9596,5,5,454,3,1,6,1497
9597,2,3,76,4,2,3,2434
9598,5,5,658,1,1,4,1355
9599,2,4,714,3,1,2,2227
9600,1,1,1406,3,2,3,635
9601,2,1,260,1,1,10,1201
9602,1,3,1001,5,1,5,624
9603,5,3,1031,2,2,11,1654
9604,2,6,279,2,2,11,667
9605,3,2,659,1,1,4,1442
9606,1,8,36,2,2,10,2250
9607,5,5,1228,3,1,10,629
9608,2,3,892,1,2,2,1931
9609,8,2,526,2,1,2,1148
9610,2,3,78,2,1,6,1617
9611,2,3,453,5,2,9,2193
9612,5,6,458,2,2,7,2219
9613,2,4,1116,3,2,8,2395
9614,3,4,541,2,1,4,720
9615,5,4,1447,5,1,2,1889
9616,3,1,1434,2,1,7,1158
9617,2,2,318,2,2,1,990
9618,3,6,1452,2,2,1,1561
9619,3,1,212,2,2,5,355
9620,3,3,558,3,2,3,422
9621,7,8,84,2,2,6,2231
9622,2,4,1453,3,2,4,1013
9623,5,6,840,2,1,7,617
9624,5,1,484,2,2,1,1014
9625,5,7,1377,3,1,6,317
9626,3,1,136,2,2,2,1381
9627,2,8,36,3,1,3,2140
9628,2,8,1130,2,1,10,1763
9629,5,6,742,2,1,5,369
9630,3,5,726,2,2,6,1056
9631,2,4,1038,3,1,1,1188
9632,3,8,10,4,2,5,1529
9633,7,7,1403,1,2,3,266
9634,2,6,1367,3,1,9,608
9635,6,3,612,2,1,8,1250
9636,2,8,607,2,2,10,1252
9637,3,5,875,2,2,3,520
9638,3,8,1093,2,2,4,1789
9639,2,8,1010,2,1,10,935
9640,1,6,527,2,1,4,547
9641,3,1,493,2,2,9,2226
9642,2,4,1213,2,1,4,616
9643,5,2,962,2,2,9,921
9644,3,6,722,2,1,4,978
9645,6,1,36,5,1,6,1677
9646,2,6,1223,4,2,5,794
9647,2,4,886,3,1,11,330
9648,2,3,990,5,2,6,803
9649,5,3,1184,3,2,8,1163
9650,3,1,954,3,1,9,292
9651,6,4,217,2,2,2,2357
9652,5,7,53,2,2,1,820
9653,8,8,1150,2,1,2,728
9654,6,1,249,2,2,4,559
9655,2,5,1217,2,2,6,224
9656,2,3,114,2,2,5,687
9657,2,2,1139,3,1,4,1529
9658,2,3,1396,3,1,8,745
9659,3,3,1000,2,2,3,1225
9660,2,2,37,3,1,1,1038
9661,2,4,893,2,1,9,1802
9662,2,4,251,2,1,7,631
9663,2,8,1166,3,2,4,444
9664,2,3,981,4,1,10,2188
9665,2,6,1146,1,1,10,1125
9666,2,6,672,2,1,1,839
9667,2,3,960,2,2,9,1458
9668,7,3,73,2,2,3,1233
9669,2,2,414,3,2,4,1623
9670,4,8,25,2,1,4,398
9671,3,3,578,3,1,1,1756
9672,3,7,630,3,1,4,232
9673,3,1,93,5,2,10,1783
9674,2,6,1344,3,2,2,1776
9675,2,3,1312,1,2,4,2185
9676,5,1,1270,3,2,7,1868
9677,8,4,588,2,2,8,241
9678,8,7,635,2,1,7,2343
9679,5,3,94,2,2,1,2308
9680,2,5,1404,1,2,4,1413
9681,3,1,1452,3,2,7,1632
9682,3,6,1137,3,2,6,2076
9683,7,6,141,1,2,6,751
9684,2,5,1036,3,1,11,858
9685,1,1,1274,1,2,6,1446
9686,2,4,578,2,2,6,1452
9687,3,1,1327,5,2,6,864
9688,6,7,487,1,1,11,1312
9689,8,2,1030,5,1,6,1165
9690,5,3,1108,3,2,8,349
9691,2,1,558,2,1,11,708
9692,2,2,473,2,2,2,455
9693,2,5,1132,2,1,1,1732
9694,5,7,1111,3,2,6,1289
9695,3,5,459,2,2,7,522
9696,3,5,567,3,2,10,2466
9697,3,7,358,3,1,9,2295
9698,3,2,124,2,2,3,2259
9699,3,6,1036,2,2,1,1303
9700,1,5,202,2,2,6,2442
9701,2,2,697,2,2,10,1406
9702,5,2,1394,3,1,5,2319
9703,2,3,452,2,1,4,1247
9704,5,5,410,2,2,10,1500
9705,8,8,1014,3,2,10,454
9706,2,7,1100,5,2,7,1106
9707,2,8,598,2,2,5,268
9708,2,8,698,4,2,11,280
9709,2,4,571,4,2,4,197
9710,5,6,174,3,2,10,882
9711,2,2,959,2,1,10,2385
9712,2,6,381,2,1,10,332
9713,5,7,804,1,1,9,1286
9714,3,8,196,3,1,8,2370
9715,2,6,1075,3,1,4,1012
9716,3,8,509,1,2,4,1411
9717,5,5,787,3,2,10,2173
9718,2,8,349,2,1,9,151
9719,3,5,1415,3,2,8,1390
9720,7,3,1011,2,2,7,2265
9721,2,4,186,2,1,1,2255
9722,5,4,470,2,2,4,1587
9723,7,6,208,1,2,1,243
9724,7,6,10,1,1,5,2446
9725,3,7,378,2,2,4,1741
9726,5,2,639,2,2,7,2123
9727,5,2,1053,2,1,8,1828
9728,5,8,876,3,2,1,1219
9729,3,4,196,3,1,5,1682
9730,2,7,661,2,1,10,1592
9731,2,7,73,2,2,7,1144
9732,2,4,401,5,1,3,1605
9733,2,2,597,2,2,9,1387
9734,3,6,1023,2,1,8,2106
9735,8,3,404,3,1,5,1446
9736,8,1,605,3,1,3,478
9737,5,2,636,2,1,3,1415
9738,6,1,864,2,2,3,898
9739,6,3,1014,2,1,2,784
9740,4,8,545,2,2,1,2440
9741,2,6,416,2,2,1,2000
9742,2,4,972,3,1,9,715
9743,3,7,221,3,1,7,1926
9744,2,1,1033,2,2,7,2287
9745,5,5,745,3,1,10,765
9746,2,7,105,4,1,2,250
9747,2,6,915,1,2,4,1686
9748,2,5,1363,2,2,8,1471
9749,3,4,1072,2,1,6,1411
9750,3,7,1112,3,2,4,1386
9751,5,7,960,3,1,10,2087
9752,2,3,1455,3,1,3,1533
9753,3,1,1102,2,1,2,986
9754,5,7,337,2,2,11,2447
9755,5,1,1106,3,2,4,1153
9756,2,7,212,3,2,4,1291
9757,2,3,257,2,1,1,525
9758,2,4,871,2,1,8,1316
9759,5,8,320,3,2,8,1195
9760,2,3,1234,3,2,6,2442
9761,2,6,468,3,1,5,2375
9762,2,4,215,3,1,1,193
9763,5,4,1135,1,2,8,679
9764,3,7,1202,2,2,7,189
9765,3,3,173,3,1,11,2052
9766,3,2,687,3,2,3,639
9767,2,5,907,5,1,7,2127
9768,2,7,63,3,1,7,827
9769,2,8,758,2,1,2,1873
9770,2,3,957,3,2,10,154
9771,4,2,290,3,2,3,746
9772,3,8,20,2,1,7,2029
9773,5,1,884,2,1,9,280
9774,2,3,315,2,1,6,1567
9775,2,5,445,2,1,10,1004
9776,2,7,1195,2,2,4,343
9777,5,5,679,4,2,10,2458
9778,2,6,1367,2,2,4,248
9779,2,1,978,2,1,8,935
9780,5,8,1122,1,2,8,1203
9781,6,1,1054,3,2,10,1832
9782,2,5,930,3,1,9,2237
9783,2,2,1343,2,1,11,990
9784,2,5,409,2,1,4,2126
9785,5,3,396,1,1,5,827
9786,2,6,152,1,2,8,2307
9787,3,4,448,3,2,8,298
9788,3,3,210,3,1,3,222
9789,2,1,551,3,1,5,1317
9790,2,3,737,2,2,10,579
9791,2,1,1343,3,2,10,1953
9792,2,6,171,3,2,2,2354
9793,2,1,1394,2,1,6,1013
9794,3,6,1104,3,1,5,254
9795,5,8,1379,1,2,10,471
9796,2,2,1397,3,2,11,1557
9797,3,8,901,2,1,8,1220
9798,2,2,82,1,1,2,1709
9799,5,6,586,3,2,7,413
9800,7,5,1442,3,1,5,1906
9801,5,8,253,3,2,5,1993
9802,2,8,498,2,2,5,149
9803,3,7,379,3,1,5,1373
9804,5,6,1359,2,1,1,1941
9805,2,1,1236,1,2,8,1417
9806,3,2,1018,3,1,2,949
9807,7,4,1115,3,1,7,1753
9808,2,2,1192,3,1,5,2452
9809,3,8,588,3,1,4,1704
9810,5,6,853,1,2,2,1066
9811,2,5,1401,3,1,11,2315
9812,2,6,509,2,2,4,534
9813,2,1,1157,2,2,6,166
9814,2,1,631,1,2,9,2011
9815,2,7,1189,5,1,5,1412
9816,2,8,700,3,2,3,324
9817,2,3,80,2,2,3,1444
9818,3,5,467,3,1,5,2237
9819,2,2,497,3,1,4,1614
9820,2,4,216,1,2,8,2067
9821,2,8,572,1,1,1,888
9822,2,1,162,3,1,10,1894
9823,2,7,434,1,1,3,494
9824,2,1,394,2,2,5,873
9825,5,8,49,2,1,4,1021
9826,2,5,328,2,2,1,1078
9827,2,8,659,1,1,5,2142
9828,5,8,999,4,1,1,943
9829,3,6,441,3,1,8,295
9830,3,3,898,3,1,10,2060
9831,7,4,979,2,1,6,1608
9832,2,1,315,3,1,7,199
9833,6,3,1059,2,2,9,1575
9834,1,2,1195,3,1,11,2143
9835,2,3,784,2,2,8,1956
9836,1,8,20,2,2,1,2367
9837,5,1,875,5,1,2,1616
9838,8,4,30,1,1,2,598
9839,5,6,1097,1,2,3,299
9840,5,4,782,1,1,5,2487
9841,2,8,1266,3,1,6,477
9842,3,1,1037,5,1,3,231
9843,2,2,944,2,2,6,1514
9844,2,7,1021,5,1,6,704
9845,6,3,310,5,1,10,1163
9846,2,6,692,3,2,3,2235
9847,5,4,497,3,1,4,2477
9848,2,6,435,2,2,4,567
9849,2,4,100,1,2,1,625
9850,3,3,891,3,2,10,256
9851,2,3,1100,3,2,1,917
9852,6,3,105,3,2,4,1960
9853,2,2,1072,1,1,8,2424
9854,2,6,1101,2,1,9,1192
9855,2,1,89,2,2,6,2135
9856,2,2,1151,2,2,3,2076
9857,2,7,717,3,2,1,181
9858,3,3,478,3,2,4,905
9859,3,3,103,3,1,2,1757
9860,2,4,1339,2,2,7,2125
9861,2,1,125,1,2,3,686
9862,7,4,1328,2,1,8,1543
9863,3,7,396,5,1,9,748
9864,2,7,398,1,2,4,757
9865,5,1,864,2,1,5,816
9866,5,7,381,2,2,5,1054
9867,5,1,1170,3,1,8,1211
9868,7,5,1177,2,2,1,1104
9869,2,2,423,3,1,6,2410
9870,2,5,1238,2,2,11,1177
9871,2,7,199,3,2,2,1290
9872,4,1,1332,2,1,9,2421
9873,2,6,637,3,2,7,2242
9874,3,2,1001,2,2,11,211
9875,5,5,655,2,2,10,329
9876,3,8,389,1,2,9,2344
9877,2,4,1285,2,1,10,1940
9878,2,4,81,2,1,4,2443
9879,2,3,1164,3,2,5,1427
9880,2,2,1041,5,2,11,2303
9881,2,6,1034,2,1,10,991
9882,5,6,225,3,2,7,1567
9883,1,1,444,2,1,3,293
9884,3,1,1253,2,2,8,848
9885,3,7,12,1,2,7,2366
9886,3,3,234,3,1,11,2195
9887,2,4,1129,2,1,6,1969
9888,2,6,1129,2,1,8,339
9889,2,1,558,2,1,2,1117
9890,5,5,937,4,2,5,1220
9891,6,4,156,2,2,9,2389
9892,2,1,1008,5,2,8,222
9893,2,8,208,2,2,1,703
9894,2,3,598,2,2,10,1466
9895,2,3,1227,2,2,8,1991
9896,3,5,962,2,1,2,583
9897,5,2,1335,2,2,7,2027
9898,5,8,812,2,1,1,1614
9899,3,6,335,2,2,3,1482
9900,2,3,1446,3,1,7,593
9901,8,7,1452,2,1,10,521
9902,5,6,497,4,1,1,1125
9903,2,5,245,3,2,11,712
9904,2,5,867,2,2,9,2197
9905,7,2,518,2,2,4,2282
9906,2,7,39,3,1,5,1671
9907,3,4,610,3,1,3,1415
9908,2,3,611,2,2,9,1335
9909,7,5,233,2,2,11,2110
9910,3,1,364,3,1,6,2400
9911,3,6,572,2,1,7,1111
9912,4,6,870,2,2,8,1835
9913,8,4,985,2,1,1,392
9914,7,1,639,3,2,1,2003
9915,2,6,352,1,1,6,1497
9916,2,4,682,2,1,6,1135
9917,2,4,184,2,2,1,2450
9918,2,1,464,2,2,8,1995
9919,1,8,418,3,1,10,2243
9920,1,4,1114,3,1,7,1141
9921,3,6,34,2,1,7,1985
9922,2,5,159,2,2,4,2189
9923,2,2,466,5,1,5,1666
9924,2,7,584,3,1,8,2123
9925,2,4,39,3,1,10,1727
9926,3,8,350,2,2,9,1856
9927,3,3,816,2,2,4,157
9928,1,3,1460,3,2,9,2257
9929,2,3,1060,2,2,10,1700
9930,2,3,406,2,1,10,720
9931,4,3,219,2,2,9,759
9932,3,1,967,3,2,9,1579
9933,2,5,960,4,1,3,946
9934,2,2,1256,2,2,4,358
9935,7,3,649,4,1,5,1888
9936,5,8,1407,3,2,6,1234
9937,4,6,1402,1,2,10,2218
9938,2,8,1322,2,2,6,942
9939,5,4,4,2,1,10,1799
9940,3,6,859,3,1,1,844
9941,2,2,1250,4,1,4,1348
9942,6,7,1289,3,2,10,985
9943,3,4,498,3,2,7,482
9944,1,3,1103,3,1,11,625
9945,4,3,623,5,1,8,2148
9946,2,5,1060,3,1,8,727
9947,3,7,864,3,1,6,1520
9948,2,7,763,2,1,3,671
9949,5,8,473,4,2,4,316
9950,3,6,785,2,2,4,2261
9951,5,8,844,3,2,6,946
9952,2,6,1220,2,2,4,425
9953,5,1,1199,2,2,5,130
9954,2,4,699,2,2,6,1252
9955,2,6,959,2,2,11,1798
9956,5,3,1317,3,1,3,1075
9957,2,3,1250,4,2,3,513
9958,2,6,902,1,2,7,2315
9959,2,1,799,2,1,1,2330
9960,2,8,1270,2,1,4,1498
9961,2,4,487,3,2,3,855
9962,5,2,1210,2,1,5,1841
9963,5,4,647,1,2,2,1654
9964,2,6,938,1,2,10,899
9965,2,2,317,1,2,9,2213
9966,2,6,318,3,2,5,2046
9967,5,2,170,4,1,10,1719
9968,2,8,1344,3,1,4,484
9969,2,3,948,4,2,4,514
9970,2,8,699,5,2,7,2074
9971,2,3,44,2,2,4,1731
9972,5,2,1096,5,2,10,1987
9973,2,8,1349,2,2,8,1158
9974,2,5,779,3,2,1,2093
9975,2,4,1082,2,2,10,1055
9976,8,7,522,2,1,11,1162
9977,5,8,87,3,2,6,1823
9978,2,3,756,4,1,9,769
9979,2,4,573,2,2,5,1855
9980,4,1,1218,3,1,5,1037
9981,2,7,693,3,2,4,1803
9982,6,7,1410,4,2,9,2168
9983,2,7,887,3,2,2,1264
9984,2,7,135,5,1,9,1298
9985,5,8,543,4,1,6,226
9986,3,1,628,5,2,10,2358
9987,6,2,594,3,2,8,261
9988,5,4,1294,2,2,4,1748
9989,2,5,740,3,1,4,605
9990,5,1,973,3,1,10,2113
9991,7,7,1336,4,2,1,2283
9992,3,3,640,1,2,6,696
9993,2,6,560,3,1,2,1320
9994,2,4,1006,2,2,5,862
9995,2,6,469,3,2,3,1227
9996,7,8,867,3,2,2,725
9997,2,8,735,2,2,10,726
9998,2,4,8,3,1,1,542
9999,5,3,113,2,1,9,737
10000,2,4,1123,5,1,1,2089
10001,3,5,890,2,1,8,611
10002,4,2,191,2,1,6,1634
10003,2,3,592,3,2,4,750
10004,2,6,460,4,2,9,1941
10005,3,2,610,5,2,1,231
10006,5,5,849,3,1,4,1797
10007,3,4,1140,3,1,11,154
10008,2,1,241,2,1,10,784
10009,2,8,733,2,2,7,2476
10010,5,4,1052,2,2,4,1455
10011,2,6,761,1,2,11,1172
10012,5,5,1456,3,1,1,2079
10013,3,7,872,1,2,4,812
10014,3,3,541,1,1,11,492
10015,1,5,527,2,2,11,2010
10016,2,5,648,2,2,6,2444
10017,2,2,316,3,2,8,2248
10018,3,7,518,1,1,2,2419
10019,2,6,1132,1,2,9,449
10020,3,6,718,2,2,7,888
10021,6,5,767,5,2,6,1155
10022,4,7,1409,2,2,3,518
10023,3,8,179,2,2,4,2081
10024,1,3,249,2,1,8,1381
10025,2,5,882,2,1,7,149
10026,3,4,813,2,2,6,1261
10027,2,7,1098,2,1,7,1683
10028,2,4,275,2,2,9,2273
10029,2,4,926,2,2,5,2440
10030,1,8,75,2,1,5,2392
10031,5,3,1407,2,2,11,2124
10032,3,7,706,1,1,10,1961
10033,2,4,686,2,1,7,1578
10034,2,4,606,3,2,7,1850
10035,8,2,651,2,2,5,1500
10036,3,6,1380,3,2,8,2181
10037,3,6,697,3,2,6,1607
10038,1,6,638,3,2,4,720
10039,3,4,998,3,2,9,1340
10040,3,6,912,2,1,2,317
10041,2,2,1297,1,1,2,2491
10042,2,5,170,4,1,5,2106
10043,5,7,1050,2,2,3,2483
10044,2,6,587,5,2,3,2491
10045,3,8,1204,2,1,7,218
10046,2,1,667,3,2,5,1571
10047,2,8,872,3,1,6,709
10048,3,4,644,1,2,3,1945
10049,2,7,841,2,1,8,198
10050,1,3,1065,2,1,5,1275
10051,2,3,608,2,2,8,1761
10052,3,6,443,5,1,4,1284
10053,2,8,221,2,1,4,704
10054,2,7,1099,2,1,5,431
10055,2,3,100,3,1,11,181
10056,1,3,1071,3,2,8,1385
10057,2,2,1320,3,1,4,221
10058,7,8,210,2,1,6,1898
10059,2,3,109,2,2,8,1877
10060,2,2,185,2,1,3,387
10061,5,4,53,2,1,6,1552
10062,3,3,1295,2,2,7,2290
10063,3,8,56,2,2,8,2209
10064,2,7,978,2,1,5,757
10065,2,4,1140,2,2,4,2478
10066,3,4,613,3,2,10,1680
10067,4,8,1315,2,2,10,712
10068,2,2,1189,2,1,10,1339
10069,8,3,287,1,1,4,1255
10070,2,8,216,2,1,3,2165
10071,3,4,80,2,2,2,1041
10072,2,1,1105,3,1,10,233
10073,2,5,921,3,2,6,1405
10074,2,2,693,4,2,1,1740
10075,2,1,641,5,2,6,2225
10076,6,8,1225,3,1,5,560
10077,5,5,1026,2,2,2,2107
10078,5,8,843,3,2,10,1346
10079,2,5,168,2,2,11,458
10080,8,1,1330,5,2,5,1262
10081,3,6,1424,3,2,7,1950
10082,4,6,293,3,1,1,878
10083,2,4,1406,2,2,11,1978
10084,2,2,831,3,1,11,871
10085,6,7,963,2,2,5,990
10086,2,6,850,2,1,8,741
10087,4,2,552,3,2,11,1731
10088,2,8,1198,4,1,8,387
10089,3,1,646,2,1,8,1136
10090,4,7,1410,4,2,1,1310
10091,3,6,774,5,2,8,1431
10092,5,6,1085,5,1,8,1852
10093,2,3,341,1,1,5,737
10094,2,4,546,5,2,11,2154
10095,2,3,1292,2,2,11,397
10096,3,5,232,2,1,6,298
10097,5,8,1,3,1,2,210
10098,2,3,10,2,1,2,1572
10099,3,4,23,4,2,1,1303
10100,5,1,670,3,1,10,1261
10101,2,2,961,3,1,3,612
10102,4,2,282,4,2,2,2197
10103,8,8,502,2,2,11,219
10104,2,4,837,2,2,8,2378
10105,2,3,195,2,2,5,1035
10106,2,4,179,2,1,7,1729
10107,5,8,1436,2,1,2,563
10108,2,3,780,3,2,8,863
10109,5,2,214,2,1,1,2155
10110,2,5,126,4,1,4,797
10111,7,4,138,1,2,7,1774
10112,5,4,836,2,1,11,353
10113,8,6,795,1,2,1,559
10114,2,5,1435,2,2,3,1935
10115,2,7,24,2,2,3,1459
10116,2,1,950,1,2,5,1983
10117,2,1,1456,1,1,3,1265
10118,3,6,114,4,1,4,622
10119,6,6,943,2,2,6,2043
10120,7,7,883,3,2,4,749
10121,2,5,1118,3,2,1,1224
10122,5,2,62,3,1,7,1593
10123,2,6,540,2,1,8,2474
10124,2,5,993,2,1,7,2011
10125,7,4,784,2,1,5,519
10126,6,8,803,5,2,7,2463
10127,2,5,1084,2,2,7,1023
10128,7,7,141,2,2,1,1659
10129,4,2,315,4,1,8,178
10130,2,4,1393,1,1,9,887
10131,2,4,89,4,2,1,1993
10132,5,5,1007,2,2,11,1378
10133,5,1,864,3,1,10,2038
10134,2,8,270,1,2,11,1710
10135,2,2,349,3,2,1,1379
10136,3,7,1072,2,2,3,655
10137,5,3,619,2,2,8,2434
10138,3,5,979,3,1,9,958
10139,2,6,265,3,2,2,1786
10140,7,6,371,3,1,1,860
10141,3,2,588,1,2,11,928
10142,4,6,1274,2,1,10,1677
10143,8,4,30,3,1,4,1681
10144,5,6,984,1,2,2,1651
10145,8,8,551,2,2,9,891
10146,8,3,867,2,2,9,882
10147,3,6,1049,3,2,5,1544
10148,5,7,1126,2,1,5,2246
10149,5,2,1148,3,2,9,1454
10150,3,2,1363,2,2,11,1397
10151,2,1,1161,2,1,7,2404
10152,2,7,660,5,1,2,2084
10153,2,5,1260,5,2,6,1647
10154,2,8,199,4,2,6,334
10155,2,7,136,3,2,10,248
10156,8,5,1044,2,2,1,136
10157,3,5,1001,5,2,2,286
10158,2,2,60,3,1,2,1663
10159,3,6,621,3,2,1,2224
10160,2,4,483,2,1,6,1228
10161,5,5,1036,2,2,3,1449
10162,2,6,428,2,1,9,1454
10163,2,6,391,3,2,8,2155
10164,4,8,183,4,1,7,2134
10165,3,1,402,3,2,5,1836
10166,4,5,833,3,2,3,920
10167,2,2,1031,3,1,11,1301
10168,2,4,994,2,2,7,725
10169,3,2,397,2,1,6,539
10170,2,1,482,1,1,2,2188
10171,2,5,830,4,2,5,1696
10172,2,6,1224,2,1,5,540
10173,7,8,911,2,2,3,1804
10174,5,5,1398,2,2,2,1323
10175,2,2,436,1,1,2,1822
10176,2,2,348,2,1,5,204
10177,8,4,1418,3,2,11,239
10178,2,2,1287,3,1,1,2494
10179,3,4,309,3,2,6,402
10180,3,6,684,2,1,9,2458
10181,5,7,178,2,2,1,1056
10182,2,7,1437,2,2,3,2228
10183,8,4,805,3,2,11,2292
10184,2,2,678,3,2,10,1110
10185,2,5,862,1,1,5,164
10186,2,6,1384,2,2,3,1234
10187,2,8,555,3,1,2,760
10188,2,8,16,1,2,3,1605
10189,8,4,1370,3,2,7,510
10190,2,5,1112,4,2,11,1333
10191,4,3,1186,3,2,7,525
10192,2,3,1450,3,2,5,938
10193,2,6,259,1,2,2,233
10194,2,2,379,1,2,1,1686
10195,3,2,356,2,2,3,454
10196,3,8,254,2,1,7,718
10197,1,6,678,3,2,1,2476
10198,3,5,300,2,1,7,1544
10199,3,3,976,5,2,6,472
10200,2,7,750,2,1,4,2284
10201,1,8,2,2,2,10,1419
10202,1,7,1307,2,2,6,1153
10203,2,4,165,4,1,4,1084
10204,2,4,1272,2,2,5,689
10205,5,4,473,4,2,3,1446
10206,5,2,300,3,1,10,1334
10207,3,4,604,2,1,9,874
10208,2,2,901,2,2,1,1822
10209,4,4,454,2,2,7,181
10210,2,7,1015,2,2,5,448
10211,2,3,827,4,2,9,1943
10212,2,4,283,3,1,2,1590
10213,2,6,662,2,1,6,631
10214,8,6,1157,3,2,3,670
10215,3,7,1108,5,2,4,1289
10216,5,6,568,2,1,4,1657
10217,3,2,807,3,2,11,1799
10218,7,8,950,1,2,2,1995
10219,3,8,560,2,2,1,1638
10220,2,5,710,1,2,3,607
10221,1,1,906,3,2,11,446
10222,2,6,530,2,2,10,1481
10223,3,1,784,5,1,8,819
10224,3,5,649,3,1,3,2268
10225,2,2,240,2,2,1,1087
10226,2,1,655,2,1,4,2187
10227,5,4,17,3,1,9,1519
10228,2,7,1190,2,2,6,183
10229,2,4,485,2,2,9,217
10230,3,7,434,3,1,1,2491
10231,2,8,733,2,1,1,326
10232,5,8,1363,2,2,6,580
10233,4,8,389,1,2,11,401
10234,2,6,648,2,2,3,873
10235,3,1,1113,3,1,8,1579
10236,2,3,895,2,2,4,1716
10237,3,5,8,2,2,9,1139
10238,3,7,1178,2,1,6,1403
10239,2,7,866,3,2,2,1814
10240,2,3,321,2,2,1,901
10241,3,4,1115,2,1,10,744
10242,2,5,1451,3,2,2,1427
10243,2,4,740,2,2,1,598
10244,6,5,857,2,1,8,1476
10245,2,8,496,2,2,2,654
10246,3,2,787,5,2,9,1447
10247,2,7,566,1,1,9,280
10248,4,7,462,3,2,9,531
10249,2,5,908,3,2,10,1462
10250,2,8,1066,3,2,11,511
10251,3,5,202,2,2,6,539
10252,4,6,217,3,1,8,505
10253,7,8,1135,3,1,10,1935
10254,2,7,853,3,2,3,1549
10255,7,3,528,2,2,11,2191
10256,5,1,1305,2,2,9,1397
10257,6,2,1389,2,2,9,1068
10258,8,5,1196,3,1,10,1228
10259,3,6,18,3,1,5,305
10260,5,7,912,4,2,9,154
10261,3,7,1341,4,2,10,366
10262,3,5,174,1,2,8,2469
10263,2,2,656,3,1,7,272
10264,2,3,782,2,2,10,2380
10265,2,4,242,2,2,4,879
10266,6,1,1458,2,1,5,1794
10267,2,7,51,4,1,1,709
10268,2,6,691,3,2,5,1551
10269,2,2,1295,2,2,2,2496
10270,3,2,385,2,2,1,2041
10271,8,8,1269,3,2,11,125
10272,5,8,134,3,1,2,1936
10273,2,8,702,2,2,11,1992
10274,8,5,1043,1,2,8,252
10275,2,6,593,3,2,6,1447
10276,6,1,1336,2,1,6,852
10277,2,4,764,2,2,9,539
10278,5,2,972,3,2,2,1012
10279,2,1,1324,2,1,1,2286
10280,8,3,1367,2,1,5,1040
10281,2,8,924,3,2,4,1071
10282,2,5,1287,3,2,4,1011
10283,4,1,1114,4,2,8,619
10284,2,7,1347,3,2,2,1284
10285,5,2,1324,5,1,1,1478
10286,5,7,279,5,1,2,1426
10287,3,8,773,2,1,11,2242
10288,2,2,1006,2,1,11,175
10289,1,2,1322,2,1,11,274
10290,4,2,1214,3,2,9,801
10291,2,6,1069,5,1,11,2205
10292,2,4,141,3,2,7,1162
10293,2,5,592,2,2,11,1132
10294,2,6,879,3,1,4,1357
10295,3,4,85,5,2,10,260
10296,4,4,708,2,2,9,1723
10297,5,6,764,2,2,10,1917
10298,5,5,1343,2,1,10,1044
10299,2,4,135,1,1,6,1588
10300,2,7,200,5,1,8,2182
10301,5,8,1280,3,2,5,259
10302,5,8,799,1,2,11,912
10303,5,2,807,3,2,10,2418
10304,2,3,817,3,2,2,1468
10305,3,6,1093,3,2,11,1192
10306,2,1,396,2,2,10,148
10307,2,4,449,5,1,9,2418
10308,5,6,1169,2,1,5,1631
10309,2,5,1002,1,1,4,1382
10310,1,8,837,1,1,8,2318
10311,2,6,678,4,2,2,684
10312,3,8,346,2,2,7,1125
10313,7,1,1105,4,1,3,2099
10314,2,6,902,2,2,6,238
10315,7,7,291,3,2,2,984
10316,5,8,1027,3,2,3,670
10317,8,3,243,2,2,10,187
10318,2,6,1163,2,2,11,1917
10319,2,1,1070,3,1,7,1446
10320,2,4,1158,4,1,1,1282
10321,5,2,1368,3,1,7,1921
10322,3,7,704,1,2,7,406
10323,2,3,1213,2,2,9,1982
10324,2,4,702,3,2,5,517
10325,2,2,538,5,2,11,945
10326,5,6,1235,3,2,8,1771
10327,2,7,183,3,1,3,2022
10328,2,1,585,2,2,1,2200
10329,2,4,736,1,1,2,1045
10330,5,5,69,1,2,5,1739
10331,4,3,43,3,2,10,994
10332,3,8,788,2,2,9,1144
10333,2,4,882,1,1,4,816
10334,2,1,308,3,1,7,2348
10335,2,4,504,1,1,10,265
10336,3,5,885,3,1,7,1417
10337,3,3,1020,3,1,1,2334
10338,1,3,513,3,1,2,2257
10339,8,6,48,2,2,8,2071
10340,2,8,563,2,2,4,1867
10341,2,5,137,3,1,8,2237
10342,2,8,583,4,1,8,926
10343,2,4,578,3,1,7,2253
10344,3,3,417,5,2,2,2204
10345,5,3,97,3,1,6,1693
10346,2,6,1437,4,1,1,1086
10347,5,4,998,1,2,5,1555
10348,3,6,1024,1,2,4,1685
10349,6,2,494,3,1,10,2397
10350,3,2,214,1,2,2,1521
10351,5,2,1181,3,2,5,1394
10352,2,2,693,3,2,1,1152
10353,5,5,76,5,2,3,272
10354,2,5,1459,2,1,11,1207
10355,3,1,1248,3,2,11,1648
10356,2,1,783,5,2,7,477
10357,2,4,1296,2,2,4,658
10358,2,2,727,4,1,7,1269
10359,2,8,1004,3,1,11,2226
10360,2,8,1416,3,2,7,1935
10361,6,8,194,3,1,6,270
10362,2,2,1071,3,1,11,1056
10363,5,5,207,3,2,3,2420
10364,2,7,637,1,1,10,428
10365,3,2,1367,2,1,8,1960
10366,2,4,208,3,1,10,1337
10367,2,2,123,2,1,4,2073
10368,2,5,620,4,2,2,2450
10369,2,3,1427,2,1,2,2231
10370,2,5,1007,2,2,1,947
10371,1,8,267,4,1,1,1946
10372,2,4,803,3,1,1,319
10373,7,2,1280,2,2,9,1521
10374,6,5,183,3,1,3,1267
10375,5,1,666,2,2,7,190
10376,1,3,1047,5,1,11,2308
10377,2,3,278,3,1,5,1603
10378,7,3,1025,2,2,11,1328
10379,2,8,811,3,2,7,1459
10380,3,4,1350,2,2,7,2245
10381,3,5,381,3,2,6,522
10382,1,7,514,3,1,5,2330
10383,1,7,1110,3,2,9,265
10384,2,1,437,4,2,7,648
10385,2,8,941,5,2,11,1995
10386,5,6,1213,2,1,1,1296
10387,5,7,927,2,1,8,1948
10388,2,1,1295,3,2,2,270
10389,2,7,943,3,2,5,578
10390,7,1,659,2,2,3,843
10391,5,2,273,5,2,5,2302
10392,2,7,689,4,2,11,1742
10393,5,7,1041,5,2,10,526
10394,3,1,565,3,2,10,722
10395,1,5,831,3,2,8,2380
10396,3,3,427,2,2,10,2316
10397,2,4,408,4,1,1,2481
10398,4,1,1040,2,1,8,1065
10399,2,1,867,2,2,2,1492
10400,1,6,482,2,2,4,1178
10401,5,6,1382,3,2,6,605
10402,8,4,120,5,1,8,862
10403,2,2,1406,2,1,6,2022
10404,5,4,1341,2,1,3,2228
10405,5,6,803,2,2,4,699
10406,5,8,673,3,1,2,589
10407,2,7,943,3,2,9,509
10408,2,4,606,2,1,9,219
10409,3,7,634,3,2,7,587
10410,2,8,730,2,2,10,2051
10411,5,2,1011,1,2,5,2482
10412,2,5,1295,2,2,11,245
10413,4,7,534,3,2,3,1185
10414,2,3,313,3,2,1,802
10415,2,7,859,3,2,6,751
10416,2,6,1218,3,1,4,1356
10417,3,5,52,3,2,2,2263
10418,3,7,446,2,1,10,404
10419,3,3,1320,2,1,7,1318
10420,5,8,69,3,1,2,344
10421,2,5,564,2,2,2,372
10422,6,5,956,1,2,11,420
10423,8,7,762,3,2,8,1105
10424,2,5,775,4,1,8,1344
10425,1,5,995,3,2,8,1972
10426,5,6,1320,2,1,4,523
10427,3,1,129,2,2,11,1448
10428,3,5,1294,2,1,7,2450
10429,7,4,952,3,2,8,824
10430,8,8,1257,2,1,9,1523
10431,3,3,557,3,1,2,426
10432,2,6,1075,3,2,10,1739
10433,3,8,1361,3,2,7,803
10434,2,6,934,3,2,4,1525
10435,3,8,4,2,1,10,965
10436,5,5,1409,2,2,3,2243
10437,2,5,642,5,2,6,766
10438,2,8,727,5,2,6,1274
10439,5,7,198,2,2,8,1502
10440,2,7,222,4,2,6,2421
10441,2,3,274,3,2,10,583
10442,5,1,90,5,2,1,1400
10443,6,6,1061,2,2,5,1059
10444,5,5,577,2,2,7,642
10445,3,2,1159,2,2,3,2040
10446,3,2,617,3,2,10,1293
10447,2,5,578,1,2,9,546
10448,7,2,12,2,1,3,653
10449,3,7,844,3,2,10,1252
10450,6,3,903,2,2,6,425
10451,6,1,400,1,2,2,2405
10452,2,8,1008,3,2,4,855
10453,6,2,51,5,2,2,1684
10454,8,7,1458,2,1,9,508
10455,3,3,658,2,2,2,1562
10456,2,2,1330,3,2,8,894
10457,5,4,647,2,1,4,150
10458,2,3,555,1,2,11,1416
10459,3,3,1448,4,2,2,198
10460,2,5,432,2,2,7,1396
10461,3,6,797,2,2,11,605
10462,8,3,229,4,1,4,1498
10463,2,7,822,2,2,9,1991
10464,5,7,153,3,2,2,224
10465,2,2,1098,3,2,11,725
10466,5,5,874,2,2,8,218
10467,5,6,1342,2,1,1,1899
10468,2,1,1250,3,2,10,1990
10469,3,3,1088,1,1,4,289
10470,4,8,1159,2,2,3,914
10471,2,3,45,2,1,9,1395
10472,5,7,1093,2,2,4,2236
10473,5,6,1162,3,2,5,1336
10474,2,5,227,5,1,10,635
10475,1,8,1200,2,2,3,258
10476,3,8,779,2,1,11,2353
10477,2,1,1040,2,2,2,2308
10478,2,6,286,2,2,8,897
10479,3,7,95,3,1,9,587
10480,5,1,162,2,1,8,1742
10481,3,6,941,1,1,3,736
10482,5,4,1264,3,1,1,2274
10483,5,5,373,3,2,2,218
10484,2,2,1425,2,2,11,1315
10485,3,6,442,2,1,7,949
10486,6,2,797,2,2,9,966
10487,6,6,1116,3,1,2,1807
10488,2,3,1087,3,2,6,1696
10489,5,5,419,4,2,9,884
10490,2,3,890,2,1,10,1630
10491,2,1,221,3,2,4,120
10492,5,2,8,5,2,5,140
10493,2,1,627,3,2,11,1445
10494,2,4,327,2,1,8,259
10495,5,8,699,3,2,5,1549
10496,1,2,1064,3,2,5,325
10497,8,2,584,3,1,11,787
10498,3,5,712,3,1,4,319
10499,3,1,551,3,2,7,1567
10500,2,3,599,3,1,3,1244
10501,5,3,62,2,2,5,848
10502,8,2,1216,2,1,8,1971
10503,4,2,426,2,1,9,348
10504,5,2,1308,3,2,7,2208
10505,2,7,709,2,1,7,839
10506,2,1,1236,1,1,7,1595
10507,2,8,1033,5,2,1,1629
10508,1,1,565,3,2,11,1640
10509,2,6,1004,5,1,9,2389
10510,3,8,385,3,1,3,1188
10511,2,3,216,3,1,10,2032
10512,3,2,401,2,2,4,630
10513,5,7,110,2,2,5,194
10514,3,1,69,2,1,10,750
10515,5,8,926,2,1,5,1827
10516,3,6,1026,3,1,10,975
10517,2,2,426,2,1,8,1475
10518,2,3,1219,4,2,3,1420
10519,8,7,934,2,1,4,1317
10520,2,4,1304,1,2,6,832
10521,2,1,664,1,2,11,1205
10522,2,2,1276,2,1,7,853
10523,2,5,399,3,2,4,1415
10524,3,8,518,1,2,2,173
10525,3,5,1253,5,2,1,999
10526,6,3,852,4,1,9,1836
10527,5,6,862,5,2,9,1469
10528,2,6,1310,2,1,6,592
10529,5,8,72,2,2,7,431
10530,7,4,749,2,1,7,2323
10531,1,5,1229,3,1,1,846
10532,2,8,1429,2,2,6,786
10533,2,4,18,2,2,7,862
10534,7,3,557,3,1,8,1880
10535,5,5,54,2,1,9,1546
10536,3,8,1226,5,2,6,1437
10537,2,7,1159,2,2,11,1715
10538,3,2,427,2,2,2,2276
10539,2,7,1211,2,1,1,946
10540,2,1,1085,2,2,11,1234
10541,2,8,757,3,2,11,193
10542,2,6,421,4,2,11,1423
10543,3,1,268,3,1,7,559
10544,2,8,516,3,1,5,672
10545,2,3,360,1,1,8,1337
10546,2,4,1111,2,1,1,1037
10547,2,3,216,2,1,7,1257
10548,2,5,202,2,1,1,2195
10549,2,3,532,2,2,9,1120
10550,2,1,47,1,1,2,225
10551,3,6,437,4,1,10,847
10552,2,5,296,3,1,11,479
10553,2,3,409,3,1,9,333
10554,7,2,72,3,1,10,954
10555,3,3,1211,3,2,6,561
10556,4,8,1431,3,2,4,1889
10557,3,6,489,2,2,11,284
10558,1,5,79,3,2,4,1584
10559,2,6,34,2,1,4,2008
10560,3,1,1338,2,1,9,420
10561,3,1,444,3,1,11,2220
10562,1,3,772,2,1,10,1150
10563,2,2,641,3,2,5,699
10564,4,2,368,3,1,2,1974
10565,3,8,486,2,1,4,1829
10566,5,5,1321,3,2,5,338
10567,4,3,933,2,2,3,633
10568,6,6,158,5,2,1,378
10569,5,3,333,2,1,9,2001
10570,2,2,1295,2,2,2,922
10571,2,7,1248,3,2,1,2333
10572,2,6,1371,4,2,8,695
10573,2,7,1364,2,1,2,2071
10574,2,4,149,4,1,7,1780
10575,3,6,1148,3,1,1,1191
10576,7,4,1286,1,2,8,2312
10577,2,2,534,3,2,1,348
10578,3,7,836,3,2,5,2093
10579,2,4,43,1,2,10,435
10580,1,8,1172,4,2,11,953
10581,2,7,970,2,2,7,192
10582,3,5,1234,5,2,7,2135
10583,6,8,675,3,2,1,2253
10584,2,3,648,5,2,7,2034
10585,5,4,1160,2,2,1,221
10586,4,2,1015,2,1,3,2452
10587,2,3,314,2,1,2,975
10588,6,3,922,5,2,2,2264
10589,5,5,989,3,1,2,1001
10590,2,7,1381,4,1,8,1866
10591,2,6,632,2,2,3,374
10592,3,8,592,2,1,4,1735
10593,4,2,1089,3,2,11,1322
10594,2,6,1101,2,2,11,1687
10595,5,7,1022,2,2,4,382
10596,2,8,1059,2,2,6,771
10597,5,1,1408,2,1,4,1842
10598,5,8,496,2,2,1,648
10599,3,4,377,2,1,1,370
10600,3,2,1148,4,1,1,253
10601,4,3,9,1,1,2,1786
10602,2,2,430,1,1,7,2348
10603,5,6,51,2,2,3,1214
10604,2,1,427,1,1,7,2277
10605,5,5,14,3,2,7,1726
10606,5,2,1337,2,1,1,2188
10607,2,4,993,2,1,11,1547
10608,5,8,1415,3,2,3,1748
10609,3,5,50,2,1,4,1985
10610,8,1,1430,1,2,1,413
10611,2,4,1409,5,2,8,2456
10612,2,6,1362,1,1,5,1777
10613,7,1,524,2,2,8,1535
10614,7,8,582,3,1,6,1486
10615,3,2,181,3,2,6,737
10616,6,3,457,5,1,9,1693
10617,5,6,846,5,1,4,2299
10618,6,4,25,2,1,9,2046
10619,3,4,540,3,1,6,1996
10620,2,8,149,3,1,9,1985
10621,2,2,1170,1,2,2,1111
10622,6,8,583,2,2,2,2128
10623,2,6,113,3,2,11,452
10624,8,8,554,3,2,1,202
10625,5,6,252,2,1,9,2482
10626,2,2,204,2,2,11,501
10627,3,4,1436,4,1,6,883
10628,3,8,965,2,2,4,2175
10629,3,7,150,5,2,11,2280
10630,2,3,1355,3,2,9,735
10631,8,3,1461,2,2,5,2034
10632,3,7,975,1,2,6,1227
10633,8,4,388,4,1,1,1919
10634,3,2,739,3,2,11,263
10635,2,6,479,2,2,8,2357
10636,3,4,946,2,1,11,2223
10637,7,7,1391,3,2,7,1555
10638,2,4,210,2,1,10,833
10639,8,7,1327,3,1,3,740
10640,3,6,885,2,1,11,2188
10641,8,2,1439,4,1,5,749
10642,4,2,835,5,2,9,1696
10643,5,1,1460,1,1,3,2458
10644,3,3,1328,1,2,8,1199
10645,3,6,1167,1,2,4,2286
10646,7,6,427,2,2,9,1612
10647,3,6,629,1,2,9,1544
10648,5,6,1280,2,1,6,1937
10649,5,2,537,1,2,9,2486
10650,3,8,979,3,2,4,1177
10651,3,7,785,2,2,1,1782
10652,2,7,253,3,1,5,966
10653,2,7,1250,2,1,7,1583
10654,1,7,770,4,2,6,615
10655,7,3,598,3,1,8,2192
10656,2,4,1414,2,2,11,294
10657,4,7,1330,3,2,3,1307
10658,2,4,983,3,2,8,520
10659,3,1,186,1,1,3,2375
10660,2,8,143,4,1,3,728
10661,6,2,1382,2,2,11,238
10662,6,6,991,3,1,8,2449
10663,3,4,9,2,1,8,2113
10664,2,8,1429,2,1,8,2436
10665,3,4,358,2,2,7,1766
10666,5,3,1292,2,2,8,974
10667,2,3,990,3,2,6,1638
10668,2,5,1247,1,2,2,1358
10669,5,7,247,2,1,10,795
10670,2,2,690,3,2,7,1852
10671,2,7,1229,2,1,7,1738
10672,3,8,507,1,2,1,233
10673,5,7,74,5,2,7,1053
10674,6,4,269,3,1,1,580
10675,2,4,95,2,1,7,1871
10676,3,3,457,2,2,6,1141
10677,2,4,825,3,1,6,1374
10678,2,2,1051,3,2,2,1722
10679,3,7,1045,5,1,7,2156
10680,2,3,854,2,2,8,707
10681,2,7,765,2,2,8,1628
10682,5,3,1431,2,1,3,2207
10683,3,1,182,3,1,6,1177
10684,6,5,82,2,2,6,1805
10685,2,4,746,2,1,5,1286
10686,3,7,118,3,2,9,728
10687,2,2,1431,2,1,9,2330
10688,2,6,224,4,1,3,1324
10689,8,8,1369,1,2,11,1109
10690,5,1,1417,2,1,8,1873
10691,2,6,376,2,2,9,1208
10692,5,7,235,2,2,5,2410
10693,6,7,955,5,2,6,677
10694,2,8,319,3,1,4,402
10695,2,7,72,3,1,6,1268
10696,2,7,330,3,2,3,1657
10697,4,1,26,2,2,6,1841
10698,2,7,109,4,2,10,1418
10699,2,3,1173,5,2,11,2025
10700,3,7,1392,4,2,7,363
10701,3,5,1100,2,2,1,1794
10702,5,7,1142,3,2,7,614
10703,2,2,1443,3,2,3,517
10704,3,3,131,3,1,5,1456
10705,6,6,1265,2,2,5,1638
10706,2,7,1228,1,1,6,1187
10707,2,8,954,3,2,2,352
10708,5,8,1394,3,2,9,1673
10709,5,5,484,2,1,7,1428
10710,2,7,432,3,2,11,1000
10711,2,7,840,2,1,4,1173
10712,5,7,47,4,2,5,663
10713,5,7,129,2,2,5,2054
10714,4,6,871,2,1,10,1870
10715,7,4,131,3,1,6,1459
10716,2,7,1034,3,1,4,217
10717,7,2,425,3,2,6,549
10718,2,7,1392,2,2,4,2143
10719,4,8,1155,2,1,5,1125
10720,5,4,962,3,2,4,1501
10721,3,6,524,3,2,9,1291
10722,3,5,863,3,1,1,1192
10723,2,8,1143,2,1,5,273
10724,2,2,323,3,1,5,1399
10725,2,3,58,3,1,1,1911
10726,7,3,913,5,1,4,581
10727,3,5,672,3,2,2,2462
10728,2,5,7,3,2,2,2411
10729,7,8,535,1,1,2,1143
10730,2,4,742,2,2,10,291
10731,7,5,200,3,2,1,906
10732,3,4,1409,1,1,9,1558
10733,3,6,1379,2,1,6,251
10734,2,8,1104,1,1,7,870
10735,1,3,48,1,2,6,2327
10736,2,3,1085,2,1,4,456
10737,2,8,710,2,1,10,1636
10738,3,3,6,2,1,2,984
10739,4,2,1311,3,2,5,2436
10740,2,1,392,5,2,3,2052
10741,5,5,227,3,2,1,2131
10742,5,2,297,3,1,2,1782
10743,3,1,982,2,1,8,996
10744,3,8,907,3,1,7,1456
10745,2,8,959,5,2,7,1626
10746,2,5,313,2,1,9,399
10747,5,1,719,3,1,10,128
10748,2,3,1231,2,1,2,126
10749,3,7,139,2,1,2,1009
10750,2,7,747,2,1,10,909
10751,3,8,1239,2,2,6,2298
10752,3,1,1135,2,1,11,2171
10753,4,5,661,3,2,2,1122
10754,3,2,812,1,2,8,2337
10755,2,5,524,2,1,9,1273
10756,2,1,838,2,2,6,2092
10757,3,4,1048,3,2,6,735
10758,3,1,1106,1,1,5,1786
10759,5,5,1278,2,1,10,449
10760,3,3,561,5,1,7,2255
10761,7,8,352,2,1,6,358
10762,8,5,1257,3,1,9,2206
10763,2,4,473,3,1,6,629
10764,5,5,1192,2,2,1,1014
10765,2,1,95,2,2,4,932
10766,2,6,169,1,2,7,1237
10767,3,1,297,2,2,3,1531
10768,5,1,1435,3,1,6,2121
10769,2,1,517,1,2,4,1530
10770,7,7,711,2,1,5,1976
10771,2,7,310,4,1,8,2264
10772,2,7,924,5,1,11,135
10773,2,4,1151,2,2,6,2079
10774,5,1,239,2,1,2,302
10775,2,4,1209,1,1,3,1112
10776,2,3,979,3,2,1,795
10777,2,4,1001,5,1,9,294
10778,2,2,184,4,2,10,1933
10779,2,8,1380,2,2,11,1431
10780,2,5,19,2,1,6,741
10781,2,5,624,3,2,10,793
10782,3,6,36,5,1,9,1863
10783,2,3,814,2,1,3,1618
10784,3,4,465,4,1,5,790
10785,2,4,1141,2,2,5,551
10786,2,4,201,2,1,5,852
10787,5,6,1452,3,2,9,1293
10788,3,5,1070,1,2,2,1982
10789,8,4,454,2,2,6,2478
10790,2,6,726,2,2,8,799
10791,7,7,963,2,1,10,952
10792,5,1,33,4,2,10,744
10793,1,8,1061,2,2,4,249
10794,8,7,1083,3,1,1,2042
10795,2,1,34,2,1,5,2095
10796,2,8,2,3,1,5,196
10797,5,5,1375,1,1,4,1715
10798,2,6,1348,4,2,2,570
10799,7,1,802,2,2,7,1084
10800,2,3,876,2,2,7,1397
10801,5,3,1296,4,1,11,372
10802,2,5,241,3,1,3,1081
10803,2,2,452,2,2,10,853
10804,6,2,1188,4,1,6,1597
10805,2,6,864,2,2,2,1426
10806,2,5,553,2,1,11,2172
10807,2,7,243,1,1,1,1451
10808,4,7,1299,2,2,9,210
10809,5,5,119,2,1,11,949
10810,5,1,1393,3,1,10,551
10811,3,1,292,3,2,1,702
10812,2,8,769,1,2,10,2091
10813,2,3,841,2,2,5,698
10814,2,3,587,2,2,3,2310
10815,3,7,960,3,2,9,1608
10816,3,5,840,2,2,8,2106
10817,2,7,505,3,2,4,2484
10818,2,8,1266,3,2,8,603
10819,2,1,524,2,1,5,2467
10820,2,7,477,2,2,10,2294
10821,2,1,958,5,2,8,1808
10822,2,5,416,3,2,11,2402
10823,2,7,1236,2,2,2,907
10824,4,3,1364,2,1,8,336
10825,2,1,424,2,2,7,769
10826,7,2,476,3,1,6,937
10827,2,6,738,2,2,8,1981
10828,3,4,693,4,1,7,514
10829,2,7,691,3,1,5,2004
10830,3,4,962,2,2,5,1301
10831,2,3,1246,2,1,11,786
10832,2,4,164,3,2,10,2150
10833,1,2,547,2,2,7,1185
10834,3,5,1082,3,1,8,2203
10835,2,8,1346,3,2,4,1444
10836,2,5,1028,3,1,3,1368
10837,2,6,1437,2,2,2,374
10838,5,8,1302,3,1,6,2479
10839,3,1,1335,2,1,7,158
10840,2,2,1094,5,1,2,1023
10841,2,4,153,3,2,2,1475
10842,3,1,764,3,2,3,2086
10843,2,4,1162,2,1,4,685
10844,3,4,150,4,1,5,259
10845,5,4,210,3,2,4,671
10846,5,2,492,2,2,4,1509
10847,2,8,368,3,2,3,472
10848,4,5,1094,1,2,7,1897
10849,2,5,1384,3,2,7,196
10850,3,8,1193,1,2,11,1308
10851,8,1,606,2,2,4,2237
10852,3,1,1184,3,1,1,1824
10853,3,2,1317,2,1,2,1531
10854,2,6,939,3,2,4,590
10855,7,5,1288,2,2,4,797
10856,2,2,136,3,1,8,1492
10857,5,3,223,4,2,11,1073
10858,2,8,928,3,2,2,1535
10859,2,8,501,2,1,1,2071
10860,2,4,794,1,2,9,2025
10861,2,1,515,5,2,6,312
10862,4,8,1154,2,1,11,1418
10863,4,5,883,2,2,1,158
10864,3,6,660,3,2,6,1828
10865,2,8,278,3,2,9,1319
10866,2,6,690,3,2,9,878
10867,3,3,1417,2,1,5,349
10868,2,1,1144,2,1,1,1229
10869,5,1,592,2,1,5,2301
10870,2,2,1131,2,1,10,1598
10871,5,3,874,2,2,5,1353
10872,7,4,260,3,2,2,1320
10873,3,8,612,3,2,3,522
10874,7,6,1312,2,1,4,824
10875,5,6,227,3,2,3,1268
10876,5,8,1038,2,1,3,781
10877,2,3,1046,2,2,3,1430
10878,2,7,540,2,2,2,1685
10879,4,3,1036,2,1,6,791
10880,3,6,768,2,2,9,1160
10881,5,3,1164,2,1,11,1753
10882,3,3,538,3,2,11,1461
10883,2,1,816,5,2,1,1928
10884,6,3,212,2,1,11,1844
10885,2,6,420,3,1,2,2045
10886,1,5,557,2,2,10,1127
10887,2,6,1217,1,2,6,534
10888,2,4,202,2,2,1,533
10889,2,8,814,2,2,10,1202
10890,8,4,149,1,1,7,960
10891,4,1,34,2,2,3,2145
10892,7,7,1241,2,2,6,1501
10893,2,7,13,3,1,3,951
10894,2,7,601,5,1,6,1560
10895,5,3,343,2,2,4,1146
10896,2,6,113,3,2,9,2388
10897,5,4,237,3,2,3,1374
10898,5,2,852,3,1,11,1011
10899,2,5,1258,5,2,5,2464
10900,5,6,634,2,2,6,1861
10901,7,3,67,3,2,10,390
10902,8,1,626,2,2,1,366
10903,3,5,974,2,2,7,1112
10904,5,4,747,2,2,9,1606
10905,3,4,1396,1,1,6,842
10906,2,2,1170,2,2,10,386
10907,2,2,338,3,1,4,2308
10908,2,7,940,5,2,7,1567
10909,2,7,401,2,2,4,343
10910,2,3,947,1,1,9,180
10911,4,2,613,2,2,8,818
10912,3,8,1327,4,2,11,2308
10913,2,5,1129,1,2,1,888
10914,2,4,309,3,2,3,1271
10915,3,7,1066,3,2,1,666
10916,2,2,360,5,1,11,499
10917,2,8,1373,2,1,1,291
10918,4,3,910,2,2,7,2225
10919,5,4,1083,1,1,7,589
10920,3,2,997,3,1,9,2347
10921,3,1,790,1,1,1,1749
10922,2,4,249,2,2,2,969
10923,3,8,390,3,2,9,312
10924,3,8,1419,2,2,9,1914
10925,5,7,1134,4,2,10,1601
10926,2,5,97,3,2,2,1575
10927,7,8,773,3,2,4,2163
10928,2,8,1129,3,2,7,1103
10929,3,4,414,2,2,1,1502
10930,3,4,798,5,1,2,1685
10931,3,3,44,3,2,5,1314
10932,3,3,756,1,2,10,1454
10933,2,1,561,1,1,2,2182
10934,2,7,1222,2,2,6,793
10935,2,3,138,3,1,1,1118
10936,2,6,1386,1,1,6,1225
10937,2,3,1276,5,2,5,218
10938,3,4,626,3,2,9,910
10939,2,4,1287,3,2,8,2030
10940,2,2,960,4,1,11,809
10941,3,7,162,1,1,8,2122
10942,1,3,1083,1,2,10,1492
10943,5,5,293,2,2,9,543
10944,1,3,324,2,2,5,699
10945,3,5,1239,4,2,10,1826
10946,2,4,1385,3,1,10,1508
10947,5,8,853,2,1,7,1350
10948,2,8,1029,4,2,3,1740
10949,2,1,1305,3,2,6,1524
10950,2,6,975,2,2,8,1242
10951,2,2,729,2,2,4,2118
10952,5,6,1388,1,1,10,1787
10953,3,6,752,4,1,1,2483
10954,2,1,1437,2,2,3,2332
10955,1,7,777,2,2,11,1344
10956,3,3,275,2,1,7,1187
10957,3,4,438,1,1,10,430
10958,8,6,86,3,2,6,1321
10959,2,2,1338,2,2,1,1853
10960,5,5,1143,3,2,6,1013
10961,2,7,1009,3,2,6,502
10962,5,4,1129,3,2,2,2227
10963,8,4,1031,2,1,6,1546
10964,3,1,769,3,1,9,2044
10965,2,1,146,2,1,8,2093
10966,2,6,1235,5,2,11,1660
10967,2,4,251,2,2,3,2443
10968,5,7,505,1,1,3,1383
10969,2,4,40,2,2,11,301
10970,2,3,630,2,1,5,2116
10971,5,7,296,3,2,7,2112
10972,2,7,1037,3,2,1,453
10973,7,6,493,3,2,3,230
10974,2,5,89,3,1,6,1112
10975,2,8,1129,3,2,2,1959
10976,2,6,121,3,1,2,1870
10977,8,4,556,1,1,5,1846
10978,3,3,258,2,1,11,1883
10979,2,1,233,2,1,5,837
10980,3,2,847,1,2,3,2480
10981,5,1,1099,2,2,10,318
10982,2,8,1016,1,2,4,2122
10983,5,3,510,2,2,5,355
10984,2,7,131,5,2,10,923
10985,2,1,275,2,1,6,1367
10986,3,4,605,2,1,5,1274
10987,2,6,213,2,1,9,1256
10988,8,6,1097,3,2,6,1927
10989,2,6,667,2,1,10,506
10990,5,7,741,5,1,2,1294
10991,2,8,271,2,2,5,623
10992,7,7,993,2,2,11,1723
10993,2,6,572,2,2,10,1088
10994,8,3,873,2,1,9,2009
10995,2,5,120,2,2,1,1381
10996,5,6,1046,2,1,10,735
10997,3,1,248,2,2,1,1972
10998,2,3,870,2,1,4,1304
10999,2,4,641,2,1,7,1500
11000,7,3,391,2,2,9,1338
11001,2,2,662,1,2,2,1693
11002,5,6,1212,2,1,9,671
11003,2,1,64,4,2,4,1917
11004,6,8,155,2,2,1,1959
11005,3,5,701,2,2,7,1815
11006,2,5,58,2,1,5,411
11007,2,4,419,5,2,1,1294
11008,2,1,296,4,2,1,1157
11009,2,3,348,2,2,10,2213
11010,2,1,1202,2,1,2,762
11011,4,2,220,1,2,7,2430
11012,7,3,558,5,1,7,571
11013,2,4,6,3,2,3,1457
11014,3,2,1055,5,1,2,996
11015,2,5,233,4,1,10,1321
11016,2,4,660,3,2,11,1469
11017,2,7,924,2,1,8,599
11018,5,8,1037,2,1,7,1882
11019,8,8,1263,3,1,11,1330
11020,2,6,750,2,2,9,1043
11021,2,2,1320,2,1,9,249
11022,2,1,1011,2,2,1,818
11023,8,6,206,3,1,2,185
11024,2,5,496,3,2,7,1125
11025,3,1,385,2,1,8,1042
11026,4,2,1311,1,2,6,1278
11027,2,1,127,2,2,5,383
11028,3,6,762,4,1,6,1357
11029,2,1,1421,3,2,2,777
11030,7,2,176,2,2,9,1949
11031,2,7,1338,1,1,10,573
11032,6,3,1256,2,2,4,2390
11033,8,8,519,2,2,9,2438
11034,5,7,427,2,1,11,364
11035,3,4,500,3,2,8,1776
11036,5,5,1344,5,2,10,1276
11037,2,5,1261,5,1,4,1998
11038,2,6,269,1,1,5,1860
11039,2,1,1094,3,1,10,1972
11040,3,7,468,3,1,7,561
11041,5,8,1378,2,2,5,1647
11042,8,1,510,2,2,2,1162
11043,5,2,1364,1,1,8,1301
11044,5,7,170,4,1,10,2102
11045,1,5,1030,5,1,8,1259
11046,8,5,1019,5,1,8,2113
11047,3,6,82,2,1,10,2033
11048,2,7,1384,2,2,8,1645
11049,3,7,1428,5,1,6,824
11050,3,5,93,3,1,10,1132
11051,3,2,144,2,2,11,1734
11052,6,2,913,1,2,2,1229
11053,1,8,1231,2,1,4,599
11054,2,4,1320,3,1,11,273
11055,2,4,1047,4,1,2,572
11056,2,5,435,5,1,2,2477
11057,2,7,671,3,2,9,2350
11058,2,6,838,2,1,9,699
11059,4,2,1402,2,1,5,1120
11060,2,4,276,2,2,3,767
11061,3,7,150,3,1,9,1280
11062,2,8,271,2,2,7,788
11063,3,6,840,2,2,4,2278
11064,4,1,629,2,1,3,961
11065,5,5,381,2,1,8,1988
11066,2,7,413,5,1,6,1208
11067,4,1,9,2,1,4,1823
11068,2,1,1146,4,2,9,2245
11069,3,8,988,2,2,1,855
11070,2,5,327,5,1,5,1607
11071,5,1,818,3,2,3,145
11072,2,5,631,3,2,11,152
11073,3,4,156,3,1,2,2006
11074,3,8,174,1,2,5,1855
11075,2,6,692,3,1,3,1011
11076,8,1,644,2,2,7,1496
11077,2,1,125,2,1,1,1877
11078,1,8,324,2,1,5,1912
11079,2,7,1271,3,2,7,2450
11080,5,2,705,3,1,6,2447
11081,3,1,1178,2,2,11,2467
11082,2,7,294,2,2,2,893
11083,2,3,155,3,1,5,724
11084,3,4,927,2,1,3,2116
11085,7,1,434,4,1,2,390
11086,8,7,1248,5,1,8,1800
11087,2,1,414,1,2,11,1440
11088,2,2,855,2,1,2,1736
11089,3,3,351,3,1,4,2474
11090,3,6,119,2,1,8,1491
11091,8,5,1241,2,2,11,673
11092,2,1,178,3,1,10,2071
11093,2,6,622,3,1,9,2176
11094,3,4,455,3,2,6,1244
11095,2,7,161,2,2,11,746
11096,5,8,1416,3,2,5,764
11097,2,6,865,2,1,4,445
11098,3,5,798,3,2,1,1734
11099,5,5,1143,3,1,11,841
11100,2,6,481,4,2,10,188
11101,2,8,1055,3,2,5,1568
11102,8,3,1431,4,1,4,2241
11103,1,2,1028,3,2,6,1762
11104,8,6,859,2,1,6,1607
11105,6,4,728,1,2,7,1000
11106,2,4,829,3,2,4,799
11107,2,5,1280,3,2,1,1398
11108,2,2,163,4,1,3,1787
11109,1,5,279,3,2,9,1211
11110,5,8,305,2,1,5,404
11111,3,6,1391,2,2,3,1136
11112,8,7,312,2,2,8,433
11113,3,2,361,1,1,1,1288
11114,2,7,890,5,2,4,1341
11115,2,5,167,3,1,3,868
11116,2,5,141,2,1,2,1284
11117,2,4,541,3,2,2,1847
11118,2,3,722,1,2,5,1587
11119,5,8,91,2,2,7,820
11120,2,5,1303,2,2,9,336
11121,5,8,34,1,2,5,942
11122,3,1,58,3,1,2,538
11123,6,6,1134,3,2,4,451
11124,5,1,486,1,2,4,2028
11125,6,6,468,1,1,6,1053
11126,2,3,877,3,1,2,1687
11127,2,6,5,5,2,3,1296
11128,3,3,527,3,2,6,2392
11129,2,4,1062,3,2,4,499
11130,3,4,617,1,2,6,1890
11131,2,2,1044,3,2,6,1374
11132,3,8,72,3,1,3,434
11133,8,1,1420,3,2,7,987
11134,2,4,469,2,1,4,317
11135,6,8,284,2,2,7,1584
11136,2,1,1291,4,1,9,763
11137,2,3,1036,2,2,3,2302
11138,3,1,657,1,2,9,2442
11139,7,1,689,1,2,2,2059
11140,5,7,1127,2,2,5,1292
11141,5,8,422,3,1,4,912
11142,2,3,464,2,1,10,985
11143,2,3,972,2,1,11,1762
11144,2,5,630,4,2,7,1623
11145,2,1,562,2,1,7,1336
11146,6,1,1033,2,2,3,1168
11147,1,2,159,3,2,4,318
11148,2,1,74,2,2,7,1443
11149,5,3,829,2,2,3,1400
11150,3,6,597,2,2,1,2374
11151,2,8,372,2,1,11,1988
11152,2,8,155,3,2,2,196
11153,3,5,726,2,2,5,799
11154,3,3,633,2,2,11,2056
11155,2,6,1157,3,2,5,2499
11156,8,8,821,2,1,8,793
11157,3,4,1057,3,2,3,1438
11158,2,4,58,2,2,9,706
11159,2,1,598,4,1,5,1222
11160,5,3,302,3,2,10,1230
11161,3,1,1048,5,2,3,1275
11162,5,8,481,2,1,8,1808
11163,2,2,757,2,2,2,1508
11164,2,2,1347,2,1,8,1869
11165,2,5,609,4,2,9,335
11166,2,6,1119,3,2,8,1708
11167,5,3,653,2,2,10,1442
11168,2,8,1336,3,1,1,1520
11169,2,5,1012,2,2,9,2284
11170,2,8,741,3,1,1,2329
11171,3,1,877,1,2,9,1590
11172,5,3,593,2,1,10,1630
11173,7,3,1434,2,1,2,1898
11174,5,1,1201,3,2,8,831
11175,3,5,1335,3,2,9,835
11176,2,5,728,2,1,6,2213
11177,5,2,1386,2,2,6,399
11178,2,3,845,2,1,3,964
11179,5,5,121,1,2,10,838
11180,5,7,1415,2,2,9,1287
11181,5,3,1030,5,2,8,2459
11182,2,2,859,2,2,2,1385
11183,6,6,855,2,2,5,857
11184,5,6,1035,2,2,7,195
11185,5,8,393,3,1,11,2088
11186,2,2,160,3,2,1,2331
11187,2,4,559,3,2,8,2102
11188,2,3,750,1,1,3,2018
11189,2,8,926,1,2,10,143
11190,3,5,78,2,1,2,1130
11191,4,5,1427,1,2,7,421
11192,2,4,579,3,1,5,1658
11193,3,7,199,4,2,8,1263
11194,2,4,672,1,2,1,696
11195,2,1,115,2,1,9,306
11196,8,4,308,3,2,6,2408
11197,5,5,834,2,1,8,173
11198,3,3,1289,2,2,6,773
11199,2,3,845,2,2,7,2342
11200,2,8,113,3,2,11,737
11201,2,2,741,2,2,8,340
11202,2,1,682,2,2,9,1921
11203,2,5,497,1,1,4,596
11204,5,8,970,3,1,3,2038
11205,2,3,1151,2,1,10,2013
11206,2,3,1105,3,1,10,1674
11207,5,6,1039,2,2,2,158
11208,1,7,1180,1,2,2,1280
11209,6,3,2,3,1,4,520
11210,7,8,742,3,2,8,2002
11211,2,4,1339,4,2,11,2409
11212,2,1,807,1,2,6,2047
11213,4,5,730,2,2,3,558
11214,4,6,624,1,1,4,1134
11215,3,7,665,5,1,3,1056
11216,2,3,969,2,1,3,1284
11217,2,7,883,1,2,9,324
11218,4,1,1258,2,2,11,2478
11219,2,2,336,2,2,3,1864
11220,3,5,1125,3,2,11,1035
11221,6,8,704,2,1,2,1980
11222,5,2,1304,2,2,2,1927
11223,2,1,1149,3,1,8,1399
11224,2,2,331,1,1,10,1651
11225,2,4,613,3,2,3,1714
11226,5,5,1111,3,2,10,704
11227,3,1,691,3,2,10,2165
11228,2,3,88,3,2,9,2140
11229,2,2,1161,2,2,11,1260
11230,2,6,1425,2,2,3,2314
11231,6,2,1402,2,2,10,603
11232,7,1,142,2,1,2,1872
11233,2,6,320,5,1,8,1724
11234,8,8,1222,3,2,6,1736
11235,5,8,1154,1,2,4,1817
11236,5,8,562,1,2,1,1012
11237,5,1,284,2,2,10,1058
11238,5,1,1074,2,1,6,1870
11239,2,6,173,4,1,7,1653
11240,3,8,1001,3,2,8,1466
11241,7,1,1328,1,2,7,279
11242,2,6,862,3,2,2,2033
11243,2,3,259,1,2,3,373
11244,2,1,1381,3,1,1,344
11245,2,3,211,2,1,4,446
11246,2,5,1048,4,1,5,772
11247,3,2,1324,3,1,9,1565
11248,2,7,835,3,2,1,2434
11249,2,3,798,3,2,11,1012
11250,1,2,1327,5,2,7,895
11251,5,6,791,2,1,4,2216
11252,2,5,948,2,2,8,591
11253,2,6,703,2,2,10,185
11254,5,7,1436,5,2,2,1045
11255,5,1,528,2,2,5,1059
11256,2,4,121,2,2,2,2008
11257,8,7,649,3,1,2,1935
11258,5,2,671,3,1,7,2078
11259,4,7,489,3,2,4,724
11260,2,4,1346,2,2,9,1689
11261,2,6,727,2,1,10,180
11262,2,8,1276,2,2,2,379
11263,2,2,45,1,1,7,1514
11264,2,7,597,3,2,8,1811
11265,2,1,816,2,1,1,1053
11266,5,4,379,2,1,1,763
11267,2,1,903,2,1,7,2081
11268,2,4,446,3,2,5,1891
11269,8,2,321,3,2,7,2487
11270,2,5,824,3,2,1,859
11271,3,2,489,2,2,9,2023
11272,3,2,973,3,2,2,198
11273,8,6,467,2,2,11,128
11274,1,2,1118,2,2,5,1627
11275,2,7,1379,2,1,4,1083
11276,8,7,995,1,2,5,1945
11277,2,8,648,1,1,9,1103
11278,3,5,627,2,2,5,2330
11279,2,5,326,3,2,4,2323
11280,3,4,1148,3,2,4,1282
11281,3,2,226,2,1,5,1497
11282,3,3,1427,3,2,10,1542
11283,5,4,1217,2,2,1,2047
11284,2,8,693,2,2,9,2144
11285,2,4,710,3,1,1,809
11286,5,2,946,3,2,7,1281
11287,2,6,787,3,2,4,1119
11288,2,7,571,3,2,9,136
11289,3,3,282,2,1,10,1477
11290,8,1,730,5,2,1,1400
11291,2,1,1031,2,1,4,130
11292,3,3,1401,3,2,7,378
11293,2,4,1122,1,1,2,2440
11294,2,8,791,3,1,5,1463
11295,2,7,637,2,1,11,463
11296,3,2,503,5,2,10,731
11297,5,7,468,2,1,7,792
11298,2,8,1232,3,1,10,663
11299,5,1,216,5,1,10,2064
11300,2,6,866,2,1,3,489
11301,2,1,228,3,2,8,1490
11302,3,6,1459,5,2,4,2342
11303,2,3,940,2,2,5,546
11304,2,6,1412,2,2,5,1480
11305,5,5,1382,2,2,7,2294
11306,5,5,497,4,2,8,2281
11307,5,5,293,2,2,1,1712
11308,2,5,327,2,1,10,2208
11309,2,3,289,1,1,11,2079
11310,7,8,732,2,2,7,579
11311,2,6,878,4,1,8,610
11312,5,7,440,3,1,2,2182
11313,7,7,1275,4,1,1,1329
11314,5,4,195,2,2,9,305
11315,2,2,450,2,1,11,857
11316,8,5,283,2,1,9,1279
11317,3,7,325,2,1,11,150
11318,3,5,679,2,2,11,884
11319,5,8,1360,5,2,11,1926
11320,2,1,764,2,1,11,710
11321,2,5,129,3,1,3,1079
11322,4,7,1438,3,1,10,1302
11323,2,2,243,2,1,9,1109
11324,2,2,572,2,2,1,375
11325,2,4,601,3,2,1,848
11326,2,8,1398,3,1,2,1860
11327,3,1,760,5,2,7,449
11328,6,7,786,3,2,4,1674
11329,2,7,413,5,1,9,296
11330,5,4,38,2,2,6,1926
11331,5,3,913,3,2,8,777
11332,3,4,1318,1,2,7,269
11333,2,8,1167,2,1,9,599
11334,3,3,199,1,1,11,2390
11335,8,6,628,2,1,10,524
11336,2,4,835,4,1,9,2073
11337,3,8,254,2,2,2,212
11338,8,4,823,3,2,1,1729
11339,5,2,1041,1,2,9,1299
11340,5,7,1178,3,2,9,1025
11341,6,2,1075,3,2,3,919
11342,2,4,1093,3,2,7,151
11343,5,5,1020,2,2,8,620
11344,2,5,871,2,2,2,1391
11345,2,8,729,3,2,3,2453
11346,3,7,554,3,2,7,1071
11347,2,5,1363,2,2,3,703
11348,2,7,855,5,2,9,1500
11349,2,7,816,2,2,7,365
11350,2,4,1442,2,2,9,234
11351,2,4,1198,2,2,7,403
11352,5,8,983,2,2,11,1314
11353,2,6,791,2,2,6,704
11354,3,2,1356,1,1,5,1071
11355,5,5,1334,2,2,2,201
11356,2,4,919,2,2,8,543
11357,8,5,513,3,2,4,1341
11358,4,2,1435,4,1,8,1569
11359,2,5,668,5,1,6,2169
11360,6,8,1242,3,2,10,585
11361,3,1,710,2,2,6,1207
11362,2,1,726,2,2,3,2287
11363,5,8,451,5,2,7,2425
11364,3,3,365,4,2,7,432
11365,3,8,527,3,1,5,1929
11366,5,2,647,5,1,11,480
11367,2,1,834,1,2,6,2194
11368,6,2,629,2,2,6,392
11369,4,7,738,2,2,8,2401
11370,5,6,1038,2,2,9,882
11371,2,2,941,3,1,11,893
11372,3,3,802,2,2,6,2008
11373,5,3,1000,2,2,3,2052
11374,4,6,796,2,1,5,2301
11375,8,2,715,3,2,1,861
11376,1,4,901,2,2,1,2314
11377,2,2,1087,2,1,10,2403
11378,1,1,391,2,2,10,2100
11379,2,1,355,2,2,1,1869
11380,2,3,193,2,1,9,1623
11381,2,2,1421,5,1,10,1613
11382,4,5,1110,5,2,2,893
11383,8,1,1345,2,2,10,1909
11384,2,2,753,2,2,11,413
11385,2,6,823,3,2,1,544
11386,6,7,1334,2,2,5,2158
11387,3,1,1188,5,1,8,2351
11388,3,3,1106,3,2,5,905
11389,3,3,1421,2,1,5,2330
11390,5,3,460,4,2,10,601
11391,8,3,81,2,2,2,420
11392,2,2,1080,2,1,7,1300
11393,2,7,1066,2,2,1,444
11394,2,4,858,2,2,2,1999
11395,2,2,844,3,2,5,291
11396,3,1,761,3,2,7,1753
11397,8,7,191,2,1,11,1377
11398,5,7,526,2,1,7,1141
11399,6,5,827,2,1,8,1627
11400,1,3,955,2,2,6,140
11401,3,5,142,3,2,3,1822
11402,3,3,561,1,2,8,2252
11403,3,1,988,2,1,1,1304
11404,2,6,1021,5,2,11,355
11405,3,7,793,2,2,3,237
11406,3,3,304,5,2,8,2151
11407,3,6,121,2,2,3,1136
11408,3,4,910,5,2,5,670
11409,2,7,730,1,1,5,1727
11410,3,3,704,2,2,7,957
11411,2,8,496,2,1,4,759
11412,2,5,7,3,1,10,395
11413,5,4,178,1,1,2,2243
11414,2,8,514,3,2,2,1891
11415,4,7,374,2,2,7,2225
11416,2,3,1379,2,1,3,137
11417,3,8,813,2,2,10,665
11418,3,8,440,2,1,2,2111
11419,2,5,503,3,2,5,1098
11420,2,6,522,2,1,2,637
11421,5,2,1086,1,1,11,2030
11422,2,4,77,3,2,5,340
11423,2,8,560,3,1,8,851
11424,3,6,423,2,2,6,572
11425,2,2,647,3,1,1,264
11426,5,1,1282,3,1,10,1906
11427,7,1,1403,2,2,7,1627
11428,2,1,348,4,2,4,2485
11429,2,4,911,5,2,4,920
11430,2,1,703,2,2,9,309
11431,3,3,1105,2,2,10,477
11432,2,4,227,2,2,6,378
11433,2,6,563,4,2,10,2113
11434,2,5,1248,2,2,7,386
11435,2,3,878,5,1,2,2254
11436,3,4,702,2,1,11,1790
11437,2,4,857,1,2,3,628
11438,2,3,987,3,1,10,2401
11439,2,8,88,3,1,1,1178
11440,2,1,761,2,2,5,1811
11441,2,4,432,4,1,7,1440
11442,2,3,1117,2,1,6,1321
11443,2,8,599,3,1,6,2394
11444,5,7,23,3,1,6,158
11445,2,5,413,3,1,4,455
11446,5,6,972,1,2,7,1726
11447,2,1,1262,4,2,6,382
11448,5,1,1238,2,2,5,2448
11449,2,7,463,3,2,7,1596
11450,8,5,706,4,2,7,1045
11451,5,3,296,5,2,2,1950
11452,2,8,1078,4,2,5,814
11453,2,5,479,3,2,11,1115
11454,3,2,449,3,2,11,1977
11455,8,6,694,2,1,7,563
11456,2,7,477,3,2,8,1963
11457,3,6,1405,2,2,9,863
11458,2,5,544,3,2,4,835
11459,2,8,734,5,1,5,1030
11460,2,4,597,2,1,8,1951
11461,2,4,391,3,2,8,1454
11462,2,6,1266,3,2,2,2460
11463,2,6,355,3,1,1,2125
11464,5,4,628,2,1,10,916
11465,5,3,684,2,2,10,773
11466,2,1,789,5,1,4,1894
11467,4,8,411,2,2,11,768
11468,2,1,417,2,2,2,1276
11469,2,1,1309,4,1,10,204
11470,5,5,610,3,2,3,1765
11471,5,5,7,5,1,2,2402
11472,4,1,392,5,2,4,1555
11473,2,7,1412,4,2,8,893
11474,2,8,156,2,2,11,2071
11475,3,7,1218,2,2,9,194
11476,2,2,1392,2,2,7,2354
11477,2,2,687,3,2,2,2398
11478,3,3,59,2,2,7,1586
11479,2,5,413,3,2,10,430
11480,2,1,337,1,2,6,2266
11481,2,2,445,2,1,4,598
11482,2,1,224,2,1,1,899
11483,2,6,656,3,2,10,1558
11484,3,2,1365,2,2,10,1623
11485,2,1,1265,3,1,1,200
11486,4,5,555,3,1,6,767
11487,2,7,716,2,2,7,2314
11488,4,5,1108,2,2,1,1452
11489,2,6,881,2,1,2,2011
11490,2,6,1326,3,2,9,1794
11491,2,3,1231,2,2,10,560
11492,2,1,1296,2,1,11,316
11493,3,8,1388,2,2,4,1781
11494,2,2,804,2,2,4,1794
11495,3,7,1375,5,1,10,2313
11496,2,2,738,2,2,6,1958
11497,5,8,215,4,1,5,172
11498,3,4,1330,1,1,11,2442
11499,2,4,1087,2,2,9,508
11500,7,2,1234,3,1,3,1695
11501,5,3,899,2,2,8,586
11502,6,1,1129,2,1,1,1475
11503,2,6,243,3,2,7,987
11504,7,3,1105,2,2,8,1107
11505,4,6,974,1,1,9,1114
11506,3,8,1041,5,1,11,1934
11507,3,3,11,5,2,11,590
11508,8,3,19,2,1,10,344
11509,6,2,993,3,2,1,1633
11510,3,7,590,3,1,1,177
11511,2,3,1330,2,1,8,1348
11512,7,2,237,4,2,2,2388
11513,2,7,563,3,1,6,1813
11514,2,4,1162,3,1,8,1204
11515,6,2,924,3,1,10,1993
11516,7,7,1260,2,1,6,508
11517,8,2,1454,2,2,9,2299
11518,3,5,978,3,2,8,828
11519,2,7,1437,1,1,7,2206
11520,6,4,199,2,1,5,2149
11521,2,7,471,2,2,1,1893
11522,5,8,871,4,1,2,1705
11523,3,8,805,3,1,2,1215
11524,2,2,112,2,2,1,2403
11525,2,4,692,2,2,5,1216
11526,2,1,338,2,2,3,1805
11527,3,8,1315,3,2,8,551
11528,2,1,1420,3,1,2,1091
11529,2,3,1306,3,2,11,2120
11530,3,6,112,3,1,3,1787
11531,5,8,1392,2,2,11,744
11532,2,1,1359,4,2,9,438
11533,3,4,1083,1,2,2,1499
11534,2,8,881,5,1,9,312
11535,2,7,1171,2,2,9,472
11536,2,6,994,4,1,3,453
11537,3,2,199,2,2,11,2427
11538,2,6,1097,2,2,5,1178
11539,2,2,1067,2,2,10,1155
11540,2,7,48,2,2,2,1497
11541,8,5,282,3,2,1,1733
11542,1,4,220,2,2,11,633
11543,2,3,1314,2,2,3,1560
11544,2,8,1200,1,2,8,2130
11545,8,6,49,3,2,2,2468
11546,2,6,147,2,2,5,985
11547,2,4,13,2,1,4,405
11548,2,8,1377,2,2,9,2040
11549,6,6,1332,5,2,10,243
11550,5,3,319,3,1,5,260
11551,2,5,588,2,2,1,1055
11552,2,3,774,2,2,7,384
11553,6,8,358,2,2,9,189
11554,2,1,20,1,1,6,959
11555,3,8,824,5,1,10,1130
11556,2,8,966,2,2,8,463
11557,5,3,76,2,2,9,500
11558,2,1,1029,2,2,11,1041
11559,5,7,1461,1,1,7,734
11560,2,6,1460,1,1,5,234
11561,2,7,337,2,2,3,255
11562,3,5,136,4,2,4,748
11563,7,2,1393,2,2,4,391
11564,2,5,420,3,1,7,1619
11565,2,7,1239,4,1,9,1343
11566,3,7,1139,1,1,2,1078
11567,5,7,411,3,2,10,2441
11568,5,1,1240,2,1,2,1431
11569,2,5,814,5,2,4,1943
11570,2,7,628,3,2,8,225
11571,3,7,841,2,2,10,2407
11572,2,4,30,3,1,1,460
11573,8,7,470,2,2,11,596
11574,3,6,646,3,2,6,1124
11575,3,3,175,2,1,11,1596
11576,2,1,631,3,1,1,331
11577,2,1,1396,2,1,9,1165
11578,3,7,1381,3,2,5,1384
11579,2,1,1048,2,1,3,1170
11580,1,6,940,3,1,1,738
11581,2,8,160,3,1,4,1144
11582,2,5,177,2,1,10,516
11583,2,7,182,2,2,6,344
11584,5,1,1168,1,2,8,862
11585,2,8,792,2,1,9,2157
11586,2,8,971,2,1,4,314
11587,3,2,299,3,2,5,1383
11588,2,1,1368,2,2,8,1791
11589,5,5,370,1,1,3,139
11590,5,5,61,3,1,4,437
11591,6,7,912,3,1,10,663
11592,3,8,214,3,1,6,1512
11593,3,8,893,1,2,5,2030
11594,2,7,144,1,1,8,2097
11595,2,7,746,5,1,10,528
11596,2,2,15,2,1,11,1468
11597,5,3,966,3,1,2,1537
11598,2,1,447,2,1,9,2487
11599,3,5,425,5,2,1,507
11600,2,2,696,3,2,2,318
11601,3,2,242,3,1,8,409
11602,2,6,1457,2,2,8,1248
11603,3,5,1223,3,2,8,1292
11604,8,4,1313,3,1,2,970
11605,5,7,956,1,2,8,1278
11606,2,5,547,3,2,5,240
11607,3,5,34,1,2,4,689
11608,3,6,295,2,1,2,280
11609,5,4,1097,2,1,9,684
11610,7,2,863,2,2,3,496
11611,2,8,738,2,1,5,2252
11612,7,2,234,2,2,4,1653
11613,2,8,795,2,2,9,1224
11614,5,3,1309,3,2,4,2165
11615,2,2,833,2,1,5,200
11616,2,4,246,2,1,11,902
11617,4,5,1046,4,2,8,767
11618,2,6,1325,3,1,4,1770
11619,6,4,195,5,2,11,668
11620,2,4,821,3,1,2,1482
11621,3,4,973,5,2,11,984
11622,5,3,841,3,1,10,531
11623,2,2,840,1,1,2,2015
11624,2,8,963,2,1,10,1240
11625,2,6,1076,2,2,9,1124
11626,6,7,643,4,2,10,178
11627,5,1,856,2,1,6,272
11628,2,2,362,2,2,1,1850
11629,2,6,139,3,1,10,2087
11630,2,5,1246,2,2,2,814
11631,3,4,226,2,2,9,2489
11632,6,4,553,1,2,8,1828
11633,5,1,41,2,2,9,1025
11634,2,3,845,2,1,11,1920
11635,3,3,405,3,1,6,202
11636,6,5,1414,2,1,3,685
11637,3,6,623,1,1,11,334
11638,6,1,489,2,2,4,1731
11639,2,2,1307,5,2,7,1413
11640,5,5,1326,3,1,8,1819
11641,3,4,451,3,2,10,1575
11642,5,4,529,1,1,9,1101
11643,3,5,184,4,1,10,2235
11644,2,8,427,2,1,8,710
11645,2,5,868,2,1,2,1451
11646,8,5,1231,3,1,2,880
11647,2,8,434,3,2,5,218
11648,6,7,8,3,2,2,2216
11649,5,2,139,3,2,1,625
11650,2,8,573,1,2,10,508
11651,8,5,556,2,1,11,2143
11652,5,3,348,2,2,11,613
11653,2,3,462,5,1,4,1874
11654,2,4,605,3,2,1,1030
11655,4,8,784,2,2,4,1877
11656,5,5,957,2,2,4,1535
11657,5,4,538,2,1,6,2350
11658,5,6,216,2,1,10,1008
11659,2,8,782,5,2,5,361
11660,4,3,1258,2,1,9,1865
11661,2,1,598,3,2,10,1085
11662,2,4,197,3,1,8,1832
11663,2,6,677,3,1,6,360
11664,2,7,537,3,1,11,2385
11665,3,5,1259,3,2,6,1177
11666,2,2,730,3,2,6,136
11667,2,4,479,2,1,4,822
11668,2,6,305,1,2,5,946
11669,3,1,504,3,1,4,338
11670,3,4,78,3,2,2,1816
11671,3,6,372,3,1,5,1548
11672,5,3,56,1,2,1,351
11673,3,3,956,3,2,9,1440
11674,2,8,1365,3,1,10,1729
11675,6,8,91,2,2,9,2359
11676,2,8,1457,5,2,9,478
11677,2,2,940,1,2,2,1908
11678,3,7,721,2,1,11,1844
11679,5,4,854,3,2,3,401
11680,7,4,1159,3,1,8,1549
11681,2,6,446,2,1,2,2463
11682,5,4,83,2,2,6,946
11683,5,4,544,1,2,9,2217
11684,2,2,203,1,2,7,1728
11685,2,6,721,2,1,3,1116
11686,5,5,1076,2,2,8,1655
11687,2,6,253,1,2,9,729
11688,2,4,820,5,1,5,463
11689,2,7,792,2,2,8,513
11690,2,6,491,2,2,8,977
11691,2,5,606,2,1,1,2073
11692,2,1,1119,2,1,2,604
11693,2,7,1344,3,2,7,1723
11694,1,3,306,2,1,1,373
11695,2,6,63,1,1,4,1492
11696,3,7,635,5,2,7,589
11697,8,2,854,5,2,10,1872
11698,4,5,678,1,1,5,2178
11699,2,8,284,1,1,2,1637
11700,2,1,1336,3,1,3,878
11701,3,3,455,2,2,8,1227
11702,1,3,686,2,2,1,2262
11703,2,2,178,3,2,5,444
11704,2,1,869,2,2,3,1891
11705,7,2,575,1,2,9,367
11706,2,3,684,3,1,6,1096
11707,5,4,610,2,2,5,1967
11708,5,8,568,3,2,3,1209
11709,2,6,411,1,1,4,1874
11710,2,5,670,1,2,8,653
11711,3,5,987,2,2,1,556
11712,5,2,895,2,2,7,2456
11713,7,6,1209,2,2,1,2417
11714,5,3,1369,2,1,1,1412
11715,2,5,1447,3,1,4,1954
11716,5,5,439,3,2,2,587
11717,3,2,570,2,1,1,1619
11718,3,7,1211,2,2,8,1795
11719,2,8,140,5,2,10,2123
11720,5,1,750,2,2,10,1854
11721,5,5,17,2,1,7,496
11722,3,4,869,2,2,9,1967
11723,4,2,70,2,2,2,828
11724,2,3,395,3,1,10,404
11725,2,5,50,2,2,10,144
11726,3,8,155,3,1,6,898
11727,8,2,1283,1,2,3,2336
11728,2,7,252,1,2,5,514
11729,2,8,106,2,1,9,1437
11730,8,7,201,2,2,3,1260
11731,1,7,709,3,1,9,1737
11732,4,1,567,2,2,8,309
11733,2,6,821,1,2,10,1264
11734,7,5,72,2,2,11,1137
11735,3,2,951,2,1,9,1608
11736,3,6,702,4,2,2,1039
11737,2,1,1075,2,1,4,1699
11738,5,8,947,2,1,3,1162
11739,2,4,146,1,1,6,2300
11740,2,5,1370,3,1,8,635
11741,3,2,991,5,2,11,1781
11742,2,6,1415,2,1,7,1826
11743,2,7,807,2,2,2,2267
11744,2,3,249,2,1,5,1961
11745,5,3,281,2,2,4,567
11746,2,2,1106,3,1,1,120
11747,5,6,81,3,1,11,2108
11748,5,3,826,2,1,5,2287
11749,5,5,1188,2,2,5,841
11750,3,2,1014,3,1,5,840
11751,5,1,1195,2,2,3,441
11752,2,8,13,3,1,1,267
11753,2,4,1367,1,2,10,1738
11754,5,7,1219,3,1,7,1965
11755,6,5,1054,2,2,9,1737
11756,2,7,1185,3,1,10,1540
11757,3,2,1362,1,2,6,1512
11758,8,8,922,3,1,11,686
11759,4,3,1214,3,2,4,1826
11760,2,1,621,4,1,5,609
11761,3,7,989,3,2,3,294
11762,2,5,48,2,1,4,243
11763,5,4,27,3,2,10,599
11764,2,6,995,3,2,3,1808
11765,5,1,964,2,1,10,2263
11766,8,4,236,2,1,7,1116
11767,6,3,181,5,1,4,800
11768,1,8,507,2,2,10,1302
11769,2,7,512,3,1,6,132
11770,2,4,1114,5,1,8,1661
11771,3,8,794,2,2,11,2424
11772,3,1,514,2,2,8,687
11773,2,3,1326,2,2,6,309
11774,2,7,47,2,2,9,1742
11775,1,2,1216,4,2,6,2108
11776,1,4,268,2,1,9,1037
11777,2,5,853,2,2,6,1591
11778,2,8,201,2,1,9,1852
11779,3,4,601,2,2,8,2468
11780,4,2,314,2,2,7,1453
11781,3,1,176,2,2,8,1694
11782,6,2,976,2,1,4,1464
11783,5,5,118,2,2,7,2161
11784,8,1,1208,2,2,2,813
11785,5,2,625,4,2,3,1340
11786,4,4,1296,3,2,3,1895
11787,7,2,465,3,1,5,2327
11788,2,7,160,2,1,4,1937
11789,2,2,308,1,2,1,1516
11790,4,7,727,2,2,11,2160
11791,2,7,1000,4,1,7,2338
11792,2,7,413,1,2,10,163
11793,7,7,1438,4,1,2,910
11794,7,7,595,3,2,8,2293
11795,2,6,450,3,2,4,194
11796,3,7,60,1,2,10,548
11797,3,7,395,3,1,5,942
11798,2,8,458,3,2,4,1469
11799,1,1,724,2,2,4,997
11800,3,8,361,2,2,6,261
11801,6,5,1236,1,2,5,1275
11802,2,1,557,2,2,6,158
11803,2,4,916,2,2,2,2313
11804,7,1,38,3,1,1,1450
11805,2,2,814,3,2,11,1246
11806,2,3,130,2,2,3,1646
11807,6,2,333,3,1,10,2128
11808,4,3,667,2,1,8,688
11809,3,7,699,2,1,11,1330
11810,3,6,703,3,1,1,1288
11811,2,8,1419,2,1,8,344
11812,6,6,861,3,2,2,157
11813,5,3,1109,3,1,11,1352
11814,2,2,157,5,2,11,2024
11815,2,7,745,2,2,10,1234
11816,7,2,518,3,2,4,2198
11817,2,8,579,1,1,11,812
11818,8,8,1389,2,1,11,1435
11819,6,1,8,2,1,3,367
11820,4,8,83,2,2,1,1660
11821,5,1,933,2,2,8,1951
11822,3,6,51,2,1,1,1853
11823,2,1,33,2,1,7,2255
11824,5,1,306,3,2,3,525
11825,2,1,341,2,2,3,331
11826,3,6,808,2,1,9,312
11827,2,1,1162,3,2,8,552
11828,2,3,1157,5,2,10,2161
11829,2,5,866,2,1,3,811
11830,7,5,1026,3,2,11,1363
11831,2,1,100,2,2,9,1905
11832,2,1,956,3,1,6,1503
11833,2,8,1279,2,1,3,2198
11834,2,7,1399,2,2,7,1932
11835,1,8,13,3,2,4,1533
11836,3,1,505,1,2,6,1664
11837,2,8,591,3,2,2,483
11838,2,8,1087,5,1,9,649
11839,6,3,179,3,2,3,2197
11840,3,6,968,3,1,10,1227
11841,2,7,173,2,1,4,302
11842,2,5,714,2,2,9,1028
11843,2,7,407,3,2,7,1404
11844,2,8,1232,5,1,2,2415
11845,7,8,387,4,1,11,1460
11846,2,2,1454,3,2,1,945
11847,7,1,500,3,1,7,1609
11848,3,8,1243,2,1,2,2459
11849,2,2,35,3,2,6,301
11850,5,4,1160,3,2,6,1181
11851,2,3,1023,2,2,11,1246
11852,5,4,625,1,1,5,188
11853,7,6,1004,3,2,2,1329
11854,6,2,1231,3,2,9,2048
11855,2,1,405,2,2,1,2414
11856,2,1,1294,2,1,10,746
11857,3,3,402,4,2,1,2179
11858,2,4,1111,5,1,2,1938
11859,3,1,81,1,2,8,1861
11860,2,2,887,3,1,5,2288
11861,3,6,216,2,1,3,1476
11862,2,7,198,2,2,4,2037
11863,7,1,76,2,2,4,236
11864,5,1,552,3,2,9,2027
11865,2,2,1409,1,2,5,128
11866,7,6,979,3,1,4,2073
11867,2,2,1180,3,2,7,553
11868,2,3,725,2,1,6,2217
11869,2,1,904,1,2,2,1404
11870,7,5,1023,1,2,4,482
11871,2,8,1398,2,2,3,1926
11872,2,8,441,2,2,9,1872
11873,6,3,755,2,2,6,1528
11874,2,4,1454,3,2,2,1150
11875,8,4,384,1,2,5,300
11876,2,4,786,2,1,6,1238
11877,7,5,298,2,1,1,410
11878,3,2,570,2,1,10,1164
11879,4,5,67,3,1,6,2355
11880,6,6,117,3,1,3,1219
11881,4,7,1195,5,2,8,818
11882,2,1,348,4,2,5,707
11883,7,6,856,5,2,6,752
11884,5,7,489,2,2,4,1701
11885,2,6,1038,2,1,1,2345
11886,8,2,295,2,2,4,821
11887,3,6,763,2,1,10,1330
11888,2,5,977,5,2,4,1877
11889,2,4,32,5,1,4,1544
11890,3,8,1444,2,1,3,1583
11891,3,8,1140,4,2,3,1187
11892,3,3,478,3,2,1,1802
11893,2,4,1030,2,1,8,1683
11894,3,3,532,3,1,7,936
11895,1,3,1192,2,1,11,1175
11896,2,5,1170,2,1,3,366
11897,3,1,630,2,2,7,204
11898,2,5,901,3,2,9,611
11899,2,3,525,3,1,11,177
11900,3,7,624,1,2,7,1927
11901,2,1,806,3,2,4,248
11902,5,2,525,1,2,1,805
11903,5,5,437,4,1,9,1925
11904,2,6,133,3,1,8,2104
11905,2,7,1209,2,2,3,1697
11906,1,8,126,3,2,11,1000
11907,2,6,391,1,2,10,356
11908,3,6,1105,3,1,9,1156
11909,8,5,1086,1,1,5,1723
11910,1,2,1305,1,2,4,672
11911,3,1,279,2,2,6,1917
11912,2,5,670,2,1,11,1937
11913,2,5,911,3,2,7,2421
11914,2,5,124,2,2,6,2386
11915,5,1,574,2,2,9,788
11916,2,2,289,2,1,1,232
11917,4,8,880,2,2,4,350
11918,3,5,759,2,1,1,927
11919,2,7,1332,3,2,10,953
11920,2,7,453,5,2,7,1947
11921,3,4,1206,2,2,4,2284
11922,2,3,1230,1,1,1,2382
11923,5,1,6,3,1,1,519
11924,1,4,703,1,2,8,1846
11925,6,2,1062,3,2,11,322
11926,5,3,1319,2,2,4,1139
11927,4,5,801,2,2,10,261
11928,3,4,1185,4,1,3,2129
11929,3,4,587,3,1,9,931
11930,5,3,1020,2,2,2,299
11931,2,6,60,3,1,5,221
11932,2,4,271,1,1,2,2124
11933,5,2,732,2,2,3,1863
11934,8,4,23,2,2,5,1780
11935,3,4,1129,2,2,2,1191
11936,3,4,875,2,2,7,2027
11937,3,7,865,2,2,2,965
11938,3,4,1263,3,1,11,2124
11939,2,2,1152,2,2,10,2247
11940,8,6,265,2,2,5,1017
11941,3,4,357,3,1,5,929
11942,2,3,730,3,1,3,1811
11943,5,8,205,2,1,2,2160
11944,2,7,465,2,1,8,511
11945,5,7,561,2,2,6,1352
11946,3,2,801,3,2,10,2122
11947,5,5,253,2,1,5,231
11948,2,6,1328,2,1,3,2209
11949,2,2,1358,3,2,10,2321
11950,2,4,1334,3,2,1,2134
11951,5,2,453,1,2,10,2031
11952,2,8,1107,2,1,11,1247
11953,2,4,416,4,1,5,689
11954,6,1,591,1,1,1,1794
11955,2,4,276,2,2,1,1138
11956,7,8,934,3,2,3,216
11957,7,3,1064,2,2,2,1805
11958,1,7,1001,3,2,5,2260
11959,1,6,924,2,1,5,844
11960,3,2,53,2,2,7,903
11961,5,6,141,5,2,5,2193
11962,3,7,1090,3,1,7,1102
11963,2,5,506,5,2,8,216
11964,2,1,839,2,1,1,1103
11965,2,4,57,2,2,4,997
11966,2,8,1062,2,1,1,1881
11967,5,3,496,3,1,11,650
11968,6,4,166,5,2,6,2446
11969,4,8,355,3,2,4,1168
11970,2,3,778,2,2,9,1492
11971,2,5,1286,2,2,1,135
11972,5,2,535,3,2,7,2425
11973,2,1,284,2,1,8,1236
11974,7,7,339,3,2,1,1801
11975,5,3,887,3,2,11,1059
11976,3,4,324,4,2,4,1325
11977,2,6,1202,2,1,1,2176
11978,2,5,622,3,1,6,2169
11979,2,4,83,3,2,11,942
11980,3,3,553,3,2,3,252
11981,6,7,1164,1,2,5,1133
11982,2,4,1224,3,2,1,395
11983,2,2,1396,3,1,1,1787
11984,3,1,806,1,2,7,1276
11985,2,8,16,3,1,6,136
11986,4,3,1056,3,2,9,2217
11987,2,7,1262,3,1,5,1855
11988,6,2,966,1,2,1,2391
11989,1,2,485,2,1,8,656
11990,4,5,996,1,1,1,625
11991,2,7,1236,2,1,11,2081
11992,2,7,648,2,1,1,1747
11993,5,4,354,1,2,10,887
11994,5,2,983,2,2,9,2470
11995,5,5,153,2,1,11,1094
11996,2,6,243,3,1,7,2146
11997,2,4,1295,3,2,5,1203
11998,6,5,1304,5,1,5,1694
11999,2,7,780,4,1,10,1733
12000,2,3,949,2,2,8,516
12001,2,5,668,2,2,3,1111
12002,5,1,528,2,2,1,517
12003,2,6,363,3,2,5,1379
12004,3,5,822,2,1,5,411
12005,2,7,558,2,2,7,1708
12006,2,6,1066,2,2,10,2295
12007,5,4,524,2,1,8,764
12008,2,5,1176,1,1,7,1727
12009,2,2,267,5,1,7,1793
12010,3,7,137,2,2,9,1132
12011,2,2,821,3,1,1,1182
12012,2,4,158,2,2,8,1523
12013,8,3,525,2,2,9,2320
12014,8,2,1011,3,1,2,1177
12015,2,1,1201,2,2,4,1350
12016,2,2,908,2,2,8,1327
12017,2,1,1133,4,2,8,1992
12018,4,5,1292,2,2,3,653
12019,3,4,1103,3,1,1,1510
12020,2,5,946,1,2,7,2023
12021,4,1,1362,1,2,1,2200
12022,3,3,599,1,1,7,2109
12023,2,8,1030,2,1,8,1045
12024,2,2,857,4,1,3,1206
12025,2,1,115,3,2,10,1397
12026,8,2,987,4,2,2,2179
12027,5,8,1374,4,2,4,1025
12028,2,6,1443,2,2,1,2295
12029,3,3,154,3,1,2,1819
12030,3,5,818,3,1,9,2095
12031,2,1,1278,1,1,8,1277
12032,2,6,660,4,2,9,961
12033,3,4,393,4,2,1,1334
12034,2,1,108,2,1,11,657
12035,2,4,12,3,2,10,1671
12036,2,8,364,2,2,6,143
12037,2,1,553,1,2,1,528
12038,3,4,819,2,1,7,398
12039,2,8,873,5,2,10,954
12040,3,1,121,4,2,5,663
12041,2,1,188,2,1,8,833
12042,5,5,937,3,2,6,1702
12043,2,5,1045,2,1,1,2330
12044,3,5,111,3,2,7,333
12045,3,3,1443,2,2,6,144
12046,5,4,312,2,2,3,1094
12047,5,5,829,2,1,8,854
12048,2,2,642,2,2,3,581
12049,6,5,442,3,2,8,1535
12050,7,1,71,3,2,5,1622
12051,3,1,933,2,2,10,476
12052,1,2,297,2,2,3,374
12053,2,6,1286,2,1,8,1018
12054,2,1,1378,2,2,2,984
12055,5,7,547,3,2,11,515
12056,8,1,432,2,2,10,1239
12057,2,5,1331,4,2,1,354
12058,3,5,1172,3,1,8,885
12059,7,1,219,2,2,8,2497
12060,1,2,76,2,2,4,2480
12061,2,1,876,3,1,7,849
12062,2,5,1134,1,2,3,1348
12063,2,4,112,3,1,9,960
12064,3,7,1131,2,2,1,1494
12065,1,7,671,1,2,8,1583
12066,3,5,150,4,2,7,2307
12067,1,8,269,2,2,8,1816
12068,5,5,1440,1,1,5,521
12069,3,8,1285,3,1,8,355
12070,2,2,282,2,2,7,515
12071,2,1,1055,3,2,7,949
12072,2,5,138,2,2,5,1627
12073,2,6,450,3,2,7,1659
12074,2,4,152,3,1,11,397
12075,2,5,808,2,2,10,367
12076,2,3,732,1,2,1,1329
12077,3,8,507,2,2,8,917
12078,2,7,782,2,1,9,750
12079,5,6,223,2,2,10,2001
12080,3,5,1018,3,2,4,169
12081,5,3,1338,3,1,5,2423
12082,5,2,918,5,2,7,273
12083,5,3,1354,2,2,6,1694
12084,8,1,1257,2,2,6,635
12085,2,4,826,2,1,11,1818
12086,2,7,1217,2,2,7,2172
12087,2,1,290,1,2,9,499
12088,3,2,1157,2,1,2,1164
12089,2,2,312,2,2,5,704
12090,3,2,1295,2,1,7,2305
12091,2,3,603,3,1,1,2160
12092,3,3,1255,5,1,7,302
12093,3,8,19,3,1,9,1887
12094,2,2,263,1,1,9,2072
12095,3,3,1031,2,2,7,671
12096,1,1,757,3,2,10,764
12097,5,5,729,2,1,6,448
12098,2,6,1048,3,1,10,1864
12099,4,2,738,3,1,1,200
12100,2,1,1359,2,1,6,1746
12101,2,3,440,3,2,4,1618
12102,2,6,317,5,1,4,325
12103,8,8,488,5,1,2,1532
12104,2,2,214,2,1,8,1403
12105,2,3,566,2,2,9,830
12106,1,8,314,3,1,1,156
12107,3,3,13,1,2,7,965
12108,5,6,1264,3,2,7,1028
12109,2,3,323,5,2,11,1512
12110,2,6,343,3,1,7,1625
12111,6,1,1181,2,1,4,538
12112,3,8,405,2,1,6,779
12113,7,8,41,1,2,11,470
12114,6,2,557,2,1,10,306
12115,5,3,1332,2,1,9,1187
12116,2,5,187,1,2,9,1069
12117,2,6,934,2,1,4,1360
12118,2,1,319,1,2,2,2286
12119,2,4,634,3,1,2,1521
12120,1,7,1021,3,1,2,305
12121,3,7,1001,5,2,1,1108
12122,1,5,1294,1,2,10,553
12123,7,7,263,2,2,7,242
12124,6,2,960,1,2,6,1246
12125,8,1,242,3,1,5,258
12126,5,6,995,2,2,3,2207
12127,4,1,1280,1,1,11,2350
12128,5,8,565,2,1,11,1699
12129,5,4,1263,1,1,11,1373
12130,5,8,775,3,1,3,1059
12131,5,1,714,2,2,11,804
12132,2,1,1077,2,2,1,1100
12133,2,2,1049,3,2,1,629
12134,2,5,160,2,1,10,822
12135,2,1,1262,1,1,8,850
12136,3,8,553,1,2,6,889
12137,1,3,804,3,2,5,253
12138,3,1,1248,2,1,4,858
12139,2,1,895,3,1,8,448
12140,7,2,477,3,2,10,2443
12141,8,2,1273,2,2,11,2004
12142,7,8,1174,3,1,9,1682
12143,5,2,1267,1,1,1,2168
12144,2,8,695,1,2,2,1028
12145,2,7,947,2,1,4,184
12146,3,7,1081,3,1,6,817
12147,2,4,759,3,1,10,2385
12148,2,8,1271,5,2,3,1853
12149,8,2,649,5,1,1,1920
12150,5,1,1036,2,2,3,1775
12151,2,1,133,4,2,11,1326
12152,2,7,789,1,2,8,795
12153,2,6,464,2,2,11,1793
12154,2,2,635,3,1,5,278
12155,5,6,469,2,2,1,203
12156,2,7,770,5,2,5,1104
12157,5,5,995,2,2,10,1060
12158,7,8,571,3,1,8,1120
12159,3,2,1239,2,2,11,1772
12160,5,4,844,1,2,9,1403
12161,2,4,1437,3,2,6,2140
12162,3,8,1386,1,2,4,1039
12163,5,7,681,2,2,11,1605
12164,3,5,764,2,2,11,575
12165,2,4,37,3,2,5,2401
12166,2,3,1456,2,2,3,1324
12167,2,1,1103,3,1,7,197
12168,3,1,612,2,2,11,1969
12169,5,6,1439,2,2,10,1353
12170,3,1,1105,4,2,4,1300
12171,5,7,62,2,2,10,915
12172,2,5,335,5,1,7,1269
12173,4,1,683,1,2,10,361
12174,3,7,1157,2,1,4,2130
12175,2,2,263,2,2,1,411
12176,3,3,1336,2,2,9,1807
12177,3,6,1204,2,1,11,374
12178,2,7,1119,3,1,10,1200
12179,5,8,353,2,2,11,1103
12180,8,6,1201,3,2,7,2468
12181,2,6,341,1,2,10,906
12182,3,2,277,3,1,8,768
12183,2,1,646,2,1,5,1613
12184,8,2,443,4,2,2,269
12185,2,5,1045,2,2,2,1838
12186,2,4,1371,3,1,10,519
12187,3,1,1365,2,2,1,1599
12188,2,2,295,3,2,9,1608
12189,2,7,247,3,2,7,2151
12190,2,5,1224,2,2,4,658
12191,2,5,429,3,1,5,1306
12192,2,2,45,2,2,4,2330
12193,4,2,1160,3,1,3,1221
12194,8,3,1356,3,2,9,683
12195,3,2,652,1,1,7,1506
12196,3,6,543,2,2,2,1293
12197,5,1,1438,2,1,11,727
12198,2,8,559,1,1,2,1618
12199,2,5,419,3,2,7,395
12200,5,8,609,1,2,9,1028
12201,2,6,630,4,1,4,1643
12202,3,4,1256,3,1,6,1747
12203,3,6,858,2,2,6,1663
12204,3,7,54,1,1,9,620
12205,7,5,895,5,2,2,1197
12206,5,4,1411,2,1,10,211
12207,6,7,1217,3,1,2,1031
12208,5,1,922,1,2,5,2440
12209,2,3,238,2,2,3,2207
12210,5,3,316,3,2,5,2401
12211,3,4,1345,3,1,7,607
12212,3,6,551,3,2,10,680
12213,3,7,917,2,1,1,2249
12214,2,6,16,2,2,4,1948
12215,8,2,1158,2,2,4,1158
12216,4,3,1221,2,1,4,1612
12217,3,3,570,2,2,3,1972
12218,2,1,816,3,2,4,2479
12219,7,2,584,2,2,7,2046
12220,2,5,1275,2,2,3,1258
12221,2,7,122,2,2,10,2076
12222,3,5,378,1,2,9,1695
12223,5,1,1412,5,1,10,709
12224,2,5,98,2,1,8,520
12225,5,3,729,2,2,8,2467
12226,5,6,820,1,2,5,2361
12227,3,2,991,3,1,3,477
12228,2,5,172,3,1,2,1000
12229,2,5,1136,3,2,4,731
12230,2,5,1160,2,2,11,2222
12231,2,5,1319,5,2,10,1485
12232,2,6,1440,1,2,2,1823
12233,2,6,11,2,2,11,625
12234,2,4,847,3,2,9,1080
12235,2,8,1092,2,2,2,388
12236,2,1,633,3,1,4,2255
12237,2,8,180,2,2,7,2000
12238,5,7,578,2,2,3,1506
12239,3,7,524,3,2,1,595
12240,2,3,229,5,2,10,2235
12241,2,5,1194,2,1,6,1294
12242,5,1,1274,5,2,1,872
12243,2,3,842,2,2,11,799
12244,8,6,585,3,1,2,1460
12245,5,5,726,4,1,6,2184
12246,2,8,951,2,2,2,661
12247,3,6,588,2,2,11,503
12248,3,4,1193,3,1,5,467
12249,2,5,84,3,1,4,1639
12250,2,6,853,5,1,8,1718
12251,3,8,218,3,1,2,1620
12252,8,7,396,1,2,11,1579
12253,2,1,1429,3,2,2,237
12254,2,1,755,2,2,4,429
12255,2,8,226,3,2,1,1380
12256,3,6,345,3,2,10,829
12257,5,6,975,3,2,3,1965
12258,2,7,1333,1,2,8,1399
12259,5,8,1239,2,2,9,1076
12260,2,2,1041,2,1,3,1955
12261,5,8,277,2,2,7,250
12262,2,5,794,3,2,4,1796
12263,5,2,1336,3,1,11,258
12264,7,8,307,3,2,3,899
12265,5,6,1022,4,1,5,1737
12266,2,1,434,5,1,9,2271
12267,5,5,194,2,2,4,160
12268,3,1,1213,2,2,8,891
12269,6,6,5,2,2,2,347
12270,2,8,192,3,1,11,1574
12271,5,8,590,1,2,9,2275
12272,2,2,143,2,1,10,574
12273,2,8,635,3,1,1,1024
12274,2,7,145,3,1,8,476
12275,2,8,993,2,1,8,970
12276,2,5,912,3,2,3,2288
12277,2,4,324,1,2,1,1009
12278,2,2,111,2,1,4,980
12279,5,5,548,3,1,3,1469
12280,3,4,907,3,1,2,1713
12281,5,4,317,1,1,6,2253
12282,3,1,640,2,1,3,1040
12283,7,3,1201,1,1,7,531
12284,3,5,876,2,2,2,957
12285,2,8,1409,3,2,4,1622
12286,3,6,1147,2,1,8,528
12287,5,8,1195,2,2,3,665
12288,3,5,383,3,2,1,702
12289,5,4,1370,3,1,5,950
12290,5,6,1111,3,2,7,1753
12291,2,3,1195,4,2,5,784
12292,7,3,861,2,2,11,312
12293,5,1,475,3,2,6,2274
12294,2,1,451,2,1,10,690
12295,3,7,33,2,2,1,1977
12296,5,7,1273,2,1,2,1881
12297,3,8,1024,2,2,11,1846
12298,8,7,640,3,2,1,1827
12299,2,7,438,2,2,11,2477
12300,5,3,610,2,2,3,273
12301,7,7,866,1,1,3,1741
12302,5,5,1268,2,2,10,1250
12303,2,4,985,4,2,4,1558
12304,2,5,1146,2,2,6,1112
12305,3,1,746,5,1,2,2317
12306,2,5,1169,2,1,1,167
12307,4,5,452,5,1,1,2047
12308,2,5,618,2,2,10,1991
12309,3,5,247,1,2,3,1811
12310,2,6,947,2,2,11,2245
12311,3,1,523,3,1,4,571
12312,5,3,992,2,1,2,1522
12313,2,7,602,3,2,5,1261
12314,5,3,1185,2,2,5,2448
12315,2,6,895,4,2,9,1190
12316,3,1,969,1,2,7,999
12317,3,8,1391,2,1,1,2276
12318,2,4,908,2,2,7,865
12319,2,6,596,3,2,11,767
12320,5,1,863,2,2,3,885
12321,2,6,77,2,1,10,293
12322,2,8,30,2,1,3,1659
12323,5,5,746,2,2,11,1970
12324,2,6,403,3,2,4,189
12325,5,6,879,2,2,2,1919
12326,3,7,1434,1,2,9,1447
12327,2,2,1078,2,2,6,1985
12328,2,8,907,2,2,10,2228
12329,3,8,214,3,1,11,1125
12330,2,1,949,2,2,6,263
12331,2,5,703,2,2,9,1859
12332,5,6,352,2,2,2,2448
12333,3,5,410,2,2,6,582
12334,2,7,1183,2,2,9,1605
12335,3,4,1108,3,2,7,2237
12336,3,1,1265,3,2,11,2267
12337,3,8,980,2,1,9,880
12338,3,7,997,2,2,1,1466
12339,8,8,1361,2,1,9,612
12340,2,3,1262,2,1,6,1426
12341,2,2,1274,2,2,6,648
12342,2,7,1309,2,2,5,1643
12343,2,2,1275,2,2,2,538
12344,2,1,1300,1,2,6,821
12345,2,2,265,2,2,1,1013
12346,3,3,835,2,2,1,2261
12347,2,5,1115,3,2,7,1609
12348,5,8,551,5,2,1,1315
12349,2,6,221,3,1,5,1224
12350,6,7,1429,2,1,6,2230
12351,3,8,328,2,2,4,729
12352,5,7,1384,1,2,5,559
12353,4,1,1327,5,2,2,2303
12354,4,4,1002,1,2,10,1347
12355,3,4,851,3,2,7,2100
12356,2,1,736,2,1,10,890
12357,3,2,203,2,2,1,2309
12358,2,6,1359,3,2,2,2078
12359,2,8,605,3,1,8,1589
12360,2,2,675,3,2,10,1913
12361,2,2,9,2,2,2,2364
12362,2,7,1160,5,2,1,2011
12363,2,5,208,2,1,5,505
12364,2,5,1161,5,1,2,1461
12365,2,8,225,2,2,10,1666
12366,2,2,378,2,1,3,1032
12367,5,3,976,3,2,6,1132
12368,2,7,718,5,2,6,1994
12369,8,1,85,2,2,3,1732
12370,2,7,976,3,1,10,1483
12371,4,7,1432,1,1,10,652
12372,2,4,196,2,2,3,2326
12373,8,3,1358,2,1,7,1145
12374,2,7,1115,2,2,6,386
12375,5,7,494,3,1,1,1835
12376,2,1,346,3,2,5,1679
12377,3,6,1321,3,1,11,1831
12378,2,6,471,1,1,7,2485
12379,5,3,782,2,2,6,633
12380,3,2,1141,2,2,4,1704
12381,8,7,967,2,2,1,1090
12382,3,4,455,3,2,11,558
12383,2,2,1257,2,2,7,161
12384,2,8,163,2,2,4,491
12385,3,8,653,5,2,4,1638
12386,2,7,1240,2,2,5,1220
12387,7,6,905,3,2,7,849
12388,2,2,1246,3,1,9,1855
12389,3,5,1143,2,1,4,497
12390,3,7,1288,2,1,1,482
12391,2,6,904,4,2,3,741
12392,3,8,504,4,1,7,147
12393,2,1,171,5,2,10,1346
12394,2,4,386,2,1,10,704
12395,8,1,914,3,2,7,253
12396,2,7,684,1,2,2,2195
12397,5,2,1020,3,1,11,388
12398,3,1,1224,5,1,6,2020
12399,3,1,826,2,2,11,2254
12400,2,3,926,3,2,11,332
12401,3,3,1213,3,2,11,1694
12402,2,1,1057,4,1,3,450
12403,3,6,381,5,2,10,1745
12404,6,4,373,2,1,7,2465
12405,2,1,1044,2,1,1,2226
12406,5,4,856,3,1,2,2452
12407,2,5,548,3,1,6,1397
12408,2,7,1131,1,1,9,2235
12409,2,6,1391,2,2,2,713
12410,2,4,63,5,2,4,1522
12411,2,5,504,3,1,11,1969
12412,2,4,1335,1,2,5,1267
12413,3,5,779,1,2,2,279
12414,2,8,437,4,2,8,1907
12415,2,8,1100,3,2,3,1843
12416,2,2,58,1,2,4,1831
12417,5,3,1394,1,2,9,1928
12418,2,2,511,3,2,10,2358
12419,8,4,825,2,1,5,367
12420,2,7,400,5,1,3,137
12421,2,5,125,2,2,7,1239
12422,2,2,893,4,2,11,1563
12423,2,2,1369,3,2,11,1276
12424,5,7,1174,2,1,1,713
12425,3,6,112,3,2,3,2170
12426,2,2,1212,3,2,4,435
12427,2,6,1002,2,2,8,2375
12428,2,8,733,3,2,6,931
12429,8,2,1366,5,2,3,1465
12430,7,4,1173,4,1,11,2361
12431,2,8,989,3,1,11,371
12432,3,2,986,2,2,9,1784
12433,1,7,47,3,2,8,187
12434,3,5,1403,2,2,10,1519
12435,4,8,827,5,1,11,852
12436,3,5,196,1,2,1,1465
12437,2,1,1029,2,1,5,454
12438,5,8,639,3,2,11,508
12439,3,1,1014,2,1,1,2419
12440,3,7,1169,2,2,10,758
12441,2,6,744,2,1,9,1809
12442,3,8,693,2,2,2,608
12443,2,5,831,3,2,11,586
12444,2,1,1370,4,1,4,2091
12445,5,4,980,2,2,1,1697
12446,3,2,294,5,2,4,841
12447,3,5,1019,2,1,9,2099
12448,6,4,871,2,2,10,503
12449,5,4,27,3,1,5,2332
12450,3,8,43,3,2,5,795
12451,3,2,526,2,2,2,867
12452,2,2,622,3,2,10,293
12453,7,4,1058,3,1,11,2279
12454,2,6,1280,1,2,6,1263
12455,5,8,756,2,2,1,2242
12456,2,5,449,2,2,10,1006
12457,2,2,829,2,2,1,2196
12458,2,6,475,2,1,4,1401
12459,3,3,287,1,2,7,1929
12460,2,3,281,2,1,5,1944
12461,2,2,562,3,2,3,2032
12462,3,7,739,4,2,9,1997
12463,2,2,280,1,2,9,536
12464,2,3,33,2,1,3,2327
12465,2,1,349,5,2,9,536
12466,5,6,249,4,1,3,799
12467,3,2,868,3,2,6,2357
12468,4,8,74,3,1,2,1425
12469,2,3,1314,3,1,2,1726
12470,2,3,208,1,2,6,840
12471,2,3,236,3,2,5,2210
12472,8,3,725,2,1,5,600
12473,3,8,1254,4,2,7,2421
12474,3,3,289,2,2,1,742
12475,8,3,525,3,2,6,2188
12476,2,2,771,3,2,9,1449
12477,2,4,1029,3,2,5,2101
12478,3,4,890,3,2,10,1235
12479,5,6,877,2,2,10,1323
12480,5,3,699,2,2,7,306
12481,5,3,589,2,2,3,869
12482,3,4,667,5,2,10,1341
12483,4,3,593,3,2,8,217
12484,3,7,983,2,1,11,2441
12485,2,3,1250,2,1,1,2154
12486,3,3,862,2,1,10,260
12487,5,5,396,2,2,7,1212
12488,3,5,539,1,2,6,2011
12489,2,3,1408,1,1,11,1935
12490,2,3,1449,3,1,10,2467
12491,2,1,72,3,2,6,677
12492,6,1,346,2,1,1,1187
12493,2,6,654,3,2,2,1218
12494,3,5,386,3,1,6,2241
12495,3,2,1376,5,1,2,1530
12496,4,6,755,3,2,4,380
12497,5,8,481,2,2,6,622
12498,1,8,1315,1,2,2,2202
12499,3,6,773,2,2,6,1225
12500,4,3,950,3,2,11,1362
12501,2,3,307,2,1,9,1072
12502,2,7,1172,2,1,6,196
12503,7,2,80,2,1,10,563
12504,2,1,864,2,1,7,1961
12505,4,3,1044,3,2,3,1549
12506,2,5,833,2,1,4,1863
12507,2,2,1371,2,1,4,791
12508,2,4,1032,4,1,11,1545
12509,3,2,321,4,2,1,1048
12510,2,3,150,3,1,11,1975
12511,2,2,465,2,1,9,485
12512,1,1,535,1,2,9,484
12513,8,3,264,3,2,7,797
12514,2,1,374,3,1,2,2325
12515,3,1,1138,5,2,3,2103
12516,3,4,108,3,2,7,492
12517,2,5,1045,2,2,1,1156
12518,3,3,140,4,1,3,1348
12519,3,5,1059,1,1,4,2363
12520,3,5,731,5,1,11,893
12521,5,2,462,5,2,5,2012
12522,3,6,422,2,1,7,582
12523,2,3,1328,1,2,11,684
12524,3,1,413,5,1,9,1662
12525,3,7,580,3,1,2,278
12526,3,4,302,3,2,6,2105
12527,3,2,1450,3,2,2,2111
12528,3,5,328,2,2,10,363
12529,2,7,868,3,2,2,1000
12530,2,4,784,2,1,10,1151
12531,3,5,533,3,2,11,2092
12532,5,7,1326,2,2,5,2122
12533,2,3,1105,3,1,5,1739
12534,2,2,820,2,2,11,1188
12535,5,4,1386,1,1,1,739
12536,2,4,865,3,1,8,1708
12537,2,1,920,3,2,8,2199
12538,3,5,1445,5,1,1,2029
12539,2,2,577,3,1,6,1770
12540,2,8,1373,2,1,9,121
12541,2,1,12,2,2,5,1791
12542,5,2,959,2,2,7,1879
12543,2,5,793,2,2,6,1447
12544,3,5,53,1,2,1,901
12545,5,1,628,3,1,3,1868
12546,3,2,1457,2,2,7,408
12547,2,5,139,2,2,8,2203
12548,5,7,1396,3,2,7,1341
12549,2,7,1322,2,2,1,1340
12550,2,8,1030,2,2,3,405
12551,2,2,1209,5,2,2,1555
12552,2,8,1281,3,1,4,1568
12553,7,3,596,1,2,3,2208
12554,5,8,287,2,2,9,267
12555,2,7,109,2,2,6,1746
12556,6,1,159,1,2,6,448
12557,2,6,88,3,1,6,446
12558,3,1,249,3,1,9,329
12559,7,5,852,3,2,9,1670
12560,5,2,153,3,1,9,1240
12561,2,4,1459,4,1,4,2476
12562,5,1,1167,5,2,6,302
12563,2,6,1205,3,2,9,1085
12564,2,3,1416,3,2,6,291
12565,3,5,772,2,1,8,144
12566,5,2,315,3,2,8,773
12567,2,3,349,3,2,5,404
12568,2,5,21,2,2,3,2347
12569,2,1,853,3,1,6,1429
12570,2,1,642,2,2,5,2179
12571,2,7,1226,2,1,3,850
12572,8,6,309,5,2,6,342
12573,2,4,1298,2,1,4,742
12574,2,3,520,3,2,6,596
12575,3,7,207,2,1,7,1780
12576,5,1,677,2,1,1,572
12577,5,6,17,3,2,6,896
12578,5,2,421,2,2,8,1005
12579,2,2,391,2,1,10,1682
12580,5,3,1260,2,2,3,1625
12581,3,2,1193,3,1,2,901
12582,3,1,277,3,2,7,1913
12583,8,2,1033,2,2,10,933
12584,7,1,177,1,2,4,957
12585,7,7,49,2,2,7,486
12586,2,6,1443,3,2,9,618
12587,3,8,678,3,1,8,1267
12588,8,8,1,5,1,2,455
12589,3,1,281,3,1,10,2240
12590,2,1,552,1,2,6,227
12591,5,3,937,2,1,3,650
12592,2,8,1347,3,2,2,751
12593,5,2,843,3,2,10,2239
12594,4,1,882,2,2,3,1013
12595,2,3,760,2,1,11,844
12596,2,3,1282,3,1,7,1862
12597,2,7,686,2,1,6,1721
12598,4,3,1434,2,1,9,1677
12599,3,5,541,2,2,3,264
12600,3,7,1122,1,2,3,967
12601,3,8,1283,2,2,8,1507
12602,2,7,237,2,2,3,1797
12603,2,3,1369,3,2,4,488
12604,5,3,1405,1,1,10,1184
12605,6,8,802,3,2,10,1596
12606,2,1,239,4,2,8,2316
12607,2,3,346,4,2,3,1431
12608,2,3,1169,5,2,7,751
12609,3,5,641,3,1,5,668
12610,2,5,1296,3,1,9,1895
12611,6,8,12,2,2,1,384
12612,2,8,1361,3,2,11,1932
12613,2,7,264,2,1,4,943
12614,2,3,576,2,1,11,895
12615,4,7,1279,2,2,3,1423
12616,2,3,1316,2,1,9,199
12617,3,7,811,2,1,7,2262
12618,2,1,610,2,2,5,380
12619,3,7,413,3,1,10,570
12620,2,1,656,3,2,1,1495
12621,3,5,897,3,2,8,2384
12622,2,1,291,2,2,1,789
12623,8,8,1250,5,2,1,2139
12624,7,8,674,2,1,11,1853
12625,2,7,1377,3,2,3,1973
12626,6,2,1251,3,2,11,200
12627,2,4,944,3,2,11,2249
12628,5,7,114,2,1,11,2320
12629,2,6,855,2,2,1,1673
12630,2,7,763,1,2,3,865
12631,2,8,193,2,2,5,1346
12632,3,8,35,3,1,2,950
12633,2,5,1268,3,2,5,1325
12634,3,5,40,4,2,10,1682
12635,2,1,972,2,2,6,1443
12636,5,6,1372,3,2,5,821
12637,3,7,1057,5,2,8,1375
12638,5,6,977,2,1,6,148
12639,5,8,717,2,1,4,1367
12640,2,3,1352,3,1,2,635
12641,2,5,659,2,2,8,1468
12642,2,3,178,5,2,9,947
12643,1,1,671,3,2,11,1166
12644,3,6,296,2,2,8,1693
12645,5,3,1305,3,1,10,437
12646,4,6,739,2,1,9,2380
12647,1,4,189,1,1,1,1201
12648,3,3,1198,2,2,5,211
12649,3,8,262,3,1,3,1332
12650,4,7,1375,2,1,4,1801
12651,5,3,929,3,1,5,826
12652,5,6,1422,5,2,10,1310
12653,3,7,740,2,2,11,273
12654,3,1,1166,2,2,1,2184
12655,2,8,568,1,1,2,937
12656,7,8,922,3,2,11,2327
12657,3,8,585,3,2,11,2279
12658,2,8,1225,1,1,8,1232
12659,2,4,1160,1,2,10,1383
12660,4,2,529,2,2,6,1359
12661,3,2,726,2,2,9,946
12662,2,5,767,3,2,2,767
12663,2,4,441,2,2,6,1699
12664,3,2,296,1,2,9,876
12665,2,7,1367,2,2,1,2197
12666,3,7,1242,2,2,10,1522
12667,5,4,111,5,2,10,2197
12668,3,6,206,2,2,8,1725
12669,8,5,100,2,1,4,1894
12670,2,2,74,2,1,5,1032
12671,2,4,910,3,1,5,591
12672,2,2,1155,2,1,4,1600
12673,2,3,1031,5,1,3,2349
12674,2,8,46,2,1,3,272
12675,5,7,1275,2,1,5,1906
12676,2,3,492,2,2,11,1948
12677,8,2,58,2,1,1,2330
12678,2,4,1245,2,2,4,215
12679,3,4,801,3,2,9,1271
12680,6,4,676,4,1,2,1075
12681,2,7,394,1,1,1,1359
12682,2,7,103,5,2,9,1730
12683,5,5,724,1,2,10,1995
12684,3,8,1038,2,2,7,2383
12685,3,6,885,2,1,5,1498
12686,2,4,1076,3,1,8,473
12687,5,2,982,3,2,8,1525
12688,3,6,815,2,1,5,194
12689,2,4,1278,4,2,2,1556
12690,6,5,80,2,2,3,839
12691,3,1,781,1,1,2,2052
12692,3,5,859,2,2,11,1020
12693,7,7,251,2,2,6,1065
12694,3,1,1211,3,2,2,465
12695,2,3,601,2,1,3,1212
12696,3,6,448,4,2,4,730
12697,5,3,1259,1,2,2,734
12698,5,7,117,3,2,1,434
12699,6,8,142,4,2,7,1887
12700,2,6,733,2,1,1,826
12701,2,5,975,3,1,10,1425
12702,3,2,51,2,2,7,1465
12703,3,2,601,2,1,5,2259
12704,2,1,947,2,1,2,267
12705,7,2,689,2,2,9,1489
12706,2,6,384,2,1,6,2041
12707,2,8,1033,2,2,7,2098
12708,8,2,809,2,2,9,1135
12709,2,3,413,3,1,8,1670
12710,8,4,1265,2,2,8,1431
12711,2,2,332,2,1,3,2331
12712,2,3,785,3,1,8,581
12713,5,1,1219,3,2,4,1946
12714,7,1,845,2,2,7,1280
12715,3,5,818,1,2,6,598
12716,2,5,1,5,1,1,784
12717,3,5,863,3,2,4,931
12718,2,3,341,3,1,9,1625
12719,7,5,204,1,2,9,1192
12720,2,1,421,4,1,7,2350
12721,7,2,605,4,1,3,1286
12722,2,3,407,5,2,3,1885
12723,3,7,411,1,1,8,1169
12724,5,7,968,2,2,9,1057
12725,2,5,64,3,2,3,1434
12726,7,5,1014,3,2,11,1060
12727,2,1,635,2,2,8,2199
12728,2,7,607,2,2,6,727
12729,3,2,1182,3,1,5,747
12730,1,6,1176,3,1,11,1058
12731,2,2,1125,1,2,7,211
12732,3,5,1013,2,1,2,241
12733,3,5,271,5,2,1,594
12734,2,2,1109,2,2,2,1990
12735,2,2,705,2,1,2,1970
12736,3,1,1154,2,2,4,1871
12737,2,6,758,1,1,2,716
12738,3,8,628,2,2,4,1484
12739,5,3,1186,2,1,4,525
12740,7,3,958,4,1,1,2345
12741,2,8,1009,2,2,9,1065
12742,3,6,297,2,2,3,2068
12743,2,1,1402,2,2,4,425
12744,3,2,3,5,2,3,1929
12745,6,7,1109,1,2,1,424
12746,2,5,866,3,2,10,2406
12747,3,8,906,2,1,7,1772
12748,5,8,1117,5,2,11,156
12749,3,6,1033,2,2,8,317
12750,2,8,947,3,2,1,747
12751,2,1,863,2,2,11,864
12752,3,7,934,5,1,9,480
12753,2,7,768,3,1,11,1826
12754,5,4,652,3,2,11,1050
12755,2,6,986,3,1,9,583
12756,7,5,424,5,1,1,2273
12757,2,7,1381,1,1,8,2175
12758,2,3,193,3,2,4,509
12759,3,2,562,5,1,3,1467
12760,2,7,92,2,1,7,2062
12761,3,1,473,3,2,2,566
12762,2,3,745,2,2,3,1907
12763,2,7,212,3,2,9,1585
12764,2,7,602,2,2,5,1051
12765,2,5,528,3,1,6,1305
12766,8,6,51,2,1,3,605
12767,2,1,1282,2,2,3,963
12768,4,8,189,1,2,11,1259
12769,2,4,300,2,1,8,548
12770,3,1,701,3,2,3,2481
12771,3,3,344,2,2,10,2419
12772,8,8,1224,3,1,4,2310
12773,5,3,1109,3,1,7,1672
12774,6,7,963,2,1,9,2217
12775,5,5,1108,2,1,3,2094
12776,2,4,329,2,1,6,1619
12777,6,3,258,3,1,3,662
12778,6,1,723,2,1,3,2489
12779,2,8,406,2,1,6,2476
12780,1,4,496,3,1,1,1922
12781,3,7,1221,3,2,1,1734
12782,8,2,1413,3,1,4,1000
12783,1,8,1129,5,2,3,1305
12784,1,5,264,3,2,7,2298
12785,4,5,991,3,2,7,404
12786,2,2,517,3,2,4,1265
12787,2,5,1224,3,2,7,2124
12788,2,4,116,3,1,4,1160
12789,2,5,91,1,2,8,445
12790,2,7,740,1,1,4,2340
12791,5,3,780,2,1,2,1452
12792,2,5,544,4,1,10,184
12793,5,1,139,1,2,4,193
12794,7,3,615,4,1,10,1939
12795,3,6,1306,2,2,3,1441
12796,3,1,13,3,2,5,1971
12797,2,6,462,2,2,4,1401
12798,2,4,1149,2,1,10,397
12799,3,7,425,2,1,6,1645
12800,5,3,509,5,1,3,600
12801,3,1,193,3,2,3,1753
12802,5,7,547,2,2,4,1043
12803,2,8,1365,2,1,3,1999
12804,2,8,775,3,2,3,923
12805,5,8,1132,2,2,4,1588
12806,2,3,314,2,2,10,1657
12807,3,4,428,2,2,8,1066
12808,5,8,431,2,2,7,1818
12809,2,6,411,1,2,1,487
12810,3,2,371,1,1,4,1826
12811,5,4,27,5,1,6,1154
12812,5,4,647,3,1,7,347
12813,2,4,1284,3,1,10,2214
12814,7,5,657,1,1,11,1505
12815,2,4,670,2,1,9,380
12816,3,8,635,3,2,11,567
12817,2,2,883,2,2,1,300
12818,2,8,1348,2,1,1,1784
12819,2,4,293,1,1,2,1485
12820,2,2,526,3,2,4,1136
12821,2,3,804,3,2,2,2182
12822,2,3,1352,2,1,7,1256
12823,4,5,395,2,1,10,1690
12824,2,8,261,1,2,8,266
12825,4,2,472,2,1,1,1027
12826,4,7,564,4,1,10,2368
12827,3,8,297,1,2,8,459
12828,3,4,166,2,2,10,2295
12829,2,1,365,2,1,9,1847
12830,6,3,188,2,1,9,893
12831,5,4,770,2,2,11,636
12832,8,2,661,2,2,2,1254
12833,2,6,1404,2,2,3,1070
12834,4,4,122,3,2,9,1909
12835,2,7,1128,4,2,8,1722
12836,4,8,340,2,1,11,1809
12837,2,7,195,2,2,4,534
12838,3,7,1265,5,1,5,253
12839,5,3,1234,2,2,4,1111
12840,3,5,464,2,1,5,841
12841,2,2,1310,2,1,1,1728
12842,5,3,484,2,2,2,438
12843,2,5,887,3,2,2,1275
12844,3,5,1294,2,2,5,533
12845,3,6,617,3,1,2,292
12846,2,5,767,3,2,1,1425
12847,5,3,954,1,2,11,957
12848,2,3,1117,3,1,10,702
12849,2,4,1200,2,1,5,692
12850,3,1,1447,2,2,2,878
12851,1,2,913,5,1,2,1181
12852,3,2,557,2,2,1,2229
12853,7,6,478,2,2,10,903
12854,3,2,1262,5,2,3,2490
12855,5,5,1041,1,2,2,2435
12856,2,7,899,2,1,7,1999
12857,7,8,1122,3,2,8,2396
12858,2,3,1344,2,2,9,2094
12859,3,5,73,3,1,8,1540
12860,2,8,148,5,2,6,2438
12861,8,2,317,1,1,8,527
12862,5,4,67,2,2,1,1123
12863,4,4,699,3,2,9,186
12864,2,1,567,2,2,8,1833
12865,2,7,467,3,2,3,2140
12866,2,7,410,2,2,2,866
12867,3,2,941,4,2,9,2103
12868,5,7,352,3,2,3,2343
12869,2,6,388,2,2,6,2379
12870,2,3,49,3,2,2,839
12871,2,5,732,2,2,5,1462
12872,5,2,470,2,1,6,483
12873,2,3,665,2,2,9,894
12874,6,4,519,2,2,4,473
12875,2,7,787,2,2,10,409
12876,5,5,665,3,1,9,454
12877,3,2,600,3,1,7,1916
12878,2,2,352,2,2,9,2096
12879,5,4,1312,2,1,3,577
12880,2,2,81,3,1,9,1215
12881,5,6,1224,2,2,7,1188
12882,3,6,436,3,2,7,1015
12883,2,5,72,4,2,6,1854
12884,7,7,1333,3,1,10,482
12885,5,5,428,3,2,2,1876
12886,5,3,1273,3,2,7,648
12887,2,1,627,3,1,8,2486
12888,2,3,1217,2,1,10,1421
12889,2,7,1328,3,1,1,2084
12890,1,4,147,3,1,8,1299
12891,8,1,291,4,1,8,2376
12892,3,2,1429,2,2,5,1721
12893,2,2,896,3,2,4,1716
12894,5,3,89,3,1,2,604
12895,5,8,625,3,2,3,255
12896,7,8,386,2,2,3,1022
12897,2,6,519,2,2,6,1337
12898,2,6,1030,2,1,6,1677
12899,2,5,929,3,1,9,930
12900,2,5,815,3,1,8,1553
12901,5,3,1449,2,1,9,2162
12902,3,7,1434,1,2,11,800
12903,7,6,818,3,2,1,1626
12904,2,7,922,2,2,11,1835
12905,3,2,1358,2,1,10,1964
12906,3,4,55,2,1,1,2186
12907,2,7,621,3,2,4,529
12908,3,2,1340,3,2,5,284
12909,3,6,1203,5,1,7,1028
12910,4,3,446,2,1,3,561
12911,2,5,593,2,2,11,2342
12912,7,8,426,2,1,11,1038
12913,6,3,828,2,2,1,1733
12914,5,6,179,2,2,8,410
12915,5,3,1340,2,2,5,2245
12916,2,6,1127,3,1,5,1891
12917,3,8,184,3,1,6,1800
12918,5,3,228,2,1,9,1393
12919,3,8,1256,3,1,2,1713
12920,2,1,1134,3,2,11,1831
12921,8,2,167,2,1,4,2437
12922,3,7,193,2,1,4,1083
12923,6,1,1091,2,2,7,330
12924,3,6,1056,2,2,6,683
12925,5,2,366,3,1,6,1962
12926,5,1,252,2,2,10,1200
12927,3,4,948,2,2,1,2322
12928,2,7,611,2,2,9,1871
12929,2,3,444,2,1,7,545
12930,3,3,1066,3,1,3,1969
12931,1,2,1372,3,2,10,2235
12932,3,6,939,3,1,4,421
12933,2,4,171,3,2,1,870
12934,2,1,604,1,1,2,269
12935,3,6,130,3,2,6,941
12936,3,8,351,5,1,7,965
12937,8,3,1050,2,1,5,459
12938,3,5,778,5,2,2,1753
12939,2,7,267,3,1,7,2418
12940,3,5,1163,1,2,7,1253
12941,5,6,490,3,1,3,2337
12942,3,3,263,2,2,1,836
12943,2,3,258,1,1,1,2350
12944,2,5,451,2,2,11,2167
12945,5,5,179,2,2,8,2236
12946,2,4,643,2,1,7,1752
12947,2,1,693,3,1,4,552
12948,2,1,1207,3,1,4,937
12949,8,8,575,5,1,1,2258
12950,2,5,612,2,2,1,1950
12951,5,8,1400,3,1,1,1119
12952,3,6,846,2,1,8,1344
12953,3,4,1010,1,2,2,694
12954,5,2,369,3,1,7,593
12955,2,3,1223,3,1,10,1975
12956,2,7,1118,5,1,7,2094
12957,2,3,124,2,2,7,349
12958,3,3,1123,3,1,5,297
12959,8,1,858,3,1,6,2124
12960,8,5,179,2,2,11,1745
12961,5,4,203,3,1,8,1585
12962,1,4,678,2,2,4,888
12963,6,1,215,3,2,3,2146
12964,5,5,387,3,2,2,2498
12965,2,8,1132,3,2,4,663
12966,3,7,324,2,2,1,1299
12967,8,6,198,2,1,4,234
12968,5,1,1320,2,2,4,257
12969,7,5,1326,3,1,9,958
12970,2,6,184,2,2,10,1086
12971,2,7,920,3,1,9,2150
12972,2,1,1189,2,1,6,2124
12973,2,3,1183,3,1,3,1513
12974,1,6,233,2,1,10,2437
12975,2,1,329,3,1,9,1506
12976,3,8,987,5,1,6,1388
12977,2,5,463,1,2,9,1994
12978,2,3,1286,3,2,10,524
12979,2,8,220,3,1,9,2026
12980,6,5,219,5,2,11,2263
12981,5,7,611,3,2,4,1070
12982,5,8,30,3,2,3,1379
12983,1,2,760,1,2,1,2153
12984,8,2,459,3,1,5,1517
12985,3,1,422,2,1,4,2205
12986,2,6,127,2,2,3,506
12987,2,4,1033,3,2,8,560
12988,2,8,637,2,2,10,1673
12989,2,6,965,3,2,7,931
12990,2,1,1312,3,1,2,614
12991,2,1,1335,3,2,9,1712
12992,4,4,1315,1,2,8,2485
12993,7,3,1357,2,1,11,1829
12994,2,5,870,3,1,10,1009
12995,5,4,883,3,2,4,1484
12996,5,5,1255,2,2,4,1030
12997,2,8,628,2,2,7,1902
12998,5,2,612,3,2,7,1533
12999,2,2,1013,2,1,4,1842
13000,2,1,1086,1,2,1,1166
13001,3,8,1128,4,2,6,791
13002,2,8,499,2,2,6,1198
13003,2,7,1272,3,1,3,2191
13004,3,7,1375,2,1,5,1123
13005,8,6,1106,2,2,8,1261
13006,5,8,574,3,1,4,1889
13007,5,6,236,2,2,9,1617
13008,5,3,394,3,1,10,1187
13009,5,2,1016,2,2,5,1037
13010,2,3,541,3,2,5,263
13011,8,5,815,2,1,7,247
13012,7,7,1012,3,1,1,1911
13013,2,1,78,2,2,6,668
13014,3,6,413,2,2,2,2314
13015,3,2,1044,2,1,3,2005
13016,2,8,387,4,1,8,228
13017,2,2,366,2,1,4,449
13018,2,4,1248,1,2,7,296
13019,4,1,921,2,1,10,583
13020,2,1,1096,3,2,10,1493
13021,2,4,702,1,2,5,179
13022,2,8,296,3,2,2,1025
13023,5,8,461,2,2,1,146
13024,8,7,540,2,1,5,1215
13025,3,2,343,5,2,4,755
13026,2,7,18,3,2,6,2397
13027,3,2,338,3,2,3,729
13028,5,8,1131,2,1,2,1160
13029,5,6,1350,3,2,3,2194
13030,5,6,607,2,2,4,449
13031,2,1,77,3,1,6,317
13032,2,5,759,2,1,9,2000
13033,2,5,1433,3,1,11,1416
13034,8,1,1134,3,1,2,1175
13035,3,1,1234,3,2,6,1157
13036,5,3,1154,2,2,9,2384
13037,1,8,725,2,1,2,2282
13038,4,7,731,3,1,1,517
13039,2,7,91,3,2,11,787
13040,2,7,213,3,2,8,2483
13041,8,5,123,2,1,4,1571
13042,6,2,1010,5,1,2,1607
13043,3,3,116,2,2,11,2231
13044,4,3,75,3,2,8,1611
13045,2,4,907,5,1,5,1068
13046,2,1,66,3,2,8,346
13047,3,6,705,2,2,4,510
13048,7,3,462,2,2,4,310
13049,3,1,361,1,2,11,1493
13050,3,3,646,3,1,5,1635
13051,2,4,484,3,1,11,281
13052,2,6,110,3,2,1,1411
13053,8,1,5,3,2,10,2273
13054,2,6,1406,5,1,3,699
13055,5,6,99,5,2,8,1304
13056,5,2,678,2,1,4,1529
13057,5,6,755,3,2,1,378
13058,6,6,1444,3,2,6,171
13059,2,6,558,5,2,6,620
13060,5,5,954,2,1,2,2107
13061,2,2,845,1,1,8,1663
13062,2,5,462,3,2,4,1854
13063,3,6,706,3,2,8,1955
13064,2,5,959,2,2,8,2224
13065,1,1,944,3,2,3,1897
13066,5,4,1308,2,1,5,2120
13067,2,4,736,3,2,8,1524
13068,2,4,1048,1,2,1,1468
13069,2,5,404,1,2,10,1509
13070,3,1,1197,3,2,4,1675
13071,7,3,1042,2,1,3,1285
13072,3,2,1353,2,1,6,2244
13073,2,4,229,2,2,11,1357
13074,2,5,461,2,2,10,429
13075,2,7,380,2,1,8,1765
13076,3,7,679,2,1,9,876
13077,2,7,1203,2,1,7,1104
13078,2,3,187,2,2,11,1926
13079,2,6,1457,3,2,3,1891
13080,3,8,176,3,1,5,2030
13081,3,1,821,3,2,5,2118
13082,7,7,369,3,2,1,646
13083,5,4,777,3,1,2,460
13084,3,5,152,1,1,7,132
13085,2,3,414,2,1,4,1458
13086,2,4,912,3,2,3,1749
13087,3,3,330,3,2,4,819
13088,2,2,360,3,1,7,1799
13089,2,6,955,3,1,4,1577
13090,2,2,561,3,1,9,2266
13091,2,5,410,1,1,7,2047
13092,2,6,1074,2,2,2,210
13093,5,5,167,3,1,10,1875
13094,2,1,532,2,2,4,1713
13095,2,5,1247,3,1,4,357
13096,2,4,821,5,1,3,555
13097,5,6,1177,3,1,1,1294
13098,5,8,318,3,2,9,1569
13099,2,5,307,2,1,5,1373
13100,5,8,989,5,1,9,577
13101,2,2,1186,1,2,8,529
13102,5,7,752,3,1,10,458
13103,5,3,811,1,2,7,2041
13104,5,5,666,3,2,1,464
13105,5,6,1454,4,1,4,2362
13106,2,7,472,1,1,4,1207
13107,3,2,129,2,1,4,622
13108,2,8,459,2,2,8,1853
13109,6,4,1022,2,2,6,204
13110,2,6,366,2,2,1,502
13111,2,1,1008,3,1,4,2185
13112,2,3,155,2,1,10,1395
13113,2,2,1113,5,2,11,2341
13114,3,3,455,2,2,7,1735
13115,3,5,1359,2,2,11,2154
13116,2,7,416,5,1,9,1712
13117,2,8,410,2,2,2,1756
13118,5,3,223,2,2,2,313
13119,2,5,431,2,2,5,1316
13120,3,4,421,2,1,5,1018
13121,3,2,1424,2,2,7,199
13122,2,6,713,3,1,4,364
13123,2,8,1047,2,2,4,2451
13124,5,7,885,1,2,2,1555
13125,2,7,1205,2,2,2,2008
13126,2,2,743,2,2,4,1059
13127,3,6,475,3,2,2,1373
13128,2,4,348,1,2,2,642
13129,2,6,888,2,2,10,1410
13130,5,3,1359,2,1,4,1277
13131,1,8,1132,3,2,3,2359
13132,3,6,1035,3,1,10,566
13133,2,1,313,2,2,4,2099
13134,2,7,1424,2,1,10,694
13135,3,1,767,5,1,11,2454
13136,2,7,1452,5,1,7,492
13137,2,3,598,2,1,3,285
13138,5,3,529,2,2,1,1370
13139,2,2,1058,3,2,11,768
13140,2,1,350,2,2,4,1441
13141,2,4,283,2,2,7,915
13142,5,1,809,2,2,2,314
13143,2,6,117,2,1,10,1678
13144,2,2,780,2,2,10,1788
13145,2,2,302,3,2,2,2425
13146,4,2,467,3,1,6,2064
13147,3,5,887,1,2,5,691
13148,2,6,1314,3,2,4,590
13149,5,3,1198,3,2,6,2490
13150,2,8,172,2,1,11,1907
13151,2,7,682,1,1,9,2336
13152,3,8,1009,2,2,4,1910
13153,3,7,810,3,1,5,2200
13154,2,7,318,2,1,9,2259
13155,7,4,861,3,2,1,1393
13156,3,2,1414,5,2,10,1760
13157,6,6,1111,2,1,3,1486
13158,5,4,826,2,2,1,615
13159,6,6,532,2,1,5,448
13160,3,6,1433,3,2,11,2376
13161,2,1,1002,3,2,5,1146
13162,5,8,140,2,1,3,1978
13163,5,4,837,2,1,5,2459
13164,4,3,645,2,2,1,1867
13165,2,2,25,2,1,2,293
13166,3,3,1021,4,2,2,1737
13167,4,3,1427,3,1,11,1272
13168,4,1,733,2,2,10,1931
13169,2,3,814,4,1,1,1743
13170,5,8,65,3,1,6,599
13171,3,3,725,3,2,7,1360
13172,2,6,1288,2,2,2,2227
13173,8,6,991,2,2,1,2165
13174,2,2,589,2,1,5,1937
13175,5,8,490,3,2,9,2412
13176,4,5,1054,1,1,11,2434
13177,2,2,24,2,2,7,403
13178,4,2,1151,1,2,5,1572
13179,5,8,1049,2,2,5,1186
13180,7,6,785,2,2,9,774
13181,3,3,1441,2,1,10,2027
13182,2,8,460,3,2,11,1663
13183,5,1,1408,3,1,6,1908
13184,2,4,640,3,2,10,2292
13185,2,7,1271,3,2,6,2462
13186,2,7,626,2,2,3,1972
13187,3,8,871,3,2,3,1699
13188,3,2,1321,3,1,9,721
13189,5,7,688,2,1,9,1730
13190,5,5,643,4,2,11,1341
13191,5,2,918,2,2,11,2256
13192,5,3,10,3,1,5,129
13193,2,2,138,3,2,10,1126
13194,7,3,219,5,2,6,1186
13195,2,3,729,2,1,7,1360
13196,3,1,836,3,2,9,2296
13197,2,1,369,3,2,7,529
13198,3,4,37,5,1,5,414
13199,2,4,497,1,2,11,1905
13200,2,2,1195,2,2,8,2491
13201,2,4,820,4,1,9,837
13202,3,1,1187,3,2,11,2003
13203,2,5,1280,2,2,3,2482
13204,2,8,697,2,1,3,1614
13205,2,6,1423,1,1,5,403
13206,2,4,634,3,2,2,1653
13207,4,8,757,2,2,11,1729
13208,5,7,1040,2,2,8,731
13209,8,8,929,2,2,10,1790
13210,3,2,1155,2,1,5,1159
13211,7,4,560,5,1,5,2298
13212,3,1,1367,2,2,6,1711
13213,3,5,746,3,2,8,873
13214,3,7,1142,2,1,8,2016
13215,2,6,1188,3,2,8,635
13216,3,4,217,2,1,1,1840
13217,1,5,996,2,2,11,863
13218,5,4,764,1,2,1,2216
13219,3,2,408,1,2,10,454
13220,8,6,821,2,2,1,1917
13221,6,4,120,3,2,8,2093
13222,3,1,1070,2,1,10,1463
13223,4,7,653,2,2,4,174
13224,2,7,326,2,2,3,2312
13225,2,8,446,3,2,2,2052
13226,2,3,1339,2,2,10,1871
13227,5,4,1391,5,2,9,517
13228,2,8,1367,3,1,4,2131
13229,2,7,1256,2,2,8,402
13230,2,1,561,3,1,1,761
13231,2,4,832,2,2,1,731
13232,3,7,431,2,2,6,1191
13233,2,4,499,2,2,9,142
13234,3,8,1256,2,1,1,1175
13235,2,3,911,2,2,5,1039
13236,2,8,263,2,1,9,876
13237,7,5,716,3,2,8,1862
13238,6,4,562,2,1,8,2320
13239,3,7,1130,3,2,9,309
13240,2,3,634,5,2,7,1677
13241,8,3,719,3,2,9,1468
13242,3,5,690,3,2,8,1316
13243,5,4,1107,1,2,6,2073
13244,2,4,333,2,2,5,1567
13245,2,7,996,2,2,3,1113
13246,3,5,224,3,2,3,800
13247,3,3,427,2,2,7,145
13248,3,3,771,2,1,1,835
13249,2,2,895,2,2,10,832
13250,7,1,1016,4,1,6,1176
13251,2,7,1093,2,1,5,305
13252,3,6,1023,3,2,1,2465
13253,2,5,1247,2,2,5,2394
13254,3,5,1146,4,2,3,2473
13255,2,3,891,2,1,6,1967
13256,3,5,145,5,2,1,2320
13257,2,1,474,3,1,9,1740
13258,3,4,1076,2,1,2,956
13259,2,2,1300,3,1,8,1580
13260,6,4,1439,2,2,6,2264
13261,6,7,876,3,1,3,2127
13262,5,4,1231,2,2,2,378
13263,6,2,231,2,1,9,217
13264,2,7,963,5,2,2,1423
13265,6,8,1075,4,2,4,544
13266,2,3,204,4,2,2,2272
13267,2,4,1024,1,2,5,1346
13268,2,4,377,5,2,11,2006
13269,8,3,322,5,1,2,2449
13270,3,7,1311,2,2,1,1809
13271,3,6,411,2,2,3,1184
13272,6,1,453,2,2,4,1931
13273,3,5,894,2,2,5,1668
13274,3,3,489,1,2,11,815
13275,2,8,187,5,1,4,613
13276,4,6,1181,2,2,2,841
13277,6,2,553,2,1,11,628
13278,6,5,1458,2,2,2,1055
13279,2,4,1162,3,1,2,209
13280,2,2,1290,5,2,6,1672
13281,2,2,938,3,1,10,2274
13282,2,1,130,2,1,3,1558
13283,2,3,1448,3,2,3,716
13284,3,3,380,2,2,11,354
13285,5,3,106,3,2,6,573
13286,8,2,37,2,1,1,1158
13287,2,8,442,4,2,11,656
13288,2,6,231,5,2,6,2013
13289,2,1,605,3,2,5,2345
13290,2,1,250,3,1,3,658
13291,2,2,137,2,2,9,1407
13292,2,3,671,2,1,8,947
13293,8,4,1200,1,1,3,703
13294,2,6,427,2,1,5,125
13295,3,3,394,2,1,1,1811
13296,5,1,1387,1,2,5,1674
13297,5,6,1168,2,1,2,2146
13298,3,8,1334,1,2,4,1443
13299,4,5,531,2,2,3,712
13300,3,5,510,3,1,9,578
13301,4,2,58,2,2,5,1795
13302,2,5,510,1,1,8,2256
13303,2,4,1373,3,2,1,2096
13304,7,1,1083,3,2,6,2386
13305,2,1,1116,2,2,7,1307
13306,3,5,1367,5,2,4,2060
13307,5,2,841,3,2,7,1033
13308,2,2,51,2,2,6,1160
13309,3,6,701,1,1,6,1742
13310,1,5,712,5,1,3,415
13311,4,8,16,2,2,3,1988
13312,5,5,402,3,2,11,2097
13313,5,4,268,3,1,2,1183
13314,1,1,1313,3,1,3,1336
13315,5,5,1221,3,1,7,1946
13316,2,3,358,2,1,2,1096
13317,2,7,102,2,2,5,1232
13318,2,2,1294,4,2,4,2033
13319,2,4,1342,2,1,4,2120
13320,2,2,317,3,2,7,1367
13321,8,4,210,5,2,1,1224
13322,5,8,648,2,1,1,960
13323,4,7,1180,1,2,7,1148
13324,3,4,402,2,2,4,2397
13325,2,6,749,2,2,1,1898
13326,2,8,667,3,1,2,856
13327,8,5,1115,3,1,4,545
13328,2,7,183,2,2,5,1651
13329,3,2,47,2,1,7,378
13330,2,5,24,3,2,10,1810
13331,2,1,188,2,2,2,1460
13332,2,2,511,2,1,4,588
13333,3,7,64,3,1,5,2410
13334,4,7,413,3,1,4,2471
13335,3,5,1174,5,1,10,2214
13336,3,5,761,2,1,7,144
13337,1,4,486,2,2,2,869
13338,5,6,689,3,2,6,1642
13339,4,2,21,4,2,10,683
13340,2,3,92,3,2,3,772
13341,4,7,1012,2,1,4,592
13342,3,8,1320,5,1,8,1369
13343,2,7,88,3,1,11,1571
13344,2,4,1199,2,2,6,1470
13345,2,2,850,5,2,10,204
13346,2,1,57,2,1,7,1441
13347,7,7,1034,5,1,3,749
13348,5,5,145,3,1,9,2106
13349,8,2,888,3,2,1,1142
13350,3,5,881,2,1,11,1734
13351,5,8,251,2,2,1,1096
13352,2,6,400,2,1,5,1508
13353,5,6,1014,2,2,4,1675
13354,5,2,1076,2,1,5,696
13355,7,7,429,2,2,1,1228
13356,3,8,713,3,1,6,803
13357,3,6,1151,3,2,4,708
13358,2,4,784,2,2,1,1976
13359,5,5,148,3,2,11,1857
13360,7,1,370,2,2,5,973
13361,3,4,1218,5,2,4,1594
13362,2,2,442,2,1,2,1963
13363,2,8,1281,3,2,5,1444
13364,3,1,121,2,1,2,1130
13365,5,8,924,3,2,3,788
13366,2,6,1383,5,2,6,873
13367,7,6,399,5,1,1,843
13368,2,7,1087,1,2,7,2052
13369,2,5,690,1,2,11,1157
13370,5,4,811,1,2,2,396
13371,3,4,539,3,2,8,2322
13372,5,2,295,5,2,3,2317
13373,2,4,128,2,1,9,614
13374,2,8,393,3,2,1,2370
13375,2,2,1366,3,1,4,833
13376,2,3,1247,2,2,6,1163
13377,5,5,1288,3,2,7,1688
13378,2,2,1287,2,2,8,2068
13379,6,1,623,3,2,7,1374
13380,5,8,1219,2,1,2,613
13381,3,6,1359,3,1,5,1654
13382,6,1,844,3,2,3,1523
13383,2,8,457,2,2,8,1924
13384,2,7,1362,2,1,4,1817
13385,5,4,820,3,2,9,1027
13386,2,6,981,3,2,10,1134
13387,6,7,590,3,2,7,1644
13388,6,5,74,2,1,4,1554
13389,8,2,627,2,2,5,841
13390,8,6,1215,4,1,10,2264
13391,3,7,631,2,1,8,1101
13392,5,5,1382,2,2,7,637
13393,2,1,269,2,1,8,993
13394,5,8,661,3,1,5,990
13395,2,6,516,4,2,1,1544
13396,7,4,17,2,2,11,1342
13397,6,2,498,2,2,9,2483
13398,2,4,978,2,2,4,2155
13399,2,1,1349,1,2,1,2465
13400,3,5,959,3,2,11,1888
13401,5,1,1381,1,1,9,1631
13402,5,6,365,1,2,4,278
13403,5,4,682,3,2,3,1217
13404,7,4,18,2,1,6,1971
13405,2,8,929,2,2,6,1379
13406,3,3,1407,2,2,6,2106
13407,3,3,1091,3,2,2,824
13408,2,2,1440,3,2,7,684
13409,2,5,487,3,1,5,1183
13410,4,2,680,2,2,8,1737
13411,6,6,901,2,2,5,227
13412,3,5,521,5,1,4,950
13413,8,3,542,3,1,5,641
13414,2,1,365,3,2,4,1052
13415,6,1,935,2,2,4,954
13416,2,8,689,2,2,9,2000
13417,3,6,52,2,2,5,2221
13418,2,7,977,3,2,6,542
13419,7,6,744,3,2,9,960
13420,2,8,788,3,2,10,1790
13421,2,7,1072,5,2,5,237
13422,2,5,608,3,1,4,653
13423,2,7,928,4,1,8,1855
13424,2,3,351,2,2,3,930
13425,3,1,1131,3,2,10,848
13426,2,5,426,3,2,9,614
13427,2,4,1207,2,1,5,210
13428,2,4,393,1,2,5,1192
13429,2,4,543,2,2,9,1755
13430,3,5,870,3,1,2,1860
13431,5,8,1180,2,2,1,1810
13432,3,5,814,3,1,1,881
13433,2,8,1107,3,2,1,2294
13434,3,2,92,3,2,8,2186
13435,3,7,180,2,2,5,1659
13436,2,5,81,2,1,2,1899
13437,2,4,1200,3,2,10,1083
13438,2,7,257,2,2,7,1858
13439,2,8,1376,5,1,8,1599
13440,2,5,118,4,1,5,984
13441,2,4,74,2,2,5,237
13442,2,4,1155,1,2,4,2476
13443,3,7,851,3,2,7,1484
13444,8,5,460,5,1,8,1011
13445,3,7,1157,2,1,9,1649
13446,3,5,733,2,2,6,1154
13447,2,2,671,2,2,2,2097
13448,2,6,422,2,1,2,2384
13449,2,4,390,3,2,3,295
13450,3,8,436,5,1,5,995
13451,5,2,295,1,2,8,1016
13452,7,7,411,3,1,8,1274
13453,2,5,939,2,2,9,2249
13454,2,8,64,2,1,1,1923
13455,3,7,428,2,2,5,2036
13456,3,8,1288,3,2,8,1890
13457,2,7,1400,3,1,10,445
13458,3,6,929,3,2,3,2367
13459,2,2,1290,2,1,3,718
13460,3,7,247,5,2,11,2175
13461,2,8,30,3,1,6,2141
13462,3,3,1012,3,1,4,125
13463,5,3,1274,1,1,11,1263
13464,6,5,528,2,1,8,688
13465,1,5,1303,2,2,7,1403
13466,3,1,7,3,2,1,2481
13467,3,7,887,3,1,8,532
13468,2,7,109,3,1,5,1862
13469,2,3,1110,1,2,6,2452
13470,2,8,651,2,2,7,1472
13471,2,6,707,2,2,5,2204
13472,5,7,127,2,2,9,1870
13473,2,8,746,4,2,8,241
13474,2,6,789,1,1,7,1874
13475,5,4,1315,2,2,8,442
13476,3,8,509,2,2,3,1446
13477,5,4,100,1,2,4,977
13478,3,1,1418,2,2,2,1268
13479,2,3,777,3,2,1,1513
13480,2,2,508,3,2,3,1093
13481,7,8,711,2,1,8,1585
13482,2,2,416,2,2,11,1152
13483,3,6,63,3,2,8,2025
13484,3,7,383,2,1,1,1270
13485,8,2,929,2,1,8,1009
13486,3,5,392,4,2,3,2080
13487,3,5,24,1,2,7,699
13488,2,8,498,2,2,1,283
13489,8,1,5,3,2,4,865
13490,3,7,1372,2,1,3,2022
13491,2,2,231,3,2,2,1299
13492,3,8,578,2,1,10,1902
13493,2,1,470,2,2,10,546
13494,2,3,1364,3,2,5,2488
13495,2,2,508,2,1,4,2225
13496,5,6,1018,3,1,1,1009
13497,3,6,829,4,1,9,1031
13498,3,7,1183,2,2,7,221
13499,3,3,921,3,2,6,1581
13500,5,5,519,3,2,11,1231
13501,2,5,1274,1,1,7,1422
13502,2,5,735,2,2,10,2387
13503,2,2,259,3,1,1,730
13504,2,1,276,3,1,6,1267
13505,8,3,1270,4,2,1,571
13506,7,4,61,2,2,8,1018
13507,2,8,1322,4,1,4,160
13508,2,8,929,3,1,6,1068
13509,8,2,741,3,2,2,304
13510,2,6,1216,2,2,10,2286
13511,3,1,35,3,2,2,1959
13512,2,1,625,2,2,2,904
13513,3,2,581,5,1,6,240
13514,8,6,387,2,1,3,329
13515,4,1,508,1,2,9,1060
13516,3,2,708,2,1,3,1179
13517,3,6,288,2,2,3,509
13518,3,4,1358,1,1,3,1978
13519,2,2,1382,5,2,7,398
13520,2,4,896,2,1,1,2105
13521,6,7,185,4,2,3,2025
13522,2,6,1111,2,2,8,952
13523,2,7,748,2,1,3,2054
13524,3,3,380,3,1,8,964
13525,6,4,589,2,2,1,2169
13526,5,8,392,2,2,4,1228
13527,3,5,917,3,1,2,1744
13528,3,2,72,2,1,8,402
13529,5,7,209,2,1,8,304
13530,3,7,432,2,2,5,457
13531,1,2,872,3,2,3,2067
13532,3,2,847,5,2,10,2070
13533,2,2,257,2,2,2,946
13534,5,3,1084,2,1,11,1046
13535,5,4,676,3,1,7,1997
13536,2,7,1245,4,2,7,2152
13537,2,5,1136,3,2,5,1555
13538,8,8,560,2,1,5,1416
13539,2,4,685,2,1,6,380
13540,3,5,1129,2,1,6,1521
13541,2,1,120,2,2,7,1128
13542,3,3,132,2,2,10,1481
13543,5,5,857,2,1,10,824
13544,3,5,1203,2,2,11,232
13545,2,6,410,2,2,5,326
13546,2,4,794,3,2,5,744
13547,8,6,236,5,1,11,187
13548,4,3,990,4,2,3,162
13549,5,3,1171,2,2,4,1678
13550,5,5,170,3,2,2,758
13551,3,6,961,3,2,2,1218
13552,1,6,62,2,1,10,850
13553,5,5,725,5,1,1,372
13554,7,8,173,5,1,1,157
13555,2,5,281,2,2,11,1906
13556,2,1,513,1,1,7,521
13557,5,2,89,3,1,9,2280
13558,2,7,1190,2,2,10,747
13559,3,4,400,2,2,4,256
13560,3,7,1422,2,2,11,1228
13561,2,3,810,5,1,9,820
13562,5,3,190,5,2,4,1636
13563,2,1,964,2,2,9,175
13564,5,8,799,3,2,9,705
13565,2,6,378,2,1,7,1204
13566,8,4,798,1,1,11,2291
13567,2,8,371,1,2,7,1574
13568,5,2,407,2,2,9,1774
13569,3,7,411,2,1,11,562
13570,2,8,95,2,2,7,995
13571,3,6,1090,4,2,7,566
13572,1,1,1078,2,2,3,1351
13573,2,1,614,2,1,7,1388
13574,2,1,851,3,2,5,486
13575,2,3,406,2,1,2,1008
13576,2,3,801,3,2,7,424
13577,8,7,248,3,1,1,606
13578,2,6,735,3,2,5,869
13579,3,4,827,3,1,7,216
13580,2,8,55,2,2,7,1137
13581,2,7,1107,5,2,5,2497
13582,2,5,756,3,2,7,1200
13583,2,7,1334,3,1,8,1537
13584,3,3,1310,3,1,11,498
13585,2,4,1338,1,2,10,1301
13586,7,2,1064,2,1,5,1560
13587,3,8,288,3,1,10,2299
13588,2,2,407,2,2,6,636
13589,2,2,93,2,2,7,2480
13590,2,8,527,1,2,7,514
13591,2,8,1372,1,1,5,409
13592,3,1,10,2,2,2,514
13593,4,6,270,3,2,6,286
13594,1,8,155,1,2,5,1006
13595,7,1,403,2,1,6,710
13596,2,2,775,4,2,3,446
13597,2,2,1122,5,2,1,1494
13598,6,8,396,3,1,9,1996
13599,5,1,578,3,1,10,260
13600,2,2,1183,5,1,1,1749
13601,2,2,33,3,1,10,1006
13602,2,7,691,3,2,9,1421
13603,3,7,501,5,2,10,1759
13604,1,6,1008,2,1,4,1481
13605,2,2,1199,2,1,8,1818
13606,2,1,769,5,2,6,1737
13607,2,1,1326,2,2,8,868
13608,2,8,981,2,2,8,1854
13609,3,5,1399,1,1,2,662
13610,5,2,628,2,2,3,1210
13611,2,8,1245,5,1,9,2394
13612,5,5,1088,2,2,2,2111
13613,2,8,345,2,2,4,2324
13614,3,8,1015,4,1,1,2461
13615,3,4,688,3,1,4,185
13616,2,1,397,3,1,3,230
13617,3,5,1054,5,2,4,518
13618,2,7,184,2,2,3,734
13619,2,4,802,2,2,5,1310
13620,2,2,31,3,1,4,1965
13621,2,7,262,2,1,11,2212
13622,5,3,1041,2,2,9,1099
13623,2,6,882,2,2,5,1282
13624,5,4,1236,3,1,5,1784
13625,1,2,1092,2,1,2,1981
13626,2,5,4,3,2,4,485
13627,2,5,832,2,2,4,686
13628,2,7,235,2,1,5,1324
13629,2,7,1210,5,2,5,2231
13630,2,8,99,3,1,4,143
13631,5,4,125,1,1,10,1718
13632,2,7,384,2,1,2,1986
13633,3,8,1120,3,2,7,2233
13634,2,5,579,2,1,10,427
13635,2,4,1189,2,1,2,2427
13636,2,7,872,2,1,7,825
13637,2,1,1293,3,1,9,1055
13638,2,2,1070,2,2,8,2152
13639,3,5,455,3,2,9,2122
13640,3,3,1059,2,2,8,1609
13641,2,2,781,1,2,2,1011
13642,5,1,1144,2,2,9,803
13643,2,8,1043,1,1,7,500
13644,2,2,1313,3,2,4,328
13645,7,4,1170,3,1,10,863
13646,1,4,277,3,2,7,554
13647,7,1,793,2,1,9,1106
13648,2,1,1234,2,2,1,1798
13649,6,6,388,2,1,4,610
13650,5,7,323,3,1,9,336
13651,3,6,879,2,2,10,1228
13652,8,3,1330,2,1,4,1183
13653,7,5,156,1,2,7,521
13654,5,8,1236,3,2,2,1605
13655,7,2,974,4,1,3,1632
13656,2,5,1335,3,2,8,561
13657,5,2,1283,5,1,1,1477
13658,2,3,437,2,2,3,1640
13659,6,3,1328,3,2,8,437
13660,3,2,874,2,1,6,1345
13661,7,7,339,2,2,10,1241
13662,2,1,956,1,2,9,1364
13663,5,6,1293,2,2,5,1415
13664,2,8,1018,2,2,9,2200
13665,3,2,802,2,2,9,317
13666,5,7,1402,3,1,10,1768
13667,2,1,889,2,1,8,164
13668,2,2,740,3,2,10,1362
13669,3,2,1111,3,2,1,2058
13670,2,4,518,3,2,8,975
13671,2,2,389,2,1,8,1392
13672,2,2,493,3,1,10,270
13673,2,2,767,2,1,10,255
13674,7,8,896,1,1,3,480
13675,8,1,962,2,2,9,2336
13676,5,3,1277,4,2,8,1966
13677,2,4,1461,2,2,10,1016
13678,5,6,806,2,2,7,1784
13679,3,6,1372,3,2,2,435
13680,5,1,716,5,2,1,1284
13681,2,7,1306,2,1,5,2448
13682,2,1,143,2,1,1,935
13683,5,2,376,2,2,4,2054
13684,2,7,1237,2,2,4,759
13685,4,8,112,2,2,2,1050
13686,5,3,668,2,2,4,578
13687,2,4,459,2,2,1,205
13688,5,3,1319,2,2,2,2442
13689,3,5,19,4,2,8,503
13690,2,8,161,1,2,4,1744
13691,2,7,270,2,2,4,1149
13692,2,3,1016,1,2,8,499
13693,2,8,1092,2,2,9,1516
13694,2,8,437,3,2,8,1401
13695,2,2,964,1,1,1,1858
13696,2,5,463,3,2,11,733
13697,5,7,954,2,1,8,833
13698,2,1,751,2,1,9,2188
13699,2,8,169,3,2,4,713
13700,2,2,90,2,2,8,1267
13701,2,4,225,4,1,10,1277
13702,6,4,837,2,1,5,2084
13703,3,4,263,3,2,1,1610
13704,7,8,1407,2,1,7,692
13705,3,7,803,3,1,2,1750
13706,5,8,871,2,1,5,1905
13707,6,5,657,3,2,1,616
13708,2,2,152,3,1,5,1923
13709,3,1,702,2,1,11,1483
13710,3,5,197,3,2,6,973
13711,6,2,1222,5,1,9,1301
13712,2,6,1113,2,2,10,1065
13713,5,1,850,2,2,3,820
13714,2,7,208,1,1,3,1662
13715,8,7,1181,3,1,1,2290
13716,3,5,110,2,1,6,1336
13717,4,7,789,1,1,11,1798
13718,1,6,517,3,2,4,1417
13719,3,6,1354,3,1,2,2060
13720,5,5,1289,1,1,4,2488
13721,5,3,1146,2,2,9,1474
13722,3,3,709,2,1,3,868
13723,2,2,970,3,2,8,537
13724,2,5,1067,2,1,5,834
13725,2,8,1395,4,1,5,1408
13726,6,5,238,2,2,11,251
13727,2,7,172,5,1,11,397
13728,5,6,930,3,1,7,1940
13729,2,7,1310,5,2,5,131
13730,3,6,1455,2,2,7,572
13731,2,8,205,1,2,2,1903
13732,3,8,19,3,2,1,1289
13733,2,4,883,5,1,10,344
13734,3,6,85,3,2,7,1527
13735,3,1,78,2,1,5,2361
13736,5,3,311,3,2,7,526
13737,3,2,125,2,2,1,1697
13738,8,2,502,2,2,7,280
13739,5,5,536,1,2,1,951
13740,2,6,1064,2,2,3,2420
13741,2,8,65,3,1,3,1121
13742,2,8,459,3,1,3,2407
13743,2,5,503,5,1,5,2181
13744,3,3,854,3,1,2,2044
13745,8,8,1334,2,2,1,1939
13746,3,7,636,3,2,6,564
13747,5,1,374,3,2,10,128
13748,2,8,1134,3,2,10,493
13749,2,8,264,2,2,4,884
13750,7,3,469,3,2,1,1779
13751,2,5,878,1,1,9,1438
13752,4,6,373,2,1,7,1376
13753,2,5,205,3,1,6,1745
13754,4,7,829,5,1,4,1733
13755,5,6,859,3,1,7,2232
13756,3,6,949,2,2,7,1558
13757,4,8,92,2,2,11,478
13758,2,8,984,1,2,8,156
13759,2,4,112,2,1,9,1211
13760,2,5,7,4,2,10,736
13761,2,1,655,2,2,1,2427
13762,2,4,1102,1,2,3,1734
13763,4,5,151,1,2,6,539
13764,2,7,181,2,1,5,1227
13765,1,3,293,3,1,10,363
13766,8,7,66,4,1,9,1561
13767,5,3,981,4,1,10,963
13768,1,8,1391,5,2,11,1179
13769,5,2,1290,2,2,2,1296
13770,3,3,439,2,1,4,2392
13771,3,4,971,2,2,11,1688
13772,3,7,694,2,2,5,403
13773,2,3,1268,3,1,6,125
13774,2,7,1323,1,1,10,1241
13775,3,8,656,2,2,3,2255
13776,2,5,46,5,1,2,655
13777,6,8,1176,3,2,11,246
13778,3,5,447,3,2,8,1276
13779,2,1,196,4,1,9,2365
13780,2,3,922,2,1,2,321
13781,2,1,935,2,2,3,947
13782,2,1,1403,2,1,6,221
13783,2,7,1331,3,2,5,508
13784,6,3,927,2,2,8,1097
13785,2,5,664,1,2,5,1055
13786,5,6,850,5,2,9,1885
13787,2,7,1080,4,2,1,2294
13788,1,8,139,1,2,6,2195
13789,3,6,733,3,2,7,1826
13790,3,7,682,3,1,2,1475
13791,5,6,456,2,2,6,766
13792,3,1,985,2,2,1,1522
13793,2,8,1007,4,1,3,1988
13794,2,6,1309,2,2,2,1290
13795,2,4,166,3,2,7,1837
13796,3,2,1430,2,2,11,2448
13797,2,2,284,3,2,9,2212
13798,7,4,53,2,1,3,863
13799,2,1,266,3,2,3,746
13800,2,5,927,4,2,9,1079
13801,8,3,803,2,2,9,693
13802,8,8,605,2,2,8,2144
13803,6,8,1114,2,2,3,256
13804,3,1,744,2,2,10,1861
13805,2,6,720,2,1,6,1744
13806,4,3,944,3,1,4,2053
13807,2,4,425,3,1,6,2406
13808,2,5,1437,3,1,8,577
13809,2,6,414,1,1,5,718
13810,3,7,15,2,2,4,1474
13811,2,4,1082,2,2,10,780
13812,5,2,1409,3,2,2,1749
13813,2,2,839,2,2,1,977
13814,2,1,13,2,1,11,590
13815,2,5,170,3,1,1,2439
13816,2,8,1456,3,2,11,1813
13817,6,8,447,2,2,9,2368
13818,6,1,969,2,1,9,625
13819,2,7,144,3,2,10,2256
13820,8,7,1227,2,2,11,512
13821,5,4,155,2,2,2,2412
13822,2,5,1361,4,2,1,1368
13823,5,1,775,2,1,11,1244
13824,1,3,397,2,2,11,479
13825,2,1,1451,3,1,6,1470
13826,2,8,573,2,2,5,1983
13827,2,7,179,3,1,2,2150
13828,2,8,1229,3,2,5,684
13829,2,3,176,2,1,2,205
13830,3,5,497,3,1,2,2338
13831,7,3,267,1,2,7,697
13832,2,7,749,3,2,11,187
13833,2,3,555,2,1,8,2122
13834,5,1,567,2,2,11,124
13835,2,3,1455,5,1,9,2412
13836,7,6,560,3,1,5,692
13837,6,6,1376,2,2,5,947
13838,6,5,582,1,1,8,739
13839,3,6,1048,2,2,1,1139
13840,2,7,707,3,2,5,2144
13841,2,1,817,3,1,11,434
13842,5,3,882,5,1,11,446
13843,6,3,1024,2,2,11,2371
13844,2,5,1286,3,1,9,2206
13845,2,8,148,3,2,11,894
13846,7,3,430,2,1,4,2399
13847,2,3,853,3,2,4,489
13848,2,3,1121,2,2,9,2309
13849,1,5,1179,2,2,7,1429
13850,2,7,1018,2,2,2,1278
13851,2,6,1354,2,2,2,320
13852,3,4,356,2,1,8,2292
13853,5,6,481,2,1,4,318
13854,2,2,1012,3,2,10,217
13855,2,1,1216,2,2,5,2425
13856,3,2,445,5,2,1,770
13857,3,5,944,2,1,4,1792
13858,2,7,31,3,2,6,1925
13859,2,5,907,2,2,7,2183
13860,3,4,819,1,1,11,2378
13861,5,6,735,2,2,6,609
13862,5,7,1438,3,2,2,599
13863,5,4,186,2,2,11,1620
13864,5,7,638,3,1,7,1323
13865,2,4,132,2,1,11,2036
13866,1,3,789,2,1,4,1368
13867,4,2,400,2,2,7,1817
13868,3,5,287,2,1,10,1260
13869,2,1,91,1,1,2,1414
13870,3,2,1420,2,2,3,1524
13871,3,1,1087,3,1,5,2356
13872,2,4,230,3,1,4,211
13873,3,1,43,3,1,5,1764
13874,5,8,848,3,1,10,1284
13875,5,6,739,3,1,11,2359
13876,2,6,35,3,1,10,366
13877,2,7,1040,5,2,4,1868
13878,3,7,1322,3,1,3,803
13879,4,1,1260,2,1,5,1714
13880,3,7,504,2,2,3,1533
13881,5,2,574,2,2,7,981
13882,2,6,630,4,2,5,1633
13883,3,2,191,5,1,5,2373
13884,6,6,252,2,1,9,779
13885,3,3,376,1,2,5,1225
13886,8,5,1355,2,2,5,324
13887,3,3,767,2,1,1,2210
13888,7,3,400,3,1,3,181
13889,2,5,1395,3,2,1,2181
13890,2,6,1402,3,2,6,496
13891,2,7,1295,4,1,2,343
13892,3,6,384,3,2,5,1048
13893,2,7,241,2,2,9,1472
13894,5,3,449,2,1,6,1175
13895,1,6,949,1,2,7,2473
13896,3,1,212,2,2,9,255
13897,2,1,34,1,1,6,1248
13898,8,7,1006,1,1,11,1514
13899,3,6,136,2,2,11,1900
13900,5,1,576,1,2,7,1311
13901,1,7,951,2,1,3,2139
13902,6,8,11,1,2,4,733
13903,3,5,965,3,1,3,749
13904,5,3,1259,3,2,6,1614
13905,3,6,532,2,1,5,392
13906,3,4,995,2,1,1,2456
13907,3,3,486,4,1,10,231
13908,3,5,1424,5,1,10,392
13909,2,3,1023,4,2,7,1515
13910,5,6,669,3,2,2,453
13911,2,5,5,1,1,5,1752
13912,3,4,1340,3,2,9,2044
13913,5,5,799,5,2,4,2174
13914,1,8,915,4,2,6,1083
13915,2,1,1358,5,1,4,165
13916,4,6,868,3,1,11,1954
13917,8,5,975,4,1,7,207
13918,3,5,817,4,1,9,644
13919,5,4,229,3,1,11,2377
13920,2,7,997,2,2,6,164
13921,8,8,741,2,2,10,1044
13922,5,4,1454,3,2,10,635
13923,2,3,1,2,1,11,980
13924,2,1,367,3,2,3,1990
13925,3,8,1216,2,2,11,1900
13926,2,3,872,2,1,8,136
13927,5,8,1035,3,2,9,1189
13928,2,8,136,2,2,11,666
13929,3,5,444,2,1,1,1661
13930,5,8,995,3,2,11,1740
13931,4,5,879,5,1,8,717
13932,5,3,525,2,2,6,1456
13933,5,3,1121,2,1,1,612
13934,1,5,995,2,2,9,1175
13935,3,5,1412,3,2,11,511
13936,7,1,249,2,2,11,1629
13937,2,8,13,2,2,1,1716
13938,7,7,1016,3,2,8,397
13939,2,5,548,3,2,1,1329
13940,8,4,750,3,1,8,1085
13941,2,7,462,3,2,2,1970
13942,2,5,84,2,1,2,878
13943,2,6,176,3,1,10,2466
13944,2,8,59,2,2,8,1609
13945,2,2,1068,2,2,4,570
13946,3,2,1296,2,2,7,465
13947,1,7,624,3,1,10,1712
13948,2,5,52,4,1,10,1276
13949,2,7,597,2,1,10,1476
13950,5,1,282,3,2,5,1580
13951,2,6,773,2,1,2,2264
13952,1,5,584,2,1,11,120
13953,2,6,1125,2,2,11,1092
13954,3,3,1410,3,2,2,1210
13955,2,7,212,2,1,8,1778
13956,2,8,1254,3,1,3,2415
13957,5,1,245,3,1,10,648
13958,2,7,1116,2,1,8,1088
13959,6,2,308,2,1,3,2245
13960,3,7,91,3,1,5,543
13961,7,6,767,4,2,3,1726
13962,6,4,1124,3,1,1,875
13963,2,4,919,2,2,9,1768
13964,5,5,240,3,2,5,241
13965,2,3,45,3,1,3,586
13966,5,7,178,2,1,4,1200
13967,5,1,818,3,1,6,2182
13968,3,8,1135,2,2,8,1940
13969,2,4,1207,2,1,2,1447
13970,3,6,946,3,2,2,1230
13971,1,3,928,1,2,3,1038
13972,8,4,267,3,2,6,1979
13973,5,6,1034,2,2,9,1479
13974,2,6,847,3,2,9,869
13975,4,8,819,2,1,10,2473
13976,4,6,1403,1,2,9,1328
13977,2,1,438,2,2,9,799
13978,2,1,1044,3,1,6,1303
13979,4,2,1176,2,1,11,2100
13980,4,6,1153,2,2,10,1186
13981,2,3,1056,2,2,3,1428
13982,6,4,973,2,2,5,844
13983,3,5,932,5,1,6,1850
13984,6,7,317,2,2,9,2381
13985,2,6,938,2,1,9,835
13986,3,2,220,3,2,3,1786
13987,2,4,298,5,1,7,668
13988,1,4,391,3,1,9,1930
13989,2,7,287,4,2,3,2338
13990,7,8,418,2,2,10,907
13991,2,1,127,2,1,5,2207
13992,5,2,58,2,1,1,2127
13993,3,7,660,3,2,9,2498
13994,2,2,1,3,2,10,968
13995,2,6,280,2,2,1,1935
13996,2,7,769,3,2,4,563
13997,5,6,1138,1,1,4,1400
13998,3,3,876,3,1,8,2227
13999,2,3,1221,3,2,5,961
14000,2,2,272,2,1,3,623
14001,3,3,1384,3,2,1,2088
14002,2,7,331,2,2,1,1150
14003,2,4,684,2,2,4,1174
14004,5,3,726,1,2,7,2376
14005,3,5,1405,1,2,8,1203
14006,3,3,419,5,2,1,2246
14007,2,2,340,4,1,8,450
14008,2,6,1153,4,2,5,2362
14009,5,1,1261,2,2,6,1712
14010,1,6,1022,2,1,8,2397
14011,3,2,469,5,1,10,1622
14012,2,7,52,2,2,1,2063
14013,3,8,13,2,2,1,1385
14014,4,1,67,3,2,8,211
14015,5,4,393,3,2,8,958
14016,4,5,830,2,2,4,1431
14017,2,7,559,1,2,11,1626
14018,5,2,1403,5,2,5,1652
14019,3,2,804,3,1,9,1960
14020,3,4,310,2,2,2,2157
14021,3,2,679,2,1,1,1951
14022,3,7,1185,2,2,7,1899
14023,7,7,1403,3,2,10,1217
14024,1,6,1361,3,1,4,172
14025,2,7,396,2,2,7,2357
14026,3,4,250,4,2,11,762
14027,1,8,895,3,1,3,1325
14028,2,1,850,2,1,11,221
14029,2,5,196,2,1,4,854
14030,2,7,82,4,2,10,138
14031,2,3,357,3,2,8,1034
14032,1,1,1232,2,2,1,780
14033,2,8,560,3,2,7,758
14034,5,2,224,2,2,7,1735
14035,2,8,1240,1,1,6,558
14036,2,2,1098,3,1,11,1684
14037,1,2,356,2,1,1,2456
14038,3,8,807,3,1,11,578
14039,2,2,403,2,2,10,385
14040,6,8,1157,2,1,4,1548
14041,3,5,1,1,1,8,264
14042,3,6,223,2,1,2,1334
14043,3,1,239,4,2,10,961
14044,2,5,1268,3,1,11,1793
14045,3,5,431,2,1,2,1957
14046,3,7,85,2,2,5,1470
14047,2,5,662,3,2,1,642
14048,5,5,1190,2,2,8,2082
14049,2,8,495,2,1,10,1073
14050,5,5,1062,3,2,4,2402
14051,2,5,1307,2,2,6,1138
14052,1,5,530,2,1,6,157
14053,4,6,1047,2,1,4,756
14054,2,6,1434,2,1,5,919
14055,8,4,819,2,1,11,233
14056,3,5,875,5,1,6,1082
14057,5,2,559,3,1,1,379
14058,7,3,19,3,1,6,1125
14059,2,5,715,3,1,7,2182
14060,2,1,289,2,2,6,1586
14061,2,1,1171,1,2,4,2025
14062,3,7,251,2,1,6,139
14063,2,5,600,1,1,2,866
14064,3,8,1096,2,1,1,827
14065,2,6,672,2,1,6,1115
14066,5,4,1280,5,2,1,2130
14067,2,1,425,2,2,10,1028
14068,2,6,1030,2,2,4,271
14069,2,8,783,2,1,6,1918
14070,5,3,403,3,1,6,167
14071,4,2,979,2,2,8,223
14072,2,7,206,3,2,11,134
14073,5,6,584,2,2,1,136
14074,1,1,1265,2,2,1,1834
14075,6,4,1107,2,2,11,1472
14076,3,3,1461,3,1,8,1629
14077,2,8,467,2,1,5,793
14078,2,2,739,4,2,5,745
14079,2,4,1283,2,2,10,2021
14080,3,4,1435,3,1,3,323
14081,3,6,280,2,1,10,274
14082,3,2,911,3,1,10,717
14083,2,8,537,2,1,9,852
14084,2,3,547,2,2,10,2212
14085,6,7,1129,4,1,8,2043
14086,6,7,488,3,1,10,2447
14087,5,3,522,3,1,8,2089
14088,2,7,1285,3,2,3,1708
14089,8,5,63,2,1,11,522
14090,2,5,1338,1,2,9,354
14091,5,6,493,2,1,5,471
14092,2,1,829,3,1,1,499
14093,3,5,1333,2,1,2,1514
14094,5,7,1460,3,1,7,479
14095,4,7,937,3,1,1,2204
14096,5,6,8,2,1,2,1486
14097,8,2,1387,2,1,5,816
14098,3,3,822,2,1,5,2165
14099,5,5,885,2,2,6,2376
14100,2,6,413,3,2,6,1942
14101,2,8,482,3,1,11,1634
14102,5,4,1349,3,1,9,2048
14103,4,4,1244,2,2,7,1574
14104,2,3,1402,5,2,8,2100
14105,2,2,358,3,2,5,1522
14106,2,7,660,2,1,9,768
14107,1,5,374,3,1,2,1062
14108,2,7,462,2,2,7,2326
14109,2,5,216,1,1,2,972
14110,2,2,1147,3,1,8,415
14111,2,4,1310,2,2,5,2270
14112,5,7,823,2,2,11,424
14113,8,1,1421,3,2,8,1900
14114,2,6,555,1,1,5,1114
14115,2,2,990,2,1,3,2173
14116,4,4,676,2,2,3,390
14117,4,3,650,1,2,6,147
14118,2,3,904,3,2,11,769
14119,2,8,462,1,1,7,1931
14120,6,1,92,3,1,11,1780
14121,5,8,98,3,2,7,2427
14122,8,2,366,2,1,3,2341
14123,2,7,236,2,1,2,1576
14124,3,7,637,3,2,5,1642
14125,5,4,182,1,1,3,2414
14126,4,7,770,2,2,7,493
14127,6,6,434,4,2,11,1431
14128,2,2,1130,5,2,11,1732
14129,3,1,485,3,1,3,1195
14130,2,8,620,5,2,8,1092
14131,7,7,1206,3,2,7,1452
14132,5,5,1392,2,2,11,1045
14133,1,8,1137,3,1,8,2324
14134,2,8,693,5,1,1,1459
14135,2,8,523,4,2,7,2198
14136,2,4,1215,1,1,4,1046
14137,2,2,249,2,2,9,1301
14138,2,1,26,3,2,4,1806
14139,8,1,261,3,2,4,603
14140,3,5,134,3,2,3,1392
14141,3,1,1195,2,2,1,2455
14142,4,8,480,2,2,3,2001
14143,4,6,351,1,1,10,773
14144,3,1,1182,4,2,5,1084
14145,2,8,1194,2,2,10,1345
14146,2,5,227,3,2,1,1777
14147,3,8,158,3,1,2,2496
14148,5,4,537,5,2,1,1919
14149,5,7,319,3,1,8,1860
14150,3,8,1459,3,2,9,1604
14151,4,2,158,4,1,7,409
14152,5,1,827,3,2,1,685
14153,6,1,1181,3,2,4,939
14154,4,6,866,2,1,8,1372
14155,2,5,298,5,2,9,1795
14156,2,5,365,3,2,4,2236
14157,2,4,914,3,2,2,165
14158,3,5,1051,3,1,2,717
14159,3,5,89,2,2,4,915
14160,2,4,1234,3,2,8,2178
14161,4,5,1397,2,1,6,814
14162,2,3,600,1,1,10,796
14163,1,7,22,2,1,8,2446
14164,3,2,623,2,1,11,2011
14165,2,1,1196,2,1,2,334
14166,2,1,1399,1,2,3,2126
14167,2,1,720,2,1,10,453
14168,2,6,758,2,2,6,1416
14169,5,5,396,2,2,10,1670
14170,2,2,656,2,2,1,1520
14171,7,1,423,1,2,6,2238
14172,2,4,1044,1,2,11,413
14173,2,5,740,3,1,6,2005
14174,7,5,721,2,2,1,2125
14175,3,5,78,2,1,3,954
14176,3,6,468,2,1,1,1883
14177,2,2,1442,2,2,6,986
14178,2,4,622,3,2,9,269
14179,2,1,95,2,2,6,1805
14180,3,3,87,3,2,11,1491
14181,2,8,761,2,1,6,972
14182,3,6,1199,2,2,2,572
14183,1,7,90,2,1,1,1576
14184,2,4,250,3,1,4,1978
14185,8,8,311,3,2,11,1664
14186,2,6,1036,3,1,9,1024
14187,7,3,1103,3,1,1,514
14188,7,6,308,2,1,7,433
14189,2,1,614,1,2,3,266
14190,8,2,809,2,1,9,717
14191,2,2,869,3,2,2,1726
14192,2,1,22,2,1,2,2181
14193,3,1,98,1,2,7,136
14194,6,2,164,2,1,8,862
14195,1,4,1017,4,2,1,560
14196,2,1,337,2,1,9,256
14197,3,8,65,3,1,7,772
14198,2,7,77,3,2,3,2119
14199,3,6,208,3,2,7,1816
14200,3,2,1394,3,2,6,1340
14201,2,3,521,2,2,8,974
14202,3,3,334,2,2,8,2438
14203,1,1,1122,3,2,1,2460
14204,3,3,90,2,2,4,1415
14205,7,3,423,2,1,2,1959
14206,2,2,1167,3,2,8,1788
14207,6,6,525,3,1,8,1159
14208,2,5,1397,3,1,3,1832
14209,3,7,486,2,1,4,1659
14210,5,3,497,1,1,1,1280
14211,7,1,221,2,1,4,242
14212,2,5,180,3,2,5,1284
14213,2,3,988,1,1,8,1211
14214,3,8,197,1,1,4,746
14215,2,6,40,2,2,5,2214
14216,3,4,302,2,2,3,2114
14217,2,3,281,3,2,3,1238
14218,2,1,307,3,1,5,2347
14219,2,8,1,3,1,2,1476
14220,2,6,1369,2,1,1,1366
14221,7,1,108,2,1,5,1423
14222,3,1,661,1,2,10,2342
14223,3,1,881,2,2,1,2115
14224,2,1,61,5,2,5,1861
14225,2,1,503,3,2,4,563
14226,2,6,1232,2,1,10,538
14227,2,2,314,2,1,11,1779
14228,7,8,53,2,1,8,2258
14229,6,6,453,2,1,2,1738
14230,4,2,1306,2,2,7,2164
14231,3,8,799,1,2,8,1839
14232,3,4,385,4,2,5,1458
14233,8,6,15,3,2,3,1085
14234,3,7,984,1,2,6,723
14235,3,1,641,2,2,1,2406
14236,3,6,140,2,2,3,2459
14237,5,6,707,3,2,9,1824
14238,3,2,239,1,2,11,198
14239,5,6,788,1,2,10,1783
14240,5,4,1204,3,2,5,1359
14241,5,8,966,3,2,6,2029
14242,2,6,694,2,1,9,1281
14243,5,3,771,1,1,11,1565
14244,2,1,1158,3,2,2,1985
14245,4,7,1136,2,2,7,2086
14246,2,1,1307,2,1,6,2412
14247,2,3,271,2,2,11,2025
14248,5,4,509,3,2,9,1716
14249,3,6,1171,2,1,11,1261
14250,2,5,433,2,2,1,1232
14251,2,6,219,2,2,4,919
14252,8,1,118,2,2,11,1046
14253,2,8,965,1,2,3,2043
14254,2,8,1394,5,2,1,871
14255,5,6,1024,4,2,4,1789
14256,3,5,247,2,1,10,614
14257,5,3,317,3,2,6,881
14258,5,7,1367,2,2,1,1496
14259,4,1,273,4,2,9,1049
14260,8,5,937,4,2,5,763
14261,5,5,46,5,2,3,1355
14262,2,5,1151,2,2,9,1990
14263,3,2,1453,2,1,10,523
14264,3,7,720,3,2,11,2347
14265,3,7,1093,2,2,1,1607
14266,2,3,668,1,2,2,1642
14267,3,1,842,3,1,8,2092
14268,4,3,1340,2,2,3,2376
14269,2,4,35,1,1,10,285
14270,3,2,401,3,2,9,1827
14271,3,7,1095,3,1,5,2223
14272,2,4,1000,2,2,9,2177
14273,3,1,1249,3,2,1,499
14274,2,6,900,1,1,5,495
14275,3,8,957,2,2,4,524
14276,5,3,761,2,2,7,1279
14277,5,2,43,3,2,11,878
14278,2,6,656,3,2,1,2183
14279,2,4,288,2,2,3,1886
14280,5,2,694,2,2,5,2388
14281,2,1,662,2,1,8,1816
14282,2,4,387,2,2,8,525
14283,2,8,211,2,1,3,848
14284,5,3,1293,5,1,11,278
14285,5,2,668,2,1,5,341
14286,6,8,21,3,2,9,1483
14287,2,4,1337,2,1,11,2137
14288,2,1,627,3,2,2,2395
14289,3,2,904,3,1,11,2071
14290,7,5,1410,1,1,7,471
14291,2,4,307,1,2,7,2195
14292,2,4,232,2,2,2,547
14293,2,4,842,2,2,6,1995
14294,5,3,1267,3,2,8,173
14295,2,8,294,2,2,3,1189
14296,6,7,1173,2,2,9,2088
14297,3,7,962,2,1,8,667
14298,2,8,737,2,2,3,2333
14299,2,4,319,2,2,7,2364
14300,2,4,1048,2,1,8,187
14301,5,5,1339,2,2,1,1803
14302,5,2,1129,2,1,3,1552
14303,2,6,710,3,2,10,2279
14304,3,1,1263,2,2,9,1650
14305,5,6,652,2,2,7,1312
14306,2,6,1080,1,2,1,1832
14307,2,5,921,2,2,5,2482
14308,2,4,1338,3,1,11,2095
14309,2,7,1277,2,1,10,267
14310,3,1,792,3,2,3,2290
14311,2,4,1132,2,1,2,1512
14312,2,2,1219,3,1,1,1040
14313,8,7,898,5,2,2,1491
14314,2,2,118,2,1,1,1880
14315,2,2,1372,2,2,6,1942
14316,5,2,925,3,1,9,1280
14317,2,4,605,3,1,3,2035
14318,2,5,1026,5,1,10,876
14319,3,8,1448,4,2,10,2440
14320,8,1,670,2,2,1,568
14321,2,2,1154,2,1,6,678
14322,8,3,384,5,1,6,835
14323,5,7,126,1,1,2,291
14324,5,8,365,2,1,4,2403
14325,5,7,959,2,1,11,388
14326,2,2,156,3,1,11,1018
14327,2,8,919,2,1,5,1478
14328,2,5,535,5,2,6,1213
14329,2,3,221,1,1,6,959
14330,6,6,945,5,1,2,1344
14331,3,8,504,2,1,5,2012
14332,3,5,1415,1,1,5,1200
14333,5,7,1349,3,2,10,2062
14334,6,4,292,2,1,2,1993
14335,8,2,53,2,1,7,842
14336,5,1,746,3,2,10,2463
14337,2,1,778,3,1,2,2291
14338,2,3,1401,2,1,1,190
14339,2,5,141,2,2,6,607
14340,2,3,561,5,1,1,1796
14341,2,4,135,1,1,4,535
14342,8,3,231,3,2,4,440
14343,8,4,129,3,1,6,1264
14344,3,1,165,3,2,5,1599
14345,5,8,420,5,2,4,136
14346,3,5,178,1,2,6,1212
14347,2,8,1087,2,2,10,1376
14348,1,1,1314,3,1,5,671
14349,2,5,970,3,1,7,530
14350,5,1,1444,3,1,5,1481
14351,2,5,1336,2,2,9,677
14352,4,7,738,1,2,3,1504
14353,3,6,1227,1,2,2,2292
14354,3,7,730,2,1,1,2494
14355,2,1,1007,2,2,5,734
14356,2,4,67,2,2,11,805
14357,3,6,1027,2,1,8,1993
14358,2,8,1080,2,2,9,398
14359,4,8,1171,3,1,3,2426
14360,7,3,1396,2,2,7,1024
14361,3,1,741,3,2,4,1770
14362,2,8,319,2,2,7,2265
14363,5,4,1047,5,1,5,1251
14364,2,3,213,3,1,6,1049
14365,2,1,511,3,2,8,2079
14366,2,3,168,3,1,10,390
14367,2,2,257,5,2,10,1973
14368,3,8,1450,3,2,9,792
14369,2,5,765,3,2,8,1045
14370,5,3,527,3,2,6,647
14371,3,5,494,4,1,5,1646
14372,3,3,621,3,2,4,1652
14373,2,1,314,3,1,2,1283
14374,4,5,816,2,1,8,853
14375,5,4,996,1,2,3,1367
14376,2,5,437,3,2,6,1270
14377,3,6,928,2,1,1,2278
14378,2,4,1032,3,2,5,2393
14379,2,4,980,3,1,3,1185
14380,6,4,923,2,1,1,2033
14381,2,5,1406,2,2,7,874
14382,5,5,122,3,2,8,2406
14383,2,5,1220,2,2,10,2246
14384,8,4,1397,1,2,9,2118
14385,2,3,222,2,1,4,945
14386,2,4,346,3,2,2,1720
14387,3,4,1082,2,2,8,1080
14388,3,2,478,2,2,9,1308
14389,3,5,409,1,1,4,2350
14390,3,2,1412,3,1,6,1799
14391,2,4,1250,3,1,5,333
14392,2,5,1208,2,2,9,940
14393,3,1,833,1,1,11,844
14394,5,2,193,2,1,4,1971
14395,2,6,138,2,1,7,1577
14396,5,5,479,1,2,2,858
14397,8,1,676,4,1,1,586
14398,5,8,709,1,2,1,363
14399,2,2,896,2,2,5,389
14400,3,4,142,2,1,7,230
14401,2,1,1378,3,1,5,2276
14402,2,8,1164,5,1,4,2104
14403,3,6,971,2,1,9,558
14404,2,6,301,2,1,2,1821
14405,2,6,25,2,2,2,1390
14406,2,6,826,3,2,10,497
14407,2,1,1016,2,2,1,1898
14408,2,4,858,2,2,5,1928
14409,2,2,216,3,2,5,172
14410,2,6,896,2,1,1,1485
14411,2,1,529,5,2,6,209
14412,4,4,683,3,1,5,886
14413,5,1,1443,2,1,7,415
14414,2,2,491,3,1,11,1570
14415,4,1,152,1,2,1,991
14416,2,8,1008,2,1,3,1024
14417,3,4,201,3,2,10,1846
14418,2,3,502,2,2,9,1628
14419,7,4,673,2,2,6,2178
14420,2,8,498,3,1,2,315
14421,2,7,223,3,1,9,2436
14422,2,2,114,3,2,3,648
14423,1,4,928,4,1,3,1019
14424,2,8,201,1,2,2,205
14425,2,7,1028,1,2,5,599
14426,2,1,270,3,2,3,130
14427,5,5,113,2,1,6,2361
14428,2,5,353,3,2,5,1308
14429,3,8,1241,2,2,11,1572
14430,2,6,1130,2,2,9,953
14431,3,2,941,2,2,10,1304
14432,2,4,987,3,2,10,674
14433,2,1,1009,3,2,3,1769
14434,4,1,1361,4,2,3,1000
14435,5,3,1278,5,1,4,447
14436,6,3,924,3,2,5,1090
14437,5,6,1197,2,2,10,217
14438,3,2,641,2,2,8,815
14439,5,6,287,2,2,2,1412
14440,5,3,567,3,2,10,950
14441,2,3,3,1,2,1,420
14442,2,2,1433,1,2,7,2055
14443,2,4,827,2,2,8,235
14444,2,6,24,3,1,5,1601
14445,2,7,424,3,2,8,1836
14446,8,3,1458,2,2,8,2392
14447,7,1,247,5,2,4,1254
14448,3,5,875,2,1,10,1517
14449,2,7,622,3,2,11,1672
14450,2,7,1135,3,2,3,1705
14451,3,3,263,2,1,9,624
14452,3,4,984,4,2,4,1399
14453,5,6,636,3,1,6,1695
14454,8,3,21,1,1,2,2055
14455,2,1,1127,3,1,7,674
14456,2,5,1371,3,1,7,1008
14457,2,5,1258,2,2,6,199
14458,2,7,1026,3,2,11,810
14459,2,1,675,3,2,1,1996
14460,4,6,849,2,2,2,143
14461,6,1,92,2,2,3,1061
14462,8,4,538,3,2,3,1121
14463,4,8,401,1,2,6,552
14464,6,1,284,3,2,11,2181
14465,1,2,633,5,1,8,1784
14466,5,8,116,1,1,3,2253
14467,2,4,1162,3,2,4,1136
14468,2,2,381,2,2,9,502
14469,2,2,110,1,1,8,860
14470,2,7,1374,3,2,8,1559
14471,5,5,1456,3,2,1,1019
14472,3,5,1003,3,2,9,1247
14473,2,3,166,2,2,7,1163
14474,2,2,338,2,1,10,2355
14475,2,6,553,3,1,4,1944
14476,2,6,1288,5,2,6,987
14477,2,2,689,2,1,1,1731
14478,2,5,572,5,2,11,1200
14479,2,1,1164,2,1,8,2465
14480,3,4,778,3,2,9,229
14481,2,5,207,2,2,9,1108
14482,5,7,1399,5,2,9,1359
14483,2,7,1302,2,1,1,544
14484,2,3,424,2,1,10,260
14485,3,2,792,1,2,10,1132
14486,2,5,248,3,2,10,280
14487,2,8,251,2,1,9,747
14488,8,7,777,1,1,10,2038
14489,3,1,319,3,1,6,163
14490,3,3,1395,2,2,11,865
14491,4,5,926,3,2,6,2405
14492,8,2,115,2,2,1,1447
14493,2,1,577,1,2,2,1972
14494,7,5,1386,1,2,11,793
14495,7,4,515,2,2,10,1740
14496,2,2,893,2,2,8,1173
14497,5,2,360,1,1,2,1590
14498,2,7,326,2,1,10,542
14499,3,5,601,2,2,9,589
14500,3,5,785,2,2,4,519
14501,2,8,522,3,2,11,1088
14502,4,5,691,2,1,4,993
14503,5,1,1180,2,2,5,726
14504,8,5,99,5,2,7,651
14505,2,7,1176,2,2,11,795
14506,2,4,436,2,2,1,656
14507,7,7,81,3,2,9,420
14508,2,4,1318,3,2,6,2043
14509,3,6,295,3,1,5,2233
14510,7,4,1377,2,2,5,981
14511,2,5,1281,2,2,1,2449
14512,2,3,1113,2,2,1,1602
14513,2,6,777,2,2,7,1725
14514,2,7,391,3,2,2,2461
14515,3,3,242,3,2,4,714
14516,2,4,749,5,2,8,1738
14517,2,3,1244,2,1,6,1090
14518,7,7,1120,3,2,4,1505
14519,2,2,1200,3,2,7,445
14520,3,1,238,2,1,7,261
14521,2,6,1318,2,1,1,1345
14522,3,7,1347,2,1,1,1056
14523,6,6,1023,5,2,5,1385
14524,3,7,727,2,2,7,1060
14525,3,8,111,4,2,6,1065
14526,2,2,581,3,1,1,1714
14527,2,3,625,4,2,7,1963
14528,4,8,30,2,2,1,2459
14529,7,1,2,3,1,2,1857
14530,3,1,816,3,1,11,2449
14531,1,2,250,3,1,10,587
14532,2,5,611,3,1,11,1612
14533,3,1,1026,3,1,7,1207
14534,2,5,1117,2,2,1,2026
14535,3,2,1254,3,2,11,457
14536,2,3,1129,3,2,5,1275
14537,8,5,463,2,2,3,866
14538,5,6,97,3,2,4,2048
14539,2,5,21,2,2,8,427
14540,3,3,1282,3,2,9,1602
14541,5,5,372,2,1,6,1953
14542,2,2,261,2,1,11,577
14543,2,5,150,3,1,11,1128
14544,2,8,308,4,2,2,146
14545,2,4,1034,3,1,2,2323
14546,3,6,44,2,2,9,2294
14547,2,5,964,2,2,9,1153
14548,3,7,64,3,1,10,2195
14549,3,2,190,5,2,7,1759
14550,6,5,653,2,1,4,1914
14551,5,1,1284,5,2,4,646
14552,3,3,575,5,1,2,1880
14553,2,6,501,3,2,10,2450
14554,2,8,931,2,2,6,206
14555,2,3,1072,3,2,7,2478
14556,5,6,1450,1,2,7,2451
14557,2,3,947,2,2,6,914
14558,2,4,1023,5,2,6,2250
14559,4,6,135,2,2,5,193
14560,3,5,1309,2,1,8,1761
14561,1,3,202,4,2,5,1033
14562,4,8,1206,3,2,9,120
14563,2,6,351,3,1,7,1465
14564,8,8,1035,2,2,2,777
14565,2,8,1307,1,2,11,1245
14566,6,5,1447,2,2,3,1443
14567,3,6,868,1,2,8,1667
14568,5,6,99,1,1,9,1841
14569,5,2,875,2,2,8,1001
14570,3,8,839,3,1,2,1715
14571,3,8,1035,2,1,10,420
14572,8,2,1138,2,1,5,2158
14573,8,3,566,2,1,9,2262
14574,3,5,685,2,2,8,251
14575,3,1,662,3,1,4,1967
14576,2,7,283,1,1,7,272
14577,7,7,974,3,2,11,1199
14578,3,4,771,3,1,3,2075
14579,7,6,470,2,1,3,1305
14580,3,8,1124,3,1,3,1753
14581,2,3,312,3,2,6,178
14582,2,2,1169,5,2,9,1112
14583,2,5,795,3,1,3,2333
14584,3,2,421,2,2,3,885
14585,2,6,297,1,1,8,1338
14586,3,2,937,2,2,8,2101
14587,2,4,718,1,2,10,123
14588,2,2,1120,4,1,7,2215
14589,2,4,337,3,1,4,1294
14590,2,5,22,2,1,1,2097
14591,2,4,320,2,1,5,197
14592,5,3,680,2,2,9,1458
14593,2,6,935,3,2,7,604
14594,2,8,876,1,2,3,770
14595,8,6,717,5,1,8,1055
14596,2,4,320,3,1,11,2178
14597,7,5,1437,2,2,5,2256
14598,6,7,106,4,2,10,559
14599,3,4,882,3,1,2,591
14600,3,4,1398,2,2,2,1167
14601,2,3,929,1,2,6,2498
14602,2,5,297,3,2,3,1231
14603,3,4,1319,3,2,6,2204
14604,2,5,1410,4,1,3,753
14605,2,4,1332,1,2,4,1504
14606,7,2,215,2,1,10,2475
14607,2,3,813,2,2,6,2175
14608,5,4,1424,2,2,7,1847
14609,3,6,1021,3,2,1,414
14610,2,4,74,2,2,9,967
14611,2,1,128,3,2,7,1684
14612,2,4,588,2,2,9,1354
14613,5,6,467,2,1,1,1337
14614,2,7,1407,1,1,6,774
14615,3,5,288,3,1,3,556
14616,3,1,475,2,2,4,2247
14617,5,5,183,2,1,3,1993
14618,2,1,461,5,2,5,2387
14619,3,4,645,2,2,2,398
14620,2,4,114,2,1,2,910
14621,2,2,656,3,2,7,1423
14622,2,7,33,3,2,4,461
14623,5,5,170,2,1,4,1361
14624,6,1,542,2,2,8,2094
14625,2,6,651,2,2,11,2366
14626,3,2,562,3,1,7,1711
14627,2,5,525,3,2,2,2248
14628,5,3,1269,2,1,11,749
14629,2,4,112,2,2,5,1794
14630,3,4,306,3,2,3,476
14631,3,2,1046,2,1,2,2478
14632,5,1,1181,4,2,5,1680
14633,2,4,1262,2,1,3,1696
14634,3,7,528,2,2,3,423
14635,2,3,1129,2,2,8,1151
14636,2,3,91,1,2,3,507
14637,2,4,1406,3,2,7,540
14638,4,4,1065,1,2,8,2112
14639,4,3,356,2,2,11,1861
14640,2,1,592,3,1,5,2471
14641,5,2,823,2,1,5,133
14642,3,8,472,3,2,3,1294
14643,8,3,1349,2,2,11,2282
14644,1,4,1429,2,1,7,1353
14645,3,3,1291,4,2,6,2289
14646,2,4,229,3,2,7,2081
14647,3,8,160,1,2,10,1601
14648,5,1,965,2,1,4,452
14649,8,5,1268,2,2,3,1167
14650,2,5,860,1,2,7,951
14651,5,4,572,2,1,11,1519
14652,5,2,57,2,1,3,2409
14653,2,4,1329,3,1,3,869
14654,3,8,151,3,2,4,865
14655,2,4,633,4,1,11,1978
14656,5,3,675,2,2,10,2298
14657,3,6,192,4,1,1,1884
14658,6,5,900,5,2,2,513
14659,8,8,1336,3,1,3,220
14660,2,3,90,5,2,11,1203
14661,2,8,1183,3,2,6,1889
14662,5,2,1293,5,2,4,1787
14663,5,7,338,5,2,9,297
14664,5,6,1036,2,1,7,1048
14665,2,5,795,5,1,5,1179
14666,7,5,87,3,1,10,1651
14667,2,4,1460,3,2,9,921
14668,2,4,62,2,2,11,718
14669,2,3,1186,3,1,7,2101
14670,4,3,35,2,1,6,2184
14671,3,7,152,2,2,4,575
14672,6,6,496,3,2,5,473
14673,5,1,241,2,2,6,2232
14674,2,7,816,3,2,1,203
14675,3,4,1278,1,2,2,1648
14676,2,2,90,2,1,2,219
14677,3,3,931,3,1,7,2405
14678,2,8,1420,3,2,3,1413
14679,3,3,1256,1,1,4,2393
14680,3,8,1317,3,1,9,2097
14681,2,8,592,3,1,5,1750
14682,2,5,728,2,2,3,483
14683,2,6,72,4,2,7,1913
14684,6,8,1218,3,1,5,368
14685,2,4,1333,2,2,7,2323
14686,5,7,827,4,1,9,2189
14687,2,8,419,2,2,10,383
14688,2,1,1091,2,1,1,874
14689,3,1,554,4,2,6,423
14690,5,2,1287,3,2,9,306
14691,3,2,232,3,2,1,1090
14692,3,3,1353,2,1,6,1006
14693,5,8,197,2,2,3,744
14694,2,6,167,2,2,10,1613
14695,2,5,1318,3,1,8,1591
14696,2,2,691,2,2,10,2351
14697,2,8,760,2,1,7,1081
14698,6,7,324,4,1,4,1776
14699,3,8,1415,4,2,4,756
14700,2,7,518,2,2,8,2136
14701,1,1,323,2,2,6,1223
14702,1,3,825,5,1,7,407
14703,2,8,475,2,1,5,2316
14704,4,4,640,3,1,4,542
14705,2,7,922,1,2,1,2030
14706,4,3,1011,3,2,7,1763
14707,2,7,1121,2,2,4,1644
14708,3,8,1204,1,1,5,1483
14709,2,5,781,3,1,5,1971
14710,6,4,492,2,1,11,185
14711,2,6,464,5,1,2,1370
14712,2,1,1270,1,2,2,1254
14713,3,4,823,2,1,9,777
14714,3,4,1293,2,2,6,1759
14715,5,4,345,2,1,8,1853
14716,5,7,1407,5,2,6,403
14717,5,7,1442,3,1,3,960
14718,2,3,482,2,1,3,144
14719,2,8,1338,2,1,11,903
14720,2,7,43,2,2,5,1802
14721,8,4,880,4,2,3,377
14722,2,3,929,5,1,11,454
14723,2,2,101,3,1,2,529
14724,3,1,596,1,2,4,2496
14725,2,5,56,2,2,4,738
14726,2,3,1026,3,2,9,755
14727,5,4,80,5,2,7,949
14728,2,1,1069,2,1,8,318
14729,3,6,1067,1,1,1,1385
14730,2,1,1425,3,2,7,1514
14731,2,6,1255,3,1,10,281
14732,8,6,1092,2,2,9,2203
14733,2,5,1210,5,2,9,1378
14734,2,3,1141,1,2,5,699
14735,4,7,745,2,1,1,1946
14736,2,6,1007,3,1,6,2420
14737,2,5,428,3,2,3,2225
14738,2,7,528,1,2,7,1445
14739,3,1,1238,2,1,8,327
14740,2,8,1065,3,2,6,1534
14741,3,3,1096,2,2,2,1180
14742,2,3,538,3,2,10,2491
14743,2,7,656,3,2,11,526
14744,3,5,751,2,1,10,2327
14745,2,5,854,2,2,9,814
14746,2,2,760,1,2,7,716
14747,3,4,941,1,2,9,316
14748,6,1,369,2,2,2,1958
14749,2,2,743,3,2,6,2114
14750,3,8,382,1,1,9,1522
14751,2,7,26,2,2,8,1517
14752,7,7,676,3,2,10,1178
14753,1,2,1346,2,2,5,1447
14754,1,3,451,4,2,10,1670
14755,2,2,1130,3,2,11,2110
14756,2,1,1333,2,1,2,1992
14757,2,5,1221,2,2,7,2012
14758,2,3,1084,2,2,8,1279
14759,5,8,1140,3,2,8,1528
14760,2,4,1100,3,1,11,1658
14761,3,7,336,2,2,2,659
14762,8,3,211,2,2,4,560
14763,2,8,708,2,2,8,2402
14764,5,2,1343,2,2,4,1167
14765,2,1,521,5,2,10,603
14766,2,5,1336,3,2,7,2344
14767,2,1,1428,5,2,4,831
14768,2,6,725,2,2,9,1399
14769,2,1,124,2,2,9,1923
14770,3,6,674,5,1,11,1057
14771,5,3,715,3,1,4,504
14772,2,8,97,3,1,3,308
14773,4,1,871,3,2,4,1864
14774,7,1,467,3,1,9,331
14775,5,1,18,3,1,7,2345
14776,2,8,1240,3,2,4,1612
14777,2,2,1425,2,2,9,801
14778,5,3,1288,3,2,9,2284
14779,4,1,1316,2,1,1,1252
14780,2,5,786,2,2,9,1832
14781,5,3,98,1,2,8,967
14782,2,1,737,3,1,3,1530
14783,5,7,1180,4,1,8,2435
14784,2,8,1219,2,2,4,165
14785,3,4,582,5,1,2,1627
14786,3,5,539,3,1,6,2272
14787,2,4,36,2,1,2,1678
14788,2,2,354,1,2,7,456
14789,8,5,111,4,1,1,2055
14790,3,8,212,1,2,4,1994
14791,3,3,541,2,1,8,339
14792,3,3,536,2,1,7,864
14793,1,6,399,2,2,7,1259
14794,2,6,863,1,2,7,2492
14795,1,6,989,3,2,10,950
14796,2,2,1184,3,2,11,493
14797,2,3,449,3,1,11,427
14798,3,2,90,3,2,7,597
14799,6,3,1354,2,2,11,1687
14800,2,8,245,3,1,7,2046
14801,2,4,415,5,2,7,267
14802,3,6,580,3,2,5,762
14803,2,6,712,1,2,7,1602
14804,6,7,1391,2,1,5,368
14805,3,5,393,2,2,7,2121
14806,7,7,712,3,2,4,2306
14807,2,4,142,3,2,8,2188
14808,2,4,118,3,1,7,1314
14809,3,4,700,3,1,6,1226
14810,2,6,1186,1,2,6,2462
14811,5,7,409,5,1,5,784
14812,2,6,768,2,2,2,1256
14813,2,1,429,2,2,6,724
14814,1,7,911,2,2,8,1207
14815,5,3,968,3,1,2,1278
14816,2,6,671,1,2,6,281
14817,4,1,1309,2,1,2,431
14818,3,1,1131,2,2,8,1723
14819,5,1,1132,2,1,4,1068
14820,2,7,1092,2,2,10,2315
14821,2,4,807,2,1,8,2031
14822,5,4,199,2,2,6,2284
14823,2,7,205,3,2,8,518
14824,2,4,151,2,2,10,1363
14825,2,6,158,2,2,10,2282
14826,2,2,58,3,1,9,1487
14827,5,2,1106,2,2,7,2332
14828,2,4,592,2,2,1,769
14829,2,7,670,3,2,1,2300
14830,4,3,1058,1,1,11,813
14831,3,7,513,1,2,1,1321
14832,2,7,568,2,2,2,385
14833,3,2,173,2,1,11,747
14834,2,6,764,3,1,11,505
14835,2,8,1149,3,1,11,1939
14836,3,3,1176,2,2,3,1787
14837,5,3,1124,2,2,6,870
14838,4,4,359,2,1,9,715
14839,5,3,1346,2,1,8,1245
14840,8,7,488,2,1,3,466
14841,6,5,506,3,1,11,1016
14842,5,6,429,2,1,2,2093
14843,4,4,134,2,1,7,1051
14844,5,6,769,3,1,9,1384
14845,2,2,1255,3,2,8,190
14846,2,2,202,2,2,5,1582
14847,2,6,419,2,2,2,343
14848,8,5,884,2,1,5,1439
14849,5,8,1007,2,2,6,370
14850,5,1,796,5,1,7,308
14851,2,7,1010,2,2,9,1111
14852,3,8,1288,5,2,6,235
14853,2,5,447,2,2,5,2241
14854,4,8,1230,3,1,7,1972
14855,4,5,809,3,1,3,2437
14856,5,2,666,3,2,9,1109
14857,2,5,376,3,2,5,484
14858,2,2,498,2,2,11,1926
14859,2,2,34,2,2,9,2484
14860,2,4,145,5,2,3,393
14861,7,8,974,5,2,8,653
14862,2,3,1137,2,1,7,443
14863,3,8,680,2,2,4,1932
14864,3,4,1266,3,1,10,752
14865,2,7,811,4,2,6,1328
14866,2,5,761,3,2,4,887
14867,6,8,227,1,1,3,628
14868,2,5,1013,2,2,6,1667
14869,5,7,970,2,2,7,1226
14870,2,5,686,2,2,8,2051
14871,7,7,691,3,1,2,1407
14872,2,7,838,1,2,8,1427
14873,5,4,483,2,2,1,1858
14874,3,8,1167,3,1,10,471
14875,2,6,978,1,2,8,1654
14876,2,1,1274,3,2,8,2052
14877,8,1,990,2,2,1,1339
14878,2,6,1268,2,1,1,2300
14879,5,7,258,3,1,7,383
14880,3,4,1385,1,1,6,1695
14881,2,4,806,4,1,4,1170
14882,2,5,1066,1,2,2,1376
14883,2,2,176,3,2,9,459
14884,3,8,299,2,1,2,587
14885,3,6,1279,2,1,11,2420
14886,4,7,1227,2,1,4,2406
14887,3,2,655,2,1,3,1751
14888,7,6,1251,3,2,2,2058
14889,2,5,1123,1,1,7,619
14890,5,4,888,2,2,5,631
14891,2,4,72,2,2,10,2463
14892,2,8,172,3,2,9,2331
14893,5,5,1196,1,2,4,183
14894,5,7,897,2,2,2,860
14895,2,6,1031,2,2,6,1492
14896,5,8,140,3,2,1,2149
14897,2,5,1398,2,1,2,2299
14898,4,3,1122,4,2,7,1521
14899,2,6,1277,3,1,11,2308
14900,2,7,1007,5,2,7,2077
14901,5,8,1445,5,1,5,1807
14902,3,5,1309,2,2,6,281
14903,3,2,294,2,2,4,1282
14904,3,1,1387,2,1,2,685
14905,8,1,1324,2,2,7,2208
14906,3,5,254,2,1,11,1364
14907,3,2,893,1,2,10,741
14908,5,2,898,2,2,5,2097
14909,4,1,56,5,2,9,1603
14910,2,4,67,3,2,7,581
14911,3,4,180,3,2,2,1668
14912,3,3,810,3,1,1,854
14913,2,8,1113,5,1,3,2452
14914,3,3,135,2,1,11,829
14915,2,7,404,2,1,8,830
14916,2,6,449,2,2,6,1080
14917,1,8,221,3,2,2,1454
14918,2,6,1143,2,1,7,1352
14919,3,2,615,3,2,8,437
14920,2,1,634,3,1,4,1288
14921,3,8,1224,3,2,8,1333
14922,2,4,1059,2,2,10,2205
14923,2,5,1301,1,2,4,2359
14924,4,6,157,2,2,3,1998
14925,2,3,1393,3,2,8,506
14926,2,2,759,2,2,2,725
14927,2,6,733,1,2,4,1605
14928,2,2,679,2,2,7,1692
14929,2,4,49,5,2,1,236
14930,2,5,230,3,2,2,2209
14931,3,6,340,2,1,5,693
14932,7,7,506,3,1,9,356
14933,3,1,1284,3,1,1,1862
14934,3,5,721,2,2,3,1597
14935,2,7,408,1,2,6,299
14936,4,3,682,2,1,7,179
14937,2,2,407,2,2,6,1720
14938,6,5,716,2,2,7,1903
14939,2,5,570,5,2,8,583
14940,8,8,1400,3,1,10,1120
14941,3,7,460,3,2,11,1167
14942,2,5,34,2,2,6,1609
14943,6,2,1139,3,1,1,1339
14944,2,8,189,3,2,4,828
14945,5,4,199,3,1,1,2410
14946,4,4,778,4,2,5,604
14947,2,1,147,3,1,8,2429
14948,2,8,1360,4,1,2,2169
14949,3,2,1012,2,2,5,2112
14950,5,2,735,5,2,6,1943
14951,4,3,1258,3,2,3,2477
14952,5,8,1133,2,1,2,844
14953,2,2,86,3,2,4,2299
14954,7,2,104,3,1,10,357
14955,6,1,632,3,1,10,2206
14956,2,4,860,2,2,10,196
14957,2,2,933,3,1,8,2035
14958,2,8,466,2,2,2,2152
14959,4,2,945,2,1,3,1922
14960,2,2,655,5,2,2,138
14961,4,8,716,2,2,1,1205
14962,6,8,1123,5,1,1,1089
14963,2,4,165,3,1,10,260
14964,3,2,241,2,1,3,1715
14965,2,4,607,1,2,1,1518
14966,2,8,174,3,1,8,1774
14967,3,3,1052,2,2,1,1113
14968,5,3,327,2,2,3,281
14969,3,4,656,2,1,10,352
14970,6,2,114,2,1,9,257
14971,2,4,1426,1,2,3,1824
14972,3,2,277,2,1,9,367
14973,7,3,764,1,2,1,2182
14974,2,3,355,3,2,6,1144
14975,3,4,1226,5,2,7,692
14976,5,7,1104,2,2,4,991
14977,4,2,1194,2,1,11,2489
14978,2,2,911,3,1,4,1390
14979,3,7,242,1,1,9,189
14980,6,1,342,2,1,4,1740
14981,2,3,432,1,2,7,2293
14982,2,3,159,2,1,6,2383
14983,3,4,1194,3,2,4,1210
14984,2,3,1346,2,1,8,906
14985,3,6,992,2,2,9,1297
14986,2,5,1084,1,2,5,353
14987,4,8,815,2,1,8,1519
14988,5,7,256,3,2,11,1558
14989,2,8,1450,2,2,4,239
14990,2,7,629,1,2,10,1470
14991,5,3,253,1,1,9,312
14992,2,6,7,3,2,7,579
14993,3,4,564,3,2,8,2224
14994,2,7,691,3,2,11,595
14995,2,4,1130,3,2,1,167
14996,2,5,1006,2,1,6,248
14997,2,5,1192,3,1,1,2261
14998,2,3,556,2,1,11,2013
14999,5,5,1033,2,2,11,2184
15000,3,6,1226,2,2,7,548
15001,3,3,710,3,1,4,2498
15002,3,2,903,2,1,7,885
15003,2,2,194,4,2,1,1110
15004,2,4,345,2,1,10,299
15005,2,7,590,2,1,3,1524
15006,3,2,1256,2,2,3,1020
15007,5,6,563,3,2,9,658
15008,3,6,1100,3,2,6,1826
15009,3,4,409,3,1,11,1371
15010,2,5,505,2,2,11,739
15011,4,8,362,1,2,7,1824
15012,4,8,1175,5,2,8,442
15013,2,4,1244,2,2,5,1869
15014,3,6,856,3,2,4,2315
15015,3,4,1448,2,1,3,1551
15016,3,3,33,2,1,6,2245
15017,1,1,1167,2,1,10,380
15018,5,2,882,3,1,11,273
15019,5,7,277,5,2,7,679
15020,3,4,1103,1,1,2,407
15021,2,5,378,2,2,2,867
15022,2,5,262,3,1,10,1972
15023,2,2,1190,2,1,2,1179
15024,2,8,412,2,1,8,358
15025,8,8,140,3,2,1,880
15026,2,2,424,1,1,3,1501
15027,4,3,222,1,1,7,415
15028,7,5,826,2,2,1,522
15029,7,4,455,3,1,2,506
15030,2,2,1118,2,1,5,230
15031,2,4,485,3,2,4,391
15032,2,6,1419,2,2,3,2282
15033,6,5,208,2,2,11,514
15034,4,6,824,1,1,8,152
15035,2,2,113,2,1,9,1086
15036,2,3,862,5,2,2,2055
15037,3,5,399,2,2,10,2282
15038,2,7,316,2,2,6,564
15039,7,5,74,3,1,9,1646
15040,7,8,1003,2,1,7,1671
15041,5,4,598,4,2,6,1765
15042,5,2,1242,3,2,11,1838
15043,3,7,403,2,2,9,2193
15044,2,6,946,1,2,7,1003
15045,7,4,575,4,2,11,599
15046,4,1,204,2,2,2,2281
15047,2,7,880,1,1,7,2249
15048,2,4,1197,4,2,6,1189
15049,2,8,996,2,2,11,2284
15050,7,2,680,2,2,3,1193
15051,2,4,797,3,1,10,1842
15052,5,6,1267,4,2,1,1308
15053,2,4,1361,3,1,1,313
15054,7,6,1021,3,2,9,1493
15055,3,4,120,2,1,9,721
15056,2,1,207,5,1,5,1626
15057,2,5,1009,2,2,2,880
15058,2,8,704,2,1,3,1022
15059,5,3,26,3,2,11,675
15060,5,1,62,3,2,6,779
15061,2,7,1383,2,2,8,2321
15062,3,7,1014,2,1,9,1973
15063,2,2,58,2,2,6,625
15064,7,8,497,2,2,5,301
15065,2,6,1456,4,2,1,1624
15066,4,4,1319,2,2,11,501
15067,3,1,947,5,1,7,1121
15068,3,6,1350,1,2,10,726
15069,2,5,685,3,2,5,1535
15070,2,4,361,3,2,1,344
15071,3,6,94,3,1,11,1269
15072,3,3,754,3,1,5,545
15073,2,8,1145,5,2,4,395
15074,7,4,963,1,1,11,1354
15075,2,8,758,2,2,11,824
15076,2,2,408,2,2,4,2007
15077,5,5,737,2,2,8,1000
15078,1,6,555,2,1,2,2443
15079,2,8,212,4,2,9,1846
15080,5,3,1169,2,2,3,2479
15081,3,3,841,2,1,6,882
15082,6,2,126,3,1,2,479
15083,2,5,825,2,2,9,1747
15084,6,2,982,2,1,1,1791
15085,2,2,306,2,2,8,1305
15086,2,7,1251,2,2,10,778
15087,2,3,1110,3,2,11,2432
15088,2,8,948,3,2,3,1135
15089,5,7,1268,5,2,6,2233
15090,3,1,1445,3,2,3,887
15091,2,6,822,3,2,6,665
15092,2,8,639,2,2,1,1912
15093,2,5,1118,2,2,7,2233
15094,2,1,1114,2,2,6,1343
15095,2,2,725,1,1,7,2396
15096,2,5,80,2,2,5,1371
15097,2,8,1385,2,1,8,610
15098,3,7,1189,5,2,9,1643
15099,7,2,465,2,2,9,1830
15100,2,8,1441,2,2,6,1402
15101,2,4,458,3,1,8,154
15102,3,5,60,3,2,7,1602
15103,2,5,1387,4,1,5,2075
15104,3,6,1258,1,1,7,364
15105,8,3,114,2,1,1,2145
15106,5,6,918,3,1,5,271
15107,5,8,43,2,1,4,958
15108,2,7,1094,2,2,5,268
15109,2,8,737,2,2,7,315
15110,3,6,355,2,2,10,846
15111,4,1,676,3,1,5,2306
15112,4,6,48,2,1,2,1646
15113,2,7,1321,3,2,5,1031
15114,2,5,352,2,1,2,1350
15115,2,2,1396,2,2,2,1839
15116,2,1,721,4,2,8,1208
15117,7,7,4,3,2,2,951
15118,2,5,1117,3,1,2,2206
15119,2,4,330,2,1,11,1135
15120,5,8,1073,2,1,11,517
15121,2,7,928,2,1,1,1330
15122,3,2,680,2,2,3,1221
15123,2,2,499,3,2,10,1258
15124,2,1,1271,2,2,11,1878
15125,2,6,1164,2,1,10,1809
15126,3,1,1182,2,2,7,2412
15127,5,1,1161,2,2,11,1830
15128,5,4,418,3,2,1,1073
15129,3,1,982,3,2,1,507
15130,7,4,807,4,2,7,2154
15131,2,2,163,2,2,3,2004
15132,7,6,1421,3,1,6,589
15133,2,4,588,2,2,7,1290
15134,2,4,1397,3,1,11,1879
15135,2,3,886,3,1,1,309
15136,2,2,1347,2,1,4,1813
15137,8,1,249,3,2,3,1821
15138,2,4,396,3,2,11,2457
15139,2,8,429,2,2,9,449
15140,3,7,1410,3,1,8,871
15141,2,2,1306,2,2,7,903
15142,4,5,1334,1,1,9,2326
15143,1,6,210,3,1,9,2333
15144,2,8,1415,2,2,1,1688
15145,2,3,114,4,2,11,1696
15146,2,6,388,2,1,10,956
15147,3,5,1038,4,1,7,2234
15148,2,3,775,2,1,7,2275
15149,3,2,283,2,2,9,367
15150,5,3,1065,3,1,6,669
15151,2,1,1358,5,2,6,2248
15152,2,8,1123,2,2,3,731
15153,2,5,491,3,2,1,2208
15154,5,7,623,2,1,6,2463
15155,2,4,854,1,2,1,2173
15156,2,1,92,3,2,11,2332
15157,2,8,964,1,2,5,1625
15158,3,5,1196,2,1,3,168
15159,2,2,696,5,2,10,1329
15160,6,8,1162,2,2,11,1695
15161,5,2,670,2,1,9,1178
15162,5,7,1201,4,2,1,2091
15163,4,1,1055,2,1,11,575
15164,3,5,665,3,2,3,1594
15165,5,5,855,3,2,3,1642
15166,2,2,1133,2,2,1,2382
15167,3,6,56,2,1,1,2236
15168,2,8,792,2,2,9,674
15169,2,1,410,1,2,1,911
15170,2,1,286,2,1,3,931
15171,3,5,937,2,1,3,1538
15172,3,7,472,3,2,10,439
15173,3,4,18,3,2,8,2328
15174,5,3,598,2,2,5,1423
15175,2,4,1124,3,1,4,1745
15176,2,2,1142,2,2,7,2478
15177,2,4,604,2,1,7,1105
15178,2,2,241,3,2,3,824
15179,3,8,768,2,2,3,707
15180,5,4,409,4,1,4,811
15181,2,6,1459,3,1,2,1741
15182,7,3,277,2,1,2,609
15183,1,3,625,2,1,10,1488
15184,2,7,67,2,2,7,1657
15185,5,3,1017,5,1,3,639
15186,2,6,854,1,1,5,422
15187,5,2,60,2,2,2,1850
15188,2,7,475,3,2,1,1127
15189,5,7,812,5,1,9,215
15190,2,3,1286,3,2,4,1980
15191,8,2,85,3,2,9,180
15192,3,2,45,2,1,5,1144
15193,2,6,875,5,2,5,356
15194,3,2,1098,5,1,3,1931
15195,5,5,34,2,2,5,1399
15196,3,2,567,3,2,10,569
15197,6,7,134,2,1,6,1117
15198,7,8,346,3,2,11,591
15199,3,5,957,2,1,2,1759
15200,2,3,814,5,2,5,1861
15201,2,4,463,5,1,11,1695
15202,6,7,64,2,1,7,1172
15203,8,5,669,3,2,8,923
15204,2,3,945,2,1,4,1408
15205,3,4,570,1,2,6,1701
15206,5,5,324,2,1,3,1083
15207,3,7,793,3,2,5,1747
15208,7,8,1441,2,1,6,2239
15209,2,7,236,2,2,11,2280
15210,1,7,920,2,1,3,338
15211,2,5,937,3,2,9,128
15212,3,3,1217,2,2,1,349
15213,2,6,529,3,2,3,1075
15214,3,2,117,2,2,8,1951
15215,3,5,559,2,2,4,188
15216,5,7,991,1,2,5,1554
15217,3,1,257,2,1,4,2079
15218,5,7,585,2,2,2,352
15219,2,6,417,1,2,7,1974
15220,8,8,403,2,1,2,1263
15221,2,4,326,1,2,7,1136
15222,3,2,557,3,2,10,1179
15223,2,6,186,5,1,7,1771
15224,2,7,883,2,2,6,1850
15225,2,6,1402,2,2,9,207
15226,8,3,120,2,2,2,990
15227,2,1,954,1,2,11,2117
15228,2,8,395,1,1,8,207
15229,5,8,1175,2,2,8,1745
15230,2,7,1010,4,1,5,1526
15231,7,2,1174,5,1,6,1931
15232,4,8,37,2,2,9,1891
15233,5,8,1271,2,2,2,1455
15234,2,7,620,2,2,7,1253
15235,2,6,274,5,1,5,480
15236,2,3,366,3,1,8,2059
15237,2,2,1455,5,2,9,1330
15238,2,3,720,2,1,4,2355
15239,4,2,1367,4,2,7,2187
15240,3,6,999,3,1,1,1864
15241,2,5,1079,2,1,10,2011
15242,2,7,1011,3,2,1,514
15243,3,7,630,1,2,2,1624
15244,2,4,970,2,2,4,1156
15245,4,4,857,3,2,9,2237
15246,2,1,1155,3,2,7,1504
15247,4,8,413,2,2,7,479
15248,3,4,1092,3,1,11,742
15249,8,7,1138,1,2,6,1805
15250,2,5,385,4,2,4,218
15251,2,5,1072,3,1,9,208
15252,3,6,494,3,2,11,1740
15253,1,8,1070,2,1,11,981
15254,5,3,772,2,2,6,1864
15255,3,8,1340,5,2,1,204
15256,2,1,468,2,2,6,1478
15257,2,5,761,2,2,10,581
15258,2,3,873,2,2,3,1919
15259,3,1,1353,2,2,1,2032
15260,2,6,109,3,2,1,693
15261,2,4,1209,5,2,2,1208
15262,3,1,481,2,2,6,2249
15263,8,4,1372,2,1,9,2190
15264,3,7,147,5,1,2,953
15265,3,2,1039,3,1,5,875
15266,6,7,32,5,2,8,317
15267,2,4,961,5,1,1,715
15268,2,7,421,4,2,4,2365
15269,5,6,453,2,2,1,1020
15270,2,5,143,2,1,6,1736
15271,2,2,733,3,2,9,1475
15272,2,7,1093,3,2,8,471
15273,3,3,942,3,2,6,614
15274,2,5,770,3,1,3,2428
15275,2,2,1051,3,2,2,639
15276,2,4,488,2,2,8,1370
15277,2,4,315,3,1,11,2286
15278,8,6,505,2,2,2,2343
15279,6,2,1351,2,2,11,1295
15280,7,8,1286,3,2,2,1187
15281,6,2,1287,3,2,9,2013
15282,2,4,1335,3,2,6,1835
15283,7,4,1184,3,1,2,1746
15284,2,5,536,2,2,5,881
15285,5,4,449,3,1,10,2177
15286,2,2,1164,2,2,10,2150
15287,7,1,208,3,2,7,373
15288,2,4,881,3,2,10,614
15289,2,7,78,2,2,5,640
15290,7,5,440,2,2,11,1726
15291,5,1,42,3,2,10,2483
15292,3,2,216,3,1,11,1496
15293,5,4,599,2,1,4,2127
15294,2,8,497,4,1,5,791
15295,3,1,279,5,2,9,1833
15296,2,8,656,2,2,5,722
15297,7,6,1302,3,1,11,141
15298,3,4,1122,3,2,1,439
15299,8,6,57,2,2,6,609
15300,3,2,462,3,2,9,270
15301,2,1,1005,3,2,1,693
15302,3,2,15,5,2,5,398
15303,2,6,1170,3,2,8,246
15304,2,7,949,3,1,2,1220
15305,7,1,315,3,2,1,1855
15306,2,6,454,2,2,4,2236
15307,3,1,837,2,1,4,1155
15308,2,4,67,2,2,1,676
15309,2,5,948,2,1,8,2155
15310,3,7,1049,2,2,4,2255
15311,4,2,167,2,1,4,530
15312,3,8,390,1,1,3,1995
15313,2,8,977,3,2,8,1040
15314,2,4,1459,3,1,8,910
15315,1,4,577,2,1,3,824
15316,5,1,123,1,2,7,1815
15317,6,4,1394,2,1,2,1042
15318,2,4,400,2,2,4,1291
15319,1,1,1233,2,2,3,355
15320,7,5,359,2,1,1,429
15321,1,7,268,2,1,8,2370
15322,2,3,356,3,2,4,376
15323,5,5,752,2,2,11,2140
15324,3,1,385,1,2,3,832
15325,3,4,938,2,2,11,1092
15326,3,4,718,4,2,9,1253
15327,5,8,981,1,2,5,1764
15328,6,3,1361,2,1,5,651
15329,5,7,601,2,2,3,750
15330,5,4,1289,5,2,4,491
15331,3,7,446,3,2,3,2132
15332,5,6,493,3,1,2,346
15333,2,2,1004,2,2,4,1523
15334,2,8,528,3,2,7,1215
15335,5,3,269,2,2,4,588
15336,2,6,1311,3,1,2,1249
15337,5,4,958,1,2,4,847
15338,7,8,655,4,1,9,1258
15339,3,1,1009,4,2,11,1564
15340,1,3,869,5,2,1,2176
15341,3,5,7,1,1,7,2285
15342,2,4,742,3,2,9,222
15343,2,2,763,2,2,3,1590
15344,1,4,1158,3,2,9,870
15345,6,8,1073,2,1,9,193
15346,2,5,1065,3,2,5,1325
15347,2,7,1236,2,1,9,618
15348,2,5,200,3,1,3,169
15349,3,2,73,2,1,7,577
15350,3,5,554,1,2,6,2408
15351,3,1,177,5,1,2,1845
15352,7,5,512,5,2,9,387
15353,5,8,556,2,2,10,675
15354,2,1,900,2,2,4,1193
15355,2,5,924,1,2,8,1418
15356,7,4,949,3,1,3,2396
15357,3,1,510,3,2,5,2296
15358,2,3,153,4,2,1,2069
15359,2,1,1269,3,1,9,1805
15360,5,8,1312,2,1,4,1051
15361,2,4,1082,3,2,3,534
15362,5,2,1237,3,1,10,1925
15363,3,5,1329,2,1,11,288
15364,2,4,154,2,1,10,998
15365,5,3,1087,2,2,2,1371
15366,2,7,250,4,2,1,2240
15367,2,5,1144,2,2,8,493
15368,2,4,715,3,1,9,564
15369,5,1,1086,2,1,7,1075
15370,5,5,958,5,1,11,2436
15371,2,8,644,2,2,10,1787
15372,7,4,988,2,2,9,1777
15373,2,6,1279,3,2,2,653
15374,3,3,717,2,1,10,1134
15375,3,4,1056,2,1,5,1590
15376,3,6,1125,3,2,9,1068
15377,2,5,412,3,2,7,1503
15378,2,1,373,2,1,8,2241
15379,3,3,548,3,2,1,2139
15380,2,4,454,1,1,9,1270
15381,1,3,1433,3,1,6,1365
15382,2,8,1138,3,2,6,1728
15383,2,1,417,2,1,8,600
15384,2,3,1048,3,2,3,1998
15385,3,8,723,2,1,1,1293
15386,5,4,8,1,2,10,1300
15387,3,1,176,1,2,6,2232
15388,2,4,1030,3,1,8,2189
15389,5,6,1106,4,2,4,1221
15390,2,5,1328,3,1,6,1897
15391,3,3,1347,2,2,4,1147
15392,5,3,869,3,1,10,575
15393,2,3,1068,2,1,3,1728
15394,2,6,1038,2,2,6,1368
15395,2,1,531,3,2,1,765
15396,5,4,375,3,2,5,1038
15397,5,7,651,2,1,6,1133
15398,2,7,951,3,1,6,1627
15399,2,1,1042,1,2,3,1611
15400,5,6,123,3,1,5,1969
15401,2,5,1110,2,2,3,152
15402,2,4,1103,3,1,11,564
15403,3,6,1392,1,2,5,1800
15404,5,4,133,2,2,3,1212
15405,2,3,1296,2,2,2,240
15406,2,5,1117,5,2,8,804
15407,7,2,1454,3,1,4,1467
15408,2,8,1177,4,2,8,2033
15409,3,5,1251,3,2,8,1746
15410,5,4,643,2,1,6,818
15411,2,6,102,2,2,6,923
15412,3,4,140,2,2,4,1657
15413,3,8,376,2,1,6,258
15414,3,3,142,1,2,6,1070
15415,3,8,833,3,1,10,2196
15416,7,4,658,3,2,5,873
15417,3,5,995,1,1,10,1758
15418,2,1,1030,2,2,6,2441
15419,2,5,115,3,2,10,228
15420,2,2,436,3,1,5,369
15421,1,7,22,5,2,8,1164
15422,8,4,611,2,2,4,2329
15423,2,4,886,3,1,8,161
15424,3,4,385,2,2,8,186
15425,2,8,795,3,2,3,175
15426,8,5,608,3,1,5,2097
15427,2,8,897,1,2,11,2170
15428,3,5,773,2,2,7,1621
15429,2,4,386,3,2,11,1447
15430,2,5,566,2,2,10,256
15431,2,3,1179,2,2,8,1508
15432,3,6,182,1,1,7,2381
15433,2,3,140,5,1,7,2129
15434,2,5,151,2,1,1,170
15435,2,1,1003,2,1,5,1173
15436,3,1,1253,2,2,10,2282
15437,4,7,876,3,2,4,1069
15438,5,1,603,2,2,10,569
15439,5,8,1051,4,1,6,1828
15440,2,5,1393,2,1,9,2157
15441,5,5,785,2,2,4,1456
15442,3,2,286,1,1,10,1710
15443,2,2,519,3,1,7,2312
15444,2,8,84,5,1,2,1276
15445,2,6,997,5,2,3,771
15446,2,5,435,1,2,8,2356
15447,2,5,541,3,1,3,122
15448,2,1,824,2,1,11,737
15449,2,8,596,2,1,9,2498
15450,5,2,1159,3,1,4,1450
15451,3,4,605,4,2,10,393
15452,4,4,533,2,2,3,909
15453,2,3,1396,2,2,2,818
15454,2,2,265,3,2,2,910
15455,8,4,990,2,2,1,916
15456,2,8,410,2,1,4,2086
15457,5,6,387,5,2,7,595
15458,3,8,702,1,2,4,1196
15459,3,3,1307,2,2,2,482
15460,2,1,1132,3,2,11,1581
15461,4,8,908,3,1,6,903
15462,2,2,1232,4,1,11,800
15463,2,4,850,2,1,11,479
15464,5,5,95,3,2,8,1202
15465,3,4,435,1,2,2,877
15466,4,8,1378,2,2,2,418
15467,2,6,439,1,2,6,559
15468,3,6,478,1,2,3,272
15469,3,3,204,5,2,3,2076
15470,2,3,222,2,2,8,1073
15471,5,8,732,2,2,3,1880
15472,2,6,1122,3,2,6,172
15473,3,2,247,5,1,1,875
15474,6,5,1067,5,2,3,1213
15475,3,1,783,3,2,11,1262
15476,7,5,1139,3,1,5,370
15477,5,8,1337,2,1,10,1975
15478,3,8,289,3,2,4,684
15479,1,2,823,2,2,8,669
15480,2,7,317,1,1,5,1454
15481,7,3,987,2,1,1,1837
15482,2,1,851,3,1,10,155
15483,7,5,31,3,2,11,720
15484,3,5,119,3,2,10,213
15485,4,1,522,3,2,1,2493
15486,1,6,853,1,2,3,1095
15487,3,1,330,2,2,5,1874
15488,3,5,960,2,1,3,2382
15489,5,1,1403,2,1,11,2449
15490,2,4,1220,2,1,5,650
15491,2,5,1003,1,1,1,265
15492,2,4,1184,2,1,1,1941
15493,3,2,1311,1,2,7,334
15494,2,8,798,4,1,5,1862
15495,2,4,1450,2,2,2,161
15496,2,8,1241,3,2,9,1880
15497,2,6,130,3,1,9,399
15498,2,1,1442,5,2,9,408
15499,2,2,922,2,2,4,1853
15500,2,2,193,1,2,4,384
15501,3,8,643,4,2,11,153
15502,2,6,373,3,2,9,968
15503,8,3,408,2,2,1,1140
15504,3,1,260,2,2,8,2071
15505,2,4,1401,4,2,1,2350
15506,2,7,162,2,2,7,1232
15507,5,7,1212,3,1,6,745
15508,2,6,875,2,1,11,420
15509,8,4,871,5,2,8,1838
15510,2,8,1021,3,2,5,609
15511,3,6,1364,5,1,8,2282
15512,6,5,410,5,1,6,1311
15513,3,7,1017,3,2,9,123
15514,8,6,1423,5,2,3,315
15515,1,6,946,2,2,4,803
15516,8,1,823,2,1,7,1386
15517,7,7,1194,3,2,2,1649
15518,2,6,1228,3,2,6,1562
15519,2,4,1303,4,2,8,333
15520,2,6,788,1,2,3,2300
15521,6,3,1327,3,1,1,643
15522,2,7,218,5,1,5,1813
15523,2,2,466,2,1,4,248
15524,5,1,366,2,2,3,1996
15525,2,3,284,3,2,6,859
15526,3,4,980,2,1,5,2492
15527,8,1,73,2,2,3,1395
15528,3,8,1375,2,1,2,262
15529,3,7,274,3,1,3,1781
15530,3,2,1206,2,1,10,1273
15531,3,8,801,1,2,4,252
15532,2,6,14,3,1,9,1134
15533,3,6,835,2,2,6,168
15534,2,4,266,2,2,6,172
15535,3,5,1252,1,1,1,1311
15536,3,8,698,2,1,10,2060
15537,2,7,1195,2,2,4,727
15538,3,2,822,3,1,11,1865
15539,3,6,646,2,2,3,2427
15540,2,7,1165,3,1,4,337
15541,2,1,982,3,1,2,1055
15542,5,4,582,2,1,10,1048
15543,5,8,288,4,2,9,1180
15544,3,1,209,2,1,6,2495
15545,5,5,73,2,2,1,1151
15546,3,6,1379,4,1,4,2033
15547,4,1,158,2,2,11,225
15548,2,4,17,3,1,5,1303
15549,8,2,1175,1,1,2,1014
15550,3,4,1429,2,2,7,481
15551,3,5,1039,2,1,4,528
15552,5,6,11,3,2,5,2430
15553,2,4,587,3,1,8,1800
15554,5,8,780,2,1,7,237
15555,2,7,1306,3,2,3,1950
15556,2,6,108,2,2,5,220
15557,5,5,554,2,1,8,313
15558,2,8,736,3,1,10,2067
15559,2,7,877,2,1,4,1100
15560,4,8,162,3,2,7,2396
15561,8,3,525,4,2,9,916
15562,3,4,39,2,2,11,1940
15563,7,1,1272,2,2,2,592
15564,6,1,985,4,1,5,522
15565,3,5,255,3,2,1,1969
15566,1,6,688,1,1,6,207
15567,2,7,60,1,2,7,972
15568,5,3,11,3,1,6,1805
15569,2,2,219,4,2,6,1196
15570,5,8,440,2,2,6,1166
15571,7,6,759,3,2,8,1374
15572,2,1,118,3,2,9,1719
15573,3,7,1176,3,1,4,1196
15574,4,8,715,2,1,3,2110
15575,4,5,1062,5,2,7,1630
15576,2,3,728,1,2,8,2154
15577,7,8,154,2,1,3,994
15578,2,1,1372,3,1,6,2493
15579,5,1,1072,2,1,7,2161
15580,2,4,672,2,2,7,1236
15581,2,6,760,3,1,11,706
15582,2,5,1259,3,2,2,827
15583,2,3,1047,3,1,8,448
15584,5,6,555,3,2,10,1361
15585,2,2,1046,3,1,6,1018
15586,7,1,558,2,2,6,1946
15587,6,6,853,2,2,3,226
15588,5,4,269,3,2,6,733
15589,3,1,437,3,1,9,274
15590,3,6,650,3,1,6,483
15591,2,5,9,3,1,4,2494
15592,2,7,1257,4,1,9,1134
15593,1,4,762,3,1,6,856
15594,2,3,554,5,2,6,1850
15595,1,5,413,2,2,8,1024
15596,2,8,1133,3,2,2,1170
15597,2,1,479,2,2,2,919
15598,2,1,1086,3,2,10,836
15599,5,6,1052,5,1,5,2360
15600,3,4,739,2,2,9,1677
15601,2,6,495,2,2,1,2321
15602,5,6,249,3,1,1,644
15603,8,1,215,2,1,2,1919
15604,3,3,70,2,2,4,2102
15605,2,8,1112,4,1,7,1257
15606,2,2,43,2,2,3,1350
15607,5,2,775,2,2,3,476
15608,3,2,602,2,1,6,1200
15609,8,2,738,1,1,10,1521
15610,3,5,741,3,2,3,1551
15611,2,3,632,2,2,7,1987
15612,2,2,1160,2,1,7,583
15613,3,8,1394,2,1,4,1693
15614,2,3,1059,2,1,10,1474
15615,6,4,528,1,1,5,1846
15616,2,3,395,2,2,11,156
15617,3,2,348,1,2,5,1624
15618,2,4,777,2,2,1,2493
15619,2,5,620,5,2,10,1378
15620,3,6,668,3,2,10,2159
15621,3,6,1296,2,2,3,806
15622,2,5,1108,2,2,5,723
15623,2,1,854,2,1,11,916
15624,3,8,754,2,2,5,1882
15625,7,2,828,5,1,6,486
15626,2,4,593,2,2,1,2189
15627,3,1,1307,2,1,6,1943
15628,2,3,1214,2,2,5,970
15629,5,6,1220,4,2,9,2486
15630,5,1,1181,3,2,4,120
15631,2,8,313,2,2,6,2299
15632,3,3,195,4,2,7,1266
15633,2,3,672,3,1,2,1376
15634,2,5,299,5,2,6,254
15635,3,3,1390,2,1,5,1847
15636,3,1,700,3,1,8,2106
15637,5,3,914,5,1,6,1625
15638,2,7,1265,3,1,4,1787
15639,5,8,756,2,2,1,1908
15640,2,2,463,2,2,3,868
15641,2,4,524,3,2,3,1416
15642,3,5,691,2,2,9,1034
15643,3,2,255,2,1,6,1546
15644,6,1,1111,3,1,7,569
15645,3,4,555,3,2,7,398
15646,2,3,217,3,2,2,1178
15647,1,8,1455,3,2,2,1890
15648,2,1,716,2,2,5,631
15649,2,7,1449,2,2,2,1962
15650,3,3,1329,3,2,4,1655
15651,1,3,407,4,2,1,671
15652,5,3,506,2,1,9,1668
15653,5,8,150,3,2,11,1971
15654,5,5,1050,2,2,8,519
15655,3,1,733,2,1,2,1770
15656,5,5,228,2,1,9,2085
15657,2,3,1423,3,1,7,1853
15658,2,4,10,2,1,9,781
15659,2,8,1305,2,2,4,919
15660,4,5,1116,2,2,11,1645
15661,5,5,918,3,2,4,781
15662,3,6,182,2,1,2,2352
15663,2,5,1413,2,2,5,1416
15664,2,1,1088,1,2,2,747
15665,5,2,636,2,1,7,120
15666,2,1,196,3,2,11,2316
15667,5,8,1353,3,2,4,349
15668,2,8,1015,3,2,9,1263
15669,3,8,1207,2,2,7,458
15670,3,1,1375,2,2,2,186
15671,5,2,207,2,2,8,723
15672,2,5,221,2,1,9,267
15673,3,2,748,3,2,6,1152
15674,3,8,820,5,2,4,2019
15675,8,7,125,1,2,6,1829
15676,3,2,544,1,2,3,575
15677,2,1,1327,2,2,11,1677
15678,3,7,288,2,2,4,1357
15679,3,4,1454,5,1,10,1883
15680,5,1,346,5,2,7,2013
15681,2,4,330,2,1,5,1268
15682,2,7,732,3,1,7,288
15683,8,6,1033,2,1,8,819
15684,8,8,934,2,1,8,496
15685,2,3,143,1,1,11,2176
15686,2,5,330,5,1,4,2055
15687,2,2,385,5,2,4,180
15688,2,1,247,2,1,11,200
15689,2,4,588,1,1,3,1963
15690,2,1,603,3,2,2,2173
15691,7,5,896,4,2,1,2059
15692,2,6,96,4,2,4,1064
15693,3,1,1029,1,2,5,1542
15694,3,2,511,3,2,5,881
15695,3,5,593,5,2,4,944
15696,3,2,329,2,2,4,255
15697,3,3,914,2,1,11,1360
15698,7,1,153,3,2,2,1387
15699,5,4,352,1,1,8,2429
15700,2,5,770,2,1,2,2088
15701,2,1,1446,1,2,11,1094
15702,7,3,784,5,2,5,850
15703,3,5,1008,3,1,9,1942
15704,8,8,450,2,2,5,190
15705,2,2,612,3,2,1,1243
15706,2,2,354,2,1,9,521
15707,3,3,600,2,2,10,1891
15708,2,1,564,3,2,9,1237
15709,3,5,1186,2,2,11,833
15710,5,2,1209,3,1,1,1615
15711,3,2,1171,3,2,3,917
15712,2,1,525,2,2,9,297
15713,5,8,1282,2,2,2,2240
15714,3,3,4,3,1,2,2265
15715,3,3,408,3,1,7,2172
15716,5,3,1019,2,1,7,720
15717,3,2,1110,2,1,4,1948
15718,3,8,884,2,2,5,1155
15719,3,8,636,1,2,9,1401
15720,5,2,895,3,1,11,1044
15721,2,8,121,4,2,6,368
15722,3,2,1328,4,1,2,459
15723,3,4,1249,3,2,11,1471
15724,2,4,263,3,2,7,2428
15725,7,7,846,2,2,10,1464
15726,2,2,62,2,1,5,1604
15727,2,2,594,1,2,9,1184
15728,3,7,131,4,1,11,1351
15729,2,2,617,3,2,2,1238
15730,5,7,1019,3,1,7,692
15731,3,6,244,5,1,5,1453
15732,2,4,1340,2,2,1,173
15733,8,5,762,3,2,1,2482
15734,2,3,505,3,2,1,936
15735,3,5,55,2,2,5,1579
15736,5,4,913,1,1,1,2073
15737,3,1,1093,2,1,9,2323
15738,6,3,563,2,2,11,394
15739,7,7,737,3,2,9,2455
15740,8,7,613,2,2,8,222
15741,2,4,307,2,1,5,1607
15742,3,3,1296,2,2,9,344
15743,7,2,151,3,2,2,2479
15744,1,8,552,2,2,3,1223
15745,8,2,172,4,2,3,293
15746,4,7,990,3,2,4,404
15747,5,1,1122,5,2,2,210
15748,2,5,1052,1,2,10,1604
15749,2,5,409,1,2,4,439
15750,2,8,251,1,2,1,889
15751,2,5,1430,2,2,7,216
15752,2,1,1066,2,2,5,1707
15753,2,6,325,5,2,4,2306
15754,2,5,434,2,2,2,957
15755,8,3,946,2,1,8,2331
15756,2,3,797,3,1,3,1296
15757,2,2,1273,5,2,5,2405
15758,5,4,1108,1,1,3,1356
15759,7,2,1048,1,2,10,496
15760,2,5,668,2,2,7,1536
15761,2,5,395,3,1,4,723
15762,2,2,341,1,2,9,1993
15763,2,7,1234,1,2,1,1409
15764,2,7,401,3,1,5,401
15765,3,4,550,1,1,5,2114
15766,7,3,292,2,1,11,1166
15767,3,4,576,5,2,7,315
15768,2,7,979,5,1,1,889
15769,2,1,1125,2,1,8,2411
15770,2,1,137,2,1,7,2098
15771,2,1,1090,5,2,8,459
15772,3,7,756,3,2,1,2092
15773,8,5,524,2,2,11,196
15774,2,1,1272,4,2,3,1185
15775,8,6,1039,2,1,6,2305
15776,1,4,1134,3,2,7,520
15777,2,8,1087,3,1,11,252
15778,2,5,479,1,1,3,1133
15779,2,4,889,5,1,9,210
15780,3,6,406,3,2,5,1796
15781,2,5,1183,5,2,7,1176
15782,2,7,1431,2,1,7,2228
15783,1,5,724,5,1,5,603
15784,2,1,1286,2,2,4,2061
15785,2,7,1169,5,1,9,2217
15786,5,5,179,2,2,4,1027
15787,4,6,62,3,2,7,1930
15788,2,8,799,1,2,2,943
15789,2,4,331,2,2,8,379
15790,5,3,358,2,2,4,1680
15791,5,6,879,2,2,5,2093
15792,6,2,882,2,2,5,1665
15793,2,7,895,3,2,1,137
15794,5,4,1048,3,2,4,961
15795,2,5,1012,2,1,7,1589
15796,1,6,615,3,1,4,698
15797,2,1,46,2,1,2,1049
15798,2,2,1224,2,2,5,400
15799,2,3,1157,2,2,7,363
15800,2,6,937,3,1,4,1877
15801,2,8,655,2,1,6,880
15802,2,6,389,3,1,11,614
15803,2,6,555,1,1,4,1222
15804,2,2,827,2,2,3,1842
15805,5,1,568,3,1,10,2320
15806,2,8,346,2,1,11,134
15807,5,2,1277,3,1,1,2021
15808,5,1,1367,1,2,11,536
15809,2,1,162,3,2,11,918
15810,2,3,729,1,2,8,988
15811,7,7,981,3,2,11,1194
15812,2,5,1376,2,1,6,305
15813,2,4,708,2,1,10,1305
15814,2,5,299,4,2,3,1055
15815,2,6,813,3,2,1,917
15816,2,5,589,3,2,4,1055
15817,6,4,420,3,2,11,1341
15818,4,7,76,2,1,4,2241
15819,4,6,438,3,2,8,232
15820,2,2,529,3,2,6,2480
15821,6,7,573,1,1,3,555
15822,5,5,1265,4,2,5,1916
15823,7,3,348,2,2,11,398
15824,3,3,480,2,1,6,247
15825,2,8,831,3,1,11,2333
15826,4,7,669,2,1,5,338
15827,3,8,1418,2,2,2,1148
15828,6,3,304,2,1,6,1467
15829,2,7,596,2,2,8,1793
15830,6,2,1192,2,2,8,612
15831,2,6,1210,2,1,11,1196
15832,2,2,347,2,2,6,596
15833,3,2,635,5,1,3,452
15834,5,8,1412,2,2,8,1334
15835,5,8,287,3,2,1,1291
15836,3,2,29,3,2,7,1873
15837,2,7,886,2,1,8,643
15838,3,8,757,5,2,5,1865
15839,2,1,443,3,1,4,2480
15840,3,2,895,2,1,5,172
15841,2,8,384,2,1,1,2323
15842,2,5,1363,2,1,6,794
15843,6,8,732,4,2,11,828
15844,2,6,360,2,2,10,505
15845,3,3,308,2,2,5,1543
15846,2,4,137,3,1,5,1230
15847,2,7,238,2,1,5,242
15848,3,8,969,3,1,9,1479
15849,2,8,566,3,2,9,1454
15850,3,1,436,2,1,8,602
15851,4,6,508,2,2,10,218
15852,7,6,1135,1,2,9,2416
15853,4,2,397,3,1,5,274
15854,3,8,450,3,2,2,1354
15855,3,3,318,3,2,2,1313
15856,3,6,193,3,2,10,2402
15857,5,5,1108,1,2,8,145
15858,3,8,1151,2,2,3,1084
15859,2,3,125,3,2,1,2364
15860,2,5,1183,3,2,2,1623
15861,2,1,140,3,1,6,966
15862,2,8,1124,5,2,7,1487
15863,2,6,888,2,1,10,2456
15864,3,1,684,1,2,6,1651
15865,2,7,437,1,2,1,790
15866,3,8,648,2,2,1,209
15867,5,5,253,2,2,6,1823
15868,2,1,183,5,2,7,1656
15869,2,8,1336,2,1,1,2434
15870,2,5,19,2,2,8,2176
15871,3,8,641,3,2,5,1791
15872,3,8,121,2,2,3,652
15873,3,2,1070,3,2,6,1139
15874,2,2,878,2,1,5,2217
15875,3,1,178,3,2,10,2077
15876,5,4,230,3,2,6,249
15877,2,4,807,1,1,1,798
15878,5,5,1118,1,1,6,1664
15879,3,6,1291,3,2,1,166
15880,2,8,962,2,2,5,340
15881,3,3,116,3,2,5,1523
15882,2,1,659,3,1,6,848
15883,2,6,1114,2,1,10,946
15884,2,8,856,5,1,10,342
15885,2,5,229,2,2,8,431
15886,2,8,804,1,1,7,1461
15887,5,5,996,2,2,7,559
15888,8,1,591,5,2,8,913
15889,3,8,317,3,1,7,1233
15890,2,6,553,3,2,5,2480
15891,6,4,245,3,1,9,2076
15892,2,1,264,3,1,4,1486
15893,2,2,1214,2,2,4,774
15894,3,8,1360,3,1,10,1491
15895,3,5,851,5,2,9,486
15896,2,8,684,1,1,7,2446
15897,5,2,1210,5,1,1,294
15898,2,7,1139,3,2,11,790
15899,3,1,922,3,1,3,2453
15900,3,5,1107,1,1,11,1110
15901,7,7,746,2,2,6,2180
15902,8,4,1308,3,2,6,1173
15903,3,4,1301,3,2,1,1267
15904,2,1,166,2,2,9,496
15905,5,7,831,3,2,10,707
15906,2,4,1351,2,1,11,1825
15907,6,3,360,3,1,7,1382
15908,7,6,1217,3,2,10,397
15909,2,8,1226,3,2,6,1677
15910,5,7,773,3,2,4,184
15911,2,5,424,3,2,1,2175
15912,2,8,1444,4,1,9,620
15913,5,8,40,3,2,5,776
15914,2,8,1283,3,2,9,807
15915,8,7,942,2,2,7,1206
15916,2,4,1272,4,2,4,1925
15917,7,5,773,3,2,11,847
15918,5,2,825,2,2,2,2107
15919,4,3,155,2,2,8,1424
15920,2,7,960,2,1,9,1547
15921,3,2,1013,3,1,1,1058
15922,7,6,1303,2,2,7,1101
15923,3,1,1366,2,2,4,1881
15924,2,3,1278,2,2,8,1909
15925,3,2,785,3,2,1,1160
15926,6,8,217,1,1,2,1741
15927,5,7,1272,2,2,10,1309
15928,3,1,1392,3,1,10,968
15929,7,4,1349,2,1,7,2017
15930,2,8,949,2,2,11,1609
15931,8,6,1439,2,2,6,1630
15932,3,6,1364,2,2,1,1639
15933,2,7,603,2,1,6,386
15934,2,4,1302,4,2,7,1879
15935,2,3,386,5,1,7,175
15936,3,4,457,2,2,8,1155
15937,5,3,678,1,2,6,2283
15938,4,4,761,1,1,2,2355
15939,8,5,189,2,1,7,2355
15940,2,6,1362,2,2,1,1738
15941,3,4,536,3,2,1,1103
15942,3,5,557,2,2,6,2173
15943,2,1,363,5,1,6,2424
15944,3,3,1157,2,2,1,998
15945,2,5,412,1,1,8,2035
15946,2,6,172,3,2,9,287
15947,2,8,385,3,2,8,2276
15948,5,1,998,2,1,11,1123
15949,3,7,792,2,1,1,1936
15950,5,3,1202,1,1,11,1711
15951,5,6,1109,2,2,8,2424
15952,2,2,810,2,1,5,270
15953,2,1,782,2,1,6,597
15954,2,1,1210,2,1,3,2295
15955,2,2,910,2,1,7,1114
15956,8,3,220,3,2,9,2093
15957,5,8,1136,2,2,11,221
15958,2,7,629,2,2,3,651
15959,2,6,693,2,2,11,715
15960,5,4,1366,2,1,3,1074
15961,3,1,466,2,2,8,1619
15962,5,5,599,2,2,1,1237
15963,2,4,141,2,2,1,2214
15964,3,4,1068,3,2,11,828
15965,2,3,861,2,1,2,2278
15966,7,7,1048,1,1,10,905
15967,2,8,491,1,1,11,318
15968,2,3,560,2,1,1,1146
15969,3,6,965,2,2,6,299
15970,2,2,658,3,1,10,476
15971,5,1,1125,4,2,9,692
15972,2,8,974,2,1,8,502
15973,2,4,1148,3,2,3,2383
15974,4,1,628,3,1,1,2385
15975,2,8,330,3,1,6,476
15976,2,5,1214,2,1,7,1750
15977,2,7,831,3,1,2,789
15978,4,5,1093,2,2,11,1503
15979,3,5,598,2,2,11,536
15980,8,5,30,2,2,11,994
15981,5,6,273,3,1,9,349
15982,5,6,429,1,2,4,815
15983,3,7,915,3,1,10,943
15984,7,4,651,2,2,7,1018
15985,2,5,1093,3,2,2,2269
15986,7,5,1361,2,2,2,1647
15987,5,5,347,4,1,6,2333
15988,5,4,653,2,2,2,1175
15989,2,1,937,3,1,11,874
15990,3,7,1357,2,2,3,2349
15991,3,8,748,3,2,9,2099
15992,3,6,1398,4,2,11,1516
15993,6,3,1443,2,1,7,320
15994,3,6,289,3,1,11,935
15995,2,4,651,3,1,10,1987
15996,3,6,523,2,2,5,2015
15997,5,4,91,3,1,8,1881
15998,4,7,301,3,1,11,1948
15999,3,8,1323,2,1,4,998
16000,2,1,449,3,2,7,1072
16001,2,8,1301,3,2,7,2258
16002,2,4,387,1,1,9,1985
16003,2,1,1194,2,1,7,1873
16004,5,5,777,4,2,10,1965
16005,2,2,1014,3,1,2,406
16006,2,6,907,3,2,3,617
16007,5,2,496,1,1,9,1531
16008,2,7,586,3,2,4,2283
16009,2,3,766,3,2,10,1956
16010,3,5,941,2,1,4,1848
16011,2,6,716,4,2,10,2309
16012,3,1,151,5,2,9,1462
16013,5,8,1275,4,2,6,641
16014,8,7,908,2,2,9,555
16015,2,1,1281,1,2,9,1711
16016,2,7,1129,5,1,3,2294
16017,3,8,1127,3,2,6,700
16018,2,7,515,5,2,6,1514
16019,3,2,659,2,1,4,1977
16020,2,1,1169,2,2,11,1074
16021,5,7,8,2,1,1,565
16022,4,2,210,2,2,3,1211
16023,6,5,125,3,1,7,1961
16024,7,8,471,5,2,11,1134
16025,2,8,1180,2,2,7,482
16026,3,2,320,3,1,7,2469
16027,3,6,198,3,2,10,827
16028,8,1,761,2,2,9,421
16029,1,1,1319,5,1,10,931
16030,6,6,1447,4,2,1,2021
16031,4,3,1064,2,2,2,1888
16032,3,5,743,3,2,3,1535
16033,5,2,137,2,1,11,939
16034,6,8,1165,3,2,2,353
16035,3,5,54,2,2,2,1430
16036,7,8,972,2,2,3,347
16037,8,8,893,3,2,7,199
16038,3,6,294,1,2,5,482
16039,2,5,1072,1,2,9,1943
16040,2,3,379,3,1,8,131
16041,2,4,1084,2,2,2,1653
16042,3,4,1243,2,2,5,1175
16043,3,5,815,3,1,1,2051
16044,3,2,1047,3,2,3,1301
16045,3,6,390,3,2,11,410
16046,6,7,1230,2,2,5,1701
16047,2,3,960,2,1,9,1418
16048,4,3,1121,2,1,11,1720
16049,2,3,613,1,2,9,756
16050,3,1,143,2,1,3,2166
16051,3,5,310,5,1,11,1141
16052,5,2,569,2,2,11,904
16053,3,7,699,3,2,6,273
16054,2,1,57,2,2,10,1108
16055,2,2,1170,3,2,10,1562
16056,2,2,1199,5,1,6,2222
16057,2,7,1386,4,1,9,1992
16058,3,2,1428,3,2,6,910
16059,3,2,960,3,2,3,2472
16060,7,5,697,5,1,7,1917
16061,1,5,701,2,2,1,291
16062,3,7,234,3,2,3,2177
16063,2,2,578,3,2,3,2070
16064,5,2,509,2,1,1,1822
16065,3,3,739,2,2,1,1776
16066,3,1,822,2,2,8,817
16067,3,7,1216,3,2,8,2242
16068,3,5,58,3,1,9,2498
16069,1,3,154,2,2,10,1141
16070,8,6,23,3,2,6,2012
16071,8,3,946,2,1,8,1273
16072,5,1,51,2,2,4,1808
16073,4,6,831,5,1,5,2297
16074,2,2,527,2,2,8,2025
16075,7,3,536,3,2,2,1210
16076,2,1,1429,3,2,10,2038
16077,5,7,197,3,2,4,2002
16078,2,3,1014,2,1,1,1981
16079,2,1,560,2,1,8,941
16080,2,7,929,2,1,2,2382
16081,2,3,73,2,1,2,1705
16082,2,7,1191,2,2,11,1608
16083,2,1,315,2,1,11,1206
16084,7,2,1095,2,1,5,2265
16085,4,8,1078,3,1,11,227
16086,5,1,189,3,2,1,310
16087,7,8,1086,5,2,6,462
16088,5,4,563,2,1,8,196
16089,8,5,89,2,2,7,1432
16090,3,8,67,3,2,10,1520
16091,3,3,338,4,2,6,1661
16092,4,8,459,2,2,1,949
16093,2,8,54,2,1,11,1157
16094,2,7,1303,2,1,11,1616
16095,5,6,386,2,1,9,1453
16096,2,6,560,2,2,7,216
16097,3,7,522,2,1,3,754
16098,2,7,653,3,1,4,733
16099,7,7,1457,2,1,3,1008
16100,8,6,154,1,1,4,1915
16101,2,1,766,3,2,1,994
16102,2,4,869,3,2,3,2490
16103,2,6,590,3,2,5,200
16104,5,1,596,2,1,5,1992
16105,2,7,472,2,1,9,585
16106,3,8,294,1,2,5,2456
16107,2,6,1370,1,2,1,531
16108,2,6,235,3,2,5,1794
16109,2,7,1200,2,1,11,802
16110,3,7,1385,2,2,7,664
16111,2,4,1036,2,2,4,666
16112,3,2,564,2,1,7,804
16113,2,2,551,3,1,10,717
16114,2,2,424,2,2,2,573
16115,2,7,305,2,2,2,2487
16116,5,3,1118,2,1,11,2399
16117,3,1,1281,3,1,7,329
16118,4,8,836,5,2,3,426
16119,2,1,643,3,2,7,457
16120,2,2,1260,5,2,3,2485
16121,2,7,1392,1,2,6,751
16122,2,4,432,1,1,7,1589
16123,2,2,445,2,2,5,1457
16124,2,7,1345,2,2,7,907
16125,2,8,226,3,2,4,1900
16126,5,7,1191,2,2,1,624
16127,5,8,266,3,1,11,1984
16128,2,7,117,2,1,8,2013
16129,3,6,1194,2,2,10,432
16130,5,6,493,3,2,10,1160
16131,2,6,17,2,1,2,2460
16132,5,3,898,1,2,9,1310
16133,6,2,593,3,2,6,1353
16134,4,2,948,3,2,5,2291
16135,3,4,981,2,2,6,2183
16136,3,8,1015,5,2,10,512
16137,5,7,513,3,2,1,1800
16138,2,4,82,3,1,4,1648
16139,5,2,351,1,2,6,614
16140,2,6,1003,2,1,6,442
16141,7,3,1215,2,2,6,1847
16142,2,5,616,2,2,7,673
16143,2,5,693,3,2,9,605
16144,3,6,609,4,1,9,1305
16145,3,6,28,5,2,3,455
16146,2,4,1329,3,1,4,1715
16147,3,2,1201,2,2,1,1818
16148,2,1,1116,5,1,1,1854
16149,3,7,877,5,2,4,2459
16150,2,8,388,2,1,6,240
16151,2,8,524,5,1,3,1480
16152,2,7,716,3,2,5,1213
16153,2,6,273,2,2,9,2208
16154,3,6,26,5,2,11,1000
16155,2,5,531,2,2,1,394
16156,7,4,1430,2,1,1,1845
16157,2,7,665,4,2,2,1474
16158,2,6,1445,2,2,6,2263
16159,3,8,21,3,1,10,791
16160,2,1,1119,5,2,11,1329
16161,2,8,123,5,2,9,1191
16162,2,2,390,2,2,8,2099
16163,2,1,559,3,1,11,2013
16164,3,3,710,2,2,5,1142
16165,3,8,1218,2,1,8,2399
16166,2,7,1361,5,2,5,664
16167,3,6,394,2,2,10,2460
16168,6,6,117,2,1,10,616
16169,4,1,857,3,2,3,1836
16170,2,4,908,2,1,7,1044
16171,2,3,219,4,2,6,1692
16172,3,8,1188,3,2,7,180
16173,2,2,1453,2,1,5,2473
16174,2,1,388,2,2,8,730
16175,2,4,694,5,1,8,210
16176,2,7,533,5,1,11,2453
16177,3,5,57,5,1,5,1801
16178,3,3,597,3,1,10,496
16179,2,2,772,1,1,11,393
16180,3,3,1344,3,2,7,1515
16181,3,8,1176,3,2,4,1867
16182,3,5,1211,3,2,7,1477
16183,6,3,1390,3,2,6,2087
16184,6,7,886,3,1,2,1804
16185,3,1,35,2,1,2,2238
16186,7,1,856,2,2,10,710
16187,2,3,601,5,2,7,1404
16188,3,6,95,3,1,7,1632
16189,5,8,1447,5,1,3,1767
16190,3,3,70,3,1,3,1661
16191,2,7,344,2,1,2,1255
16192,2,7,592,2,2,10,1036
16193,2,7,1318,3,2,10,1909
16194,3,8,10,2,2,6,1400
16195,6,1,951,2,1,11,2333
16196,2,2,1041,2,2,11,1788
16197,1,3,16,3,2,6,949
16198,2,5,193,2,2,11,1281
16199,8,5,813,2,2,9,2343
16200,7,2,1001,3,2,6,442
16201,2,2,879,4,2,8,691
16202,2,2,873,4,1,5,2337
16203,2,8,657,5,1,8,1068
16204,6,2,984,2,1,2,1728
16205,2,3,247,2,2,9,269
16206,3,2,82,2,1,6,791
16207,2,2,1184,3,1,11,1200
16208,8,7,174,1,2,5,2450
16209,2,6,335,3,1,2,1855
16210,2,7,458,2,1,10,1975
16211,2,5,773,5,2,1,2253
16212,3,8,111,3,1,3,367
16213,2,3,237,2,1,10,1030
16214,3,8,735,3,2,8,1201
16215,2,1,795,2,1,7,381
16216,3,4,1141,2,2,11,2426
16217,3,7,573,3,2,9,1096
16218,2,4,1139,3,2,7,1060
16219,2,6,890,2,2,5,1255
16220,5,6,199,3,2,1,1469
16221,2,1,498,1,1,4,967
16222,2,8,676,5,2,5,1106
16223,5,6,1028,3,2,9,708
16224,2,3,1353,2,2,5,1479
16225,3,5,203,2,2,9,1691
16226,2,8,483,1,2,5,2268
16227,2,2,90,2,2,9,1174
16228,5,6,231,1,2,6,763
16229,2,4,735,2,1,10,2444
16230,2,3,683,2,2,1,997
16231,5,6,792,3,2,4,339
16232,2,3,1088,2,2,10,1057
16233,3,6,729,3,1,10,2410
16234,1,7,619,2,2,3,284
16235,3,3,1104,3,2,9,2170
16236,2,2,1086,2,1,1,1765
16237,3,8,1145,2,1,7,2036
16238,2,3,629,2,2,11,846
16239,2,1,1126,2,1,1,1274
16240,7,8,1236,2,2,6,1943
16241,2,6,770,2,2,2,249
16242,2,2,575,1,1,7,200
16243,2,8,774,2,1,2,282
16244,6,8,566,1,1,3,1627
16245,2,4,540,5,2,10,1824
16246,2,6,795,3,2,5,1201
16247,3,3,339,3,1,5,1097
16248,3,6,383,3,2,6,816
16249,2,7,456,3,1,7,677
16250,8,8,91,3,2,7,754
16251,2,4,1060,3,2,1,1150
16252,2,5,986,3,2,6,990
16253,2,4,1365,5,2,1,1677
16254,5,3,990,3,2,6,501
16255,2,4,1127,2,2,9,1356
16256,5,7,1331,2,2,4,1590
16257,6,4,458,3,2,2,1444
16258,2,7,887,2,2,4,1056
16259,6,8,346,4,2,7,1865
16260,2,3,1156,3,2,3,598
16261,2,6,1372,1,1,10,2485
16262,5,2,1457,2,2,6,127
16263,3,1,515,3,1,10,1004
16264,5,2,1203,2,2,2,1982
16265,3,1,1402,5,2,2,2127
16266,1,4,987,5,1,1,1790
16267,5,8,921,3,2,10,607
16268,2,5,702,2,2,2,2388
16269,8,1,275,3,2,7,846
16270,6,2,1322,2,1,11,1957
16271,2,1,51,3,1,5,1154
16272,3,1,1357,3,1,4,1169
16273,7,5,1153,2,1,7,479
16274,7,1,1320,2,2,9,1969
16275,2,6,1102,3,1,8,896
16276,3,8,822,2,2,11,120
16277,6,4,1265,2,2,10,1461
16278,2,5,136,1,2,11,947
16279,5,8,42,1,2,2,1441
16280,3,5,1386,3,1,1,2314
16281,2,6,850,1,2,9,2310
16282,2,8,454,3,2,3,430
16283,5,5,80,2,1,9,534
16284,2,7,617,2,1,7,838
16285,2,5,1285,3,2,6,2398
16286,3,2,473,1,2,3,1637
16287,3,4,206,2,2,3,428
16288,2,8,1123,2,2,11,2318
16289,5,2,280,2,2,1,547
16290,5,4,912,2,1,5,2384
16291,2,4,1242,3,2,10,1349
16292,3,8,176,2,2,5,742
16293,3,7,1115,2,2,10,1388
16294,2,4,602,5,2,1,748
16295,1,3,601,3,1,7,724
16296,3,3,286,2,1,11,1096
16297,2,5,373,3,2,8,1197
16298,2,8,798,2,1,2,1398
16299,3,8,1327,3,2,8,610
16300,2,5,1159,1,1,10,284
16301,2,4,160,3,2,1,1592
16302,2,8,1127,2,2,10,861
16303,3,6,1226,2,2,1,1627
16304,2,8,1032,2,2,11,1825
16305,1,4,1183,3,2,11,968
16306,3,6,288,3,1,10,1080
16307,5,5,434,2,1,5,1619
16308,5,7,1347,3,1,8,1484
16309,3,1,716,3,2,9,2300
16310,5,2,52,2,2,7,916
16311,3,1,1311,3,1,8,1298
16312,2,4,918,2,2,5,462
16313,2,4,1357,3,2,10,2463
16314,7,2,357,3,2,6,504
16315,3,4,1257,1,1,7,1406
16316,2,5,810,2,1,9,2324
16317,2,8,1136,2,1,3,424
16318,3,2,1169,2,1,7,1649
16319,2,3,1238,2,1,1,1268
16320,8,7,1171,3,1,9,2497
16321,3,4,1108,1,1,6,1953
16322,2,5,666,3,1,3,1159
16323,2,7,192,5,2,2,1271
16324,2,5,98,3,2,5,1303
16325,2,5,373,3,1,3,449
16326,1,4,11,1,1,2,2493
16327,4,6,673,2,2,2,2138
16328,6,4,1118,2,2,11,1411
16329,5,5,509,5,1,2,1925
16330,3,5,863,3,2,5,898
16331,8,4,1086,3,1,3,1162
16332,8,5,1254,3,1,6,2017
16333,4,4,1154,3,2,10,1662
16334,4,4,59,3,1,3,2001
16335,5,1,629,3,1,5,775
16336,2,2,97,2,2,8,767
16337,2,3,228,2,2,8,773
16338,3,5,557,3,1,4,1739
16339,3,2,1200,3,2,7,1065
16340,7,3,786,2,2,1,746
16341,7,2,1312,1,1,2,771
16342,3,5,181,2,2,1,726
16343,2,2,1260,1,2,4,2149
16344,2,2,962,3,2,6,1182
16345,2,2,1460,2,2,2,2462
16346,2,7,261,2,2,2,1063
16347,3,5,541,1,2,7,302
16348,2,6,994,2,1,8,1862
16349,2,6,697,2,1,2,615
16350,2,2,235,5,2,8,1289
16351,5,4,293,2,2,4,427
16352,2,4,892,3,2,6,484
16353,7,8,1244,2,2,2,167
16354,2,5,1273,3,1,9,225
16355,2,7,151,3,1,8,2373
16356,3,7,671,3,2,10,478
16357,8,8,276,1,2,4,947
16358,3,4,126,1,1,3,2041
16359,5,2,1405,3,2,1,2090
16360,7,6,1059,3,2,5,1844
16361,5,1,499,2,1,11,1213
16362,2,8,1031,2,2,3,865
16363,5,4,1057,3,2,4,2363
16364,8,1,1098,3,2,2,688
16365,5,7,460,2,2,9,405
16366,7,4,786,1,2,4,1009
16367,3,2,69,3,1,11,2472
16368,2,6,502,2,2,4,2461
16369,5,4,1033,2,2,10,340
16370,3,1,1156,3,2,5,1869
16371,1,1,566,3,2,8,896
16372,6,2,1151,5,1,8,1773
16373,7,2,94,2,2,5,2498
16374,6,6,1144,3,1,4,139
16375,2,7,1131,4,1,7,1307
16376,1,4,430,5,2,10,2218
16377,2,3,1192,3,1,3,1034
16378,2,4,189,3,2,1,1107
16379,3,8,112,5,2,3,1986
16380,3,1,692,2,2,7,600
16381,8,7,1392,4,2,6,241
16382,3,3,1348,4,2,10,1987
16383,8,8,1303,5,1,1,2325
16384,2,7,77,4,1,2,372
16385,7,1,948,2,2,3,800
16386,5,1,928,2,1,10,1362
16387,5,1,792,2,2,10,711
16388,2,2,1139,2,1,11,1044
16389,5,8,897,2,1,5,1566
16390,3,3,1083,3,2,9,417
16391,5,5,712,1,1,8,344
16392,3,7,870,2,1,11,712
16393,2,2,125,3,2,1,241
16394,2,1,1223,2,2,8,543
16395,2,3,1457,3,2,4,1639
16396,8,3,546,2,2,5,1152
16397,3,6,425,2,1,5,1110
16398,5,2,899,2,1,3,2285
16399,3,5,436,2,1,8,687
16400,8,8,1167,1,2,3,1681
16401,2,6,1055,3,2,1,1622
16402,2,7,677,3,2,11,1281
16403,5,3,835,3,1,5,2325
16404,5,6,665,3,1,8,163
16405,3,1,875,3,1,6,245
16406,2,2,666,5,1,5,925
16407,2,5,817,5,2,1,659
16408,3,4,440,3,2,3,2423
16409,3,5,1059,1,2,3,1245
16410,3,3,1082,1,1,9,1268
16411,2,6,544,1,1,8,1886
16412,3,5,1320,2,2,9,1297
16413,2,8,243,3,1,2,1127
16414,5,5,628,2,2,9,2030
16415,5,1,1324,5,2,8,1126
16416,2,1,355,2,1,3,1801
16417,2,3,974,5,2,8,670
16418,2,4,583,3,2,11,723
16419,6,6,1284,3,1,5,1592
16420,3,1,1,5,1,10,2175
16421,3,6,641,4,2,9,1895
16422,3,8,1230,2,2,2,1310
16423,6,4,493,2,2,1,917
16424,3,8,807,3,2,11,2114
16425,2,3,1235,2,2,2,2130
16426,2,2,233,3,2,2,965
16427,5,7,800,2,2,6,2375
16428,2,3,316,2,2,9,1834
16429,2,8,1019,2,1,11,435
16430,6,7,458,3,1,9,1830
16431,8,2,1455,3,2,11,1963
16432,8,1,672,4,2,6,2461
16433,2,7,423,2,2,3,177
16434,2,5,1026,2,2,4,1950
16435,2,3,1446,2,1,5,283
16436,7,6,693,3,2,2,310
16437,5,7,536,2,2,10,151
16438,7,8,588,4,2,9,1838
16439,8,6,1334,5,2,1,567
16440,5,8,1325,3,2,1,2424
16441,2,4,180,2,1,5,1697
16442,2,2,292,2,2,11,1762
16443,2,7,1160,2,2,4,1272
16444,2,7,1363,2,1,10,1124
16445,2,6,3,2,1,6,242
16446,5,1,881,3,2,10,1889
16447,2,7,590,3,2,9,793
16448,5,2,235,5,1,1,661
16449,7,5,496,3,2,11,1820
16450,2,3,396,4,2,1,884
16451,2,2,1104,2,2,7,365
16452,2,8,371,2,2,3,507
16453,2,4,1305,2,2,10,543
16454,3,4,913,5,1,10,1425
16455,5,1,1203,2,1,10,391
16456,3,7,1142,2,1,3,2349
16457,2,2,1178,2,2,9,2433
16458,3,7,515,1,1,5,124
16459,3,1,83,2,1,7,346
16460,2,8,941,2,1,6,2451
16461,2,4,413,1,2,1,1920
16462,1,7,1385,2,1,4,542
16463,2,2,501,5,2,8,485
16464,5,2,1371,2,1,7,1004
16465,2,8,577,2,2,5,231
16466,2,5,1149,2,2,5,1317
16467,3,2,810,3,2,9,401
16468,1,1,1321,4,2,9,1792
16469,7,2,1237,3,1,6,901
16470,2,6,1186,3,2,9,1100
16471,1,7,634,2,2,7,258
16472,3,5,259,2,1,11,1560
16473,2,1,574,2,2,6,2335
16474,2,3,1443,2,1,2,734
16475,3,8,1456,3,1,3,1771
16476,3,8,332,2,2,11,914
16477,2,4,584,3,1,9,159
16478,8,2,63,3,2,1,143
16479,5,8,1388,2,1,7,2018
16480,5,1,1290,1,2,1,230
16481,3,6,826,5,1,10,1781
16482,3,7,755,2,2,7,188
16483,2,7,275,2,1,8,1855
16484,5,2,344,2,2,3,192
16485,6,7,4,3,2,2,829
16486,3,6,234,3,1,5,1287
16487,2,2,298,3,1,3,957
16488,2,2,386,3,1,10,2075
16489,6,4,417,2,2,7,245
16490,2,4,142,1,1,10,545
16491,5,3,1418,4,1,2,390
16492,3,7,335,3,2,7,1562
16493,2,3,719,2,2,2,321
16494,5,6,949,3,1,7,523
16495,2,5,929,3,1,7,1366
16496,3,4,640,1,1,4,775
16497,2,2,15,3,1,10,985
16498,5,3,903,5,1,3,1663
16499,2,5,662,4,1,9,574
16500,2,6,110,3,1,11,314
16501,7,4,77,3,1,1,1100
16502,2,1,1191,2,1,4,1558
16503,2,4,365,3,2,10,2094
16504,3,4,996,3,1,4,1768
16505,3,3,645,2,2,8,817
16506,2,8,655,3,2,11,639
16507,1,2,1417,1,2,4,2190
16508,5,8,154,2,1,10,2377
16509,2,3,768,2,2,5,1686
16510,3,2,1394,3,2,4,2337
16511,2,4,172,2,2,1,2021
16512,2,4,279,1,1,8,2409
16513,1,3,536,3,2,2,1074
16514,3,6,568,2,2,10,591
16515,1,6,1379,1,2,5,1589
16516,2,8,981,3,2,10,2174
16517,2,7,392,3,2,2,1188
16518,2,6,585,2,2,5,1637
16519,2,6,361,2,1,4,1106
16520,5,6,684,3,2,10,1160
16521,3,2,677,2,2,6,2224
16522,3,8,1230,1,1,3,627
16523,3,2,697,1,2,6,391
16524,5,7,604,3,1,2,696
16525,1,1,563,3,1,3,2446
16526,2,4,1427,2,1,2,1274
16527,5,6,358,3,1,5,2106
16528,3,5,1419,2,2,5,1165
16529,5,2,1429,2,2,11,1000
16530,4,2,968,2,2,8,1324
16531,2,1,26,1,1,6,1880
16532,3,2,74,1,1,7,1897
16533,6,3,686,3,2,11,2468
16534,3,4,762,2,2,9,1055
16535,4,2,179,5,1,4,709
16536,2,3,601,3,2,6,1651
16537,3,7,171,3,1,7,2155
16538,4,1,1128,2,1,11,1361
16539,2,3,1047,2,2,3,1135
16540,3,4,1272,2,2,8,372
16541,2,8,331,2,2,4,717
16542,2,5,1392,5,2,4,256
16543,3,7,1378,5,1,2,1231
16544,7,8,1197,2,2,9,1327
16545,8,2,320,2,2,9,470
16546,3,5,1142,2,2,10,2144
16547,7,7,700,4,2,10,177
16548,5,6,174,2,1,5,1712
16549,5,1,523,1,1,8,1007
16550,5,1,1001,1,2,11,2300
16551,3,2,63,5,1,8,2359
16552,3,4,21,3,2,11,1405
16553,2,8,519,5,1,1,1622
16554,7,2,495,3,1,3,968
16555,2,1,437,1,1,2,2327
16556,2,2,235,3,1,5,1873
16557,3,3,822,3,1,3,873
16558,6,7,604,5,2,7,1042
16559,5,4,201,1,1,2,1767
16560,2,4,299,3,1,3,1262
16561,5,3,1330,3,2,11,913
16562,8,4,693,2,2,7,1866
16563,3,7,1,1,1,3,299
16564,3,3,134,2,2,3,1856
16565,3,1,989,2,2,5,1839
16566,2,1,762,2,2,1,1318
16567,1,4,227,3,2,3,2218
16568,5,5,832,1,1,2,482
16569,5,6,745,2,2,2,910
16570,3,2,1220,5,1,3,1207
16571,6,8,853,2,1,2,1711
16572,2,1,505,4,1,3,970
16573,2,7,1152,3,1,5,1384
16574,2,5,1154,2,2,10,822
16575,5,8,1003,4,2,10,1135
16576,5,6,216,3,1,7,366
16577,3,3,439,3,2,4,1665
16578,3,2,1445,3,1,7,2414
16579,2,7,430,2,1,5,2418
16580,2,1,1037,4,1,9,1882
16581,2,5,106,2,1,4,989
16582,3,7,1274,5,2,3,219
16583,7,8,552,5,2,2,2011
16584,5,3,181,2,2,10,2300
16585,2,6,736,2,1,4,1928
16586,2,4,324,3,2,2,2430
16587,4,5,607,2,1,4,999
16588,2,7,1390,2,2,3,1691
16589,2,6,324,3,1,9,1422
16590,2,4,610,2,2,5,1607
16591,3,1,28,1,2,3,1567
16592,2,4,94,2,1,7,1945
16593,2,5,656,2,2,11,2167
16594,3,2,1136,2,2,2,2360
16595,2,3,41,5,1,10,1705
16596,2,5,762,2,2,6,2368
16597,5,8,1371,2,1,1,1006
16598,7,1,893,4,1,8,1302
16599,2,1,637,2,1,6,2278
16600,2,6,1098,2,2,8,2132
16601,2,6,887,5,1,4,1321
16602,3,2,1295,3,2,3,2432
16603,7,1,1387,3,2,11,988
16604,2,8,687,3,2,10,1740
16605,3,1,1204,2,2,4,2204
16606,2,1,317,2,2,7,1535
16607,2,3,214,3,1,6,1090
16608,2,3,1181,3,2,9,1270
16609,1,1,172,3,1,7,2111
16610,5,7,906,2,2,3,1654
16611,2,3,968,3,2,10,1560
16612,4,1,51,3,2,5,2077
16613,2,7,311,4,1,8,379
16614,2,6,843,5,1,5,2030
16615,8,6,924,3,1,5,1734
16616,2,7,1118,3,1,3,561
16617,8,8,241,2,2,4,2283
16618,3,3,661,5,2,9,1473
16619,6,6,1009,3,2,9,441
16620,5,4,1248,3,2,3,2192
16621,2,6,993,1,1,5,703
16622,4,7,549,3,2,8,1396
16623,2,8,1018,3,2,5,1092
16624,5,8,732,3,2,7,1310
16625,3,2,477,5,2,10,1588
16626,5,2,136,1,1,3,962
16627,5,1,1,2,1,2,1407
16628,5,7,891,3,2,2,1655
16629,7,5,1021,2,1,11,1782
16630,7,5,720,5,2,11,937
16631,2,2,1049,3,2,9,367
16632,4,4,547,4,1,1,1852
16633,5,1,1260,2,2,1,1695
16634,7,2,656,2,2,2,1887
16635,6,6,176,1,1,6,1225
16636,2,1,798,2,2,6,192
16637,2,4,794,2,2,11,2236
16638,5,1,704,5,1,6,1918
16639,2,5,465,3,1,6,1178
16640,3,5,222,2,1,6,1153
16641,4,5,845,2,1,8,1736
16642,2,3,1191,3,2,6,460
16643,8,6,1053,2,2,9,245
16644,6,8,189,4,1,5,1651
16645,2,6,545,3,1,4,1350
16646,5,6,1256,3,2,1,881
16647,2,6,1225,3,1,11,1774
16648,5,4,1053,3,2,2,273
16649,3,6,880,2,2,11,1501
16650,4,7,1238,2,2,4,2431
16651,2,4,911,3,1,9,541
16652,5,6,529,4,2,4,328
16653,5,3,147,3,1,8,586
16654,2,1,211,4,2,2,695
16655,7,7,923,3,2,1,2026
16656,8,5,1340,2,2,9,2098
16657,3,5,1216,2,2,10,2387
16658,5,5,1115,1,2,6,1783
16659,3,4,1235,3,2,11,1943
16660,3,6,77,2,2,10,931
16661,2,5,233,1,2,5,1486
16662,3,4,598,3,2,3,1794
16663,3,3,765,5,2,9,2243
16664,5,8,167,4,1,2,2148
16665,2,6,800,3,1,10,1146
16666,2,8,990,4,1,8,2026
16667,5,7,531,3,2,4,2321
16668,2,6,385,1,1,7,2156
16669,2,3,303,5,1,8,1072
16670,2,1,464,2,2,1,1611
16671,3,7,411,1,2,10,1596
16672,6,3,1342,2,1,11,825
16673,4,3,563,2,2,1,1885
16674,2,8,159,1,2,9,527
16675,2,8,886,2,2,9,2220
16676,1,3,33,2,2,11,1502
16677,1,8,1138,2,2,10,666
16678,2,1,226,3,1,1,530
16679,7,4,1145,4,2,5,1235
16680,2,5,77,2,2,11,1418
16681,3,3,295,1,2,4,755
16682,2,6,744,2,1,10,197
16683,6,5,849,1,1,11,1622
16684,5,5,46,3,1,11,940
16685,2,4,1253,3,1,4,1327
16686,5,2,1241,5,2,11,1917
16687,2,3,1268,2,1,2,1741
16688,2,5,911,1,2,5,144
16689,2,6,298,2,1,11,377
16690,3,1,1385,1,1,2,1828
16691,2,1,686,2,1,3,2101
16692,3,4,187,2,2,8,202
16693,3,5,1211,2,1,9,1852
16694,3,1,563,2,2,9,786
16695,2,8,530,3,2,7,877
16696,2,2,475,3,1,4,753
16697,2,1,667,2,1,9,2364
16698,2,1,428,5,2,1,959
16699,3,1,1248,2,2,2,928
16700,8,6,98,2,1,10,1026
16701,2,2,1121,3,1,5,1369
16702,5,2,1131,2,2,5,2185
16703,2,1,1107,2,1,5,1305
16704,2,5,1379,3,1,8,1475
16705,3,4,347,2,2,10,1297
16706,5,8,767,3,2,2,724
16707,4,4,1440,1,1,10,2421
16708,5,6,750,2,2,9,2240
16709,2,5,50,1,1,5,2405
16710,5,3,1217,2,2,7,950
16711,7,6,471,2,1,9,348
16712,3,4,903,3,1,5,1410
16713,6,1,948,2,1,4,2370
16714,2,6,642,2,2,9,2071
16715,7,6,898,3,1,8,247
16716,2,5,375,2,2,3,587
16717,3,4,1309,3,2,4,2026
16718,5,3,781,3,1,9,225
16719,2,7,1199,2,2,1,1627
16720,6,6,316,5,2,11,222
16721,2,3,275,2,2,7,866
16722,2,3,460,2,1,10,238
16723,1,5,899,5,2,3,134
16724,2,4,683,3,1,10,1957
16725,2,7,1313,3,2,7,249
16726,5,4,648,2,1,9,296
16727,5,5,1406,3,2,10,1238
16728,8,8,753,3,2,11,2422
16729,5,1,1030,2,1,1,892
16730,7,8,1149,1,2,4,2280
16731,8,1,564,1,2,3,2320
16732,3,6,1027,5,1,6,1626
16733,2,1,1281,4,2,4,1447
16734,5,8,1238,2,2,5,1107
16735,2,4,683,2,1,5,479
16736,2,5,416,2,2,3,2472
16737,5,1,642,2,2,7,172
16738,8,1,1273,1,2,6,1208
16739,2,1,1119,4,1,9,937
16740,2,4,878,5,2,5,970
16741,3,7,635,3,1,3,1018
16742,2,3,1107,3,2,5,1761
16743,2,1,1301,3,1,11,2107
16744,3,5,659,1,2,10,1606
16745,2,8,1128,2,2,9,277
16746,2,3,206,2,1,5,1260
16747,4,1,318,3,1,7,363
16748,5,1,1041,5,1,11,2424
16749,2,5,126,2,2,1,1496
16750,3,6,865,3,2,7,2317
16751,2,5,592,5,2,4,1724
16752,8,2,177,3,1,11,1431
16753,2,7,152,2,2,5,960
16754,8,5,862,3,1,8,1068
16755,7,6,1072,2,1,8,1860
16756,3,5,1240,3,1,5,2271
16757,2,3,922,3,2,2,2277
16758,4,3,1246,4,2,6,1868
16759,2,5,540,2,2,6,1017
16760,2,8,931,2,2,1,2415
16761,2,3,262,3,1,5,502
16762,3,6,995,2,2,4,1816
16763,2,2,318,3,2,1,1763
16764,6,2,726,4,2,8,1438
16765,2,6,1293,2,1,8,1268
16766,5,7,511,2,1,2,2213
16767,2,1,735,3,2,10,1350
16768,2,1,957,2,2,11,444
16769,2,2,368,1,1,9,1496
16770,6,3,882,3,2,3,1919
16771,2,3,1204,5,1,3,1165
16772,5,1,1253,1,2,4,391
16773,2,2,1383,5,2,7,739
16774,7,7,586,2,1,2,1944
16775,2,5,266,5,2,10,1249
16776,2,7,770,1,2,2,1586
16777,5,7,301,3,1,9,1508
16778,2,4,1034,5,1,4,579
16779,3,5,18,2,2,11,943
16780,2,3,962,1,2,7,2141
16781,5,6,767,2,2,9,141
16782,2,4,687,2,1,7,737
16783,2,8,359,3,2,5,1116
16784,5,7,826,2,2,1,565
16785,2,1,334,2,1,9,483
16786,3,3,772,2,2,8,1581
16787,3,4,1326,3,1,5,1146
16788,8,6,1241,2,2,9,1470
16789,2,6,530,5,2,8,1795
16790,3,8,341,3,1,4,1346
16791,2,8,430,3,1,2,696
16792,2,8,996,2,2,9,2359
16793,3,1,918,2,1,9,782
16794,2,6,1416,2,1,7,613
16795,3,8,110,2,1,8,299
16796,5,6,1099,3,1,4,1738
16797,3,4,294,3,1,11,2303
16798,2,7,1438,2,1,10,196
16799,2,1,851,2,2,4,805
16800,2,7,696,3,1,11,1796
16801,2,4,834,3,1,1,2191
16802,2,2,338,2,2,9,556
16803,2,4,598,3,1,10,215
16804,5,5,1252,2,1,9,1694
16805,2,2,1170,5,2,5,838
16806,5,5,1063,3,2,11,2128
16807,8,5,253,2,2,7,1382
16808,2,1,1086,2,2,3,1813
16809,2,2,1147,4,1,11,1020
16810,3,8,33,2,2,8,1185
16811,2,4,1200,2,2,9,1262
16812,5,1,1265,3,2,8,942
16813,2,4,925,2,1,5,1038
16814,2,2,1377,4,2,6,1228
16815,2,6,847,3,1,3,747
16816,2,4,535,5,1,3,598
16817,2,3,438,2,2,7,1105
16818,2,2,471,2,1,9,1541
16819,2,2,1152,2,1,9,1817
16820,3,8,650,3,1,2,2466
16821,2,6,339,3,2,11,1952
16822,7,8,533,3,2,7,1537
16823,2,7,626,2,1,8,476
16824,2,6,70,2,1,1,1564
16825,2,8,1138,2,2,10,1864
16826,5,7,75,1,2,4,1773
16827,3,5,1133,1,1,9,225
16828,2,3,1102,2,1,9,1351
16829,2,3,1398,2,2,5,2147
16830,6,3,1165,2,2,7,927
16831,5,4,1356,2,1,11,859
16832,2,2,1361,4,1,6,2008
16833,3,2,1062,1,2,4,793
16834,2,1,927,2,2,7,159
16835,2,5,1354,2,2,3,929
16836,5,6,64,3,1,1,1113
16837,5,6,1330,2,1,11,2152
16838,2,6,197,2,1,2,341
16839,7,1,914,3,2,7,914
16840,3,1,169,2,2,10,694
16841,2,2,268,2,1,4,1203
16842,2,1,341,2,2,7,2335
16843,3,1,85,2,1,8,2197
16844,2,6,812,2,1,7,956
16845,3,4,138,2,2,5,1228
16846,2,7,781,2,1,1,1094
16847,2,4,760,3,1,6,1138
16848,1,1,169,3,2,7,2471
16849,6,8,1365,3,2,4,1543
16850,3,7,264,2,1,3,776
16851,3,8,1408,4,2,6,1493
16852,5,5,1180,2,2,10,1087
16853,5,8,1360,1,1,3,833
16854,2,1,309,2,2,10,1866
16855,2,8,1018,2,1,8,562
16856,3,4,1182,2,2,5,523
16857,2,4,733,2,2,6,130
16858,2,3,1205,3,2,3,2410
16859,5,1,428,2,1,1,1047
16860,2,2,80,3,2,11,1549
16861,2,5,510,2,1,1,365
16862,2,1,821,4,2,5,1641
16863,2,7,740,2,1,5,943
16864,7,2,912,3,2,1,2020
16865,3,7,1295,3,2,6,2452
16866,7,7,91,2,1,9,2459
16867,3,4,572,2,1,4,1424
16868,3,5,932,5,2,8,2235
16869,3,1,818,1,1,7,1899
16870,2,8,26,2,2,11,1777
16871,3,5,822,2,2,6,1872
16872,3,4,921,2,1,2,2308
16873,8,7,1160,3,1,9,1743
16874,4,4,1099,3,1,10,987
16875,2,3,394,2,2,6,2394
16876,2,6,880,2,1,10,703
16877,5,1,1100,2,1,1,833
16878,2,5,626,2,2,11,1310
16879,2,2,813,2,2,10,2497
16880,2,3,364,2,2,5,1400
16881,2,6,690,1,2,6,630
16882,2,2,306,3,1,8,1092
16883,3,7,1099,1,2,10,2251
16884,6,3,31,2,2,4,1569
16885,2,1,841,1,2,9,1138
16886,2,2,235,5,2,3,1538
16887,3,8,951,3,1,8,984
16888,2,5,1195,2,2,2,1424
16889,8,4,1181,2,2,6,1537
16890,2,3,901,2,1,1,451
16891,6,3,478,2,1,11,1125
16892,2,1,1059,5,1,4,1717
16893,7,3,1184,1,2,10,929
16894,3,6,1160,2,2,9,925
16895,8,5,1323,1,1,7,1065
16896,3,7,100,1,1,10,484
16897,3,4,261,2,2,10,2149
16898,3,1,406,2,2,4,541
16899,5,7,942,2,1,7,275
16900,1,8,73,2,1,3,744
16901,2,6,386,2,1,4,2116
16902,2,1,884,2,1,1,2057
16903,2,1,362,2,2,1,2312
16904,2,5,314,2,1,4,1332
16905,7,3,536,2,1,9,1146
16906,2,1,1212,2,2,1,1032
16907,3,2,16,3,2,2,1575
16908,5,7,417,3,1,5,1880
16909,7,5,1117,3,1,7,2131
16910,3,5,1205,5,2,2,383
16911,2,8,372,2,2,7,609
16912,6,2,961,4,1,5,1017
16913,2,7,748,2,1,6,1320
16914,5,5,391,2,2,3,573
16915,2,1,1253,3,1,10,2456
16916,2,6,492,2,2,6,1706
16917,1,3,622,2,2,2,1553
16918,5,7,126,3,2,10,1002
16919,2,4,1189,2,1,10,632
16920,3,8,392,5,2,5,1923
16921,3,8,740,4,1,5,1891
16922,2,7,867,2,2,6,611
16923,5,6,1393,3,1,3,982
16924,5,5,993,4,1,2,2324
16925,4,2,802,4,2,3,129
16926,3,5,614,3,2,4,1531
16927,5,5,837,2,1,8,2425
16928,2,7,372,2,2,11,2323
16929,2,8,1107,5,1,7,509
16930,2,7,954,2,2,1,1368
16931,1,5,306,3,1,7,1801
16932,2,4,1283,2,2,3,919
16933,2,3,931,2,1,4,615
16934,3,5,1368,2,1,10,1996
16935,2,5,1093,2,2,11,2244
16936,1,4,706,2,1,11,1237
16937,2,7,120,5,1,7,699
16938,5,5,606,3,1,2,1789
16939,2,2,339,3,1,9,1195
16940,2,7,378,3,2,11,875
16941,7,1,237,3,2,5,841
16942,3,4,260,2,2,4,1856
16943,2,5,1328,5,2,9,1000
16944,2,5,838,3,2,9,242
16945,2,4,1342,3,2,2,1755
16946,2,8,477,5,2,9,2076
16947,3,5,68,2,2,1,164
16948,3,3,1254,3,2,1,700
16949,2,2,609,3,1,6,918
16950,2,6,431,3,1,1,596
16951,3,4,1350,5,2,6,1457
16952,2,1,35,5,2,6,470
16953,3,5,816,2,2,11,1371
16954,3,6,1155,2,2,9,1004
16955,2,6,1278,2,1,7,1784
16956,2,3,829,3,1,2,1904
16957,2,7,933,2,2,1,235
16958,3,3,49,2,1,3,747
16959,3,8,65,3,1,2,1609
16960,3,4,91,3,1,8,1977
16961,6,6,870,3,2,10,1040
16962,3,5,415,2,2,11,1018
16963,5,1,550,3,2,10,2255
16964,2,8,1165,2,2,4,2250
16965,2,5,365,3,2,3,1571
16966,2,2,1219,3,2,2,2146
16967,3,2,33,2,2,1,1560
16968,2,2,416,2,1,7,961
16969,3,4,882,1,2,2,1856
16970,5,8,438,1,2,1,1867
16971,2,8,484,5,2,6,784
16972,3,4,275,3,2,4,1020
16973,2,5,1124,2,2,3,1705
16974,3,3,956,2,2,2,1997
16975,5,4,208,2,2,6,2480
16976,5,6,1047,2,2,4,1508
16977,2,6,1143,2,1,10,2297
16978,2,4,1061,5,1,6,476
16979,2,5,1022,2,1,4,1036
16980,2,5,1371,3,1,10,803
16981,6,1,616,2,1,9,1512
16982,2,8,522,2,2,6,730
16983,8,8,826,2,2,6,2239
16984,1,2,188,5,2,9,1878
16985,2,5,1304,2,2,4,1639
16986,2,1,1204,1,1,8,361
16987,5,7,269,2,1,4,146
16988,2,1,236,2,2,7,1267
16989,3,4,1083,2,1,9,1849
16990,2,8,1404,2,1,3,1585
16991,2,3,1042,2,2,5,164
16992,2,4,1255,2,1,1,878
16993,2,2,1060,2,1,4,406
16994,3,6,608,2,2,3,977
16995,6,8,1086,2,2,3,551
16996,2,5,1050,3,1,6,1985
16997,3,8,1199,2,2,6,2276
16998,2,3,27,2,1,2,1170
16999,2,8,808,2,1,6,1383
17000,3,3,1280,5,2,2,1447
17001,5,7,645,3,2,10,1735
17002,2,1,119,1,2,2,136
17003,5,4,1255,2,1,9,1948
17004,5,4,214,2,1,8,2104
17005,2,6,454,1,2,7,2425
17006,3,3,539,2,1,1,1546
17007,2,2,1035,2,1,3,319
17008,5,3,1118,2,2,9,1787
17009,3,1,931,2,1,7,2175
17010,2,3,1269,1,1,6,1416
17011,5,1,772,2,1,7,1119
17012,3,8,466,3,2,9,1397
17013,5,3,545,2,2,9,591
17014,2,2,816,2,2,10,1973
17015,5,5,234,3,2,9,251
17016,2,5,308,5,1,10,336
17017,5,3,296,2,2,6,1882
17018,3,6,1263,2,2,1,338
17019,2,4,1024,2,2,4,191
17020,2,8,564,3,2,8,670
17021,7,5,511,2,2,11,1296
17022,3,3,311,3,2,5,1163
17023,6,5,207,4,2,1,1697
17024,2,7,804,2,2,6,1902
17025,5,1,812,5,1,1,253
17026,3,3,1090,1,1,1,986
17027,3,7,595,2,2,1,1320
17028,5,3,452,3,2,7,1197
17029,2,5,434,2,2,10,1217
17030,3,2,1026,2,1,11,2472
17031,3,8,1037,2,1,7,1648
17032,2,7,1080,2,2,8,1314
17033,2,4,1060,3,1,6,234
17034,3,8,1088,5,1,11,1609
17035,2,3,1229,4,2,10,839
17036,2,8,1052,3,2,6,1947
17037,5,7,334,2,1,6,1100
17038,2,3,971,2,2,1,150
17039,2,7,804,4,2,2,2283
17040,3,2,852,1,1,3,1096
17041,2,2,93,3,1,8,1943
17042,3,2,711,2,1,8,698
17043,2,4,1002,3,2,1,1053
17044,7,6,343,1,1,5,1363
17045,2,7,138,3,1,4,2365
17046,2,6,281,4,1,1,360
17047,3,8,152,2,1,6,641
17048,2,4,1071,4,2,7,2169
17049,5,7,1269,3,1,1,331
17050,5,2,854,3,2,1,2010
17051,5,6,643,2,2,11,1330
17052,2,2,292,2,1,6,481
17053,7,1,697,3,1,3,1755
17054,3,4,164,2,2,5,189
17055,2,1,1194,2,1,11,1294
17056,2,3,322,3,1,6,2498
17057,5,4,1115,2,2,3,1626
17058,1,7,423,2,2,10,944
17059,2,7,486,2,1,3,2452
17060,4,3,1168,3,2,5,2440
17061,5,7,951,2,2,7,1946
17062,2,2,56,3,2,11,680
17063,5,2,266,2,2,1,2145
17064,2,6,888,2,2,1,1930
17065,7,3,939,2,1,11,572
17066,3,6,1120,2,2,9,250
17067,2,7,42,2,2,10,830
17068,4,5,296,3,2,8,298
17069,2,2,1156,1,1,8,784
17070,7,3,983,5,1,6,896
17071,2,3,149,5,1,10,291
17072,5,6,1264,2,2,7,2053
17073,3,1,613,3,1,6,414
17074,5,2,1106,2,2,3,1264
17075,2,8,663,2,1,7,682
17076,4,2,523,2,1,7,389
17077,2,2,147,2,2,6,522
17078,2,1,5,5,1,3,2077
17079,2,4,517,1,1,11,357
17080,5,8,958,3,2,2,526
17081,3,2,196,2,2,1,2341
17082,3,1,133,2,2,9,702
17083,7,1,204,2,2,7,136
17084,7,6,873,4,1,5,1173
17085,2,2,960,2,2,5,925
17086,3,1,418,2,1,4,2355
17087,2,1,476,3,2,9,2220
17088,4,6,217,3,1,4,357
17089,7,2,353,4,1,7,532
17090,7,8,1226,3,2,8,2485
17091,5,5,532,2,2,10,1208
17092,3,4,590,2,2,5,2196
17093,2,8,1238,2,2,10,406
17094,2,1,1199,2,1,9,967
17095,2,8,1259,2,2,11,765
17096,8,3,1325,1,1,11,965
17097,3,4,1004,2,1,5,554
17098,8,7,346,1,2,9,1252
17099,4,6,308,3,2,10,2336
17100,7,7,1054,3,2,11,1522
17101,3,8,261,2,1,11,1995
17102,2,4,407,2,1,9,1933
17103,2,6,864,5,2,10,2275
17104,3,6,312,3,2,3,842
17105,2,8,1239,2,2,1,1991
17106,2,2,404,2,2,1,708
17107,5,8,1016,3,2,6,2099
17108,4,5,353,2,1,9,1252
17109,4,3,544,2,2,7,1725
17110,2,4,690,2,2,11,343
17111,1,4,626,2,1,2,1759
17112,5,8,145,3,1,6,806
17113,5,4,819,2,2,9,965
17114,2,6,715,3,1,3,624
17115,5,8,1277,2,2,6,1564
17116,5,1,476,3,1,7,1731
17117,3,5,515,5,1,2,1425
17118,2,5,809,3,1,9,2474
17119,7,8,809,3,2,10,1577
17120,8,6,66,2,2,10,1344
17121,4,3,1103,5,2,11,2031
17122,2,7,1267,2,1,5,1462
17123,2,6,996,3,2,6,233
17124,2,3,1181,2,1,11,1652
17125,5,6,590,2,2,2,1873
17126,7,6,623,2,1,7,785
17127,2,6,494,3,1,4,219
17128,8,2,552,2,2,5,2299
17129,5,7,88,2,1,7,239
17130,2,6,1144,2,2,6,2017
17131,2,5,134,2,2,5,2455
17132,2,1,891,2,2,3,740
17133,3,4,631,2,1,6,1658
17134,2,4,478,2,2,6,1787
17135,5,1,452,5,2,6,824
17136,5,6,797,2,2,11,2193
17137,3,2,362,2,1,11,2270
17138,2,6,1103,5,2,1,2060
17139,3,7,351,2,2,2,582
17140,2,6,976,2,1,9,1685
17141,8,3,79,2,1,9,1711
17142,3,4,656,2,2,9,1042
17143,2,4,1435,3,2,11,1961
17144,3,5,1147,2,2,5,2490
17145,5,4,238,3,1,5,1031
17146,2,3,108,2,2,4,2188
17147,2,4,572,3,2,8,1058
17148,5,7,919,4,2,8,1860
17149,2,1,871,3,2,2,1360
17150,2,4,340,2,2,11,314
17151,5,2,459,2,1,9,837
17152,5,3,997,2,2,1,744
17153,7,5,790,2,1,4,2066
17154,2,5,885,1,1,3,654
17155,2,5,297,2,1,2,1639
17156,3,1,960,3,2,10,505
17157,5,3,777,2,1,1,1793
17158,3,5,1237,2,1,9,849
17159,2,8,391,5,2,5,217
17160,2,1,55,2,2,4,2361
17161,5,2,252,2,1,1,808
17162,3,7,457,2,2,11,797
17163,2,6,606,5,2,10,351
17164,2,2,1032,2,1,6,1244
17165,4,7,436,5,1,6,307
17166,6,7,815,2,1,7,577
17167,2,3,1158,4,1,7,2428
17168,2,2,705,3,2,2,323
17169,2,8,848,2,2,6,1524
17170,2,4,872,2,2,3,2477
17171,2,1,325,3,1,2,602
17172,2,3,462,5,2,4,177
17173,5,8,576,2,1,7,1304
17174,3,5,1008,3,2,11,1677
17175,7,1,501,3,1,5,214
17176,5,4,420,2,1,7,1869
17177,2,3,63,2,1,10,806
17178,2,8,60,2,2,4,379
17179,1,4,26,2,1,1,1131
17180,7,8,895,3,1,6,670
17181,3,4,373,2,2,8,2236
17182,2,3,1395,3,1,11,1032
17183,1,1,57,2,2,1,301
17184,2,7,797,3,1,7,499
17185,2,2,1298,4,1,7,322
17186,8,8,356,3,1,1,614
17187,5,2,1201,1,2,2,1492
17188,5,5,270,2,2,10,1722
17189,2,8,1356,3,2,2,1495
17190,3,4,689,3,1,10,1558
17191,3,3,1024,3,2,11,2201
17192,5,2,514,2,1,4,125
17193,3,3,151,2,1,2,903
17194,8,2,1037,5,2,5,1530
17195,2,1,140,3,1,8,1332
17196,2,7,1062,3,2,2,2454
17197,2,4,1212,3,1,8,799
17198,3,1,541,3,1,4,1760
17199,5,2,1295,3,1,7,957
17200,5,1,332,2,2,11,418
17201,2,4,1266,2,2,6,1743
17202,4,7,1015,2,1,4,145
17203,2,3,351,3,2,6,2111
17204,2,4,441,2,2,3,1793
17205,3,1,779,3,2,10,2481
17206,2,5,714,3,1,4,482
17207,3,2,1089,1,2,4,1525
17208,2,8,1156,2,2,9,873
17209,2,5,405,3,1,1,1579
17210,2,4,1311,5,1,8,906
17211,2,1,667,2,2,9,963
17212,2,2,358,3,1,8,1568
17213,2,2,1063,5,2,5,1573
17214,5,3,515,3,1,8,292
17215,2,3,231,2,2,5,217
17216,3,7,344,2,1,7,2476
17217,5,1,424,2,2,4,904
17218,5,8,1440,5,1,10,787
17219,7,3,545,4,2,6,261
17220,2,8,247,2,2,6,1699
17221,2,3,1249,5,2,6,1484
17222,3,5,889,2,2,1,2205
17223,5,7,1299,2,2,11,1214
17224,2,5,807,3,2,3,1063
17225,3,5,538,4,1,1,1582
17226,5,1,248,3,1,9,1904
17227,5,7,292,4,2,3,1488
17228,3,8,7,3,2,8,237
17229,2,4,38,2,2,11,444
17230,2,7,165,5,2,5,1151
17231,2,4,856,2,1,7,1036
17232,2,8,920,2,2,11,570
17233,1,8,987,3,2,2,283
17234,2,8,911,2,1,4,2004
17235,2,4,124,3,2,4,244
17236,2,2,1402,2,2,11,2154
17237,3,6,892,2,1,2,912
17238,3,1,392,3,2,10,955
17239,3,2,1307,2,1,9,331
17240,1,3,673,4,2,2,1992
17241,3,1,271,3,2,1,2023
17242,2,7,963,1,1,5,545
17243,5,2,1387,2,2,8,1593
17244,7,1,410,2,2,8,1882
17245,2,3,352,5,1,5,1924
17246,2,3,165,2,1,1,196
17247,5,7,1346,2,2,7,2457
17248,2,1,350,3,1,7,1194
17249,3,4,202,3,1,10,2182
17250,7,1,1115,3,2,11,1106
17251,2,6,1068,2,2,7,620
17252,5,5,840,2,2,6,385
17253,2,7,1148,3,2,2,1551
17254,2,2,652,2,1,8,1945
17255,3,4,1044,3,1,1,982
17256,2,3,1453,3,2,11,1696
17257,5,3,802,2,1,1,199
17258,2,2,651,2,1,7,1042
17259,2,4,44,2,1,1,333
17260,2,1,634,5,2,4,1846
17261,7,6,978,3,2,11,2103
17262,2,4,413,3,1,10,1708
17263,2,2,726,2,1,6,690
17264,3,1,466,2,1,5,385
17265,3,3,1023,3,2,9,821
17266,2,1,153,1,2,8,298
17267,1,7,1223,2,2,11,366
17268,8,7,265,4,1,3,2232
17269,2,5,640,5,1,3,2039
17270,2,6,1131,5,1,6,2335
17271,4,8,899,2,1,3,148
17272,2,7,1191,2,2,1,1684
17273,4,5,715,1,1,6,1876
17274,2,5,811,3,2,1,1377
17275,3,7,396,2,2,2,2402
17276,8,7,456,5,2,9,290
17277,2,1,814,3,2,2,2173
17278,2,8,574,4,1,2,1387
17279,3,1,410,2,2,5,2391
17280,8,7,1039,3,1,4,1139
17281,2,4,262,2,1,4,2318
17282,8,8,325,3,1,10,2438
17283,3,4,16,2,2,3,1128
17284,6,7,999,2,2,4,1858
17285,5,8,797,5,1,7,2036
17286,3,2,647,2,2,3,560
17287,7,4,1150,3,1,11,1744
17288,2,7,938,5,1,6,1567
17289,8,3,628,3,2,3,1606
17290,2,6,42,3,2,6,1432
17291,2,7,885,3,2,10,784
17292,5,8,1245,3,1,1,465
17293,2,8,273,2,2,3,2450
17294,5,5,734,1,1,4,181
17295,5,1,447,3,2,11,962
17296,2,3,443,2,2,4,1753
17297,2,2,403,5,2,4,1948
17298,3,8,869,2,2,1,128
17299,1,1,983,3,2,2,375
17300,7,2,435,2,1,1,1455
17301,2,7,131,3,2,4,1007
17302,6,4,800,2,1,9,842
17303,2,8,800,3,1,8,538
17304,2,4,102,3,1,1,1388
17305,2,7,1301,1,2,8,1702
17306,2,4,1040,3,2,2,1743
17307,3,1,68,2,2,11,412
17308,3,8,1104,3,1,5,2498
17309,7,4,777,3,2,9,792
17310,3,8,591,1,2,9,2464
17311,2,6,444,2,1,1,544
17312,3,5,947,5,2,9,297
17313,2,2,285,2,1,11,1439
17314,3,2,1148,2,1,6,2050
17315,2,2,1113,2,2,1,1080
17316,2,1,1089,3,1,7,1260
17317,2,2,503,2,1,3,1966
17318,1,1,1270,2,1,5,1210
17319,3,8,576,2,2,4,925
17320,1,1,696,4,2,3,2421
17321,2,8,628,1,2,3,1632
17322,6,8,507,1,1,4,1712
17323,2,4,1081,2,2,3,1617
17324,5,6,160,5,1,6,1064
17325,2,4,587,2,2,2,377
17326,2,1,650,2,2,1,1964
17327,7,7,142,2,1,9,1663
17328,5,4,417,3,1,7,694
17329,7,7,281,2,1,1,1276
17330,2,7,847,2,2,8,1859
17331,5,3,1215,2,2,1,1475
17332,2,2,1279,1,1,1,1974
17333,2,5,158,5,1,6,1341
17334,4,2,131,1,1,10,1537
17335,3,3,1236,2,2,9,664
17336,6,8,297,2,2,11,741
17337,2,4,130,3,1,11,775
17338,8,1,1217,2,2,3,613
17339,3,4,67,3,2,2,1586
17340,3,6,1329,1,2,10,2037
17341,2,7,193,2,1,11,2488
17342,7,1,95,2,2,11,543
17343,7,6,176,2,1,1,2080
17344,2,5,185,5,2,6,1117
17345,5,2,358,2,2,5,1299
17346,2,8,1460,3,2,10,2048
17347,5,7,170,2,1,7,1676
17348,6,1,669,1,1,5,951
17349,2,6,704,2,2,6,680
17350,3,6,852,3,1,2,2253
17351,2,7,495,3,1,1,2433
17352,3,7,1042,2,2,6,270
17353,4,7,778,2,2,2,2378
17354,2,3,902,5,1,3,682
17355,2,3,573,2,1,1,2315
17356,5,2,1445,3,2,8,1198
17357,3,6,8,1,1,7,654
17358,2,5,40,3,2,10,2404
17359,2,6,377,2,1,8,1019
17360,2,6,609,3,1,5,1797
17361,2,1,1130,2,1,6,2118
17362,5,1,1346,3,1,3,658
17363,2,3,891,2,2,7,673
17364,3,1,1015,3,1,4,2055
17365,2,6,978,1,1,2,1743
17366,2,1,1364,5,2,7,2384
17367,2,7,201,1,2,6,2393
17368,5,3,690,4,2,1,509
17369,2,7,286,3,1,9,1241
17370,6,2,1443,3,1,11,1012
17371,2,7,1180,2,1,9,1541
17372,2,4,1301,3,1,10,2499
17373,3,5,556,2,2,3,1820
17374,2,4,870,3,2,10,1293
17375,7,4,978,2,2,1,805
17376,4,6,39,5,2,7,435
17377,2,5,1432,2,2,4,823
17378,3,4,993,3,2,3,342
17379,5,4,227,5,2,8,1259
17380,6,7,442,2,2,9,855
17381,2,8,1063,3,2,8,1514
17382,2,2,276,2,1,4,1546
17383,3,7,978,3,1,7,1554
17384,2,7,973,1,2,2,2260
17385,5,8,727,1,2,11,1307
17386,1,6,324,1,1,1,136
17387,2,5,774,2,1,1,1796
17388,7,2,1155,1,2,10,2197
17389,1,7,433,2,2,5,1016
17390,8,6,204,2,2,9,1997
17391,5,8,548,4,1,4,1853
17392,5,2,779,2,2,4,1941
17393,2,4,1330,2,2,7,1018
17394,8,6,996,2,2,10,1581
17395,2,8,929,1,2,1,1044
17396,2,6,1087,2,2,2,934
17397,2,7,1011,1,1,7,322
17398,5,7,417,2,1,10,715
17399,2,7,566,3,2,8,851
17400,5,4,375,4,1,3,1289
17401,3,7,529,2,2,9,1366
17402,2,7,292,5,2,1,2315
17403,2,2,1089,2,1,2,389
17404,2,8,35,3,2,2,364
17405,2,3,1230,2,2,8,489
17406,2,8,194,3,2,4,2001
17407,2,5,1172,3,2,3,629
17408,4,3,563,1,1,8,1420
17409,3,1,799,2,1,10,573
17410,3,5,266,5,2,1,1354
17411,2,7,99,2,2,3,529
17412,2,6,840,2,1,1,634
17413,5,4,920,2,2,3,185
17414,5,5,263,2,2,6,1256
17415,2,5,985,3,1,8,318
17416,2,1,262,2,1,6,625
17417,8,8,994,2,2,5,2290
17418,2,4,1175,5,2,2,1413
17419,2,8,417,3,2,5,1345
17420,2,3,10,2,1,6,2260
17421,5,6,1401,2,1,8,140
17422,5,5,1035,2,1,9,833
17423,2,3,448,2,2,1,1530
17424,2,1,467,2,1,11,2051
17425,3,3,872,1,2,2,422
17426,2,1,989,3,1,10,338
17427,2,4,252,1,1,9,1124
17428,2,5,1064,4,1,9,648
17429,2,7,478,2,2,5,1199
17430,5,6,646,3,1,10,1794
17431,3,3,329,3,2,11,210
17432,7,8,1070,3,2,7,222
17433,3,1,256,2,2,4,405
17434,6,6,611,1,1,6,468
17435,6,8,709,5,2,10,504
17436,2,5,876,2,2,11,2477
17437,2,7,316,2,2,1,2192
17438,5,3,1100,3,2,11,1852
17439,5,2,601,1,2,11,529
17440,1,8,563,3,1,6,2462
17441,3,6,5,2,2,10,528
17442,3,3,71,2,1,3,1119
17443,2,7,1383,3,2,10,1498
17444,2,8,179,3,2,8,1150
17445,4,1,804,1,2,8,1944
17446,6,2,248,3,1,11,1190
17447,2,6,447,2,2,7,819
17448,3,4,339,3,1,8,630
17449,3,4,1180,2,2,3,1355
17450,2,2,340,2,1,1,2314
17451,4,6,335,1,1,8,281
17452,3,4,737,2,2,5,879
17453,2,8,831,2,1,11,251
17454,2,5,1123,3,1,11,1388
17455,2,4,1241,2,1,3,2445
17456,2,1,23,2,2,11,326
17457,2,1,1124,3,1,11,1621
17458,2,5,1081,2,1,8,1683
17459,3,6,289,2,2,6,591
17460,5,7,124,3,2,1,1062
17461,3,6,1430,3,2,2,297
17462,5,1,78,1,2,4,1891
17463,8,3,376,2,2,9,1348
17464,4,4,379,1,1,9,2134
17465,2,8,859,2,1,10,554
17466,2,6,313,3,2,2,417
17467,2,5,756,2,2,1,932
17468,3,7,131,5,1,1,556
17469,4,1,1019,2,1,2,1100
17470,5,7,1188,3,2,10,2350
17471,3,8,1448,2,2,4,221
17472,3,5,1283,3,1,9,1654
17473,3,5,967,2,1,8,1833
17474,6,6,238,3,2,3,1285
17475,7,4,921,1,1,11,1736
17476,5,5,808,5,1,1,1145
17477,3,1,81,2,1,6,2248
17478,2,3,935,3,1,10,2102
17479,2,1,1271,3,2,11,924
17480,2,2,110,1,2,7,2041
17481,2,1,885,1,2,2,2053
17482,6,2,521,1,2,11,854
17483,2,6,1035,5,2,6,2413
17484,2,2,812,3,1,8,1299
17485,3,3,454,2,1,1,137
17486,3,8,113,1,2,8,1538
17487,1,8,17,3,1,3,2111
17488,2,6,792,2,1,11,1306
17489,8,8,1197,3,1,9,458
17490,2,8,1034,3,1,10,2071
17491,6,3,1165,3,2,10,2239
17492,3,7,797,3,1,8,306
17493,3,8,638,3,2,2,1395
17494,2,2,964,2,1,2,1315
17495,3,6,331,2,2,6,1125
17496,5,2,1003,1,1,9,1754
17497,2,5,608,2,1,11,1923
17498,2,3,1330,3,1,3,2417
17499,6,5,130,2,1,2,617
17500,3,3,857,2,1,3,1469
17501,8,3,64,2,2,6,510
17502,5,6,1305,2,2,4,1371
17503,2,4,651,1,2,2,2030
17504,2,5,994,5,1,5,1598
17505,6,2,1251,2,1,8,963
17506,3,6,580,5,2,5,121
17507,2,4,1234,2,2,5,570
17508,5,3,697,2,2,6,1628
17509,2,2,1407,3,2,9,1484
17510,4,3,1097,3,2,1,1109
17511,2,3,267,3,2,2,338
17512,2,2,1270,2,2,8,2322
17513,2,1,1270,4,2,8,898
17514,2,2,1375,1,1,5,1713
17515,3,7,1456,4,2,5,319
17516,5,8,1309,2,1,6,975
17517,5,7,1364,3,1,8,2096
17518,5,6,1134,3,1,4,632
17519,2,2,839,1,1,4,743
17520,3,6,871,1,1,1,550
17521,8,5,525,3,2,10,471
17522,2,2,597,2,2,11,1370
17523,2,4,584,4,2,1,348
17524,3,5,278,2,1,7,328
17525,2,2,1230,2,1,5,559
17526,2,7,465,1,2,5,1725
17527,5,4,1303,2,2,1,1525
17528,1,7,728,2,2,2,310
17529,3,6,169,2,1,3,833
17530,5,4,1055,2,2,5,2319
17531,2,7,1065,3,2,2,802
17532,3,4,798,2,2,11,1828
17533,3,5,1178,2,2,7,1043
17534,3,1,261,2,2,6,470
17535,2,2,1256,3,1,10,987
17536,5,6,832,3,2,8,2103
17537,7,6,712,3,1,1,791
17538,3,8,219,2,1,8,322
17539,2,3,288,3,2,3,1090
17540,2,6,408,3,2,8,1469
17541,2,8,1184,3,1,6,1815
17542,2,6,804,3,2,3,1633
17543,7,2,54,2,1,2,2108
17544,5,5,270,5,2,5,1255
17545,3,4,727,2,2,1,279
17546,4,8,1375,3,2,3,1376
17547,2,2,221,2,1,4,1925
17548,5,2,512,2,1,6,1679
17549,2,7,1207,3,1,8,2161
17550,2,1,484,2,1,10,2390
17551,2,7,906,3,1,8,2029
17552,8,4,704,2,2,6,576
17553,2,1,696,2,1,4,2191
17554,2,2,69,2,1,8,1949
17555,3,1,309,2,2,10,1725
17556,2,3,1312,2,2,1,1197
17557,2,6,1301,2,1,4,924
17558,5,7,76,1,2,2,1844
17559,2,4,833,2,2,10,1000
17560,8,7,11,3,2,9,1581
17561,3,8,443,3,2,5,232
17562,2,8,244,3,1,6,2207
17563,2,2,1238,3,2,10,1650
17564,3,5,375,2,2,3,645
17565,2,7,1296,2,2,8,725
17566,3,1,138,2,2,4,334
17567,5,8,278,2,1,8,1454
17568,5,3,625,3,1,4,1195
17569,5,7,770,3,2,3,1207
17570,4,1,1412,5,1,3,1333
17571,2,3,1316,2,1,11,864
17572,2,7,95,2,1,3,140
17573,5,4,1365,3,2,3,402
17574,2,7,1448,2,1,11,1079
17575,3,3,263,2,1,5,1429
17576,5,4,1179,3,2,8,716
17577,2,4,1088,5,2,4,797
17578,2,8,846,2,1,11,462
17579,5,3,459,2,1,9,730
17580,7,7,851,3,2,6,652
17581,2,2,642,4,1,4,2134
17582,3,6,84,3,1,4,704
17583,3,2,342,2,2,10,843
17584,2,6,206,2,2,4,536
17585,2,5,108,3,2,4,1327
17586,2,8,770,2,2,2,1380
17587,5,1,1112,3,2,6,967
17588,3,2,1082,3,2,1,628
17589,6,1,319,2,2,11,202
17590,2,4,77,2,2,10,1939
17591,8,1,1369,2,2,3,1585
17592,3,4,951,3,1,5,2481
17593,2,4,974,4,1,6,425
17594,2,5,1258,3,1,8,1099
17595,3,1,816,2,2,4,583
17596,7,6,649,3,1,4,1308
17597,5,2,102,3,2,1,1730
17598,3,5,558,3,2,11,389
17599,2,4,787,3,2,10,1182
17600,2,8,218,3,1,8,1412
17601,2,4,404,3,2,2,316
17602,2,6,578,1,2,6,1843
17603,5,4,131,5,1,9,1141
17604,1,6,41,2,2,6,829
17605,2,7,426,3,2,1,1554
17606,5,4,909,5,1,5,1671
17607,2,4,494,3,1,11,2100
17608,2,5,1028,2,1,8,1998
17609,2,5,913,3,2,1,550
17610,2,1,23,2,2,1,923
17611,2,3,385,2,1,10,245
17612,2,4,432,2,2,2,1920
17613,2,6,659,4,2,9,899
17614,2,4,238,3,2,5,1933
17615,3,6,1040,4,2,4,1951
17616,2,8,1235,1,2,4,1047
17617,6,3,663,5,1,5,1626
17618,5,7,1036,3,1,1,1714
17619,8,6,1203,2,2,4,1666
17620,3,4,576,3,1,3,949
17621,5,2,943,2,1,6,1233
17622,2,1,698,3,2,11,399
17623,5,1,436,4,1,10,426
17624,2,2,151,1,1,7,1987
17625,2,3,856,2,2,1,2078
17626,2,5,778,2,1,1,726
17627,3,6,759,1,2,2,1057
17628,2,6,220,2,2,11,2098
17629,6,5,5,4,2,10,2437
17630,2,5,515,3,2,5,1801
17631,4,3,387,5,1,9,2393
17632,2,4,1450,1,2,4,629
17633,5,6,432,3,1,4,1402
17634,3,5,1324,2,1,9,130
17635,3,6,1189,2,1,10,1451
17636,2,4,707,3,1,1,957
17637,5,2,516,2,1,3,1925
17638,2,7,584,1,2,10,325
17639,3,8,775,2,1,7,1720
17640,3,4,1228,3,2,6,1343
17641,2,5,397,2,2,5,1724
17642,2,3,1411,5,1,7,842
17643,2,3,600,5,1,2,130
17644,4,4,209,3,2,2,735
17645,5,6,1218,3,1,7,230
17646,2,6,490,3,2,8,704
17647,2,4,1243,3,2,2,1781
17648,2,3,1207,4,2,11,2462
17649,2,6,483,3,2,1,1538
17650,5,3,785,5,2,11,1582
17651,5,7,1055,2,2,5,693
17652,5,1,1334,4,2,1,982
17653,1,3,698,3,1,10,1423
17654,3,4,204,5,2,11,1462
17655,3,7,1070,2,2,10,2413
17656,5,8,282,3,2,9,698
17657,5,4,112,4,1,5,2329
17658,4,1,1219,2,1,8,181
17659,5,7,1291,5,1,4,299
17660,2,8,12,2,2,1,1280
17661,8,8,471,4,2,9,1082
17662,5,2,222,2,2,11,1912
17663,2,4,1217,1,2,4,1217
17664,5,2,1271,2,2,11,422
17665,2,8,736,2,2,3,462
17666,5,8,54,3,2,2,2367
17667,8,2,891,2,1,1,1537
17668,2,5,730,3,1,9,1111
17669,4,7,372,3,2,1,1866
17670,5,3,1067,4,2,4,312
17671,5,1,333,3,1,2,596
17672,2,8,1018,3,2,8,1520
17673,2,1,50,2,1,5,412
17674,3,1,961,2,2,11,696
17675,2,7,1203,3,2,3,771
17676,3,4,229,4,2,4,1330
17677,7,3,929,2,1,3,2393
17678,6,4,795,2,1,10,1275
17679,2,7,924,2,2,2,2048
17680,2,2,288,3,1,6,597
17681,7,5,1360,1,2,6,1664
17682,3,3,117,1,2,3,1574
17683,1,4,540,2,1,5,1018
17684,5,8,1278,1,2,9,551
17685,5,5,424,2,1,10,799
17686,2,5,151,4,1,1,1830
17687,2,5,716,2,2,7,1549
17688,2,7,751,3,1,1,662
17689,2,3,385,3,2,6,1692
17690,5,2,557,2,2,5,1767
17691,3,4,1056,3,2,4,1967
17692,3,2,1352,2,1,3,2003
17693,7,6,328,3,2,10,1858
17694,3,1,450,2,1,4,2406
17695,3,1,1157,3,1,11,294
17696,7,2,211,3,2,1,1476
17697,2,1,752,5,1,5,1221
17698,2,2,463,4,1,9,1346
17699,3,8,574,3,1,6,934
17700,3,5,1152,2,2,10,1799
17701,3,4,44,3,2,10,1971
17702,2,8,1299,2,1,4,1118
17703,2,6,1215,3,2,5,1793
17704,2,1,814,2,2,1,402
17705,2,7,737,1,1,4,990
17706,3,8,471,2,1,4,1805
17707,3,7,1351,2,2,9,1277
17708,3,5,1076,2,1,5,640
17709,2,1,538,3,2,3,1239
17710,2,7,523,2,1,10,2140
17711,5,6,820,2,2,8,1192
17712,5,3,967,2,1,10,1169
17713,4,6,688,5,2,10,2473
17714,2,5,838,2,1,7,220
17715,3,6,753,3,1,8,1133
17716,5,5,1053,3,1,4,308
17717,6,6,647,3,2,7,1094
17718,6,8,629,2,1,11,696
17719,6,1,601,3,2,4,1986
17720,1,4,1283,3,2,9,870
17721,3,6,975,3,2,5,1348
17722,2,6,1060,2,2,5,1770
17723,5,2,127,2,2,4,1206
17724,2,6,1442,3,1,5,1111
17725,2,1,1299,3,1,1,132
17726,5,7,1397,2,2,11,1574
17727,5,5,951,5,2,1,2473
17728,3,3,501,4,2,9,1707
17729,2,3,164,2,1,2,1652
17730,3,7,650,3,2,8,237
17731,8,3,75,2,2,11,2395
17732,5,8,776,3,2,2,339
17733,3,7,1388,2,2,9,1647
17734,3,7,1080,2,2,2,2127
17735,8,3,401,2,2,1,1908
17736,2,4,447,2,1,8,1712
17737,2,5,941,2,1,3,1719
17738,2,4,835,3,1,7,717
17739,2,5,455,1,2,5,2249
17740,2,3,665,3,2,7,562
17741,3,8,1447,3,2,8,2033
17742,2,6,1417,2,2,3,768
17743,2,7,191,3,2,5,1376
17744,2,6,154,2,2,5,1983
17745,1,4,721,5,1,7,884
17746,3,2,342,2,2,11,121
17747,2,5,378,5,2,2,1612
17748,2,7,617,3,2,8,2313
17749,3,7,899,3,2,7,1480
17750,5,2,800,3,1,10,2379
17751,3,1,1072,2,2,7,1541
17752,8,5,528,3,1,5,1158
17753,3,3,942,4,2,8,1896
17754,1,3,255,1,2,1,1018
17755,2,2,1454,2,2,7,1036
17756,1,5,353,3,2,11,2017
17757,5,6,1083,3,1,9,1392
17758,2,5,350,2,1,8,878
17759,2,2,1393,1,2,4,577
17760,3,7,253,3,1,8,355
17761,2,2,1280,3,2,8,421
17762,5,4,982,2,1,1,570
17763,5,7,1359,2,1,1,1799
17764,2,7,766,3,2,11,1102
17765,2,4,359,2,1,9,904
17766,6,8,809,2,1,1,381
17767,2,3,260,2,1,10,1995
17768,2,3,932,3,1,3,185
17769,2,1,615,2,2,3,1772
17770,6,8,930,2,1,4,1772
17771,5,8,866,2,1,3,258
17772,3,2,801,3,2,3,2021
17773,2,8,1279,5,1,5,2427
17774,2,7,623,2,1,5,2121
17775,2,1,479,3,1,8,201
17776,5,1,295,1,1,7,2482
17777,2,8,74,3,2,9,437
17778,3,3,1131,2,1,5,458
17779,3,6,676,1,1,4,1596
17780,2,3,612,5,2,4,689
17781,6,5,476,2,2,2,2463
17782,2,6,419,2,1,9,172
17783,2,4,1121,2,2,7,1373
17784,4,2,1104,2,1,11,2119
17785,2,6,1046,3,1,2,313
17786,2,7,711,2,2,10,1748
17787,3,2,297,2,2,8,397
17788,2,2,1036,2,1,2,640
17789,6,1,1196,3,2,2,1618
17790,2,5,1114,5,2,4,1673
17791,2,3,610,1,2,7,1859
17792,7,8,487,2,1,10,899
17793,2,1,1221,4,1,9,1696
17794,1,1,1066,2,2,5,724
17795,2,5,256,2,1,3,2245
17796,2,3,1394,2,2,6,1603
17797,2,1,1077,5,1,9,1975
17798,2,6,661,3,2,2,1515
17799,3,3,1100,3,2,7,1982
17800,2,5,40,2,2,10,565
17801,3,6,626,2,2,11,2220
17802,2,6,1210,3,2,10,2491
17803,2,7,1095,3,2,4,654
17804,2,7,1135,3,2,6,1293
17805,3,7,327,3,2,4,1716
17806,2,1,853,2,2,2,531
17807,2,5,1249,4,2,5,1446
17808,1,5,243,2,1,3,588
17809,2,7,728,2,2,10,2425
17810,2,1,1104,3,2,3,1008
17811,2,4,327,3,2,10,790
17812,2,3,937,2,2,3,1099
17813,5,2,15,1,2,2,1046
17814,2,1,860,4,2,4,1727
17815,3,6,619,3,2,7,1323
17816,2,2,688,2,1,2,1888
17817,6,3,464,2,1,4,897
17818,2,4,327,2,2,5,2368
17819,3,8,641,2,2,10,2209
17820,2,3,487,2,2,3,1193
17821,3,4,793,3,2,5,1367
17822,3,8,793,2,2,5,458
17823,2,8,661,2,1,2,1203
17824,3,8,1076,2,2,1,2452
17825,3,8,947,5,2,2,393
17826,2,3,1384,2,1,5,2263
17827,2,2,1417,3,1,8,1870
17828,2,7,625,2,2,1,366
17829,2,1,328,5,2,6,2253
17830,2,7,320,3,1,3,1788
17831,3,4,589,1,1,5,1135
17832,2,5,871,3,2,10,319
17833,2,1,1243,1,1,11,1435
17834,5,1,1141,2,1,1,682
17835,3,2,1262,3,1,5,2376
17836,1,6,72,2,2,10,1342
17837,7,8,1024,3,2,2,547
17838,5,2,1098,4,2,9,355
17839,2,6,855,2,2,3,1565
17840,3,2,1187,2,1,11,1685
17841,5,7,1053,2,1,10,2406
17842,5,6,1307,2,2,11,788
17843,2,5,378,3,2,11,1914
17844,3,4,764,2,2,10,154
17845,3,5,838,2,1,5,1647
17846,2,3,840,2,1,5,1215
17847,3,8,524,2,2,3,279
17848,2,3,1183,2,1,10,2495
17849,3,7,551,3,1,5,1439
17850,3,6,1454,3,1,5,1015
17851,2,1,825,2,2,8,454
17852,7,8,555,5,1,8,1107
17853,4,3,1431,3,1,6,1101
17854,2,2,1284,2,2,2,622
17855,2,5,1273,5,2,9,2361
17856,3,3,250,4,1,6,1555
17857,3,3,332,2,2,7,1159
17858,2,3,393,2,2,11,2364
17859,5,2,1240,2,2,7,1895
17860,6,2,856,3,2,11,411
17861,3,3,1047,1,2,5,887
17862,2,1,601,5,2,10,980
17863,3,4,1090,3,1,4,768
17864,3,4,113,2,1,7,2102
17865,7,4,11,3,2,6,872
17866,2,8,1281,2,1,7,2489
17867,3,1,712,1,1,4,2381
17868,2,8,907,3,1,2,736
17869,3,2,1263,4,1,10,2388
17870,2,8,916,2,1,9,287
17871,4,2,132,3,1,7,2343
17872,3,8,831,2,2,4,1404
17873,4,5,411,2,2,2,562
17874,2,1,512,3,2,8,2062
17875,3,4,172,3,2,8,608
17876,8,7,703,1,2,10,1894
17877,8,8,379,4,1,8,2277
17878,8,3,1356,4,1,3,1699
17879,2,6,674,5,2,10,146
17880,2,8,868,5,2,4,1286
17881,2,5,186,2,2,2,1708
17882,2,4,323,3,1,7,978
17883,2,5,1384,2,1,7,523
17884,3,7,149,3,2,1,1740
17885,5,4,425,3,2,9,2153
17886,3,3,500,3,1,9,121
17887,5,8,1054,3,2,5,2112
17888,2,7,621,2,2,7,271
17889,7,3,112,3,2,10,668
17890,2,2,1228,2,2,8,1168
17891,3,1,1207,2,1,3,251
17892,2,7,1200,3,2,7,2299
17893,4,8,663,3,1,5,2220
17894,6,7,740,2,2,4,1062
17895,2,8,324,2,2,10,446
17896,2,7,1317,3,2,2,1961
17897,3,2,712,3,1,7,1288
17898,3,1,777,2,1,7,1866
17899,3,8,682,2,1,10,2292
17900,2,1,881,3,2,10,2273
17901,5,7,241,2,1,8,1231
17902,2,7,1354,2,2,11,2488
17903,2,8,893,2,2,4,333
17904,2,6,368,2,2,10,1668
17905,8,5,946,3,2,2,1354
17906,2,6,388,2,2,11,1347
17907,5,3,2,3,2,3,906
17908,2,6,1016,3,2,1,1130
17909,2,7,429,2,1,11,1134
17910,6,6,44,3,1,6,953
17911,2,5,677,5,2,8,1745
17912,4,7,768,3,1,10,677
17913,8,8,978,2,2,8,2401
17914,5,7,1385,3,2,4,615
17915,2,7,363,3,2,4,1725
17916,7,6,1060,5,2,10,1438
17917,4,5,399,3,2,1,2028
17918,6,5,46,2,1,6,2296
17919,7,5,1131,2,2,4,783
17920,2,5,550,3,1,9,364
17921,5,6,452,1,2,2,1355
17922,3,2,793,2,1,8,1845
17923,2,2,470,3,2,7,1325
17924,3,4,632,3,2,8,1179
17925,5,3,1206,2,2,2,155
17926,3,5,1060,2,2,10,1362
17927,7,7,655,5,2,9,164
17928,2,7,1400,3,2,4,2382
17929,2,2,395,5,2,1,1601
17930,2,3,804,2,2,6,774
17931,2,8,123,3,2,4,2026
17932,2,6,498,2,1,2,1798
17933,8,7,820,2,1,1,704
17934,3,4,6,1,2,6,1988
17935,2,8,1381,2,1,8,1974
17936,2,7,1224,2,2,3,957
17937,3,3,927,3,1,10,1217
17938,2,7,1009,3,2,8,2488
17939,3,2,561,3,2,9,2023
17940,2,4,1411,2,1,2,1102
17941,2,3,1075,5,1,4,1689
17942,5,3,1037,2,1,6,1392
17943,3,4,1011,5,2,7,341
17944,2,4,488,3,2,4,1913
17945,6,7,677,2,2,4,2150
17946,2,3,164,2,1,7,585
17947,2,2,589,2,2,7,1903
17948,5,7,1347,4,1,7,2344
17949,5,4,735,5,1,5,411
17950,2,7,981,4,2,4,2335
17951,3,7,18,3,1,6,2441
17952,2,5,355,3,2,7,680
17953,6,8,1056,3,2,10,2128
17954,5,6,674,2,1,9,1164
17955,2,5,669,2,2,5,2418
17956,2,1,1285,2,2,6,861
17957,3,5,263,2,2,5,131
17958,3,7,453,3,1,5,363
17959,7,8,501,3,2,3,2139
17960,1,4,911,3,2,1,263
17961,2,6,697,2,2,2,450
17962,7,7,153,2,1,7,1030
17963,3,8,496,2,1,11,2059
17964,3,3,805,3,2,4,1995
17965,5,5,26,2,2,11,1298
17966,2,8,1086,3,2,10,519
17967,2,2,691,5,2,3,691
17968,7,4,1439,3,2,4,1366
17969,3,7,425,1,2,8,262
17970,1,1,747,2,2,7,1757
17971,2,3,473,2,1,8,1005
17972,2,3,836,2,1,1,2190
17973,2,3,491,3,2,1,2210
17974,2,5,622,3,2,4,2433
17975,6,7,801,2,1,9,2017
17976,2,7,1355,4,1,6,1378
17977,3,2,48,3,2,2,1274
17978,3,8,107,2,1,4,1375
17979,5,4,546,4,1,4,742
17980,3,4,845,2,2,9,2026
17981,3,6,566,3,2,5,442
17982,5,1,1400,3,1,6,943
17983,2,2,429,5,2,3,320
17984,6,5,1174,1,2,9,1189
17985,7,1,503,2,2,4,789
17986,2,8,979,2,2,9,1559
17987,5,7,894,2,2,4,2285
17988,5,2,304,2,1,2,778
17989,4,6,132,3,1,6,1073
17990,2,6,1084,2,2,8,650
17991,5,3,1130,3,2,5,1401
17992,2,3,560,3,2,2,1721
17993,2,6,68,3,2,1,2248
17994,5,3,654,1,2,5,612
17995,7,3,1357,2,1,4,1878
17996,3,6,1404,3,2,10,1591
17997,3,1,1406,5,2,9,1668
17998,5,4,651,2,2,4,2431
17999,1,8,1420,2,2,7,848
18000,2,7,1222,2,2,6,937
18001,2,6,381,5,2,2,897
18002,7,8,951,2,2,4,2375
18003,2,3,1209,1,1,3,726
18004,2,8,951,2,2,6,1310
18005,3,1,659,2,1,11,1258
18006,3,3,1405,2,1,7,680
18007,3,5,1299,2,2,5,1045
18008,4,3,1404,3,1,6,830
18009,2,2,4,5,1,4,746
18010,2,2,837,2,2,7,2195
18011,2,4,1286,3,1,4,1022
18012,2,4,1381,2,1,3,1796
18013,3,4,92,5,2,9,988
18014,2,4,623,5,1,3,400
18015,7,4,100,2,2,7,1017
18016,5,7,600,1,1,5,1812
18017,2,3,692,3,2,3,1753
18018,2,3,950,2,2,11,1459
18019,2,5,1225,1,2,5,1810
18020,3,1,39,5,1,8,2489
18021,2,1,1440,3,2,2,924
18022,5,5,721,3,2,5,283
18023,2,6,1023,3,2,1,1013
18024,8,7,306,2,1,7,135
18025,3,3,192,2,2,8,1711
18026,7,3,828,3,1,8,215
18027,3,2,1113,2,2,7,2218
18028,3,2,1392,2,2,9,1894
18029,5,6,614,2,1,1,2161
18030,7,1,1197,2,1,5,730
18031,3,1,1330,2,1,1,743
18032,5,8,237,2,1,10,280
18033,2,7,1378,4,2,7,878
18034,2,4,70,3,2,11,1915
18035,2,4,429,5,2,2,1719
18036,5,1,1121,3,1,2,1747
18037,2,7,1042,2,2,8,2152
18038,5,3,897,1,2,8,1763
18039,2,7,887,2,2,1,2450
18040,2,2,977,3,1,9,237
18041,2,4,1073,2,2,10,503
18042,2,4,611,2,2,10,1562
18043,3,3,946,1,2,10,326
18044,3,6,325,2,1,10,1409
18045,2,8,78,2,2,10,651
18046,4,5,137,1,1,2,1987
18047,2,5,1419,3,1,11,2119
18048,3,1,1334,2,1,9,1542
18049,7,8,1120,3,2,3,944
18050,2,2,899,2,2,1,1134
18051,2,6,67,3,1,3,1504
18052,2,7,610,3,2,10,2078
18053,3,3,41,3,1,10,1268
18054,2,7,394,2,1,9,1114
18055,2,7,1284,2,1,2,447
18056,2,6,421,3,2,3,628
18057,2,6,56,3,2,9,614
18058,2,6,1393,3,2,6,2111
18059,2,8,477,1,1,2,681
18060,3,2,260,3,2,5,1844
18061,2,6,634,3,2,11,1904
18062,5,7,417,2,2,1,1182
18063,4,5,1459,3,1,10,922
18064,5,1,1095,3,2,5,1213
18065,7,4,979,3,1,9,366
18066,3,4,861,1,1,11,2066
18067,3,7,424,2,2,1,971
18068,2,6,368,3,2,10,1407
18069,2,3,709,2,2,4,123
18070,2,5,19,2,2,9,248
18071,2,8,1205,2,2,2,822
18072,1,6,1424,2,2,8,2473
18073,1,2,301,3,2,5,1198
18074,2,7,798,1,1,9,2458
18075,3,6,588,2,2,1,1908
18076,3,1,709,2,2,7,1115
18077,5,4,311,2,2,4,1272
18078,3,5,1019,3,1,10,2401
18079,2,7,712,3,1,4,1775
18080,3,1,595,1,2,3,934
18081,3,1,1149,2,1,8,961
18082,3,8,571,3,2,7,825
18083,2,8,489,3,1,2,2329
18084,8,7,1117,2,1,2,1798
18085,7,2,1376,5,1,10,1409
18086,3,4,878,2,1,8,545
18087,2,6,406,2,2,5,1539
18088,2,7,257,2,1,5,157
18089,5,8,359,2,1,11,1367
18090,2,1,910,3,2,5,2482
18091,2,5,811,3,2,11,900
18092,2,8,1232,2,1,9,897
18093,2,8,952,2,2,11,690
18094,2,6,235,3,2,7,1130
18095,2,1,619,5,2,5,1429
18096,3,4,91,2,1,8,1512
18097,1,3,693,3,1,9,1810
18098,3,8,976,5,2,11,608
18099,3,4,696,3,2,3,752
18100,5,8,988,2,2,1,1097
18101,2,4,1126,2,1,3,1490
18102,2,7,1280,4,2,9,827
18103,2,3,1168,1,2,9,1906
18104,5,3,1176,5,1,11,543
18105,5,8,564,5,2,3,808
18106,2,8,1086,3,1,2,1938
18107,3,8,332,1,2,2,2267
18108,8,1,430,3,2,9,571
18109,2,2,107,3,2,3,1141
18110,3,7,643,3,2,9,653
18111,2,1,414,2,2,4,1240
18112,3,5,629,2,2,2,835
18113,3,7,1058,2,2,9,2432
18114,5,7,847,3,2,3,853
18115,3,4,488,3,2,2,1162
18116,3,4,387,5,2,1,1356
18117,2,3,755,2,2,7,1007
18118,2,4,985,3,2,10,828
18119,5,8,1163,3,1,8,130
18120,2,8,19,3,2,3,2147
18121,2,7,654,3,2,7,1914
18122,2,1,1456,1,1,10,901
18123,2,3,1089,5,2,1,1842
18124,2,5,265,2,2,9,1369
18125,5,2,368,4,2,10,1669
18126,2,2,375,1,1,6,853
18127,3,2,617,5,1,3,1958
18128,3,3,809,2,1,6,2092
18129,5,1,1383,4,1,1,1097
18130,2,6,1188,2,1,5,1785
18131,4,5,1368,5,2,10,2165
18132,2,3,682,3,2,9,2300
18133,3,7,394,2,2,4,799
18134,2,5,29,1,2,4,1911
18135,5,3,624,1,2,11,515
18136,2,7,898,3,1,3,359
18137,2,2,1224,3,1,3,1092
18138,2,5,1110,2,1,2,244
18139,7,6,1320,3,1,4,1236
18140,2,2,899,2,1,9,1556
18141,3,7,1201,3,2,4,2167
18142,6,2,1065,3,1,5,596
18143,2,7,457,2,2,4,960
18144,6,8,744,2,2,10,324
18145,2,6,740,2,2,8,765
18146,7,6,76,3,1,9,1658
18147,6,2,1060,2,1,6,459
18148,6,6,671,3,1,5,1757
18149,3,4,589,3,1,10,1739
18150,4,7,1135,2,1,4,677
18151,2,7,1100,3,1,9,1586
18152,2,7,46,3,2,4,1541
18153,2,2,1295,3,2,2,1719
18154,2,1,951,4,2,9,999
18155,5,8,340,1,2,9,505
18156,2,3,621,2,1,6,2495
18157,6,4,999,2,2,1,517
18158,3,1,586,3,1,2,396
18159,4,3,694,3,1,10,139
18160,7,3,1306,2,2,7,1973
18161,5,1,367,4,2,1,1170
18162,2,8,974,2,2,6,980
18163,3,8,275,2,2,9,2434
18164,2,3,285,2,2,6,1190
18165,2,3,380,2,1,11,761
18166,2,4,854,3,2,7,2209
18167,3,4,171,3,2,4,2067
18168,2,2,431,2,2,11,2214
18169,2,3,786,4,1,10,529
18170,2,7,1016,3,1,1,207
18171,2,8,913,3,1,11,2055
18172,3,8,1244,5,2,1,533
18173,3,6,765,2,2,8,1563
18174,6,8,1231,3,1,5,296
18175,2,7,327,3,1,7,2412
18176,2,3,128,2,2,9,726
18177,2,8,1059,2,1,3,2395
18178,1,5,1193,2,1,6,2316
18179,2,2,819,1,2,6,2403
18180,2,2,575,3,2,6,316
18181,2,8,772,5,1,1,1017
18182,2,3,503,1,1,11,2337
18183,2,5,905,4,2,10,2061
18184,5,7,202,2,2,9,1838
18185,5,4,246,3,2,9,1635
18186,2,5,168,4,1,8,1298
18187,3,2,531,3,1,9,1878
18188,2,1,749,2,1,3,1290
18189,5,8,158,2,2,5,1311
18190,7,5,832,3,2,9,2302
18191,1,3,193,3,2,10,2196
18192,2,8,450,2,1,4,1907
18193,5,4,1257,1,1,8,2077
18194,6,6,1243,3,1,7,2050
18195,3,7,1075,2,1,3,928
18196,2,1,266,3,1,1,2477
18197,3,3,1388,2,1,1,2461
18198,5,3,731,3,2,10,2458
18199,2,4,613,3,1,4,1999
18200,2,1,143,5,1,7,303
18201,3,8,1218,3,1,2,1049
18202,5,4,1376,1,1,6,1902
18203,6,7,110,3,2,6,1626
18204,2,7,451,2,1,6,1550
18205,5,6,580,2,2,3,1187
18206,2,1,592,3,2,7,1145
18207,6,7,788,1,2,2,701
18208,2,2,368,5,2,2,689
18209,2,3,1404,3,1,1,984
18210,2,2,721,2,1,11,489
18211,3,2,1038,3,2,6,1882
18212,2,7,1225,3,1,11,2111
18213,5,2,287,2,2,8,1466
18214,3,6,1133,3,1,11,2260
18215,2,4,555,2,1,4,546
18216,2,3,126,2,1,4,162
18217,2,2,998,2,2,7,1394
18218,2,7,563,3,1,8,207
18219,3,2,495,5,1,2,714
18220,3,2,480,2,2,5,1800
18221,2,5,62,3,2,3,1234
18222,3,3,1132,3,1,8,711
18223,2,2,1071,2,1,1,1417
18224,3,6,357,3,2,7,202
18225,6,8,1422,2,2,11,672
18226,2,5,690,2,1,6,871
18227,5,5,1115,2,2,2,2167
18228,5,7,1144,3,2,6,345
18229,2,4,66,2,2,8,1180
18230,3,1,1283,2,2,1,150
18231,3,6,312,2,2,8,2081
18232,2,1,494,1,2,10,1726
18233,5,5,285,2,2,1,1604
18234,5,1,1108,2,2,9,739
18235,1,4,950,4,2,1,1194
18236,3,1,1135,2,2,8,2205
18237,2,7,1263,1,2,8,2404
18238,5,7,120,2,1,10,803
18239,3,1,6,3,1,9,978
18240,3,2,189,2,1,10,1092
18241,7,5,1217,2,2,10,935
18242,1,1,235,4,1,4,1039
18243,2,4,755,3,1,3,445
18244,2,6,1054,2,1,4,743
18245,3,7,1283,1,2,8,2239
18246,3,2,1194,3,1,4,1756
18247,3,5,765,5,2,9,1352
18248,2,5,936,2,1,3,822
18249,2,8,336,2,2,5,2204
18250,2,3,189,3,1,8,1389
18251,3,5,729,5,2,8,774
18252,2,1,662,1,2,1,1274
18253,5,3,341,2,2,7,1218
18254,6,5,71,2,2,5,2460
18255,2,2,1305,2,2,4,2483
18256,2,5,1091,5,2,1,2095
18257,2,4,1322,1,2,4,365
18258,2,4,1083,2,1,3,139
18259,2,7,620,2,2,1,1449
18260,3,8,742,3,2,9,1838
18261,3,2,247,2,2,7,1306
18262,2,5,17,3,1,7,159
18263,5,8,777,2,2,2,1817
18264,1,5,33,1,2,11,1269
18265,2,1,873,3,2,7,2027
18266,7,5,19,1,2,4,353
18267,2,1,170,3,1,4,1903
18268,2,8,1197,2,1,9,1487
18269,3,3,25,3,2,4,662
18270,2,8,1303,2,2,3,1322
18271,2,5,198,2,1,5,751
18272,2,4,1435,2,1,6,895
18273,1,1,277,2,2,8,758
18274,2,7,902,2,2,4,124
18275,5,7,765,3,2,9,1506
18276,5,2,1031,3,1,3,165
18277,2,3,56,2,2,5,1574
18278,2,3,519,1,1,11,1024
18279,2,2,718,3,2,3,1185
18280,2,3,1411,3,2,6,2252
18281,2,2,1069,5,1,3,1563
18282,2,6,1345,3,2,7,1725
18283,2,8,389,1,2,11,1561
18284,2,1,203,2,2,3,421
18285,3,5,1273,1,1,5,2232
18286,2,3,1457,1,2,7,1296
18287,1,8,1110,5,1,8,1758
18288,2,6,642,2,1,9,619
18289,3,7,1406,2,2,6,1612
18290,1,2,618,2,1,6,2044
18291,2,5,1175,3,1,1,649
18292,3,2,1182,2,2,6,797
18293,3,2,675,3,2,5,1331
18294,8,8,903,5,2,9,779
18295,3,2,185,2,1,11,2007
18296,2,3,1188,2,2,4,644
18297,5,6,444,5,1,4,1883
18298,3,3,375,3,2,11,1250
18299,2,5,78,2,2,2,1852
18300,5,6,886,3,1,11,1166
18301,3,5,572,3,1,7,170
18302,2,3,844,2,1,11,1314
18303,4,4,821,2,2,6,1770
18304,2,1,1097,4,2,7,1773
18305,3,1,5,3,2,9,2070
18306,2,8,933,2,2,2,983
18307,4,8,1272,2,1,10,652
18308,3,6,1166,2,1,8,921
18309,3,1,233,1,1,11,1644
18310,6,2,559,3,1,8,468
18311,2,1,966,2,2,9,633
18312,2,1,1110,2,1,6,628
18313,3,2,807,4,1,2,1674
18314,2,2,424,3,2,5,1937
18315,3,5,943,2,1,2,1504
18316,3,3,837,1,2,4,451
18317,3,6,1042,2,1,5,2006
18318,2,2,137,2,1,8,1069
18319,4,6,478,2,2,10,1109
18320,3,5,1453,2,2,9,2056
18321,4,8,7,3,1,11,347
18322,1,1,1270,2,2,11,2138
18323,2,3,472,2,2,5,2036
18324,5,8,78,2,2,11,890
18325,2,8,369,1,2,6,1383
18326,7,3,608,2,2,1,497
18327,5,2,1201,3,1,1,308
18328,2,1,1202,3,1,1,1332
18329,8,7,697,5,2,2,2331
18330,5,3,782,4,2,8,2107
18331,8,8,208,5,1,5,2175
18332,2,6,411,3,2,11,2346
18333,4,1,32,2,2,10,1568
18334,3,7,1335,2,2,3,638
18335,3,7,469,1,2,5,1823
18336,7,7,176,3,2,11,1660
18337,3,8,1128,2,2,8,965
18338,3,4,1348,2,1,7,2151
18339,2,8,212,3,2,10,1971
18340,7,2,1402,5,2,2,911
18341,3,6,56,2,2,10,849
18342,7,3,1125,2,2,9,1468
18343,2,6,1448,4,1,10,231
18344,2,1,1012,5,2,4,1087
18345,2,8,1305,3,1,6,2382
18346,5,6,1111,3,1,2,1121
18347,2,8,764,2,1,11,2448
18348,2,2,160,2,2,5,1473
18349,5,3,1105,3,2,6,1413
18350,2,6,562,3,1,2,1465
18351,1,7,487,3,1,1,1514
18352,3,6,1155,2,2,10,2330
18353,6,5,636,3,1,11,278
18354,2,1,572,3,2,11,354
18355,2,2,463,3,1,3,171
18356,2,3,592,1,1,11,802
18357,5,7,1391,2,1,2,2188
18358,2,7,1162,5,2,6,2147
18359,2,8,283,3,2,11,1701
18360,1,6,1258,3,2,3,1698
18361,2,5,423,3,2,2,308
18362,5,7,360,2,1,7,2425
18363,5,1,1162,2,1,1,644
18364,2,2,1444,5,1,9,887
18365,5,5,747,2,2,1,1434
18366,3,1,499,2,2,5,764
18367,2,4,576,3,2,7,176
18368,2,8,473,1,1,10,982
18369,7,3,1455,2,1,5,2087
18370,2,2,1358,3,2,3,2204
18371,3,3,346,2,2,2,1229
18372,5,8,34,2,1,2,1631
18373,2,1,1168,2,2,9,860
18374,8,6,276,1,1,11,1870
18375,2,6,62,5,1,6,1303
18376,2,4,981,2,2,4,189
18377,3,6,548,1,1,10,2387
18378,2,7,855,3,1,10,2171
18379,3,3,1239,3,2,7,1408
18380,1,3,1081,2,2,2,2090
18381,2,7,27,2,1,4,530
18382,2,3,322,2,1,1,1827
18383,2,6,1096,3,2,11,1409
18384,7,8,138,5,1,4,359
18385,2,1,31,2,2,7,1079
18386,2,4,340,4,1,10,2340
18387,3,6,1045,2,1,9,701
18388,2,1,1457,1,2,11,1417
18389,2,1,1066,3,2,5,1218
18390,8,1,966,3,1,6,1834
18391,2,2,637,1,2,7,713
18392,2,3,561,2,1,9,1702
18393,2,1,510,3,2,11,902
18394,4,1,498,4,2,10,1529
18395,2,1,1248,3,2,11,577
18396,2,4,904,3,2,10,1515
18397,2,7,511,2,1,8,1035
18398,6,3,142,2,2,9,722
18399,2,2,936,3,2,5,1149
18400,2,3,115,2,1,9,2086
18401,3,6,1321,2,2,8,396
18402,2,3,587,2,1,2,2370
18403,5,3,230,1,2,1,2444
18404,5,4,122,3,1,4,1230
18405,2,5,622,3,1,2,1368
18406,3,4,905,2,1,3,874
18407,2,7,522,2,1,7,1687
18408,2,7,894,3,1,10,1075
18409,5,5,1075,1,1,5,1817
18410,2,2,691,2,2,3,2395
18411,2,3,244,2,2,2,540
18412,2,5,797,3,2,9,1555
18413,4,3,69,1,1,7,989
18414,1,1,576,3,1,9,1620
18415,2,5,193,2,2,4,1074
18416,2,5,527,5,2,3,1643
18417,6,5,682,3,1,10,2113
18418,3,3,1103,1,1,3,969
18419,3,1,144,2,2,3,2071
18420,5,8,466,1,1,1,2355
18421,2,3,667,2,2,10,798
18422,3,5,461,4,2,8,928
18423,1,7,290,5,2,7,1199
18424,2,1,133,2,2,4,1552
18425,5,4,192,2,2,2,1806
18426,3,5,517,1,1,7,1296
18427,8,4,546,2,2,8,1518
18428,2,2,71,1,1,1,2441
18429,4,7,562,2,2,8,853
18430,2,8,449,3,2,2,2112
18431,2,1,1160,2,1,6,183
18432,2,2,16,1,1,8,1191
18433,4,6,182,2,2,8,2255
18434,2,5,279,2,2,9,2139
18435,4,8,1394,2,2,2,1669
18436,3,8,118,3,1,2,1049
18437,7,6,820,3,1,10,1019
18438,2,3,959,2,2,5,2431
18439,2,7,819,3,1,3,1784
18440,3,2,898,2,1,8,1651
18441,3,4,575,3,2,11,1409
18442,2,6,382,3,2,8,1033
18443,3,6,1008,2,2,8,2492
18444,2,5,528,2,2,11,1071
18445,3,7,4,2,2,8,461
18446,2,1,147,2,2,8,1046
18447,2,5,502,5,1,5,2445
18448,1,5,805,3,2,7,2087
18449,3,3,1003,4,1,11,449
18450,5,2,1450,2,1,1,1398
18451,2,4,353,2,1,1,1637
18452,2,8,988,2,2,8,1009
18453,3,3,53,1,2,5,2402
18454,2,7,620,1,2,4,1845
18455,2,4,317,2,1,7,2235
18456,2,1,1204,2,2,8,1506
18457,2,6,124,2,2,10,380
18458,2,8,1317,5,1,7,816
18459,4,2,2,2,2,9,1172
18460,2,3,1295,3,2,9,2342
18461,5,3,600,2,1,10,1900
18462,2,1,1097,2,1,9,1288
18463,7,8,1160,3,2,9,862
18464,2,7,983,3,2,9,2420
18465,2,6,197,3,1,1,2100
18466,2,8,916,2,2,11,1688
18467,2,7,1287,3,2,5,840
18468,4,6,436,3,1,10,2223
18469,2,2,298,3,1,1,1910
18470,1,2,244,2,1,6,629
18471,4,5,1124,2,2,7,2261
18472,2,8,447,5,1,11,1563
18473,2,7,602,3,2,5,1794
18474,1,1,1139,2,2,2,306
18475,2,2,495,5,2,9,1020
18476,5,1,994,2,2,8,2374
18477,1,7,1200,1,2,1,1433
18478,5,4,859,3,2,8,1210
18479,5,4,268,3,2,1,1181
18480,7,2,107,2,1,11,1367
18481,3,4,804,5,1,5,259
18482,2,1,752,2,2,10,2058
18483,2,4,1405,2,1,7,1278
18484,5,5,295,2,2,6,2040
18485,1,3,756,2,1,2,2347
18486,3,3,279,3,2,3,2319
18487,3,6,365,2,1,6,2497
18488,2,5,1021,2,1,3,2183
18489,4,3,263,3,1,1,637
18490,2,5,1038,3,1,2,348
18491,3,2,169,2,2,9,1111
18492,1,6,907,2,2,11,1296
18493,2,4,141,2,2,3,999
18494,8,4,684,5,1,3,2214
18495,6,8,104,2,2,5,445
18496,8,5,244,4,2,1,804
18497,3,8,454,2,1,11,1839
18498,2,2,1075,3,2,1,1139
18499,5,8,979,3,2,1,2054
18500,2,2,545,2,2,4,2257
18501,2,6,662,3,1,9,802
18502,1,4,1373,3,2,5,929
18503,3,4,1080,3,2,8,2432
18504,2,1,1332,2,1,11,444
18505,2,4,1422,2,1,3,2383
18506,5,4,1228,2,2,10,357
18507,4,6,1025,5,1,4,1576
18508,2,8,800,3,1,5,1408
18509,2,7,989,3,1,2,1010
18510,3,4,476,2,2,3,338
18511,2,4,1089,5,2,1,796
18512,2,2,570,3,2,7,1654
18513,3,5,530,4,2,6,213
18514,3,3,111,2,2,11,2475
18515,3,3,701,2,1,2,1110
18516,7,7,1325,2,2,9,1041
18517,3,8,1424,2,1,3,1706
18518,1,2,579,2,1,3,1234
18519,7,5,119,3,1,11,1806
18520,3,6,1241,3,2,1,1990
18521,2,3,838,2,1,10,708
18522,4,2,700,5,1,7,703
18523,1,1,470,2,1,1,2183
18524,2,3,107,2,1,8,1230
18525,3,8,1172,2,1,11,1844
18526,2,3,1168,2,2,2,2128
18527,2,4,492,2,2,3,1452
18528,3,8,621,1,1,9,2377
18529,2,2,102,3,1,11,137
18530,2,1,4,3,2,10,2205
18531,3,8,912,3,2,8,1947
18532,4,8,911,2,2,6,1497
18533,7,8,530,3,1,7,338
18534,6,2,934,4,2,1,1405
18535,3,3,304,3,2,1,486
18536,3,2,499,3,1,11,1017
18537,7,3,665,3,2,11,1932
18538,5,5,1229,5,1,2,1536
18539,2,7,35,3,2,10,907
18540,2,4,382,5,2,6,1718
18541,8,4,479,3,2,7,1889
18542,2,4,756,3,2,2,230
18543,2,7,1359,3,2,3,680
18544,2,2,900,3,2,2,1811
18545,8,4,665,2,1,2,2106
18546,2,6,1307,2,1,1,855
18547,5,2,926,5,1,1,2243
18548,2,5,61,3,2,8,2195
18549,3,3,1012,5,1,11,982
18550,3,8,225,2,2,10,1199
18551,2,7,1388,3,1,2,2138
18552,8,5,1112,3,2,10,1450
18553,5,5,81,2,2,8,2233
18554,2,8,299,2,2,9,304
18555,2,2,565,3,2,8,676
18556,2,6,179,3,2,4,406
18557,1,6,653,3,2,9,1395
18558,2,2,403,2,1,10,1106
18559,2,6,651,3,1,10,141
18560,3,4,490,3,1,1,1076
18561,2,8,1336,2,1,3,1287
18562,2,6,781,2,2,3,2140
18563,3,4,1313,3,1,6,804
18564,2,6,229,3,1,6,327
18565,4,1,675,2,1,7,1213
18566,8,4,1197,3,2,10,1799
18567,2,5,566,3,2,10,1742
18568,3,8,589,5,2,7,1273
18569,3,4,1257,1,2,9,660
18570,3,4,790,1,2,10,1187
18571,2,4,142,2,1,6,1936
18572,2,3,987,3,2,2,1827
18573,4,4,351,2,1,5,1978
18574,2,1,1320,2,2,11,1167
18575,3,3,1176,3,1,1,1002
18576,3,2,63,2,2,3,226
18577,2,4,611,2,2,4,131
18578,5,4,600,3,2,11,146
18579,4,8,69,2,2,5,2408
18580,2,1,1198,3,2,8,2337
18581,4,5,266,5,1,4,2416
18582,2,4,1407,3,2,8,2434
18583,5,3,622,2,2,8,907
18584,3,1,1000,3,2,10,2126
18585,3,7,602,3,2,7,1536
18586,2,2,221,3,1,9,548
18587,2,7,56,2,1,11,2124
18588,1,4,525,2,1,9,1203
18589,3,7,407,2,1,11,2281
18590,3,3,951,3,2,7,757
18591,8,5,1114,2,2,11,282
18592,3,5,318,2,1,6,1777
18593,2,3,1282,3,1,3,915
18594,1,4,610,1,1,1,1378
18595,1,5,133,3,2,2,1335
18596,2,3,16,3,2,11,763
18597,3,8,439,2,2,5,1505
18598,6,2,139,3,1,9,2369
18599,2,4,258,3,1,9,625
18600,2,4,730,2,1,7,980
18601,3,3,1174,3,2,6,562
18602,2,3,147,3,2,10,1545
18603,3,3,559,3,2,10,453
18604,5,3,739,2,1,7,1807
18605,2,1,959,3,2,11,1497
18606,4,8,637,2,2,6,1710
18607,2,8,24,2,2,5,1492
18608,2,5,1424,2,1,6,1635
18609,2,5,1154,2,1,1,1462
18610,7,6,385,5,1,5,191
18611,2,8,529,3,2,1,2158
18612,2,1,69,2,2,5,726
18613,6,5,1208,3,2,2,2076
18614,6,1,888,2,2,11,2479
18615,2,3,1180,2,1,10,2458
18616,2,3,1205,2,1,5,1681
18617,3,5,1183,1,1,10,575
18618,3,2,963,4,2,4,2295
18619,8,5,1039,2,2,4,1561
18620,2,2,1359,3,2,6,2081
18621,2,3,591,2,1,10,279
18622,3,7,137,5,1,8,1771
18623,3,4,285,2,2,6,2441
18624,5,6,1242,3,1,1,1589
18625,4,3,1089,3,2,11,1861
18626,3,1,1136,3,1,9,1029
18627,2,3,65,2,2,4,1390
18628,3,3,893,3,2,7,1760
18629,2,7,1017,5,1,1,1486
18630,3,1,1285,2,2,9,1602
18631,8,8,1284,3,1,3,864
18632,3,3,840,1,1,3,687
18633,2,4,674,2,1,10,623
18634,2,5,973,4,2,8,1790
18635,2,8,958,2,1,2,2006
18636,2,3,129,2,2,9,2107
18637,5,7,1152,3,1,3,2316
18638,3,8,866,1,1,2,2268
18639,3,8,1127,3,2,5,2204
18640,2,4,631,3,2,9,1900
18641,2,1,1384,3,1,9,1123
18642,2,3,212,1,1,8,1973
18643,2,1,946,3,2,8,1303
18644,7,8,1221,2,1,7,1695
18645,5,2,1236,3,1,3,638
18646,6,1,1398,2,2,3,494
18647,3,8,1350,2,2,5,495
18648,3,6,1424,1,2,9,1741
18649,2,5,156,2,1,1,437
18650,2,3,716,2,2,3,2472
18651,3,8,1158,3,1,9,1496
18652,3,5,725,5,1,7,2368
18653,5,4,437,1,2,2,1361
18654,2,3,164,2,1,2,1972
18655,6,7,622,3,2,1,1219
18656,2,7,691,1,1,10,2394
18657,2,4,921,5,2,3,1248
18658,4,4,724,3,2,4,1934
18659,2,2,457,2,2,1,1736
18660,4,8,46,3,1,1,1447
18661,2,5,407,5,1,3,528
18662,5,8,1289,3,2,5,2272
18663,2,3,131,1,2,8,1356
18664,2,2,6,2,2,5,915
18665,5,7,609,3,2,7,1005
18666,2,6,77,3,1,9,156
18667,2,8,776,3,1,1,2084
18668,5,4,387,3,1,5,402
18669,8,3,722,1,2,2,1606
18670,2,7,963,5,2,1,190
18671,2,2,798,2,2,7,1055
18672,5,4,1066,3,2,7,1034
18673,7,6,474,2,1,1,1182
18674,6,6,662,2,2,10,1338
18675,2,6,1132,3,2,7,758
18676,3,3,1251,1,2,6,610
18677,2,2,1,5,1,6,806
18678,2,7,818,3,1,1,461
18679,2,7,943,4,1,11,2159
18680,2,3,781,3,1,10,692
18681,3,1,1017,1,2,7,669
18682,2,4,254,2,2,1,964
18683,4,5,645,2,2,10,828
18684,5,2,1003,2,2,10,714
18685,2,4,932,5,2,5,2062
18686,4,4,330,2,2,1,2434
18687,6,7,602,3,2,1,1484
18688,3,2,1029,3,2,8,206
18689,2,3,1240,1,2,5,597
18690,2,1,1429,2,1,11,512
18691,2,2,957,2,2,11,1036
18692,3,8,1436,2,1,5,640
18693,2,1,970,2,2,11,273
18694,3,5,1125,2,2,3,1650
18695,2,2,199,2,1,11,1222
18696,3,4,732,2,2,11,183
18697,2,4,560,1,1,2,2066
18698,2,1,286,3,2,10,2418
18699,2,7,1084,3,2,4,1656
18700,3,1,1453,3,2,1,1986
18701,7,1,1448,2,2,7,672
18702,3,1,1201,3,1,8,1612
18703,2,4,71,2,2,2,887
18704,1,3,1247,1,2,1,605
18705,5,8,1371,3,2,7,689
18706,2,2,98,1,1,6,1568
18707,2,8,789,2,2,5,2223
18708,2,3,1130,1,2,6,1162
18709,2,7,253,2,2,6,1936
18710,2,8,1193,3,2,9,674
18711,3,1,852,2,1,4,693
18712,4,7,444,2,1,1,822
18713,2,6,1420,2,1,4,394
18714,2,2,275,2,1,11,2036
18715,2,7,61,2,2,8,430
18716,8,3,886,2,2,10,1994
18717,2,1,73,4,2,4,499
18718,2,1,1169,2,2,5,465
18719,2,2,691,2,1,3,2182
18720,3,5,760,2,2,6,1115
18721,2,8,1126,2,2,9,898
18722,5,8,717,2,1,11,130
18723,2,2,442,1,2,5,1885
18724,2,3,63,5,2,2,1079
18725,2,5,921,3,2,3,1890
18726,4,7,1294,3,2,3,1461
18727,2,2,1157,4,2,4,1495
18728,7,4,97,5,2,3,2346
18729,2,7,187,2,2,1,1385
18730,2,2,487,3,2,9,1116
18731,5,2,259,2,2,11,2086
18732,2,4,907,2,1,7,690
18733,2,4,1129,2,2,4,963
18734,2,7,1391,3,2,9,998
18735,2,6,472,3,2,11,2260
18736,2,4,177,2,1,2,2452
18737,2,8,650,1,2,9,1192
18738,2,2,1106,3,2,9,1772
18739,3,3,874,2,1,2,1176
18740,3,1,962,3,2,7,1158
18741,2,3,769,2,1,4,2483
18742,3,2,1105,5,1,5,914
18743,2,5,898,2,1,5,722
18744,5,6,1374,2,2,9,418
18745,3,6,288,2,1,6,1710
18746,3,4,273,2,2,1,420
18747,5,6,332,2,1,5,1995
18748,2,7,803,1,1,1,2232
18749,2,4,1437,3,1,7,1749
18750,3,5,1226,5,1,3,1919
18751,2,5,47,4,2,2,552
18752,2,8,986,4,1,7,1492
18753,2,5,125,2,2,9,1408
18754,2,5,1282,5,2,5,1380
18755,5,3,578,2,1,4,1995
18756,2,1,1011,3,2,10,2131
18757,2,5,547,5,1,5,2384
18758,8,4,42,2,2,7,1228
18759,2,1,278,2,1,4,1760
18760,2,2,1171,3,2,9,2372
18761,7,1,129,2,1,6,2444
18762,2,7,947,3,1,3,2179
18763,8,2,870,2,1,2,1463
18764,2,6,855,4,2,4,1543
18765,2,2,1318,3,1,9,1990
18766,2,8,624,5,1,2,972
18767,3,3,414,3,2,3,371
18768,8,2,131,4,2,3,878
18769,7,7,754,3,1,5,1055
18770,3,6,134,2,2,5,1718
18771,2,8,1253,3,2,10,498
18772,4,7,1456,4,2,11,165
18773,5,6,180,1,2,7,2195
18774,2,7,892,3,1,1,706
18775,5,4,800,1,1,2,338
18776,4,1,1204,3,1,5,1078
18777,5,8,59,5,2,5,1688
18778,2,1,1202,2,2,7,514
18779,6,4,912,2,1,7,783
18780,2,7,862,2,2,3,2144
18781,3,6,113,3,1,4,1383
18782,2,7,236,3,1,2,1517
18783,1,2,184,3,2,11,2361
18784,2,4,1312,3,1,2,735
18785,3,2,1376,3,2,3,694
18786,2,5,54,2,1,11,844
18787,3,8,77,1,2,7,1730
18788,8,4,1358,2,1,6,978
18789,1,3,696,4,2,1,1926
18790,2,2,1043,2,2,9,498
18791,2,4,1310,2,2,1,508
18792,2,4,292,2,1,7,1607
18793,3,7,58,2,2,8,1265
18794,7,6,1108,4,2,6,2397
18795,5,3,633,2,2,1,662
18796,2,1,547,2,1,2,468
18797,2,6,1115,4,1,7,1777
18798,3,7,1104,1,2,5,1462
18799,2,6,1070,4,2,9,821
18800,2,8,631,2,2,8,955
18801,2,1,436,2,2,4,1084
18802,2,8,889,2,1,5,2133
18803,2,2,903,2,1,10,233
18804,8,8,810,2,1,3,359
18805,2,1,323,5,2,2,1262
18806,7,6,1113,4,2,5,955
18807,3,8,165,4,2,4,574
18808,3,2,963,2,2,7,2320
18809,2,4,201,2,2,10,1203
18810,2,4,266,2,1,10,1311
18811,2,1,759,2,2,1,800
18812,3,7,467,3,2,6,2132
18813,5,2,781,3,1,9,1691
18814,8,4,17,3,2,6,306
18815,2,8,1311,1,1,9,2081
18816,3,3,311,5,2,2,346
18817,3,8,626,5,2,11,1794
18818,2,2,493,2,2,8,2195
18819,2,7,1093,4,2,10,2310
18820,7,4,500,5,2,9,692
18821,2,4,1340,2,1,3,2041
18822,4,4,428,2,2,6,2325
18823,2,7,101,2,1,5,2368
18824,2,6,564,5,1,6,2429
18825,3,7,1385,2,2,11,563
18826,2,1,561,3,1,9,1436
18827,8,7,492,3,2,3,728
18828,7,2,473,5,2,8,577
18829,5,8,452,3,1,7,1236
18830,6,5,1243,3,1,10,1657
18831,2,1,1310,3,2,11,1815
18832,2,8,433,2,2,9,2021
18833,4,1,1361,5,2,4,2441
18834,2,8,883,2,2,11,2490
18835,2,5,815,2,1,3,1745
18836,2,2,773,3,1,11,624
18837,2,3,1299,3,1,9,1604
18838,3,6,111,1,1,3,578
18839,2,3,1359,3,2,3,124
18840,2,6,1061,2,1,1,1021
18841,2,7,1200,3,2,11,1283
18842,3,6,106,2,2,4,2108
18843,1,7,1060,4,2,7,248
18844,3,1,620,4,1,8,1408
18845,2,6,757,2,2,2,2226
18846,2,1,107,3,1,10,2299
18847,2,7,842,3,2,7,1409
18848,2,5,10,3,2,9,1324
18849,5,8,1437,2,1,4,1030
18850,2,6,1360,3,2,9,915
18851,2,5,857,3,1,10,1709
18852,5,3,21,2,2,4,2202
18853,5,8,258,2,1,10,383
18854,3,1,389,3,2,10,989
18855,3,7,187,3,1,1,1634
18856,2,1,918,4,2,11,1037
18857,2,2,1296,2,2,6,1253
18858,3,6,352,2,1,4,2284
18859,2,2,1404,2,1,5,2200
18860,2,8,1048,3,2,8,1559
18861,5,2,910,3,2,2,1467
18862,3,5,278,2,1,9,1234
18863,2,1,1387,3,1,3,2121
18864,2,7,952,3,1,3,467
18865,3,4,1303,5,2,6,1443
18866,2,5,1136,2,2,5,1791
18867,2,4,124,2,2,6,1200
18868,5,1,1324,2,2,5,1394
18869,2,7,1428,2,2,8,1192
18870,2,1,1274,3,2,9,1845
18871,3,2,1185,3,2,2,2296
18872,7,5,797,2,2,9,780
18873,7,5,359,3,2,10,157
18874,7,4,282,2,2,8,458
18875,2,1,456,5,2,1,2208
18876,5,5,12,3,2,8,437
18877,4,6,104,3,2,7,1222
18878,3,8,890,4,1,1,1507
18879,2,5,186,3,2,3,1176
18880,5,3,989,1,1,6,720
18881,1,5,1306,4,2,1,1217
18882,6,7,1058,5,2,5,1412
18883,2,6,1384,2,1,6,980
18884,8,7,629,2,1,2,2369
18885,3,4,1358,3,1,7,603
18886,2,5,159,2,2,7,1312
18887,6,7,171,3,2,11,2119
18888,4,6,169,3,2,6,1726
18889,5,3,232,3,2,6,1098
18890,1,8,721,1,1,6,297
18891,5,4,1168,3,1,9,1042
18892,2,2,596,1,1,11,2358
18893,8,1,275,1,2,9,2206
18894,6,1,1204,3,2,2,1280
18895,2,1,1197,3,2,9,1965
18896,2,8,236,2,1,2,2171
18897,2,3,431,3,1,3,128
18898,7,7,90,1,2,9,2497
18899,5,3,1003,3,2,3,1963
18900,6,6,948,2,1,4,603
18901,3,3,208,3,1,5,2112
18902,5,7,843,1,1,1,1567
18903,4,2,574,3,1,2,902
18904,2,6,648,3,1,11,1114
18905,3,8,897,1,2,6,938
18906,3,2,1085,2,1,2,490
18907,5,7,1064,2,2,11,634
18908,5,2,66,3,2,2,423
18909,7,7,223,3,1,4,182
18910,2,8,855,3,2,7,1660
18911,2,4,234,4,2,1,504
18912,5,5,1275,1,1,11,1486
18913,2,1,270,2,2,6,1080
18914,2,2,868,2,2,2,1598
18915,2,1,1030,1,1,6,1450
18916,2,6,484,2,2,4,654
18917,5,1,1248,2,2,7,1529
18918,5,3,410,2,2,9,1612
18919,3,1,799,2,2,1,1703
18920,5,3,884,2,2,10,168
18921,2,5,680,3,1,6,898
18922,2,5,1084,2,2,3,2008
18923,4,7,768,3,1,7,2412
18924,2,2,189,2,2,6,2137
18925,2,3,253,1,2,2,1759
18926,5,7,829,2,1,5,1576
18927,2,3,433,5,2,7,1677
18928,2,1,1020,2,1,4,621
18929,2,8,1105,2,1,4,2278
18930,6,5,149,1,2,11,2129
18931,3,3,177,3,1,10,442
18932,2,6,79,2,2,2,313
18933,5,5,1170,3,2,8,1965
18934,4,2,30,2,1,3,210
18935,3,2,1163,2,2,8,1015
18936,2,4,539,2,2,8,785
18937,2,5,233,3,2,1,1730
18938,2,3,595,3,2,8,1628
18939,3,2,578,3,1,2,1862
18940,3,5,821,2,2,10,348
18941,2,1,56,1,2,6,1146
18942,3,3,154,2,1,1,542
18943,3,5,58,5,2,4,367
18944,1,1,701,2,2,7,319
18945,3,8,198,5,1,11,912
18946,3,6,1130,2,2,7,1425
18947,7,8,1298,3,2,6,1891
18948,2,2,490,2,1,5,682
18949,2,5,1425,3,2,4,562
18950,5,8,84,3,1,7,425
18951,2,7,759,3,1,5,1769
18952,2,4,1043,3,2,7,312
18953,4,3,543,2,1,1,2487
18954,3,1,912,2,1,7,2310
18955,5,5,76,1,1,2,1753
18956,5,5,144,1,1,11,1060
18957,2,1,495,4,2,1,1689
18958,3,4,1176,2,1,9,819
18959,8,7,743,2,2,4,2432
18960,3,5,250,2,1,4,1293
18961,5,3,1148,3,1,11,561
18962,3,2,575,2,2,4,2180
18963,2,7,96,2,2,2,913
18964,2,8,124,2,2,3,1294
18965,2,3,605,5,2,3,871
18966,3,3,15,3,2,1,167
18967,3,2,1068,2,1,8,1821
18968,8,4,1322,3,2,8,2123
18969,2,5,382,2,2,3,2321
18970,2,1,73,2,2,10,2177
18971,3,1,633,3,1,7,208
18972,6,6,1066,3,2,10,1311
18973,3,3,290,2,2,8,1812
18974,5,2,554,2,2,5,1992
18975,5,1,1129,2,1,3,2038
18976,3,7,680,3,1,5,1607
18977,2,2,253,3,2,1,221
18978,2,7,3,1,1,11,982
18979,2,1,1043,2,2,5,1304
18980,2,8,292,3,1,7,313
18981,2,2,1417,2,2,11,2138
18982,3,7,923,3,2,1,756
18983,2,3,1004,2,2,8,2025
18984,2,7,274,2,1,11,1133
18985,5,6,428,5,2,7,906
18986,2,6,668,2,2,5,1924
18987,2,7,287,2,2,11,1300
18988,6,3,815,3,1,1,1199
18989,2,7,1276,2,2,9,761
18990,2,8,1384,2,1,8,1434
18991,2,4,465,4,2,5,657
18992,7,8,1137,2,2,10,703
18993,3,4,285,2,2,9,1968
18994,2,5,216,2,1,3,424
18995,3,5,787,2,1,6,1666
18996,2,2,960,4,2,6,2117
18997,3,3,1007,2,1,10,2031
18998,3,3,867,1,1,9,531
18999,2,2,1067,1,1,11,640
19000,3,8,620,3,2,8,1177
19001,3,2,977,5,1,5,1322
19002,1,1,1086,2,1,8,526
19003,6,6,1181,3,1,3,1863
19004,3,1,1108,2,2,8,2030
19005,4,2,1369,3,2,10,390
19006,3,2,1211,2,1,3,561
19007,4,7,1331,5,2,7,1283
19008,2,2,1179,2,2,3,1339
19009,3,8,145,2,2,7,1136
19010,7,1,972,2,2,1,554
19011,1,6,1093,3,2,11,507
19012,2,2,945,5,1,9,694
19013,2,5,558,4,2,3,1939
19014,8,6,190,5,1,11,1768
19015,3,5,688,2,2,1,1217
19016,6,5,963,5,1,9,2484
19017,5,6,1327,3,1,9,1702
19018,7,5,1444,2,2,10,863
19019,2,3,1335,2,1,7,904
19020,2,8,1166,2,1,6,1450
19021,3,1,958,2,2,2,145
19022,4,2,1354,2,1,7,695
19023,5,3,318,3,2,5,1745
19024,3,2,945,2,1,7,991
19025,5,7,488,3,2,6,1365
19026,5,8,858,2,1,7,1406
19027,1,2,521,5,2,10,2031
19028,2,3,1095,2,2,7,975
19029,2,2,1027,4,2,4,1146
19030,3,8,466,2,2,8,723
19031,2,7,834,2,2,1,280
19032,6,7,485,1,2,1,422
19033,2,6,1019,2,1,2,259
19034,8,1,497,1,2,8,2317
19035,8,8,460,4,2,8,1284
19036,2,8,1434,2,2,7,860
19037,4,8,1351,3,2,4,426
19038,3,2,217,2,1,2,2138
19039,5,1,1308,3,2,2,280
19040,2,7,542,2,2,10,2353
19041,8,7,1289,1,2,6,1368
19042,3,8,1340,3,1,9,1199
19043,1,7,305,3,2,5,954
19044,5,4,1289,2,2,7,2093
19045,3,7,853,3,1,3,1963
19046,2,7,610,2,1,6,235
19047,2,5,883,2,1,9,136
19048,3,7,841,5,1,4,1868
19049,4,2,783,3,2,4,1583
19050,2,5,622,2,2,4,2442
19051,6,1,351,2,2,3,330
19052,4,3,1348,5,1,9,1876
19053,2,1,981,3,2,11,2168
19054,2,6,1420,2,2,5,432
19055,8,6,572,2,2,4,710
19056,2,1,1186,2,1,3,2079
19057,2,7,1429,3,2,5,1765
19058,2,1,913,2,1,5,541
19059,8,5,1328,4,1,6,554
19060,3,5,26,3,2,5,1294
19061,2,2,953,5,2,8,470
19062,2,5,136,3,1,2,712
19063,2,4,1102,2,2,5,1874
19064,2,3,203,2,2,2,2269
19065,4,3,1121,2,1,3,933
19066,3,4,897,4,1,5,2428
19067,5,5,748,2,2,4,1563
19068,2,7,1028,3,2,10,426
19069,3,4,889,3,2,10,1003
19070,2,1,544,3,2,7,535
19071,7,1,619,2,2,9,2166
19072,5,3,1305,5,2,11,233
19073,2,8,138,4,2,1,781
19074,2,1,675,3,2,6,1746
19075,7,6,50,2,1,5,1706
19076,2,1,779,1,2,2,1346
19077,3,3,840,3,2,4,1092
19078,3,2,602,3,1,11,2408
19079,2,8,618,5,2,2,2241
19080,3,5,1181,3,1,9,988
19081,3,5,319,5,1,11,865
19082,3,2,1346,4,2,10,713
19083,2,7,718,2,2,7,2397
19084,7,6,1263,2,2,4,353
19085,2,8,139,2,2,5,1609
19086,2,7,583,4,2,5,2373
19087,2,6,272,2,2,6,856
19088,7,2,1338,3,1,1,2412
19089,2,1,238,2,1,7,296
19090,5,7,1375,1,1,3,168
19091,3,8,1045,3,2,10,1710
19092,4,3,1145,3,2,8,2038
19093,3,7,947,3,1,1,591
19094,3,8,623,2,1,5,2052
19095,5,6,937,1,2,9,1230
19096,3,6,936,2,2,1,531
19097,7,7,202,2,2,1,828
19098,2,2,1280,2,2,8,607
19099,3,4,924,2,2,5,2215
19100,7,2,1022,3,2,5,607
19101,7,7,40,3,2,6,315
19102,7,6,1199,2,2,7,359
19103,3,1,199,3,2,11,633
19104,6,4,869,3,1,9,1412
19105,2,5,887,5,2,2,964
19106,2,5,13,3,2,6,901
19107,2,5,940,3,1,9,2180
19108,6,4,607,2,1,10,1857
19109,2,5,58,3,1,1,311
19110,5,6,402,2,1,6,2466
19111,2,6,1264,3,2,7,418
19112,2,7,970,3,1,5,506
19113,3,5,983,2,1,11,1142
19114,3,7,1100,2,1,3,1200
19115,2,5,742,4,1,7,2481
19116,3,7,1151,2,1,1,367
19117,2,7,976,3,1,7,559
19118,3,7,513,1,2,1,2232
19119,2,1,20,3,1,6,578
19120,3,1,891,3,1,10,1580
19121,2,4,902,3,2,1,739
19122,3,1,327,2,1,7,474
19123,2,3,928,2,1,11,903
19124,2,8,230,2,2,4,232
19125,2,8,168,2,2,10,2013
19126,5,1,1351,2,2,11,168
19127,3,8,39,1,2,5,571
19128,8,1,1405,3,1,1,751
19129,8,7,103,2,2,11,1968
19130,5,7,1357,2,2,8,2198
19131,5,7,134,2,1,11,1619
19132,3,6,1088,1,2,4,2067
19133,5,5,1114,3,2,5,2003
19134,3,4,752,2,2,1,482
19135,2,7,720,3,1,1,1294
19136,2,1,949,4,2,7,430
19137,3,1,1391,2,1,6,1943
19138,5,1,822,3,1,6,1462
19139,2,6,675,2,2,7,1002
19140,2,3,282,3,1,5,2044
19141,3,2,1230,4,2,4,2466
19142,6,8,845,3,2,9,1069
19143,2,4,422,2,2,9,259
19144,3,4,728,3,2,11,754
19145,6,5,613,1,2,3,1956
19146,2,6,305,2,2,10,670
19147,4,6,1,3,2,1,2356
19148,4,4,534,2,1,4,404
19149,2,6,1172,3,2,4,1225
19150,2,8,1252,2,2,1,2034
19151,2,1,1301,1,2,11,1577
19152,2,6,778,2,1,9,1791
19153,8,2,1065,2,2,2,745
19154,2,6,932,3,1,7,472
19155,8,3,659,3,2,10,434
19156,2,5,1114,5,2,7,1028
19157,6,4,895,2,2,8,2259
19158,2,1,693,1,1,10,1857
19159,3,5,550,3,2,1,1551
19160,2,4,286,3,2,3,748
19161,2,5,256,2,1,6,2389
19162,2,7,278,3,2,1,2295
19163,2,4,1185,2,1,11,991
19164,2,8,1241,3,2,7,1364
19165,3,4,603,3,1,6,1973
19166,2,6,1261,4,2,1,1855
19167,5,6,637,2,2,9,1933
19168,5,4,1419,3,2,1,2167
19169,5,1,884,3,2,5,1021
19170,4,8,1,2,1,1,1584
19171,7,1,90,5,1,4,1007
19172,2,7,578,1,2,5,1480
19173,2,5,531,5,1,1,1104
19174,3,4,1115,3,1,1,2177
19175,3,1,1228,3,2,10,1321
19176,2,7,292,2,2,7,897
19177,3,8,1148,2,1,6,682
19178,2,6,1451,5,1,2,224
19179,2,2,1310,2,1,6,1418
19180,5,6,830,1,1,4,1372
19181,2,8,215,2,1,9,1760
19182,2,7,827,2,2,6,1671
19183,2,5,690,3,1,7,1026
19184,2,8,318,2,2,11,2263
19185,2,7,125,2,1,5,133
19186,2,4,1256,2,1,8,363
19187,2,6,584,4,2,6,2235
19188,2,4,797,5,1,8,1383
19189,2,7,220,2,1,1,1241
19190,2,8,454,2,2,3,1333
19191,2,3,1158,3,2,7,1849
19192,5,2,1383,2,1,8,1978
19193,3,8,257,2,2,4,2224
19194,3,2,372,1,2,11,1735
19195,3,6,501,2,2,6,640
19196,2,1,104,4,2,4,1375
19197,6,5,795,3,1,2,1665
19198,2,8,937,1,2,2,1423
19199,2,1,1165,3,2,1,1500
19200,2,6,136,3,2,1,846
19201,4,7,955,2,1,5,2091
19202,1,5,1374,2,2,2,320
19203,7,8,400,3,2,5,1292
19204,2,4,736,2,2,8,142
19205,1,7,1195,2,2,8,2169
19206,2,2,266,2,2,4,772
19207,3,5,502,2,1,11,148
19208,8,3,632,3,2,4,150
19209,5,7,198,1,1,3,701
19210,2,6,774,2,1,6,2176
19211,5,6,422,3,2,8,1788
19212,2,7,1434,2,2,6,1732
19213,2,1,1373,3,2,9,2412
19214,5,4,566,2,2,4,1038
19215,2,3,1067,3,1,2,1712
19216,2,1,118,3,2,3,1563
19217,3,3,237,5,1,8,2290
19218,3,2,1191,2,2,5,1458
19219,2,5,1012,1,1,11,2004
19220,2,2,604,3,2,6,181
19221,4,5,1230,5,1,11,2194
19222,2,8,1422,5,2,10,559
19223,3,1,326,3,2,11,1872
19224,8,7,1122,5,2,3,519
19225,3,3,513,2,1,1,1163
19226,2,8,508,2,2,8,2266
19227,2,5,585,2,2,11,1473
19228,3,7,618,1,1,5,2229
19229,5,4,1122,2,2,3,961
19230,3,8,321,1,2,11,1075
19231,2,2,114,2,1,3,842
19232,2,7,789,1,2,4,2280
19233,2,6,412,1,1,2,2431
19234,5,6,537,3,1,6,1707
19235,3,6,41,4,2,9,1610
19236,2,1,1136,3,1,11,808
19237,5,2,1362,2,2,2,332
19238,3,5,410,4,2,4,1427
19239,4,2,1230,3,2,9,2252
19240,2,2,14,2,1,3,2072
19241,3,1,195,3,2,8,2207
19242,2,5,1073,3,2,6,2278
19243,5,5,837,3,2,2,2455
19244,5,2,1122,1,2,8,420
19245,5,2,1260,2,2,3,2360
19246,2,4,821,5,1,10,2375
19247,3,8,518,2,2,1,1524
19248,2,4,561,3,1,1,1975
19249,7,4,912,2,2,6,1456
19250,2,6,35,2,1,6,1782
19251,2,8,881,3,1,10,156
19252,2,2,476,3,2,9,1785
19253,2,3,1372,2,2,9,1600
19254,2,6,627,2,1,10,1021
19255,2,3,75,3,1,5,776
19256,2,2,662,5,2,11,672
19257,2,8,1196,2,2,1,309
19258,5,7,263,3,1,4,1688
19259,2,2,1288,5,1,4,1656
19260,1,1,958,1,1,6,1069
19261,4,4,657,2,2,10,2326
19262,2,2,781,2,2,1,274
19263,2,8,86,1,2,3,673
19264,2,1,828,3,2,1,307
19265,3,4,1295,3,1,11,273
19266,3,4,495,2,2,11,1560
19267,2,1,411,3,2,3,601
19268,2,5,1279,3,1,10,2263
19269,3,1,120,2,1,11,1907
19270,2,5,235,3,1,4,923
19271,8,5,1097,3,2,8,1737
19272,2,7,291,3,2,7,193
19273,2,6,1355,3,2,4,1805
19274,2,5,58,2,2,6,1678
19275,3,4,660,2,2,9,2032
19276,2,6,372,2,2,3,1530
19277,2,6,336,4,2,8,2466
19278,2,6,857,3,2,7,882
19279,2,4,1292,2,2,3,800
19280,3,2,1003,2,2,3,706
19281,2,7,1191,2,2,3,1677
19282,5,8,1275,3,2,1,1806
19283,2,1,392,3,2,8,2256
19284,3,4,422,3,1,6,1193
19285,3,7,556,3,2,3,1295
19286,3,1,1115,3,1,1,2162
19287,3,3,790,3,2,9,1113
19288,2,3,710,2,2,1,139
19289,6,2,582,1,1,2,2271
19290,3,5,1333,2,2,3,2268
19291,2,4,310,3,2,7,2200
19292,2,3,373,2,2,1,2337
19293,2,4,926,1,2,11,1603
19294,5,4,911,3,2,2,336
19295,2,7,632,2,2,2,518
19296,8,3,218,3,2,1,1321
19297,2,4,1033,3,2,1,526
19298,3,6,614,2,2,7,2295
19299,5,4,444,2,2,10,229
19300,4,4,384,2,2,9,152
19301,2,3,121,5,1,8,1183
19302,6,4,135,2,1,9,1219
19303,1,1,248,2,2,9,218
19304,6,7,364,1,1,4,2480
19305,4,6,1270,2,2,1,1222
19306,4,2,36,2,1,1,2016
19307,3,2,966,3,1,3,1812
19308,7,2,775,4,2,3,787
19309,3,6,575,3,2,3,825
19310,3,3,1144,1,1,10,2208
19311,3,3,196,2,1,1,1779
19312,6,1,92,3,1,5,2181
19313,2,6,549,2,2,10,2223
19314,5,6,696,3,2,2,130
19315,2,1,550,3,2,2,753
19316,2,3,1373,2,1,5,879
19317,2,3,901,3,2,10,1860
19318,2,5,1141,3,1,8,670
19319,6,5,596,5,2,11,863
19320,2,4,456,5,2,10,1161
19321,3,5,1410,5,2,3,299
19322,2,5,1340,1,2,1,2381
19323,8,4,795,3,2,1,1433
19324,7,3,209,1,2,3,2425
19325,2,2,409,3,2,7,2046
19326,2,6,21,3,1,8,1488
19327,2,5,732,2,1,6,1781
19328,2,2,1144,2,2,7,545
19329,2,5,177,2,1,1,656
19330,6,7,1432,2,2,5,1117
19331,7,1,279,2,2,10,2362
19332,2,8,1305,2,2,7,659
19333,6,5,193,2,2,4,2015
19334,2,8,1092,3,1,10,1267
19335,2,1,1343,2,2,4,384
19336,3,4,995,2,1,9,2059
19337,2,8,380,1,1,3,884
19338,2,6,1376,2,2,2,652
19339,2,5,700,3,2,8,1590
19340,5,1,1125,3,2,7,2049
19341,8,6,746,2,2,10,2286
19342,3,5,1326,3,2,5,1186
19343,3,4,3,2,2,3,2236
19344,3,8,204,2,1,3,160
19345,2,8,226,3,1,11,2467
19346,7,8,1354,1,2,2,1578
19347,3,5,107,2,1,5,1692
19348,2,4,623,4,2,8,178
19349,2,3,74,2,1,1,1440
19350,6,2,427,5,2,11,273
19351,2,7,335,3,1,1,1432
19352,8,2,383,3,1,10,2269
19353,2,6,1069,2,2,9,816
19354,3,1,25,5,1,1,539
19355,2,2,524,2,2,6,1924
19356,4,1,1008,4,2,3,2070
19357,3,1,572,2,2,9,2274
19358,2,2,1101,2,2,6,2221
19359,2,2,1347,3,2,8,857
19360,2,7,841,1,1,9,2414
19361,4,8,364,2,2,6,2014
19362,5,1,201,2,2,4,340
19363,7,1,1319,5,1,7,715
19364,2,5,586,3,1,4,526
19365,3,8,184,2,2,2,602
19366,6,5,519,5,2,3,417
19367,5,1,30,1,1,3,1906
19368,2,2,1439,3,2,9,652
19369,5,5,109,3,2,3,2076
19370,5,1,688,3,1,11,857
19371,3,7,1354,2,2,5,176
19372,2,4,46,3,1,7,922
19373,2,8,52,2,1,6,1731
19374,8,1,143,2,1,7,2484
19375,2,6,1167,2,1,1,2114
19376,2,6,181,5,2,6,571
19377,5,1,202,1,1,5,1612
19378,5,8,1044,3,1,2,250
19379,6,1,281,3,2,7,2063
19380,2,1,658,3,2,4,568
19381,5,7,1398,2,2,8,888
19382,2,5,45,3,2,11,303
19383,2,3,548,3,1,11,617
19384,2,5,76,2,1,7,2403
19385,3,1,1436,2,2,3,1647
19386,5,8,90,4,1,9,1919
19387,2,5,968,2,2,5,1822
19388,2,3,209,2,1,3,1665
19389,3,3,967,1,1,4,1513
19390,2,7,1189,1,1,11,1440
19391,2,8,103,2,2,8,194
19392,3,3,848,1,1,11,2114
19393,2,8,470,5,1,1,1305
19394,3,4,590,2,1,6,465
19395,3,8,1325,2,1,8,1945
19396,2,1,404,2,1,7,1207
19397,1,8,355,3,2,8,252
19398,3,2,63,3,1,10,2404
19399,2,2,621,2,2,1,399
19400,3,8,1392,2,1,3,1738
19401,3,2,1124,2,2,5,1340
19402,5,6,1224,3,2,2,367
19403,5,2,487,1,2,11,1261
19404,8,1,105,2,2,5,1310
19405,6,1,1090,1,2,8,1741
19406,3,6,716,5,2,3,1120
19407,3,4,1416,2,2,5,1993
19408,2,1,81,4,1,1,289
19409,4,4,138,3,2,11,1897
19410,2,1,688,3,1,6,1547
19411,3,8,1012,3,1,9,604
19412,2,6,83,1,2,1,1014
19413,2,8,1139,3,2,1,857
19414,2,4,69,3,1,7,391
19415,2,4,1087,2,1,8,320
19416,2,4,1097,3,2,2,2012
19417,2,6,816,2,1,3,1683
19418,2,6,596,2,2,8,357
19419,3,7,1414,3,2,6,1601
19420,2,1,675,2,1,11,382
19421,3,6,381,3,1,6,1507
19422,4,4,1056,3,2,6,2184
19423,3,7,504,2,2,5,852
19424,2,3,1395,5,1,4,1382
19425,2,5,1174,2,2,3,462
19426,2,6,318,2,1,8,1369
19427,8,7,625,1,1,3,1494
19428,2,4,1216,1,2,8,645
19429,5,6,415,2,2,1,2352
19430,2,6,503,4,2,9,2419
19431,2,4,1090,4,2,2,2105
19432,5,7,444,2,2,2,2311
19433,2,4,81,3,1,2,940
19434,2,6,460,2,2,5,1517
19435,1,5,1191,2,1,2,229
19436,2,1,350,2,1,3,1644
19437,3,2,347,2,2,5,2480
19438,2,3,1397,5,2,9,2000
19439,6,8,483,1,2,9,542
19440,5,1,774,1,2,7,2346
19441,2,6,1079,2,1,8,844
19442,8,8,178,3,1,1,309
19443,2,7,1395,1,1,2,2175
19444,2,4,1368,3,2,2,1879
19445,3,8,901,3,1,7,2368
19446,5,1,890,2,1,5,267
19447,5,4,147,1,2,5,2418
19448,3,3,1014,5,2,6,2382
19449,3,1,89,2,2,6,1663
19450,6,1,1454,3,1,3,1080
19451,7,8,1322,3,1,5,2339
19452,5,4,757,3,1,3,248
19453,2,6,590,5,2,3,197
19454,7,4,497,3,1,4,507
19455,5,5,287,3,1,5,1442
19456,6,4,684,2,1,8,598
19457,2,7,1250,2,2,10,2192
19458,5,2,1315,2,1,6,387
19459,6,8,485,1,2,7,1353
19460,3,7,1115,2,1,1,925
19461,5,1,679,2,1,1,1250
19462,6,5,196,3,1,4,2425
19463,3,4,700,2,1,8,824
19464,5,2,67,4,2,2,970
19465,2,3,474,3,1,9,1896
19466,3,3,984,2,2,10,2152
19467,2,1,365,3,2,11,2038
19468,2,2,652,1,2,5,286
19469,5,8,980,3,1,8,235
19470,2,3,792,1,1,4,1062
19471,1,6,447,2,1,10,444
19472,3,5,12,3,2,6,972
19473,3,7,566,1,2,1,286
19474,2,1,640,2,2,6,815
19475,2,4,1023,2,1,7,2198
19476,2,7,1106,3,2,3,2425
19477,2,4,414,3,1,5,1191
19478,4,3,1115,3,1,11,159
19479,5,8,821,2,2,8,662
19480,4,7,1152,1,1,9,1777
19481,5,4,739,3,2,6,1726
19482,3,5,1034,2,2,2,2226
19483,3,6,1157,2,2,5,2327
19484,2,4,587,4,1,9,2196
19485,5,1,731,3,2,3,1855
19486,2,8,1075,2,2,6,599
19487,3,1,619,2,1,6,1521
19488,2,3,1273,2,2,11,1652
19489,3,1,1162,3,1,2,2398
19490,2,7,571,1,1,3,715
19491,2,5,519,2,2,11,774
19492,3,2,165,2,2,9,414
19493,2,5,1002,1,2,9,671
19494,2,6,1267,3,1,9,1533
19495,2,7,457,2,2,2,1883
19496,2,4,741,2,1,3,703
19497,4,1,341,2,1,9,775
19498,3,6,191,2,2,8,356
19499,4,6,1182,5,1,4,2426
19500,2,1,193,3,2,10,1680
19501,2,2,1288,3,2,11,2297
19502,3,5,950,1,2,11,1914
19503,2,6,1189,3,1,7,445
19504,2,5,749,3,1,5,1458
19505,3,6,289,2,2,2,1429
19506,3,1,938,3,1,7,1751
19507,2,1,1451,3,1,10,1815
19508,2,7,611,5,2,8,2385
19509,5,8,823,2,1,4,2076
19510,2,1,1132,2,2,10,1468
19511,8,1,100,3,2,11,1335
19512,8,1,1410,4,1,8,1192
19513,4,5,869,2,2,11,288
19514,2,6,1091,2,2,7,933
19515,2,7,386,2,2,3,1339
19516,8,4,103,1,2,3,1320
19517,2,7,575,2,1,3,648
19518,2,3,479,2,1,3,2287
19519,2,2,1177,4,2,7,1401
19520,2,7,579,3,2,5,1227
19521,5,3,620,2,1,4,984
19522,1,8,456,2,1,10,447
19523,5,8,1050,3,2,8,2303
19524,5,4,937,2,1,10,1440
19525,2,7,1068,3,2,9,850
19526,3,6,276,3,1,3,1496
19527,2,5,1216,2,2,11,1489
19528,2,4,1063,3,1,6,1515
19529,2,8,744,2,2,4,1211
19530,3,6,797,2,2,5,920
19531,2,2,1259,2,2,7,2281
19532,6,8,1419,3,1,4,2025
19533,6,8,847,3,1,8,1256
19534,2,4,433,3,2,3,2167
19535,2,6,1007,5,1,11,342
19536,5,1,657,4,1,7,2016
19537,8,3,12,2,1,3,1863
19538,1,8,585,2,1,2,561
19539,2,2,1229,5,2,8,538
19540,2,2,797,2,1,2,311
19541,2,3,1263,1,1,9,1515
19542,2,7,1222,2,2,5,1800
19543,2,5,106,2,1,4,1090
19544,5,3,1133,2,2,9,1540
19545,2,8,934,4,1,8,1218
19546,4,3,1068,2,2,2,974
19547,2,3,577,2,2,5,730
19548,2,8,1135,3,1,1,1479
19549,2,5,200,1,2,2,1611
19550,2,2,360,1,1,5,1945
19551,5,4,1182,2,1,3,1194
19552,2,6,323,5,2,10,2422
19553,4,3,502,2,2,10,1439
19554,6,5,1083,2,2,10,1945
19555,4,6,118,2,2,1,2403
19556,3,7,1036,3,2,7,1563
19557,3,4,1192,2,1,7,1289
19558,2,7,1384,1,2,3,867
19559,3,8,231,4,2,7,1855
19560,8,4,930,2,2,5,1766
19561,2,6,624,5,2,8,353
19562,5,2,1035,5,2,2,278
19563,4,4,431,3,1,7,606
19564,6,8,677,3,2,3,1070
19565,2,1,161,1,1,10,840
19566,2,6,662,3,1,4,1757
19567,2,3,618,3,1,1,1076
19568,5,6,498,2,2,7,658
19569,2,1,667,2,2,11,2257
19570,2,7,639,2,2,11,1294
19571,2,8,54,2,2,8,882
19572,2,1,601,2,2,2,2186
19573,2,8,93,3,2,5,1109
19574,3,2,194,2,2,5,211
19575,8,5,893,2,1,8,1511
19576,2,4,1140,2,1,3,2034
19577,5,4,1123,2,2,2,1846
19578,5,4,343,2,2,2,350
19579,2,7,838,1,2,1,1958
19580,7,7,223,3,2,7,272
19581,2,2,278,2,2,6,334
19582,5,8,1094,3,2,11,1111
19583,5,7,292,2,1,3,2151
19584,5,4,979,4,1,9,2115
19585,2,8,85,1,1,5,1842
19586,3,7,935,2,1,9,247
19587,5,1,115,2,1,1,1286
19588,3,7,152,3,2,3,1442
19589,5,5,397,3,2,8,885
19590,5,4,711,2,2,3,1518
19591,2,4,1455,2,1,8,1258
19592,2,4,859,3,1,1,2199
19593,3,8,729,5,2,11,920
19594,5,4,1185,2,1,4,399
19595,2,4,578,3,2,9,1019
19596,2,8,892,2,1,7,632
19597,2,2,883,3,1,11,694
19598,3,3,910,5,2,5,1431
19599,3,6,1242,3,1,1,1080
19600,3,3,688,3,2,11,1281
19601,2,3,615,5,1,9,1509
19602,2,6,462,2,2,11,1991
19603,5,4,1340,2,1,6,1572
19604,2,6,1370,2,1,10,896
19605,2,4,1125,3,2,6,2195
19606,3,8,1201,2,1,9,1361
19607,4,7,323,2,2,8,1908
19608,2,1,1397,4,2,9,1319
19609,8,6,691,3,2,2,484
19610,2,3,1445,1,2,3,1056
19611,2,8,1013,4,1,5,1675
19612,3,7,404,4,2,5,278
19613,5,8,293,2,2,6,515
19614,2,4,798,3,2,2,1192
19615,3,8,912,5,1,8,2270
19616,2,4,392,2,2,1,423
19617,3,6,175,5,1,7,497
19618,2,7,235,1,1,6,2084
19619,3,1,586,3,2,9,723
19620,3,8,142,3,1,7,1790
19621,5,5,836,2,2,8,1431
19622,3,2,1037,3,2,2,701
19623,3,4,710,2,1,10,1274
19624,3,7,482,2,1,4,2023
19625,6,8,709,1,1,9,269
19626,5,3,1064,3,2,7,199
19627,5,6,253,3,2,11,1950
19628,3,5,1019,5,1,2,1803
19629,3,2,1272,2,2,1,2308
19630,2,8,365,2,1,3,1182
19631,5,2,308,3,2,6,570
19632,2,4,83,5,1,10,1194
19633,2,2,399,1,1,5,1035
19634,5,8,180,3,2,1,2131
19635,2,4,572,3,2,3,638
19636,1,8,378,2,1,10,444
19637,5,8,1335,2,1,5,352
19638,3,8,258,4,1,9,2472
19639,2,3,1438,1,2,11,2036
19640,3,2,184,3,2,10,292
19641,3,4,638,3,2,10,1315
19642,2,3,316,3,2,5,1537
19643,8,3,413,2,1,10,1771
19644,2,1,1394,2,2,1,1244
19645,5,2,1114,2,1,9,1108
19646,5,6,57,2,2,3,1560
19647,8,4,1335,2,2,8,1015
19648,3,5,82,2,2,1,2188
19649,3,3,1148,2,2,9,2214
19650,8,7,1199,2,1,3,1027
19651,5,3,401,2,2,7,1049
19652,5,1,1053,2,1,7,1205
19653,5,3,443,1,2,6,873
19654,3,4,331,3,2,2,231
19655,2,3,1069,1,2,10,1771
19656,2,6,1059,2,1,1,1329
19657,3,3,280,1,1,3,595
19658,2,5,1128,5,1,7,1247
19659,3,8,425,2,2,8,731
19660,3,5,874,3,2,10,2139
19661,2,6,1378,2,2,5,1740
19662,2,1,535,3,1,10,504
19663,5,6,301,2,2,3,1493
19664,1,5,935,1,1,3,632
19665,5,6,241,2,2,3,1380
19666,2,7,762,3,2,4,1457
19667,3,6,503,3,1,7,278
19668,7,8,525,2,2,7,588
19669,3,2,802,2,2,9,1638
19670,2,2,1073,3,1,1,954
19671,2,4,572,2,2,5,1051
19672,2,6,94,2,2,7,198
19673,2,8,188,2,1,4,351
19674,2,3,1175,2,1,10,1244
19675,3,7,252,2,1,4,941
19676,3,6,380,2,2,4,2357
19677,5,1,1272,3,1,5,716
19678,2,6,766,2,2,2,356
19679,3,5,787,3,1,1,994
19680,5,8,237,2,2,6,1365
19681,6,8,339,2,2,2,2102
19682,2,1,1343,2,1,7,445
19683,2,5,67,2,1,10,2103
19684,2,1,291,3,2,8,1173
19685,5,1,285,3,2,10,151
19686,6,5,1311,3,1,3,1887
19687,3,4,147,2,2,9,2059
19688,7,6,168,5,2,7,480
19689,3,1,227,5,2,5,877
19690,2,3,1379,3,2,4,1852
19691,1,5,1310,2,2,7,1385
19692,2,8,1436,2,1,6,1621
19693,2,5,657,3,2,6,660
19694,6,8,682,4,2,2,2073
19695,2,7,556,1,2,4,1507
19696,2,6,27,2,2,8,1217
19697,2,6,252,2,2,7,1740
19698,3,7,1003,1,1,3,1867
19699,2,1,854,2,2,4,825
19700,2,5,1403,3,1,3,1307
19701,3,6,421,2,1,10,2420
19702,1,5,1417,1,1,9,2254
19703,2,8,533,2,2,7,1813
19704,3,3,826,3,2,8,756
19705,3,7,233,3,2,5,449
19706,2,5,663,2,1,5,199
19707,2,1,391,3,2,1,1584
19708,5,8,1081,3,2,9,1898
19709,5,3,1398,2,1,9,1784
19710,2,3,847,2,2,4,524
19711,2,4,162,1,2,1,1861
19712,2,2,853,3,2,3,644
19713,3,6,657,3,1,5,640
19714,3,7,1170,2,2,6,2332
19715,3,8,1323,2,2,11,502
19716,5,3,995,2,2,9,2314
19717,8,4,262,3,1,8,2025
19718,6,4,888,2,2,8,1185
19719,5,4,919,2,2,1,2328
19720,3,2,1402,3,1,10,2471
19721,2,7,79,2,1,7,2244
19722,2,1,1093,2,1,7,874
19723,3,8,1113,3,1,4,957
19724,6,6,1083,5,2,11,1991
19725,2,5,1105,2,2,8,1047
19726,5,5,415,3,2,7,1629
19727,6,5,1070,3,1,1,1424
19728,5,3,247,3,2,11,574
19729,5,4,1329,2,2,10,2419
19730,2,6,815,3,2,5,683
19731,2,7,1105,3,2,10,853
19732,2,4,1179,5,2,7,2349
19733,5,1,371,1,2,7,1777
19734,2,2,1195,2,2,4,2255
19735,2,6,598,3,2,1,442
19736,3,2,684,5,1,9,1729
19737,3,2,251,3,2,5,550
19738,3,8,752,2,1,8,1423
19739,6,5,637,3,2,1,1294
19740,2,3,226,3,2,4,271
19741,3,8,1346,2,2,2,662
19742,3,3,892,2,2,8,448
19743,2,7,17,3,1,10,1179
19744,3,7,1456,4,2,11,198
19745,5,7,597,2,1,11,856
19746,5,1,780,3,2,5,326
19747,2,8,1437,3,1,3,1455
19748,5,8,1288,2,2,6,2402
19749,8,7,24,5,1,8,856
19750,2,1,778,5,2,11,527
19751,2,5,292,2,1,8,837
19752,3,8,229,3,2,8,262
19753,2,4,553,1,2,7,185
19754,3,2,354,5,1,9,1515
19755,2,7,1120,2,2,1,2317
19756,8,7,1397,5,2,10,760
19757,2,8,1200,2,1,11,340
19758,6,4,353,1,2,2,871
19759,2,8,1188,1,2,4,1628
19760,2,5,751,1,1,2,345
19761,2,3,470,2,1,10,1252
19762,4,8,1345,3,2,1,1674
19763,3,4,596,2,1,8,2417
19764,5,3,1235,2,2,11,2061
19765,2,5,679,1,1,6,1958
19766,2,7,1105,3,2,4,677
19767,3,6,1284,2,2,4,2286
19768,3,3,39,3,2,10,1119
19769,2,1,808,1,1,8,340
19770,2,6,689,3,2,11,1978
19771,3,5,37,2,1,10,187
19772,2,6,249,3,2,8,188
19773,5,2,337,3,1,7,348
19774,2,4,1409,3,1,3,324
19775,3,8,1042,1,1,8,2123
19776,5,6,819,4,1,10,1219
19777,3,8,253,2,2,4,1974
19778,3,4,495,2,2,9,1239
19779,5,5,256,1,1,7,1687
19780,3,2,1035,3,1,4,185
19781,7,7,488,3,2,5,967
19782,3,7,188,2,2,5,1018
19783,2,4,772,1,1,1,656
19784,2,1,446,2,1,7,211
19785,2,1,94,5,2,4,2427
19786,2,4,1172,2,2,3,2389
19787,5,4,1144,2,1,5,1017
19788,3,7,420,2,2,1,806
19789,3,3,302,1,1,11,319
19790,3,6,220,5,1,2,310
19791,3,8,1252,5,1,2,1445
19792,2,4,18,3,1,11,2034
19793,2,8,99,2,2,9,1029
19794,5,5,38,2,2,3,1961
19795,2,1,1359,2,2,1,1200
19796,2,4,517,3,1,7,1316
19797,2,1,320,2,2,2,1927
19798,2,6,170,1,2,8,1182
19799,2,5,816,4,1,10,882
19800,2,5,252,2,2,11,2058
19801,2,2,1098,2,1,11,593
19802,2,4,68,2,2,4,148
19803,5,1,203,2,2,11,170
19804,2,8,1219,3,1,6,2408
19805,3,4,949,3,2,1,2217
19806,2,6,1170,3,1,7,1956
19807,8,1,636,3,1,10,2398
19808,5,6,233,2,2,8,1685
19809,2,4,209,2,1,9,1420
19810,2,4,699,2,1,11,1658
19811,2,3,727,3,2,5,1887
19812,5,6,441,5,2,1,866
19813,3,5,752,4,1,3,1328
19814,2,3,63,3,2,9,827
19815,1,6,1128,2,2,6,1101
19816,2,4,1239,2,2,5,2217
19817,3,1,358,2,1,9,1627
19818,4,2,591,2,2,9,1649
19819,7,1,704,4,2,3,1931
19820,3,3,947,2,2,5,1661
19821,4,3,1074,3,2,9,1721
19822,8,3,1390,1,2,10,1237
19823,8,6,348,5,2,9,1571
19824,2,7,1204,2,1,7,1674
19825,2,5,376,2,2,1,1429
19826,2,8,938,3,2,9,231
19827,7,3,477,2,1,6,2276
19828,2,5,1300,2,2,8,557
19829,2,3,21,2,1,3,2452
19830,2,2,1,2,2,11,955
19831,3,1,569,2,1,7,129
19832,3,4,705,2,2,1,714
19833,2,6,489,2,1,11,471
19834,5,2,43,2,1,1,2067
19835,2,2,912,5,2,11,2225
19836,2,5,14,3,2,8,1713
19837,8,2,210,3,1,2,1285
19838,3,6,1228,2,2,1,2396
19839,2,7,983,1,2,8,2034
19840,6,7,706,2,1,9,514
19841,2,3,969,4,2,2,572
19842,3,1,1417,1,2,11,1165
19843,5,6,1027,3,2,3,316
19844,2,1,827,3,2,5,1518
19845,3,2,518,2,2,2,2159
19846,2,6,1209,3,2,6,1758
19847,3,8,548,1,2,2,425
19848,2,5,918,2,2,4,570
19849,3,1,1159,2,2,11,788
19850,3,5,877,1,2,8,527
19851,3,4,886,3,2,1,2444
19852,5,1,893,3,2,10,2409
19853,2,4,992,1,2,4,1438
19854,2,2,1452,2,1,3,298
19855,2,1,591,3,2,1,1496
19856,6,3,791,3,2,4,448
19857,5,4,488,3,2,10,2156
19858,8,3,1409,1,1,1,1424
19859,2,1,1219,3,2,7,1479
19860,3,1,113,2,1,9,232
19861,3,2,1113,1,2,5,2001
19862,3,3,1442,5,2,4,393
19863,5,5,881,2,2,1,608
19864,2,6,868,3,2,10,869
19865,5,5,1099,2,2,1,1640
19866,5,7,1317,2,1,7,1716
19867,2,6,1072,2,1,9,1138
19868,8,6,753,2,2,3,353
19869,3,6,1321,2,1,1,2049
19870,5,7,749,2,2,5,909
19871,5,1,478,3,2,10,1196
19872,3,8,422,3,1,10,298
19873,2,7,1395,2,2,3,1227
19874,3,3,951,3,2,10,1750
19875,2,2,1290,3,2,1,1104
19876,6,2,387,3,2,1,1296
19877,2,2,192,4,2,6,708
19878,2,3,737,3,2,7,1219
19879,8,1,110,3,2,9,451
19880,2,4,118,2,2,5,1167
19881,2,8,952,2,2,1,2188
19882,5,4,691,1,1,1,186
19883,2,2,653,5,2,9,1711
19884,2,1,828,2,2,9,1924
19885,2,5,890,1,2,2,159
19886,4,3,1201,2,2,2,1731
19887,2,5,126,3,1,9,1665
19888,5,3,1360,2,2,5,1385
19889,2,1,1143,3,1,7,343
19890,2,4,892,4,1,5,1468
19891,2,1,827,2,1,8,1199
19892,6,7,738,2,1,8,1646
19893,3,8,772,3,1,7,1387
19894,2,5,744,2,2,1,707
19895,2,7,782,2,1,1,2114
19896,2,4,785,2,2,8,1498
19897,3,3,265,4,2,7,1995
19898,2,4,1307,3,2,5,2342
19899,2,8,757,2,2,2,159
19900,5,4,396,2,1,2,2243
19901,2,2,107,2,1,9,875
19902,2,2,472,2,2,7,191
19903,2,6,194,2,2,6,329
19904,2,4,1001,3,2,5,1439
19905,2,8,1129,5,2,9,992
19906,2,5,172,1,2,3,199
19907,5,8,649,3,2,8,1222
19908,3,1,530,3,1,6,1205
19909,3,4,951,3,2,9,699
19910,3,5,1063,2,2,9,1750
19911,5,8,1040,3,1,5,2294
19912,2,2,861,5,2,7,1437
19913,2,4,23,1,1,6,304
19914,2,6,978,3,2,2,1606
19915,8,7,573,2,1,8,1071
19916,3,3,352,2,2,8,1462
19917,2,7,184,3,1,9,824
19918,2,2,43,2,2,10,2464
19919,5,7,1071,2,2,11,1591
19920,2,2,413,2,2,1,1026
19921,5,8,1276,2,2,6,1447
19922,1,5,1445,2,1,4,1558
19923,2,3,147,4,2,6,2188
19924,2,7,741,2,1,3,1619
19925,2,8,1375,2,2,9,1150
19926,2,2,1333,3,2,6,2451
19927,3,6,899,3,1,6,788
19928,2,1,838,3,2,3,1193
19929,2,2,1305,4,1,10,762
19930,3,4,1285,2,1,5,1380
19931,1,5,691,5,1,10,2253
19932,3,7,802,5,1,9,490
19933,2,2,1196,3,2,8,1473
19934,2,5,1447,4,2,10,1700
19935,5,3,1147,2,2,3,1338
19936,2,7,795,2,2,1,167
19937,2,2,930,3,2,6,136
19938,6,6,374,5,1,7,904
19939,2,7,1114,2,2,10,744
19940,2,2,1209,3,2,9,2251
19941,7,1,1390,5,1,10,223
19942,2,6,321,2,2,8,2254
19943,2,1,1010,2,2,1,1585
19944,2,2,1013,3,1,10,2265
19945,5,7,395,3,2,4,1492
19946,6,6,628,2,1,4,1394
19947,3,6,1337,5,2,1,2449
19948,2,1,1229,2,1,6,1208
19949,2,7,460,2,1,1,444
19950,3,7,1005,1,1,2,1968
19951,5,3,626,3,1,2,235
19952,3,1,26,3,2,5,1304
19953,3,6,859,3,1,9,1838
19954,6,2,702,3,2,5,1633
19955,2,2,238,2,1,1,1805
19956,2,3,1029,2,1,4,1425
19957,4,2,475,1,1,5,1230
19958,2,7,500,3,2,10,610
19959,2,6,1402,2,2,10,459
19960,3,2,555,3,2,4,1693
19961,2,6,1207,2,2,11,220
19962,2,7,1269,1,2,3,1848
19963,1,7,414,2,2,9,1317
19964,2,2,549,2,2,1,237
19965,2,3,116,3,1,6,144
19966,2,7,351,4,1,6,389
19967,5,2,586,2,1,6,2394
19968,2,5,433,1,2,5,344
19969,5,5,73,2,2,10,1917
19970,2,8,1161,3,2,3,2208
19971,2,7,765,3,1,9,1967
19972,5,6,1350,3,1,6,1494
19973,2,4,503,2,1,3,837
19974,2,6,753,3,2,5,481
19975,3,2,745,4,1,11,873
19976,2,5,902,3,2,10,1528
19977,8,2,237,2,2,1,1105
19978,2,6,417,2,2,10,1719
19979,5,8,148,3,2,9,2246
19980,5,1,959,2,1,8,1082
19981,2,5,980,2,1,8,1029
19982,2,8,1192,1,2,10,1774
19983,2,5,1139,3,2,7,1635
19984,6,1,88,3,2,6,638
19985,5,4,1197,2,1,10,939
19986,3,8,508,2,2,2,2218
19987,2,4,1317,3,1,7,1878
19988,2,1,45,3,2,3,731
19989,5,5,994,1,1,5,1067
19990,8,4,628,2,1,4,1124
19991,2,5,272,5,1,1,246
19992,5,5,638,3,1,7,2175
19993,2,6,1094,2,2,1,2217
19994,5,7,286,3,1,4,812
19995,2,5,529,3,1,8,802
19996,5,3,1445,2,1,9,704
19997,8,5,45,2,2,9,2070
19998,3,1,1071,2,2,11,1693
19999,8,7,792,4,1,8,375
20000,2,3,1306,1,2,5,1911
