id_visita_parque,fecha,parque,pais_origen,gasto_estimado
1,2022-11-07,Puerta del Diablo,Canada,59
2,2024-02-23,Amulapa,Costa Rica,59
3,2021-07-09,Sunset Park,Mexico,74
4,2024-03-21,Puerta del Diablo,España,64
5,2024-03-21,Sunset Park,Costa Rica,29
6,2024-05-30,Amulapa,Nicaragua,79
7,2023-10-21,Apulo,Nicaragua,50
8,2023-12-13,Apulo,Mexico,74
9,2023-11-26,Apulo,España,50
10,2022-06-27,Puerta del Diablo,Nicaragua,27
11,2021-02-16,Cerro Verde,Canada,36
12,2021-08-07,Sunset Park,Nicaragua,47
13,2021-12-28,Sunset Park,Guatemala,25
14,2024-11-15,Puerta del Diablo,Guatemala,76
15,2021-11-03,Cerro Verde,España,72
16,2024-03-25,Puerta del Diablo,Canada,20
17,2023-12-25,Sunset Park,Honduras,63
18,2023-03-04,Cerro Verde,España,53
19,2022-09-09,Apulo,Costa Rica,44
20,2021-09-06,Amulapa,Costa Rica,51
21,2023-02-02,Apulo,Nicaragua,35
22,2022-08-14,Amulapa,Estados Unidos,76
23,2024-01-29,Apulo,Honduras,33
24,2024-09-29,Balboa,Mexico,10
25,2023-12-20,Balboa,Honduras,15
26,2023-05-23,Apulo,Mexico,68
27,2024-07-21,Sunset Park,Costa Rica,29
28,2021-11-23,Cerro Verde,Mexico,72
29,2024-04-02,Sunset Park,Guatemala,45
30,2024-03-15,Balboa,Guatemala,35
31,2023-04-19,Cerro Verde,Guatemala,54
32,2024-08-19,Amulapa,Guatemala,22
33,2024-08-08,Cerro Verde,Costa Rica,38
34,2023-12-06,Puerta del Diablo,Honduras,59
35,2024-05-23,Apulo,Nicaragua,43
36,2024-12-23,Sunset Park,Costa Rica,36
37,2021-09-20,Cerro Verde,Guatemala,75
38,2022-10-07,Amulapa,Nicaragua,26
39,2023-08-30,Amulapa,Honduras,36
40,2024-09-09,Cerro Verde,Honduras,63
41,2023-02-28,Puerta del Diablo,Canada,61
42,2023-03-28,Apulo,Honduras,13
43,2024-06-28,Apulo,Honduras,37
44,2022-12-17,Balboa,Canada,10
45,2022-03-02,Sunset Park,España,19
46,2024-10-23,Amulapa,Estados Unidos,17
47,2022-02-12,Sunset Park,España,18
48,2022-10-27,Puerta del Diablo,España,18
49,2023-10-04,Puerta del Diablo,Costa Rica,78
50,2022-07-01,Puerta del Diablo,Mexico,43
51,2021-03-09,Amulapa,Costa Rica,17
52,2022-08-04,Amulapa,Estados Unidos,43
53,2024-09-10,Apulo,Canada,62
54,2024-03-13,Cerro Verde,Estados Unidos,16
55,2024-02-24,Cerro Verde,Mexico,35
56,2022-03-02,Cerro Verde,Honduras,64
57,2022-04-30,Sunset Park,Guatemala,5
58,2023-12-13,Cerro Verde,Canada,17
59,2021-12-31,Sunset Park,Mexico,39
60,2021-10-29,Balboa,Canada,50
61,2021-10-25,Amulapa,Honduras,13
62,2022-02-06,Balboa,Guatemala,17
63,2021-01-17,Cerro Verde,España,54
64,2022-05-31,Amulapa,Canada,39
65,2022-12-12,Balboa,Mexico,76
66,2021-06-04,Amulapa,Costa Rica,48
67,2024-12-06,Amulapa,Nicaragua,15
68,2021-11-27,Puerta del Diablo,Canada,70
69,2024-06-12,Amulapa,Estados Unidos,52
70,2023-06-01,Balboa,Guatemala,19
71,2021-08-21,Puerta del Diablo,Canada,68
72,2021-02-19,Balboa,Guatemala,44
73,2024-09-23,Cerro Verde,Costa Rica,52
74,2024-07-17,Cerro Verde,Costa Rica,27
75,2024-09-17,Puerta del Diablo,España,19
76,2023-01-18,Amulapa,Mexico,70
77,2024-10-17,Balboa,Canada,27
78,2024-08-01,Puerta del Diablo,Canada,74
79,2021-07-13,Puerta del Diablo,Canada,16
80,2022-09-06,Apulo,Mexico,78
81,2023-11-12,Apulo,Mexico,19
82,2023-06-30,Amulapa,Guatemala,22
83,2024-03-17,Puerta del Diablo,Nicaragua,73
84,2024-10-18,Sunset Park,España,77
85,2023-12-15,Cerro Verde,España,25
86,2023-03-23,Cerro Verde,Costa Rica,33
87,2024-09-07,Amulapa,Guatemala,64
88,2021-09-08,Amulapa,Mexico,56
89,2023-07-14,Amulapa,Canada,43
90,2022-04-12,Cerro Verde,Guatemala,14
91,2024-05-19,Amulapa,Nicaragua,71
92,2022-10-31,Amulapa,Estados Unidos,72
93,2022-01-31,Cerro Verde,Guatemala,53
94,2022-08-25,Apulo,España,46
95,2021-06-22,Apulo,Nicaragua,18
96,2021-08-22,Puerta del Diablo,Mexico,27
97,2021-06-28,Sunset Park,Mexico,35
98,2022-04-19,Amulapa,Canada,42
99,2023-08-11,Puerta del Diablo,España,53
100,2024-12-15,Sunset Park,Estados Unidos,71
101,2023-05-26,Balboa,Canada,17
102,2023-12-02,Sunset Park,Estados Unidos,67
103,2021-08-16,Sunset Park,Nicaragua,23
104,2024-11-08,Amulapa,Mexico,71
105,2022-02-11,Cerro Verde,Honduras,10
106,2024-04-11,Sunset Park,Canada,53
107,2022-05-16,Amulapa,Estados Unidos,57
108,2021-08-02,Sunset Park,Costa Rica,57
109,2023-06-06,Sunset Park,Canada,10
110,2022-04-11,Cerro Verde,Mexico,12
111,2023-09-15,Cerro Verde,Canada,36
112,2024-11-17,Puerta del Diablo,Canada,39
113,2023-07-20,Amulapa,Honduras,6
114,2022-05-10,Apulo,Mexico,20
115,2022-02-23,Cerro Verde,Nicaragua,41
116,2024-02-05,Apulo,Costa Rica,48
117,2024-01-14,Amulapa,España,68
118,2022-05-04,Cerro Verde,Mexico,14
119,2021-03-05,Amulapa,Guatemala,61
120,2021-06-30,Puerta del Diablo,Honduras,17
121,2021-09-13,Sunset Park,Canada,62
122,2022-06-21,Balboa,Honduras,42
123,2024-04-05,Amulapa,Canada,61
124,2021-01-08,Amulapa,Mexico,30
125,2022-05-05,Cerro Verde,Mexico,72
126,2023-12-14,Puerta del Diablo,Costa Rica,19
127,2021-05-05,Balboa,Costa Rica,48
128,2023-01-29,Amulapa,Canada,42
129,2024-12-17,Amulapa,España,61
130,2023-07-28,Balboa,España,31
131,2022-05-16,Sunset Park,España,28
132,2023-08-08,Sunset Park,Honduras,31
133,2021-03-25,Amulapa,España,27
134,2022-06-03,Sunset Park,Mexico,17
135,2024-12-28,Cerro Verde,Honduras,8
136,2021-07-22,Sunset Park,Canada,63
137,2022-08-22,Puerta del Diablo,Costa Rica,37
138,2022-07-10,Sunset Park,Honduras,35
139,2021-10-12,Cerro Verde,Nicaragua,70
140,2024-09-28,Amulapa,Honduras,31
141,2024-08-14,Cerro Verde,Mexico,79
142,2024-08-21,Apulo,Mexico,32
143,2022-12-01,Balboa,Mexico,38
144,2021-02-16,Amulapa,Mexico,70
145,2022-06-12,Sunset Park,Honduras,44
146,2023-01-20,Balboa,Canada,56
147,2023-08-02,Cerro Verde,Costa Rica,14
148,2022-12-08,Puerta del Diablo,Honduras,18
149,2024-03-30,Sunset Park,Costa Rica,7
150,2023-10-24,Balboa,Guatemala,58
151,2023-05-30,Amulapa,Guatemala,77
152,2023-01-01,Apulo,Estados Unidos,34
153,2021-01-08,Cerro Verde,España,7
154,2023-02-03,Amulapa,Guatemala,21
155,2022-08-18,Amulapa,España,53
156,2021-04-18,Puerta del Diablo,España,58
157,2021-03-03,Amulapa,Costa Rica,56
158,2023-07-04,Balboa,Mexico,17
159,2021-07-07,Puerta del Diablo,Estados Unidos,26
160,2021-04-19,Amulapa,Guatemala,50
161,2024-09-12,Cerro Verde,Mexico,19
162,2024-02-09,Puerta del Diablo,Costa Rica,12
163,2021-04-21,Puerta del Diablo,Estados Unidos,51
164,2021-03-31,Apulo,España,64
165,2024-06-22,Balboa,España,62
166,2022-03-11,Balboa,Guatemala,43
167,2023-10-26,Balboa,Mexico,26
168,2023-03-30,Balboa,Nicaragua,35
169,2022-07-23,Balboa,Nicaragua,48
170,2022-11-22,Cerro Verde,Honduras,50
171,2023-05-07,Cerro Verde,Honduras,23
172,2021-08-11,Apulo,Estados Unidos,19
173,2024-12-08,Amulapa,Mexico,52
174,2023-12-20,Puerta del Diablo,Costa Rica,40
175,2021-03-25,Cerro Verde,Honduras,38
176,2024-12-22,Amulapa,Canada,18
177,2023-05-09,Apulo,Guatemala,73
178,2023-09-25,Amulapa,Costa Rica,69
179,2023-11-27,Cerro Verde,Canada,39
180,2021-11-14,Apulo,España,66
181,2021-10-11,Amulapa,Estados Unidos,54
182,2022-11-25,Amulapa,Honduras,29
183,2022-04-04,Amulapa,Mexico,21
184,2021-09-06,Balboa,Canada,65
185,2023-03-23,Puerta del Diablo,Guatemala,74
186,2024-09-07,Sunset Park,Canada,52
187,2022-02-07,Cerro Verde,Guatemala,25
188,2022-03-28,Puerta del Diablo,Guatemala,64
189,2021-07-13,Sunset Park,España,78
190,2023-11-18,Apulo,Costa Rica,48
191,2022-12-09,Puerta del Diablo,Mexico,44
192,2023-03-20,Amulapa,Nicaragua,50
193,2021-04-14,Cerro Verde,Guatemala,19
194,2021-09-25,Cerro Verde,Nicaragua,27
195,2022-04-19,Cerro Verde,Costa Rica,36
196,2021-03-12,Balboa,Canada,46
197,2023-11-21,Cerro Verde,Costa Rica,56
198,2023-07-15,Cerro Verde,Estados Unidos,66
199,2024-08-16,Cerro Verde,Guatemala,54
200,2022-03-11,Cerro Verde,Mexico,72
201,2023-10-01,Cerro Verde,Canada,44
202,2022-07-02,Amulapa,España,29
203,2021-07-06,Apulo,Mexico,24
204,2024-08-26,Cerro Verde,Costa Rica,28
205,2024-04-16,Amulapa,Guatemala,27
206,2024-02-16,Amulapa,Honduras,49
207,2021-07-26,Balboa,Honduras,10
208,2023-12-28,Amulapa,Nicaragua,73
209,2024-09-13,Amulapa,España,69
210,2022-11-28,Amulapa,Guatemala,76
211,2023-07-21,Cerro Verde,Nicaragua,46
212,2024-11-09,Apulo,Canada,63
213,2022-07-23,Balboa,Guatemala,13
214,2021-07-09,Apulo,Nicaragua,21
215,2021-07-25,Sunset Park,Estados Unidos,74
216,2023-05-20,Puerta del Diablo,Costa Rica,48
217,2022-08-20,Sunset Park,Canada,78
218,2023-05-03,Sunset Park,Costa Rica,10
219,2022-07-09,Balboa,Mexico,5
220,2022-09-17,Puerta del Diablo,Honduras,28
221,2022-07-03,Puerta del Diablo,Honduras,12
222,2022-03-11,Amulapa,Estados Unidos,34
223,2022-12-17,Sunset Park,Mexico,48
224,2022-03-24,Amulapa,España,6
225,2022-01-17,Puerta del Diablo,Honduras,12
226,2021-12-30,Sunset Park,Estados Unidos,6
227,2021-11-05,Amulapa,Honduras,27
228,2021-07-04,Puerta del Diablo,Canada,21
229,2021-06-28,Apulo,Honduras,14
230,2024-12-13,Apulo,Guatemala,21
231,2023-05-22,Sunset Park,Costa Rica,79
232,2023-09-28,Cerro Verde,Estados Unidos,73
233,2022-07-03,Sunset Park,Canada,64
234,2022-01-12,Apulo,Canada,45
235,2024-01-07,Balboa,Mexico,10
236,2021-10-03,Cerro Verde,España,77
237,2024-12-25,Amulapa,Mexico,28
238,2024-09-01,Puerta del Diablo,Honduras,10
239,2022-02-27,Balboa,Guatemala,69
240,2021-03-10,Balboa,Costa Rica,32
241,2022-04-24,Puerta del Diablo,Estados Unidos,37
242,2023-03-28,Sunset Park,España,45
243,2022-10-17,Apulo,Mexico,39
244,2023-03-04,Cerro Verde,Nicaragua,10
245,2023-08-13,Apulo,Nicaragua,64
246,2022-12-22,Cerro Verde,Estados Unidos,65
247,2023-11-23,Apulo,Costa Rica,24
248,2023-11-03,Amulapa,Guatemala,12
249,2021-07-30,Apulo,Nicaragua,57
250,2022-01-18,Sunset Park,Costa Rica,55
251,2023-09-05,Sunset Park,Nicaragua,67
252,2024-04-19,Puerta del Diablo,Honduras,47
253,2024-01-26,Balboa,Nicaragua,24
254,2021-05-22,Amulapa,Honduras,11
255,2021-04-27,Sunset Park,Guatemala,20
256,2022-08-14,Cerro Verde,Estados Unidos,62
257,2021-08-24,Cerro Verde,Nicaragua,60
258,2024-02-19,Amulapa,Nicaragua,25
259,2022-01-28,Apulo,Nicaragua,15
260,2021-11-17,Amulapa,España,48
261,2022-05-06,Balboa,Estados Unidos,10
262,2024-09-05,Apulo,Canada,27
263,2022-07-19,Balboa,Costa Rica,29
264,2024-08-03,Apulo,Estados Unidos,68
265,2022-06-26,Balboa,Nicaragua,51
266,2024-06-26,Sunset Park,Honduras,58
267,2024-02-27,Sunset Park,Mexico,57
268,2021-08-25,Sunset Park,Estados Unidos,9
269,2022-03-03,Sunset Park,España,78
270,2023-06-25,Amulapa,Mexico,16
271,2024-07-11,Puerta del Diablo,España,24
272,2024-08-12,Cerro Verde,Mexico,73
273,2023-02-03,Sunset Park,Honduras,54
274,2022-11-17,Sunset Park,Mexico,28
275,2023-04-04,Puerta del Diablo,Honduras,14
276,2023-11-27,Cerro Verde,Canada,65
277,2022-06-22,Apulo,Honduras,77
278,2021-03-23,Cerro Verde,Mexico,17
279,2022-05-25,Balboa,Nicaragua,65
280,2022-01-28,Apulo,Costa Rica,23
281,2022-10-11,Apulo,Guatemala,59
282,2021-02-10,Balboa,Honduras,26
283,2022-03-03,Sunset Park,Guatemala,70
284,2022-11-11,Cerro Verde,Nicaragua,5
285,2022-01-02,Balboa,Nicaragua,71
286,2023-04-12,Cerro Verde,Guatemala,64
287,2024-02-29,Amulapa,Nicaragua,56
288,2021-01-11,Apulo,Costa Rica,65
289,2022-01-29,Apulo,Mexico,29
290,2024-12-26,Sunset Park,Nicaragua,27
291,2023-02-16,Amulapa,Guatemala,10
292,2021-01-13,Sunset Park,Costa Rica,49
293,2023-01-19,Balboa,Mexico,53
294,2021-05-08,Cerro Verde,Costa Rica,78
295,2022-09-26,Amulapa,Guatemala,41
296,2023-03-01,Sunset Park,Guatemala,22
297,2024-09-03,Cerro Verde,Honduras,54
298,2024-02-08,Puerta del Diablo,Nicaragua,59
299,2023-02-07,Balboa,Canada,8
300,2023-11-11,Amulapa,Estados Unidos,36
301,2021-03-09,Cerro Verde,Nicaragua,19
302,2021-02-14,Sunset Park,Estados Unidos,52
303,2024-01-28,Sunset Park,Canada,60
304,2021-07-18,Amulapa,Canada,50
305,2022-04-25,Cerro Verde,Estados Unidos,30
306,2021-11-22,Apulo,Nicaragua,15
307,2021-05-17,Puerta del Diablo,Nicaragua,19
308,2022-09-22,Balboa,Estados Unidos,70
309,2021-08-26,Cerro Verde,Costa Rica,13
310,2024-06-04,Sunset Park,Costa Rica,35
311,2024-09-25,Balboa,España,41
312,2021-03-15,Cerro Verde,Estados Unidos,43
313,2022-06-07,Sunset Park,Canada,53
314,2022-10-16,Amulapa,Canada,75
315,2021-01-30,Puerta del Diablo,Canada,67
316,2021-12-11,Amulapa,Estados Unidos,75
317,2023-04-09,Cerro Verde,España,55
318,2023-11-02,Cerro Verde,Costa Rica,16
319,2021-12-06,Balboa,Nicaragua,62
320,2022-11-26,Balboa,Nicaragua,72
321,2021-12-16,Sunset Park,España,77
322,2024-01-23,Apulo,Guatemala,44
323,2021-03-17,Puerta del Diablo,Estados Unidos,55
324,2022-02-05,Sunset Park,Nicaragua,22
325,2023-01-19,Amulapa,Mexico,18
326,2023-03-21,Amulapa,Guatemala,43
327,2022-06-04,Sunset Park,Costa Rica,33
328,2021-03-19,Balboa,Guatemala,58
329,2024-12-23,Sunset Park,España,35
330,2022-11-20,Amulapa,Canada,70
331,2023-04-30,Puerta del Diablo,Honduras,16
332,2024-07-03,Cerro Verde,Canada,73
333,2022-05-06,Apulo,Guatemala,48
334,2023-09-04,Apulo,Honduras,33
335,2023-11-02,Cerro Verde,Costa Rica,11
336,2024-06-30,Balboa,Guatemala,55
337,2021-08-16,Amulapa,Costa Rica,78
338,2024-12-02,Sunset Park,Mexico,19
339,2024-05-21,Apulo,Nicaragua,68
340,2021-06-22,Balboa,Canada,37
341,2023-04-10,Sunset Park,Canada,32
342,2022-02-15,Apulo,Costa Rica,72
343,2024-09-22,Apulo,Canada,79
344,2021-01-01,Cerro Verde,Guatemala,59
345,2024-09-05,Balboa,Canada,11
346,2024-03-08,Puerta del Diablo,Guatemala,59
347,2024-02-01,Apulo,Honduras,58
348,2024-09-11,Sunset Park,Nicaragua,66
349,2024-02-04,Balboa,Estados Unidos,50
350,2021-01-01,Amulapa,Mexico,28
351,2023-02-16,Amulapa,Estados Unidos,60
352,2021-10-04,Amulapa,España,75
353,2024-07-26,Apulo,Costa Rica,16
354,2022-02-22,Amulapa,Costa Rica,36
355,2021-11-28,Amulapa,Estados Unidos,23
356,2023-08-28,Puerta del Diablo,Mexico,48
357,2021-03-23,Puerta del Diablo,Honduras,32
358,2023-05-20,Apulo,Nicaragua,28
359,2023-04-22,Cerro Verde,Mexico,24
360,2024-04-09,Amulapa,Estados Unidos,18
361,2024-11-22,Apulo,Honduras,7
362,2021-12-05,Apulo,Nicaragua,52
363,2023-02-15,Amulapa,España,19
364,2022-01-21,Sunset Park,España,30
365,2024-09-24,Sunset Park,Guatemala,77
366,2021-09-18,Cerro Verde,Nicaragua,13
367,2021-03-15,Sunset Park,España,37
368,2021-04-03,Apulo,Canada,63
369,2022-02-21,Cerro Verde,Canada,7
370,2024-04-14,Sunset Park,Honduras,27
371,2024-11-23,Sunset Park,Nicaragua,10
372,2024-11-14,Apulo,Estados Unidos,76
373,2023-02-19,Cerro Verde,Costa Rica,51
374,2024-05-09,Sunset Park,Guatemala,47
375,2023-01-30,Balboa,España,53
376,2021-08-30,Apulo,Canada,21
377,2024-09-11,Balboa,Nicaragua,78
378,2024-01-14,Puerta del Diablo,Nicaragua,16
379,2022-03-21,Sunset Park,Estados Unidos,26
380,2022-02-18,Balboa,Canada,15
381,2021-12-04,Puerta del Diablo,España,26
382,2023-11-06,Apulo,Costa Rica,8
383,2021-06-24,Balboa,España,19
384,2024-07-14,Cerro Verde,Honduras,47
385,2023-11-12,Apulo,Guatemala,45
386,2021-01-02,Apulo,Guatemala,26
387,2021-05-09,Amulapa,España,72
388,2021-10-20,Cerro Verde,Guatemala,47
389,2023-05-21,Amulapa,Mexico,54
390,2023-11-21,Apulo,Mexico,77
391,2021-05-13,Amulapa,Guatemala,52
392,2024-10-10,Puerta del Diablo,Mexico,58
393,2022-12-07,Sunset Park,Nicaragua,11
394,2022-07-17,Apulo,Canada,64
395,2021-01-22,Balboa,Nicaragua,27
396,2024-08-28,Apulo,Guatemala,45
397,2021-03-27,Cerro Verde,Guatemala,65
398,2021-06-07,Balboa,Canada,15
399,2023-10-14,Cerro Verde,Guatemala,70
400,2024-05-25,Apulo,España,46
401,2022-04-28,Puerta del Diablo,Canada,19
402,2024-12-24,Balboa,Mexico,23
403,2023-10-04,Apulo,Canada,50
404,2023-05-03,Apulo,Costa Rica,21
405,2023-11-25,Cerro Verde,Guatemala,70
406,2023-10-10,Amulapa,Estados Unidos,10
407,2024-08-05,Apulo,Nicaragua,78
408,2024-12-11,Puerta del Diablo,Nicaragua,26
409,2022-09-05,Amulapa,Honduras,23
410,2021-01-26,Balboa,Canada,45
411,2023-02-09,Apulo,Nicaragua,35
412,2024-11-08,Cerro Verde,Nicaragua,8
413,2021-02-13,Puerta del Diablo,España,66
414,2023-07-05,Sunset Park,España,18
415,2022-05-09,Puerta del Diablo,España,57
416,2024-11-13,Apulo,Guatemala,42
417,2021-08-23,Apulo,Honduras,64
418,2021-10-01,Balboa,Estados Unidos,9
419,2024-01-09,Apulo,Canada,13
420,2023-02-10,Puerta del Diablo,Canada,8
421,2022-09-16,Sunset Park,Estados Unidos,58
422,2021-12-25,Puerta del Diablo,Guatemala,61
423,2024-12-08,Apulo,Guatemala,12
424,2021-03-14,Apulo,Estados Unidos,18
425,2022-11-24,Sunset Park,Costa Rica,32
426,2024-02-20,Sunset Park,Estados Unidos,51
427,2023-06-17,Balboa,Guatemala,57
428,2022-05-06,Sunset Park,Nicaragua,78
429,2022-11-17,Cerro Verde,España,71
430,2024-11-03,Apulo,Estados Unidos,70
431,2022-12-28,Balboa,Honduras,9
432,2024-01-28,Amulapa,Estados Unidos,13
433,2024-07-10,Puerta del Diablo,Mexico,73
434,2024-09-11,Balboa,Honduras,20
435,2022-03-25,Apulo,Nicaragua,28
436,2022-07-08,Apulo,Estados Unidos,79
437,2021-01-29,Sunset Park,Costa Rica,62
438,2022-08-04,Sunset Park,Guatemala,20
439,2021-11-29,Cerro Verde,Canada,36
440,2021-09-08,Cerro Verde,Honduras,57
441,2024-05-15,Apulo,Costa Rica,38
442,2024-11-09,Apulo,Guatemala,9
443,2022-04-04,Cerro Verde,Canada,59
444,2022-08-11,Cerro Verde,Mexico,51
445,2024-12-09,Sunset Park,Estados Unidos,26
446,2023-02-27,Amulapa,España,39
447,2023-04-21,Balboa,Estados Unidos,54
448,2022-12-26,Sunset Park,Honduras,51
449,2024-09-18,Cerro Verde,España,15
450,2021-09-18,Puerta del Diablo,Nicaragua,22
451,2024-10-04,Cerro Verde,Costa Rica,23
452,2023-09-17,Puerta del Diablo,Canada,62
453,2021-04-11,Sunset Park,Guatemala,26
454,2023-04-03,Sunset Park,Guatemala,11
455,2023-08-03,Sunset Park,Guatemala,31
456,2024-10-05,Amulapa,Mexico,6
457,2023-05-08,Apulo,Nicaragua,24
458,2022-11-10,Apulo,Costa Rica,25
459,2021-09-18,Sunset Park,España,46
460,2021-12-25,Amulapa,Nicaragua,35
461,2024-03-02,Balboa,Guatemala,67
462,2024-11-12,Amulapa,Guatemala,8
463,2023-03-20,Apulo,Canada,13
464,2023-02-12,Balboa,Estados Unidos,40
465,2021-01-06,Apulo,Honduras,17
466,2021-08-10,Cerro Verde,Nicaragua,60
467,2022-02-26,Sunset Park,Nicaragua,9
468,2021-12-29,Apulo,Mexico,19
469,2022-07-17,Cerro Verde,España,66
470,2023-10-29,Balboa,Guatemala,7
471,2024-05-09,Apulo,Mexico,56
472,2024-11-14,Amulapa,Mexico,28
473,2024-01-10,Balboa,Estados Unidos,24
474,2024-02-06,Amulapa,Estados Unidos,14
475,2022-11-16,Sunset Park,Nicaragua,68
476,2024-01-21,Apulo,Canada,31
477,2021-04-08,Sunset Park,Estados Unidos,53
478,2021-06-06,Amulapa,Mexico,56
479,2021-12-05,Puerta del Diablo,Estados Unidos,22
480,2022-04-11,Amulapa,Estados Unidos,53
481,2023-08-23,Sunset Park,Canada,64
482,2021-05-02,Balboa,Costa Rica,58
483,2021-07-31,Balboa,Canada,63
484,2021-12-12,Sunset Park,España,74
485,2023-10-19,Apulo,Honduras,74
486,2022-09-17,Apulo,Canada,7
487,2021-06-03,Balboa,Costa Rica,40
488,2022-11-11,Balboa,Mexico,20
489,2021-09-17,Amulapa,Guatemala,23
490,2022-04-02,Cerro Verde,Guatemala,65
491,2023-08-16,Apulo,Mexico,21
492,2021-11-03,Cerro Verde,Nicaragua,40
493,2022-02-02,Balboa,Nicaragua,52
494,2024-11-26,Balboa,España,31
495,2022-10-16,Cerro Verde,Guatemala,53
496,2024-06-29,Apulo,España,78
497,2023-10-23,Apulo,España,61
498,2021-09-15,Balboa,Honduras,30
499,2022-07-29,Puerta del Diablo,España,10
500,2024-05-28,Puerta del Diablo,Costa Rica,55
501,2022-10-03,Balboa,Nicaragua,69
502,2021-04-02,Amulapa,Honduras,41
503,2022-10-23,Puerta del Diablo,Canada,46
504,2024-01-03,Balboa,Costa Rica,39
505,2023-08-13,Apulo,Estados Unidos,35
506,2023-05-26,Apulo,España,36
507,2024-03-16,Amulapa,Honduras,36
508,2021-01-22,Puerta del Diablo,Costa Rica,42
509,2023-08-23,Amulapa,Estados Unidos,68
510,2021-01-22,Puerta del Diablo,Honduras,54
511,2021-01-13,Apulo,Guatemala,25
512,2023-09-06,Sunset Park,España,40
513,2022-03-17,Sunset Park,España,5
514,2022-04-11,Cerro Verde,Guatemala,24
515,2024-05-14,Cerro Verde,Canada,47
516,2022-04-30,Amulapa,Costa Rica,26
517,2024-07-18,Puerta del Diablo,Estados Unidos,5
518,2023-03-16,Amulapa,España,29
519,2023-05-21,Cerro Verde,Mexico,23
520,2023-10-14,Sunset Park,Guatemala,64
521,2021-06-20,Balboa,Estados Unidos,14
522,2021-09-28,Balboa,Costa Rica,52
523,2023-04-15,Sunset Park,Mexico,49
524,2023-03-09,Balboa,Costa Rica,11
525,2021-09-20,Cerro Verde,Nicaragua,22
526,2022-08-13,Puerta del Diablo,Nicaragua,63
527,2023-05-19,Sunset Park,Guatemala,78
528,2022-09-17,Apulo,Guatemala,54
529,2021-10-01,Apulo,Guatemala,22
530,2023-08-27,Puerta del Diablo,Guatemala,12
531,2021-11-06,Balboa,Guatemala,41
532,2024-10-06,Apulo,Canada,57
533,2022-10-27,Amulapa,Canada,39
534,2022-08-12,Apulo,Nicaragua,20
535,2021-07-29,Sunset Park,Estados Unidos,53
536,2024-11-26,Balboa,Costa Rica,66
537,2021-10-14,Balboa,Nicaragua,7
538,2021-10-03,Puerta del Diablo,Nicaragua,35
539,2024-10-04,Amulapa,Costa Rica,27
540,2023-03-10,Sunset Park,España,52
541,2021-05-21,Puerta del Diablo,Costa Rica,26
542,2022-03-14,Cerro Verde,Costa Rica,42
543,2021-09-12,Puerta del Diablo,Mexico,33
544,2024-06-13,Cerro Verde,Guatemala,77
545,2023-07-05,Balboa,España,73
546,2024-10-02,Puerta del Diablo,Canada,24
547,2024-06-17,Amulapa,Nicaragua,64
548,2022-01-06,Sunset Park,Canada,22
549,2023-05-23,Amulapa,Nicaragua,76
550,2024-09-01,Amulapa,Canada,37
551,2022-01-16,Apulo,Nicaragua,66
552,2021-10-13,Sunset Park,Nicaragua,26
553,2023-05-18,Apulo,Nicaragua,24
554,2023-05-26,Apulo,Nicaragua,62
555,2023-01-09,Puerta del Diablo,Mexico,40
556,2023-10-24,Sunset Park,Honduras,13
557,2024-09-29,Balboa,Estados Unidos,25
558,2024-10-23,Sunset Park,Nicaragua,32
559,2021-09-16,Apulo,Mexico,19
560,2021-10-20,Balboa,Canada,48
561,2021-09-30,Balboa,España,35
562,2022-03-08,Cerro Verde,Nicaragua,37
563,2023-03-06,Cerro Verde,Canada,32
564,2023-11-22,Amulapa,Costa Rica,27
565,2023-12-28,Cerro Verde,Guatemala,60
566,2022-03-24,Apulo,Honduras,44
567,2024-08-13,Amulapa,Costa Rica,26
568,2021-06-18,Amulapa,España,79
569,2021-12-26,Amulapa,Guatemala,62
570,2024-05-13,Amulapa,Canada,68
571,2023-03-05,Cerro Verde,Canada,27
572,2023-11-20,Balboa,Honduras,5
573,2022-06-21,Amulapa,Honduras,33
574,2023-12-13,Puerta del Diablo,Costa Rica,51
575,2024-06-20,Sunset Park,Guatemala,48
576,2022-08-23,Amulapa,Nicaragua,58
577,2023-12-11,Cerro Verde,Honduras,36
578,2022-08-01,Sunset Park,Costa Rica,63
579,2024-08-31,Amulapa,Mexico,34
580,2024-04-14,Apulo,Honduras,75
581,2024-08-21,Amulapa,Guatemala,33
582,2021-05-14,Amulapa,España,48
583,2024-11-12,Balboa,España,42
584,2023-11-04,Apulo,Costa Rica,37
585,2022-05-16,Amulapa,Mexico,44
586,2024-07-16,Amulapa,Estados Unidos,17
587,2022-04-26,Puerta del Diablo,Honduras,6
588,2021-01-01,Amulapa,España,47
589,2022-06-17,Apulo,España,69
590,2021-06-04,Cerro Verde,Nicaragua,38
591,2023-01-06,Balboa,Honduras,62
592,2022-04-13,Puerta del Diablo,Mexico,24
593,2023-10-06,Cerro Verde,Costa Rica,5
594,2024-01-12,Sunset Park,Canada,45
595,2024-03-17,Sunset Park,Mexico,30
596,2022-03-12,Cerro Verde,Costa Rica,66
597,2022-03-14,Cerro Verde,Nicaragua,44
598,2024-07-12,Sunset Park,Estados Unidos,22
599,2022-03-23,Puerta del Diablo,Nicaragua,33
600,2024-01-08,Amulapa,Honduras,46
601,2024-12-20,Balboa,Mexico,30
602,2024-08-31,Sunset Park,Estados Unidos,17
603,2023-11-24,Sunset Park,Guatemala,63
604,2021-10-14,Balboa,Costa Rica,53
605,2021-08-28,Amulapa,Mexico,37
606,2021-12-02,Balboa,Mexico,11
607,2023-04-26,Cerro Verde,Guatemala,30
608,2022-09-05,Apulo,Costa Rica,54
609,2024-10-23,Amulapa,Guatemala,23
610,2023-05-30,Amulapa,Nicaragua,70
611,2022-01-12,Balboa,Honduras,52
612,2022-09-06,Balboa,Guatemala,26
613,2023-09-30,Apulo,Nicaragua,28
614,2022-02-11,Apulo,Estados Unidos,37
615,2022-01-13,Apulo,Canada,70
616,2024-11-19,Cerro Verde,Costa Rica,75
617,2021-01-15,Puerta del Diablo,Estados Unidos,34
618,2022-01-02,Sunset Park,Estados Unidos,40
619,2021-05-19,Sunset Park,Costa Rica,11
620,2024-01-10,Puerta del Diablo,Mexico,77
621,2021-02-09,Puerta del Diablo,Nicaragua,28
622,2024-12-01,Apulo,España,47
623,2024-03-17,Apulo,Honduras,47
624,2023-03-07,Amulapa,Guatemala,65
625,2022-01-19,Apulo,Costa Rica,8
626,2024-02-01,Cerro Verde,Guatemala,60
627,2022-12-24,Puerta del Diablo,Mexico,7
628,2022-04-12,Puerta del Diablo,Costa Rica,21
629,2024-10-20,Cerro Verde,Nicaragua,13
630,2021-08-25,Puerta del Diablo,Estados Unidos,60
631,2024-10-02,Amulapa,Canada,59
632,2023-09-12,Apulo,Guatemala,25
633,2024-10-10,Apulo,Estados Unidos,43
634,2022-02-01,Amulapa,Estados Unidos,41
635,2021-06-07,Apulo,España,46
636,2021-08-14,Apulo,Nicaragua,63
637,2024-02-17,Amulapa,Costa Rica,26
638,2023-04-03,Apulo,Nicaragua,74
639,2024-08-05,Balboa,España,44
640,2024-01-10,Apulo,Mexico,13
641,2021-04-29,Balboa,Canada,48
642,2021-04-15,Amulapa,Honduras,31
643,2022-10-10,Cerro Verde,Mexico,78
644,2023-03-27,Cerro Verde,Costa Rica,61
645,2021-02-18,Balboa,Guatemala,60
646,2024-08-25,Amulapa,Guatemala,54
647,2022-02-22,Puerta del Diablo,Mexico,45
648,2023-02-23,Apulo,Nicaragua,61
649,2024-06-30,Sunset Park,Guatemala,16
650,2023-01-11,Amulapa,Costa Rica,29
651,2021-07-02,Puerta del Diablo,España,62
652,2023-06-23,Puerta del Diablo,Costa Rica,44
653,2023-05-17,Sunset Park,Nicaragua,38
654,2023-07-04,Sunset Park,Mexico,30
655,2022-08-07,Apulo,Mexico,38
656,2022-06-21,Amulapa,Guatemala,15
657,2022-03-31,Balboa,Costa Rica,40
658,2021-11-21,Amulapa,Estados Unidos,70
659,2024-01-05,Apulo,Canada,53
660,2022-09-16,Apulo,Honduras,37
661,2023-05-24,Apulo,Nicaragua,40
662,2021-09-13,Amulapa,España,50
663,2022-08-17,Apulo,Honduras,68
664,2023-02-15,Puerta del Diablo,Honduras,52
665,2022-12-25,Puerta del Diablo,Mexico,52
666,2022-06-12,Balboa,Mexico,26
667,2023-12-26,Sunset Park,Costa Rica,15
668,2023-09-08,Cerro Verde,Mexico,5
669,2021-07-13,Balboa,Nicaragua,24
670,2021-06-01,Amulapa,España,11
671,2021-01-24,Amulapa,Honduras,57
672,2022-07-27,Apulo,Honduras,24
673,2023-07-27,Apulo,Canada,23
674,2022-05-23,Puerta del Diablo,Mexico,71
675,2021-10-30,Balboa,Estados Unidos,9
676,2024-08-30,Sunset Park,Mexico,10
677,2022-09-07,Amulapa,Costa Rica,58
678,2021-02-12,Cerro Verde,Mexico,25
679,2024-10-27,Balboa,Guatemala,78
680,2024-06-24,Sunset Park,Mexico,53
681,2022-06-07,Apulo,Costa Rica,12
682,2024-09-19,Amulapa,Costa Rica,55
683,2022-03-21,Cerro Verde,Nicaragua,46
684,2021-01-07,Cerro Verde,España,60
685,2024-07-15,Sunset Park,Honduras,73
686,2022-04-10,Amulapa,España,46
687,2022-02-27,Amulapa,Mexico,33
688,2023-11-03,Balboa,Costa Rica,52
689,2022-07-16,Balboa,Estados Unidos,41
690,2023-10-15,Balboa,Honduras,48
691,2023-10-30,Cerro Verde,Honduras,7
692,2022-12-09,Sunset Park,Estados Unidos,31
693,2021-01-08,Puerta del Diablo,Guatemala,26
694,2024-05-19,Cerro Verde,Canada,74
695,2023-08-24,Amulapa,Costa Rica,23
696,2023-08-27,Cerro Verde,Estados Unidos,72
697,2021-10-27,Balboa,Nicaragua,52
698,2021-09-28,Puerta del Diablo,Estados Unidos,22
699,2024-04-03,Amulapa,Canada,32
700,2022-07-04,Puerta del Diablo,Guatemala,46
701,2022-05-13,Apulo,Mexico,16
702,2022-03-02,Puerta del Diablo,Costa Rica,70
703,2023-02-28,Balboa,Mexico,24
704,2022-06-16,Apulo,Honduras,43
705,2023-08-29,Puerta del Diablo,Mexico,68
706,2021-12-27,Sunset Park,España,56
707,2024-01-01,Apulo,Mexico,65
708,2022-07-22,Apulo,Estados Unidos,38
709,2021-11-25,Amulapa,España,6
710,2022-02-22,Amulapa,Honduras,38
711,2024-11-17,Balboa,Honduras,23
712,2022-10-30,Puerta del Diablo,Estados Unidos,64
713,2022-07-04,Puerta del Diablo,Nicaragua,36
714,2024-10-14,Cerro Verde,Nicaragua,54
715,2024-11-12,Balboa,Costa Rica,33
716,2023-09-25,Puerta del Diablo,Nicaragua,40
717,2022-04-26,Sunset Park,Canada,6
718,2021-12-14,Cerro Verde,Estados Unidos,48
719,2021-11-03,Amulapa,Mexico,42
720,2024-05-18,Sunset Park,Guatemala,43
721,2023-04-16,Apulo,Costa Rica,69
722,2021-11-03,Amulapa,Nicaragua,28
723,2023-01-10,Amulapa,Mexico,13
724,2024-09-13,Balboa,Nicaragua,26
725,2021-11-30,Amulapa,España,16
726,2023-04-14,Sunset Park,Costa Rica,79
727,2023-10-31,Balboa,Guatemala,10
728,2022-10-15,Apulo,Costa Rica,23
729,2024-02-01,Apulo,España,13
730,2022-06-11,Cerro Verde,Costa Rica,34
731,2023-12-09,Sunset Park,Costa Rica,67
732,2023-05-04,Apulo,Mexico,65
733,2021-07-03,Amulapa,Nicaragua,40
734,2023-05-31,Sunset Park,Estados Unidos,55
735,2022-05-16,Balboa,Canada,34
736,2024-01-13,Cerro Verde,Nicaragua,38
737,2021-03-30,Apulo,Honduras,22
738,2023-03-23,Sunset Park,Estados Unidos,7
739,2024-07-22,Apulo,Estados Unidos,71
740,2023-01-25,Sunset Park,Costa Rica,29
741,2021-05-15,Cerro Verde,Guatemala,16
742,2021-02-11,Sunset Park,Mexico,48
743,2023-12-25,Cerro Verde,Guatemala,25
744,2021-02-16,Balboa,Estados Unidos,46
745,2022-05-17,Balboa,Guatemala,28
746,2024-12-12,Amulapa,Mexico,17
747,2022-07-12,Balboa,Estados Unidos,16
748,2024-02-22,Apulo,Nicaragua,79
749,2022-12-19,Cerro Verde,Canada,54
750,2023-04-05,Sunset Park,Canada,24
751,2023-09-23,Amulapa,Guatemala,36
752,2021-01-11,Puerta del Diablo,Estados Unidos,35
753,2021-01-27,Balboa,Canada,18
754,2021-03-10,Apulo,Estados Unidos,49
755,2023-05-24,Balboa,Nicaragua,36
756,2023-06-30,Balboa,Costa Rica,27
757,2022-06-05,Amulapa,España,67
758,2021-05-14,Apulo,Honduras,44
759,2024-02-25,Cerro Verde,Guatemala,23
760,2021-12-05,Amulapa,Mexico,17
761,2022-04-24,Amulapa,Costa Rica,12
762,2022-09-06,Apulo,Nicaragua,8
763,2024-07-31,Balboa,Costa Rica,35
764,2023-03-14,Apulo,Nicaragua,6
765,2021-11-04,Sunset Park,Honduras,34
766,2022-06-04,Balboa,Canada,66
767,2023-02-08,Amulapa,Nicaragua,32
768,2022-11-13,Sunset Park,Guatemala,23
769,2022-10-21,Sunset Park,Mexico,57
770,2021-05-13,Puerta del Diablo,Nicaragua,46
771,2022-07-25,Puerta del Diablo,Costa Rica,34
772,2021-02-26,Balboa,Canada,37
773,2022-05-30,Apulo,Canada,71
774,2023-03-20,Amulapa,Estados Unidos,25
775,2023-02-06,Amulapa,Estados Unidos,45
776,2022-08-20,Balboa,Nicaragua,67
777,2023-11-28,Sunset Park,Canada,69
778,2024-10-12,Balboa,Mexico,19
779,2022-10-28,Amulapa,Honduras,7
780,2021-02-03,Cerro Verde,Honduras,55
781,2024-05-23,Apulo,Estados Unidos,73
782,2024-03-18,Amulapa,España,35
783,2021-01-20,Apulo,Guatemala,65
784,2024-11-30,Apulo,Costa Rica,78
785,2022-09-30,Sunset Park,Mexico,9
786,2024-09-29,Sunset Park,Costa Rica,67
787,2024-01-30,Cerro Verde,Nicaragua,44
788,2021-01-03,Amulapa,Canada,23
789,2023-12-19,Sunset Park,España,61
790,2022-02-18,Balboa,Honduras,32
791,2023-05-16,Amulapa,Estados Unidos,16
792,2023-10-15,Puerta del Diablo,Costa Rica,23
793,2024-07-16,Amulapa,Guatemala,71
794,2024-11-30,Puerta del Diablo,Costa Rica,8
795,2022-06-23,Cerro Verde,Honduras,58
796,2023-06-15,Amulapa,España,53
797,2023-04-13,Apulo,Guatemala,50
798,2021-03-06,Cerro Verde,Mexico,7
799,2024-06-23,Cerro Verde,Canada,43
800,2024-11-05,Cerro Verde,Guatemala,78
801,2024-05-27,Puerta del Diablo,Canada,46
802,2022-07-16,Cerro Verde,Guatemala,7
803,2023-07-07,Apulo,Costa Rica,55
804,2021-02-26,Amulapa,Costa Rica,34
805,2023-11-15,Sunset Park,España,30
806,2021-10-25,Sunset Park,Estados Unidos,69
807,2024-03-19,Puerta del Diablo,Costa Rica,20
808,2021-05-18,Apulo,Guatemala,23
809,2021-05-28,Sunset Park,Canada,9
810,2024-02-19,Amulapa,España,59
811,2023-11-01,Puerta del Diablo,Canada,26
812,2024-09-18,Cerro Verde,España,79
813,2023-03-13,Amulapa,Mexico,30
814,2023-08-06,Sunset Park,Estados Unidos,60
815,2023-03-06,Sunset Park,Guatemala,25
816,2022-03-31,Sunset Park,Estados Unidos,53
817,2021-11-06,Amulapa,Canada,13
818,2022-12-31,Cerro Verde,Guatemala,35
819,2021-05-25,Amulapa,Nicaragua,49
820,2023-11-11,Puerta del Diablo,Honduras,67
821,2023-11-06,Sunset Park,Estados Unidos,7
822,2024-03-22,Cerro Verde,Honduras,29
823,2022-09-28,Amulapa,Nicaragua,42
824,2024-12-26,Cerro Verde,Estados Unidos,32
825,2022-03-06,Amulapa,Costa Rica,77
826,2024-03-13,Puerta del Diablo,Honduras,35
827,2024-05-28,Puerta del Diablo,Costa Rica,27
828,2021-12-13,Puerta del Diablo,Mexico,77
829,2022-03-28,Amulapa,Honduras,56
830,2024-10-07,Puerta del Diablo,Canada,23
831,2023-06-30,Cerro Verde,España,70
832,2024-11-07,Amulapa,España,66
833,2024-11-04,Balboa,Nicaragua,13
834,2021-05-13,Sunset Park,Nicaragua,65
835,2021-10-30,Cerro Verde,Costa Rica,25
836,2023-06-01,Apulo,Mexico,7
837,2023-05-01,Amulapa,Estados Unidos,27
838,2022-06-15,Amulapa,Honduras,28
839,2022-08-11,Balboa,Costa Rica,57
840,2021-01-23,Apulo,Costa Rica,21
841,2022-07-21,Sunset Park,Costa Rica,70
842,2024-08-27,Apulo,Costa Rica,38
843,2021-02-26,Cerro Verde,Nicaragua,58
844,2022-12-05,Sunset Park,Nicaragua,52
845,2023-05-13,Cerro Verde,Canada,35
846,2022-08-10,Apulo,Costa Rica,25
847,2021-08-16,Puerta del Diablo,Costa Rica,15
848,2021-08-02,Apulo,Nicaragua,45
849,2021-06-18,Apulo,Costa Rica,73
850,2021-01-14,Puerta del Diablo,Estados Unidos,14
851,2021-09-28,Amulapa,Honduras,42
852,2023-06-21,Puerta del Diablo,Canada,27
853,2023-01-29,Puerta del Diablo,Guatemala,20
854,2021-07-08,Amulapa,Costa Rica,16
855,2023-11-22,Apulo,Canada,54
856,2023-12-05,Amulapa,Costa Rica,20
857,2023-11-25,Balboa,Estados Unidos,25
858,2023-02-13,Sunset Park,Canada,5
859,2022-01-25,Cerro Verde,Guatemala,42
860,2021-08-18,Amulapa,Nicaragua,68
861,2022-07-03,Amulapa,Honduras,48
862,2022-09-16,Sunset Park,Costa Rica,56
863,2021-09-19,Apulo,Canada,40
864,2021-09-14,Cerro Verde,Mexico,37
865,2024-09-20,Apulo,Canada,24
866,2024-02-24,Balboa,Costa Rica,37
867,2022-05-02,Cerro Verde,Honduras,32
868,2024-08-28,Apulo,Mexico,34
869,2021-05-27,Cerro Verde,Costa Rica,24
870,2024-12-13,Sunset Park,Honduras,10
871,2022-03-17,Sunset Park,Honduras,65
872,2022-02-14,Balboa,Guatemala,15
873,2024-08-23,Balboa,Mexico,27
874,2023-07-22,Amulapa,Mexico,73
875,2023-08-09,Balboa,Mexico,23
876,2022-09-24,Amulapa,Honduras,39
877,2022-11-29,Balboa,Guatemala,75
878,2023-04-13,Balboa,Canada,38
879,2022-03-20,Balboa,Costa Rica,25
880,2022-06-22,Sunset Park,Guatemala,69
881,2021-02-09,Balboa,Honduras,37
882,2024-08-06,Puerta del Diablo,Estados Unidos,43
883,2023-07-23,Apulo,Nicaragua,6
884,2021-02-10,Sunset Park,Honduras,48
885,2024-02-19,Apulo,España,20
886,2022-01-20,Sunset Park,Estados Unidos,63
887,2024-01-26,Amulapa,Mexico,5
888,2021-12-20,Sunset Park,Honduras,43
889,2024-09-20,Apulo,Nicaragua,58
890,2023-06-08,Balboa,Guatemala,37
891,2024-11-10,Amulapa,Nicaragua,45
892,2023-04-19,Sunset Park,Costa Rica,77
893,2023-03-30,Cerro Verde,Nicaragua,38
894,2022-11-17,Balboa,Guatemala,26
895,2022-02-14,Apulo,Costa Rica,21
896,2024-12-17,Apulo,Costa Rica,55
897,2023-02-17,Sunset Park,España,15
898,2021-03-15,Sunset Park,España,29
899,2022-08-09,Amulapa,Honduras,41
900,2022-07-04,Cerro Verde,España,42
901,2023-01-02,Puerta del Diablo,Nicaragua,63
902,2022-08-29,Cerro Verde,Nicaragua,77
903,2024-08-07,Amulapa,Costa Rica,75
904,2024-08-24,Cerro Verde,Costa Rica,79
905,2023-07-12,Balboa,Canada,49
906,2024-01-01,Cerro Verde,Costa Rica,68
907,2024-06-24,Puerta del Diablo,Guatemala,12
908,2022-08-09,Sunset Park,Costa Rica,55
909,2023-12-20,Amulapa,Honduras,18
910,2023-10-07,Amulapa,Honduras,67
911,2023-11-11,Apulo,Mexico,79
912,2024-01-18,Apulo,Costa Rica,39
913,2021-08-11,Puerta del Diablo,Guatemala,77
914,2022-03-26,Sunset Park,Estados Unidos,10
915,2022-11-27,Balboa,Honduras,64
916,2021-01-19,Sunset Park,Estados Unidos,52
917,2021-01-30,Balboa,Mexico,78
918,2023-07-14,Amulapa,España,56
919,2024-11-12,Balboa,Nicaragua,15
920,2024-09-14,Amulapa,Nicaragua,49
921,2023-11-09,Balboa,Honduras,7
922,2024-02-28,Sunset Park,Costa Rica,57
923,2022-05-13,Balboa,Guatemala,50
924,2024-07-30,Amulapa,España,9
925,2022-05-26,Sunset Park,Mexico,56
926,2024-06-04,Cerro Verde,España,52
927,2021-02-21,Apulo,Mexico,54
928,2022-06-11,Amulapa,Estados Unidos,12
929,2024-08-24,Sunset Park,Estados Unidos,55
930,2023-04-12,Apulo,Mexico,50
931,2022-05-24,Sunset Park,Canada,18
932,2024-01-07,Balboa,Mexico,50
933,2024-11-09,Apulo,Nicaragua,22
934,2021-09-18,Balboa,Mexico,58
935,2022-11-06,Cerro Verde,Costa Rica,6
936,2021-07-04,Apulo,Nicaragua,70
937,2024-10-07,Cerro Verde,Estados Unidos,27
938,2024-09-17,Balboa,Mexico,5
939,2024-12-16,Puerta del Diablo,Honduras,37
940,2024-05-29,Cerro Verde,Guatemala,70
941,2024-10-25,Cerro Verde,España,19
942,2024-08-20,Cerro Verde,Nicaragua,40
943,2021-10-28,Cerro Verde,Mexico,53
944,2021-08-23,Balboa,Guatemala,54
945,2023-05-07,Puerta del Diablo,Estados Unidos,44
946,2023-01-16,Sunset Park,Costa Rica,76
947,2021-04-04,Amulapa,Honduras,31
948,2024-06-01,Amulapa,España,68
949,2024-12-07,Sunset Park,Costa Rica,18
950,2022-12-15,Sunset Park,España,43
951,2024-01-09,Amulapa,Mexico,44
952,2022-08-27,Balboa,Costa Rica,53
953,2024-05-11,Balboa,Mexico,17
954,2024-06-29,Puerta del Diablo,Canada,65
955,2021-02-11,Sunset Park,Estados Unidos,25
956,2021-03-01,Sunset Park,Costa Rica,62
957,2023-01-29,Sunset Park,Estados Unidos,79
958,2021-07-23,Apulo,Canada,49
959,2021-03-05,Sunset Park,Canada,51
960,2022-07-09,Apulo,Nicaragua,9
961,2024-04-07,Amulapa,Costa Rica,5
962,2023-06-07,Apulo,Mexico,58
963,2021-11-14,Balboa,España,44
964,2021-06-15,Puerta del Diablo,Mexico,5
965,2024-01-10,Sunset Park,España,35
966,2021-08-20,Apulo,Costa Rica,79
967,2022-03-10,Balboa,España,77
968,2022-01-03,Sunset Park,Canada,36
969,2024-12-14,Apulo,Canada,40
970,2024-03-26,Cerro Verde,Honduras,15
971,2021-11-24,Puerta del Diablo,Costa Rica,35
972,2021-03-23,Amulapa,Nicaragua,22
973,2024-03-13,Cerro Verde,Honduras,50
974,2022-05-22,Balboa,Nicaragua,57
975,2021-03-28,Cerro Verde,España,28
976,2023-07-25,Puerta del Diablo,Mexico,7
977,2022-10-16,Sunset Park,Nicaragua,50
978,2024-07-22,Cerro Verde,Mexico,24
979,2022-12-12,Apulo,Canada,49
980,2021-12-25,Sunset Park,Guatemala,65
981,2023-07-20,Balboa,Guatemala,23
982,2024-01-30,Sunset Park,Nicaragua,57
983,2024-08-20,Balboa,Estados Unidos,36
984,2021-03-11,Amulapa,Guatemala,11
985,2022-11-14,Sunset Park,Canada,49
986,2022-03-13,Cerro Verde,Mexico,62
987,2022-03-04,Puerta del Diablo,Nicaragua,44
988,2022-12-09,Amulapa,Mexico,69
989,2022-01-30,Apulo,Costa Rica,70
990,2023-11-14,Sunset Park,Guatemala,17
991,2021-04-04,Sunset Park,Guatemala,52
992,2022-01-28,Apulo,Mexico,29
993,2021-11-14,Cerro Verde,Estados Unidos,13
994,2023-12-30,Balboa,Nicaragua,12
995,2022-09-21,Cerro Verde,Honduras,46
996,2022-04-01,Amulapa,Honduras,76
997,2021-11-25,Cerro Verde,Mexico,29
998,2021-10-25,Sunset Park,Guatemala,20
999,2021-07-03,Balboa,España,56
1000,2023-11-25,Puerta del Diablo,España,34
1001,2023-07-06,Balboa,Honduras,11
1002,2023-08-20,Apulo,Mexico,46
1003,2021-03-29,Amulapa,Nicaragua,68
1004,2022-09-22,Balboa,Costa Rica,44
1005,2021-04-02,Apulo,Nicaragua,34
1006,2024-03-14,Sunset Park,Canada,15
1007,2023-05-10,Apulo,Nicaragua,25
1008,2022-10-12,Amulapa,Canada,75
1009,2023-04-25,Sunset Park,Canada,65
1010,2021-08-13,Amulapa,Costa Rica,65
1011,2023-08-06,Puerta del Diablo,Estados Unidos,26
1012,2021-03-28,Balboa,Nicaragua,52
1013,2021-01-26,Puerta del Diablo,Guatemala,11
1014,2023-09-23,Puerta del Diablo,Nicaragua,65
1015,2023-07-23,Cerro Verde,Estados Unidos,76
1016,2021-05-22,Balboa,Mexico,60
1017,2022-12-18,Cerro Verde,España,61
1018,2021-06-30,Apulo,Costa Rica,15
1019,2023-01-22,Sunset Park,Honduras,77
1020,2024-07-31,Apulo,Costa Rica,60
1021,2022-09-06,Cerro Verde,Estados Unidos,50
1022,2022-12-30,Apulo,Mexico,24
1023,2023-07-04,Sunset Park,Canada,40
1024,2022-03-15,Sunset Park,Honduras,51
1025,2021-11-29,Apulo,Nicaragua,12
1026,2022-11-19,Balboa,Mexico,29
1027,2024-10-18,Puerta del Diablo,Honduras,33
1028,2022-07-23,Sunset Park,España,46
1029,2024-12-13,Balboa,Nicaragua,28
1030,2023-02-01,Apulo,Guatemala,26
1031,2021-03-08,Puerta del Diablo,España,10
1032,2022-03-28,Sunset Park,Guatemala,71
1033,2023-12-04,Amulapa,Honduras,46
1034,2022-08-11,Amulapa,España,65
1035,2023-12-28,Amulapa,Guatemala,67
1036,2024-08-06,Puerta del Diablo,Guatemala,52
1037,2024-01-09,Balboa,Nicaragua,47
1038,2023-09-12,Balboa,Nicaragua,9
1039,2021-06-01,Balboa,España,35
1040,2024-03-08,Cerro Verde,Mexico,20
1041,2023-02-05,Sunset Park,Costa Rica,67
1042,2021-09-01,Apulo,Guatemala,54
1043,2022-05-31,Apulo,Honduras,68
1044,2022-12-25,Sunset Park,Guatemala,9
1045,2022-04-14,Amulapa,Estados Unidos,79
1046,2022-02-26,Balboa,Costa Rica,68
1047,2023-05-17,Balboa,Mexico,33
1048,2022-05-07,Cerro Verde,Estados Unidos,7
1049,2021-02-15,Balboa,Costa Rica,44
1050,2021-12-13,Puerta del Diablo,Nicaragua,67
1051,2022-10-03,Cerro Verde,Nicaragua,28
1052,2022-02-09,Balboa,Guatemala,57
1053,2022-08-09,Sunset Park,Canada,10
1054,2021-06-15,Apulo,Honduras,54
1055,2022-06-25,Apulo,Canada,24
1056,2024-07-23,Balboa,Guatemala,74
1057,2023-05-20,Balboa,Estados Unidos,29
1058,2024-09-12,Apulo,Nicaragua,33
1059,2023-07-18,Amulapa,España,65
1060,2022-12-18,Cerro Verde,Estados Unidos,71
1061,2024-03-14,Apulo,España,47
1062,2022-10-18,Puerta del Diablo,Honduras,69
1063,2024-11-15,Cerro Verde,Guatemala,30
1064,2024-12-18,Apulo,Estados Unidos,49
1065,2023-05-23,Sunset Park,España,9
1066,2024-04-27,Cerro Verde,Guatemala,74
1067,2022-03-29,Balboa,Estados Unidos,18
1068,2021-01-12,Sunset Park,Mexico,69
1069,2021-11-02,Cerro Verde,Mexico,32
1070,2022-02-02,Amulapa,Mexico,64
1071,2023-06-10,Amulapa,España,29
1072,2021-06-21,Cerro Verde,Canada,33
1073,2024-03-24,Cerro Verde,Guatemala,6
1074,2024-11-08,Cerro Verde,Estados Unidos,55
1075,2024-04-15,Balboa,Honduras,42
1076,2024-08-26,Puerta del Diablo,Costa Rica,48
1077,2021-03-15,Balboa,Costa Rica,42
1078,2021-11-22,Sunset Park,Nicaragua,26
1079,2021-07-31,Puerta del Diablo,Canada,54
1080,2024-10-22,Sunset Park,Nicaragua,33
1081,2021-02-18,Puerta del Diablo,Honduras,71
1082,2021-10-07,Puerta del Diablo,Nicaragua,20
1083,2023-09-14,Amulapa,Costa Rica,27
1084,2022-03-29,Puerta del Diablo,Mexico,76
1085,2023-03-30,Cerro Verde,Estados Unidos,68
1086,2023-03-31,Apulo,Guatemala,67
1087,2023-12-31,Puerta del Diablo,Nicaragua,8
1088,2024-11-02,Cerro Verde,Honduras,63
1089,2021-01-08,Amulapa,Guatemala,18
1090,2021-10-27,Cerro Verde,España,28
1091,2024-06-19,Puerta del Diablo,España,75
1092,2024-07-28,Apulo,Estados Unidos,70
1093,2023-06-11,Cerro Verde,Guatemala,63
1094,2024-02-20,Apulo,Guatemala,23
1095,2024-08-05,Sunset Park,Estados Unidos,19
1096,2023-04-21,Puerta del Diablo,Costa Rica,74
1097,2022-03-03,Amulapa,Costa Rica,7
1098,2022-11-12,Apulo,Canada,7
1099,2023-10-06,Sunset Park,Mexico,52
1100,2023-05-13,Amulapa,Estados Unidos,17
1101,2024-06-06,Amulapa,Guatemala,38
1102,2021-04-23,Puerta del Diablo,Honduras,22
1103,2021-11-07,Cerro Verde,Estados Unidos,52
1104,2021-07-21,Puerta del Diablo,Estados Unidos,18
1105,2022-01-27,Sunset Park,Mexico,70
1106,2021-02-24,Balboa,Nicaragua,64
1107,2024-04-18,Amulapa,Honduras,18
1108,2022-08-06,Balboa,Honduras,15
1109,2024-01-23,Puerta del Diablo,Canada,58
1110,2022-10-28,Cerro Verde,España,59
1111,2023-09-29,Amulapa,Costa Rica,70
1112,2024-08-31,Balboa,Costa Rica,72
1113,2022-06-28,Sunset Park,Nicaragua,70
1114,2022-06-27,Cerro Verde,Canada,79
1115,2021-12-29,Amulapa,España,19
1116,2021-10-07,Cerro Verde,Guatemala,18
1117,2023-04-29,Sunset Park,España,50
1118,2022-04-13,Apulo,Honduras,7
1119,2021-08-23,Amulapa,España,67
1120,2021-12-21,Cerro Verde,Nicaragua,71
1121,2024-01-10,Balboa,Canada,50
1122,2021-10-31,Cerro Verde,Guatemala,56
1123,2022-01-27,Puerta del Diablo,Costa Rica,52
1124,2024-12-29,Sunset Park,Costa Rica,21
1125,2022-07-05,Cerro Verde,Mexico,49
1126,2024-12-11,Balboa,Estados Unidos,38
1127,2023-09-25,Sunset Park,Honduras,34
1128,2021-06-08,Sunset Park,Nicaragua,72
1129,2022-02-05,Apulo,Costa Rica,41
1130,2024-03-11,Cerro Verde,Guatemala,40
1131,2021-06-02,Balboa,España,39
1132,2023-02-07,Balboa,Nicaragua,72
1133,2023-09-07,Apulo,Estados Unidos,65
1134,2021-07-21,Amulapa,Canada,62
1135,2022-11-19,Amulapa,Estados Unidos,59
1136,2021-01-17,Cerro Verde,Estados Unidos,52
1137,2024-01-21,Sunset Park,Guatemala,51
1138,2023-09-14,Cerro Verde,Nicaragua,59
1139,2023-09-02,Apulo,Nicaragua,19
1140,2022-08-17,Puerta del Diablo,Mexico,6
1141,2023-01-06,Cerro Verde,España,53
1142,2021-08-13,Puerta del Diablo,Canada,37
1143,2022-08-06,Puerta del Diablo,Honduras,52
1144,2023-05-15,Puerta del Diablo,Canada,55
1145,2024-08-21,Cerro Verde,Guatemala,30
1146,2021-08-29,Cerro Verde,Mexico,72
1147,2021-01-27,Balboa,Costa Rica,55
1148,2023-06-09,Amulapa,España,58
1149,2021-01-24,Balboa,Costa Rica,77
1150,2021-12-22,Amulapa,España,49
1151,2022-12-19,Sunset Park,Estados Unidos,25
1152,2022-10-06,Puerta del Diablo,Guatemala,36
1153,2022-08-03,Balboa,Costa Rica,79
1154,2023-06-12,Apulo,Nicaragua,74
1155,2024-11-27,Balboa,Nicaragua,78
1156,2023-01-17,Sunset Park,Nicaragua,6
1157,2022-07-04,Amulapa,Honduras,48
1158,2022-07-22,Amulapa,Costa Rica,12
1159,2024-10-23,Amulapa,España,59
1160,2022-04-21,Apulo,Mexico,42
1161,2022-12-31,Amulapa,Honduras,35
1162,2023-01-21,Sunset Park,Estados Unidos,47
1163,2022-09-13,Apulo,Honduras,23
1164,2022-09-16,Apulo,Costa Rica,20
1165,2023-09-08,Apulo,Costa Rica,6
1166,2023-01-08,Sunset Park,Canada,37
1167,2023-06-25,Balboa,Canada,37
1168,2021-07-12,Balboa,Honduras,32
1169,2022-04-18,Balboa,Guatemala,16
1170,2021-04-28,Puerta del Diablo,Mexico,23
1171,2021-01-18,Amulapa,Mexico,72
1172,2021-03-13,Amulapa,España,67
1173,2021-04-24,Sunset Park,España,26
1174,2022-11-11,Cerro Verde,Honduras,27
1175,2023-04-20,Amulapa,Canada,37
1176,2021-01-27,Apulo,Nicaragua,12
1177,2024-12-28,Balboa,España,23
1178,2024-02-29,Cerro Verde,Canada,18
1179,2023-12-08,Amulapa,Costa Rica,26
1180,2021-12-17,Balboa,Canada,44
1181,2023-06-18,Amulapa,Estados Unidos,22
1182,2021-03-28,Sunset Park,Canada,26
1183,2023-04-22,Cerro Verde,Nicaragua,18
1184,2024-05-10,Cerro Verde,Nicaragua,75
1185,2023-05-19,Cerro Verde,Costa Rica,33
1186,2021-02-10,Apulo,Honduras,66
1187,2021-06-18,Amulapa,Mexico,24
1188,2023-09-08,Balboa,Guatemala,29
1189,2024-12-10,Balboa,España,40
1190,2021-01-08,Puerta del Diablo,España,42
1191,2022-02-22,Balboa,Canada,13
1192,2023-11-08,Apulo,Nicaragua,14
1193,2023-10-22,Amulapa,Honduras,22
1194,2021-05-24,Amulapa,Honduras,28
1195,2022-05-29,Amulapa,Costa Rica,11
1196,2024-08-30,Cerro Verde,Guatemala,23
1197,2024-07-28,Sunset Park,España,17
1198,2023-05-24,Amulapa,Canada,69
1199,2022-09-25,Sunset Park,Guatemala,71
1200,2021-04-10,Puerta del Diablo,Mexico,47
1201,2022-05-07,Puerta del Diablo,España,46
1202,2023-06-30,Cerro Verde,Nicaragua,6
1203,2023-06-27,Apulo,Mexico,20
1204,2022-10-18,Cerro Verde,Mexico,14
1205,2021-09-08,Apulo,Estados Unidos,68
1206,2021-11-19,Puerta del Diablo,Honduras,16
1207,2024-04-22,Apulo,Costa Rica,67
1208,2023-12-20,Cerro Verde,Guatemala,55
1209,2022-01-24,Cerro Verde,Honduras,45
1210,2023-01-16,Balboa,Honduras,70
1211,2023-06-04,Apulo,Mexico,67
1212,2023-07-02,Puerta del Diablo,Honduras,7
1213,2024-04-24,Sunset Park,Canada,61
1214,2024-07-02,Balboa,España,29
1215,2023-11-07,Puerta del Diablo,Honduras,60
1216,2022-12-17,Amulapa,Guatemala,38
1217,2022-08-14,Puerta del Diablo,Honduras,38
1218,2024-01-18,Amulapa,Nicaragua,10
1219,2024-04-02,Amulapa,Estados Unidos,11
1220,2021-03-29,Puerta del Diablo,España,28
1221,2023-03-28,Apulo,Costa Rica,8
1222,2023-09-05,Puerta del Diablo,Estados Unidos,41
1223,2021-10-02,Sunset Park,Nicaragua,29
1224,2024-03-28,Sunset Park,Estados Unidos,47
1225,2021-06-12,Cerro Verde,Honduras,54
1226,2024-12-15,Balboa,Guatemala,71
1227,2022-06-10,Sunset Park,Mexico,8
1228,2023-08-18,Apulo,Honduras,36
1229,2021-12-05,Balboa,Costa Rica,57
1230,2022-05-14,Apulo,Mexico,70
1231,2024-11-09,Sunset Park,Honduras,16
1232,2024-12-02,Balboa,Honduras,19
1233,2021-06-14,Sunset Park,Canada,69
1234,2024-03-21,Puerta del Diablo,Honduras,75
1235,2024-05-17,Amulapa,Guatemala,75
1236,2023-04-05,Balboa,Costa Rica,20
1237,2024-01-10,Amulapa,Guatemala,51
1238,2021-04-19,Sunset Park,Guatemala,19
1239,2021-06-21,Amulapa,Canada,31
1240,2023-04-04,Amulapa,Honduras,36
1241,2024-09-21,Apulo,Honduras,58
1242,2021-01-01,Amulapa,Nicaragua,56
1243,2024-03-02,Amulapa,Nicaragua,60
1244,2022-05-09,Balboa,España,64
1245,2023-06-18,Balboa,Costa Rica,41
1246,2022-11-30,Balboa,Mexico,30
1247,2023-08-10,Cerro Verde,Guatemala,10
1248,2021-01-28,Puerta del Diablo,Canada,56
1249,2021-08-03,Balboa,España,37
1250,2023-03-08,Amulapa,Estados Unidos,67
1251,2023-06-11,Sunset Park,Mexico,13
1252,2024-07-15,Apulo,Canada,75
1253,2023-06-24,Sunset Park,Mexico,61
1254,2024-04-04,Cerro Verde,Estados Unidos,33
1255,2024-01-25,Amulapa,Estados Unidos,26
1256,2024-01-03,Amulapa,Guatemala,38
1257,2022-01-19,Balboa,Honduras,77
1258,2022-07-16,Puerta del Diablo,Mexico,40
1259,2021-07-27,Amulapa,Canada,77
1260,2022-09-13,Apulo,Estados Unidos,62
1261,2024-09-23,Cerro Verde,Guatemala,66
1262,2021-05-22,Amulapa,Mexico,73
1263,2024-03-14,Balboa,España,32
1264,2024-05-28,Puerta del Diablo,Costa Rica,13
1265,2024-12-23,Apulo,España,77
1266,2023-05-02,Apulo,Canada,37
1267,2024-01-14,Apulo,Costa Rica,59
1268,2023-01-15,Apulo,Honduras,42
1269,2021-04-08,Puerta del Diablo,Canada,73
1270,2021-09-20,Balboa,Canada,53
1271,2021-05-13,Balboa,Mexico,15
1272,2023-03-08,Puerta del Diablo,Estados Unidos,76
1273,2023-06-27,Apulo,Estados Unidos,33
1274,2022-09-15,Sunset Park,Nicaragua,79
1275,2024-02-16,Apulo,Guatemala,49
1276,2024-08-22,Amulapa,Canada,52
1277,2022-01-20,Balboa,Canada,33
1278,2024-12-16,Puerta del Diablo,Costa Rica,17
1279,2024-03-18,Amulapa,Guatemala,35
1280,2023-07-10,Amulapa,España,53
1281,2023-05-22,Apulo,España,70
1282,2024-03-10,Amulapa,España,75
1283,2021-03-27,Puerta del Diablo,Honduras,62
1284,2022-09-11,Apulo,Mexico,55
1285,2022-10-26,Sunset Park,Honduras,63
1286,2021-10-19,Puerta del Diablo,Estados Unidos,64
1287,2023-08-04,Sunset Park,España,26
1288,2023-09-26,Puerta del Diablo,Mexico,54
1289,2024-01-20,Apulo,Nicaragua,69
1290,2023-03-15,Puerta del Diablo,Nicaragua,50
1291,2024-06-11,Sunset Park,Canada,35
1292,2022-06-07,Balboa,Costa Rica,36
1293,2024-03-26,Sunset Park,Mexico,22
1294,2024-07-13,Apulo,Guatemala,28
1295,2022-02-26,Balboa,España,60
1296,2021-06-13,Balboa,Honduras,43
1297,2023-04-24,Sunset Park,Canada,6
1298,2023-02-27,Balboa,Nicaragua,54
1299,2022-06-30,Apulo,Nicaragua,27
1300,2022-05-19,Puerta del Diablo,España,70
1301,2024-05-26,Sunset Park,Costa Rica,72
1302,2022-07-10,Apulo,España,46
1303,2021-02-28,Amulapa,Mexico,62
1304,2022-07-13,Apulo,España,12
1305,2024-11-28,Amulapa,Nicaragua,60
1306,2023-09-18,Puerta del Diablo,Canada,13
1307,2023-07-23,Amulapa,Estados Unidos,51
1308,2021-09-24,Sunset Park,Mexico,75
1309,2021-04-20,Puerta del Diablo,Costa Rica,62
1310,2021-07-14,Puerta del Diablo,Estados Unidos,48
1311,2021-10-23,Sunset Park,Costa Rica,40
1312,2023-07-09,Cerro Verde,Mexico,47
1313,2022-01-03,Balboa,Canada,28
1314,2024-09-20,Cerro Verde,España,11
1315,2022-05-01,Sunset Park,España,54
1316,2024-02-23,Cerro Verde,Canada,74
1317,2023-08-11,Sunset Park,Estados Unidos,50
1318,2021-06-07,Cerro Verde,Canada,5
1319,2022-01-04,Cerro Verde,Honduras,31
1320,2022-11-24,Apulo,España,50
1321,2021-02-08,Balboa,Honduras,43
1322,2024-12-17,Amulapa,Mexico,65
1323,2022-08-08,Amulapa,Honduras,21
1324,2022-03-13,Puerta del Diablo,Canada,9
1325,2021-11-25,Apulo,Honduras,23
1326,2024-08-28,Sunset Park,Canada,54
1327,2024-07-27,Sunset Park,Nicaragua,74
1328,2022-07-14,Puerta del Diablo,Mexico,10
1329,2024-12-15,Apulo,Nicaragua,41
1330,2024-06-19,Apulo,Estados Unidos,68
1331,2021-02-13,Balboa,Canada,38
1332,2023-07-22,Amulapa,Nicaragua,73
1333,2023-03-31,Apulo,España,24
1334,2022-05-25,Apulo,Canada,26
1335,2023-12-14,Sunset Park,Canada,10
1336,2023-12-15,Balboa,Nicaragua,12
1337,2021-11-27,Balboa,Nicaragua,33
1338,2024-04-09,Apulo,Costa Rica,58
1339,2024-05-11,Amulapa,Mexico,27
1340,2024-02-02,Apulo,España,69
1341,2022-03-08,Puerta del Diablo,Guatemala,24
1342,2023-03-29,Apulo,Nicaragua,15
1343,2022-01-05,Amulapa,España,18
1344,2023-03-04,Cerro Verde,Guatemala,61
1345,2023-12-20,Amulapa,Guatemala,43
1346,2024-09-24,Sunset Park,España,33
1347,2021-12-30,Cerro Verde,Costa Rica,16
1348,2024-05-25,Amulapa,Guatemala,28
1349,2021-11-23,Balboa,Nicaragua,76
1350,2024-03-13,Sunset Park,Estados Unidos,54
1351,2022-02-15,Cerro Verde,Estados Unidos,39
1352,2022-06-29,Apulo,Nicaragua,37
1353,2021-04-16,Cerro Verde,Mexico,40
1354,2023-02-20,Cerro Verde,Honduras,63
1355,2021-07-26,Apulo,Mexico,45
1356,2022-10-20,Amulapa,Canada,70
1357,2024-07-08,Amulapa,Canada,15
1358,2024-12-29,Sunset Park,Canada,51
1359,2021-11-23,Puerta del Diablo,Estados Unidos,44
1360,2022-11-21,Amulapa,Costa Rica,59
1361,2023-10-21,Apulo,Estados Unidos,14
1362,2023-03-13,Apulo,Guatemala,14
1363,2021-05-22,Sunset Park,Nicaragua,45
1364,2023-02-27,Balboa,Nicaragua,35
1365,2021-10-15,Amulapa,Guatemala,12
1366,2022-11-11,Apulo,Estados Unidos,50
1367,2022-02-23,Puerta del Diablo,España,73
1368,2021-09-25,Puerta del Diablo,Canada,26
1369,2021-02-05,Apulo,Estados Unidos,39
1370,2023-02-20,Apulo,Costa Rica,10
1371,2021-04-18,Apulo,Honduras,22
1372,2022-07-17,Apulo,Mexico,40
1373,2024-10-07,Balboa,Canada,37
1374,2022-08-11,Apulo,Mexico,73
1375,2023-08-01,Sunset Park,Nicaragua,72
1376,2021-10-26,Sunset Park,Estados Unidos,16
1377,2023-10-15,Balboa,España,10
1378,2023-09-02,Cerro Verde,Estados Unidos,66
1379,2024-10-25,Balboa,Guatemala,66
1380,2024-01-08,Apulo,Mexico,20
1381,2022-02-19,Cerro Verde,Canada,68
1382,2024-12-01,Cerro Verde,Guatemala,11
1383,2023-01-26,Puerta del Diablo,Canada,59
1384,2022-06-24,Sunset Park,Guatemala,24
1385,2022-07-08,Amulapa,España,78
1386,2021-11-06,Balboa,Costa Rica,21
1387,2024-03-24,Amulapa,Honduras,26
1388,2024-06-13,Amulapa,Mexico,62
1389,2023-03-27,Balboa,España,66
1390,2021-07-15,Balboa,Estados Unidos,6
1391,2022-10-04,Apulo,Canada,27
1392,2022-04-07,Apulo,Guatemala,17
1393,2021-07-21,Puerta del Diablo,Mexico,70
1394,2022-02-08,Amulapa,Canada,47
1395,2024-04-20,Balboa,Estados Unidos,69
1396,2022-04-16,Cerro Verde,Mexico,63
1397,2021-12-26,Sunset Park,Honduras,10
1398,2024-04-25,Apulo,Mexico,74
1399,2024-05-03,Cerro Verde,Canada,41
1400,2022-05-09,Puerta del Diablo,Mexico,67
1401,2024-08-05,Amulapa,Costa Rica,14
1402,2021-06-26,Balboa,Honduras,76
1403,2024-10-20,Puerta del Diablo,Guatemala,47
1404,2021-05-29,Amulapa,Canada,78
1405,2023-04-10,Cerro Verde,Guatemala,5
1406,2024-07-28,Puerta del Diablo,Nicaragua,64
1407,2024-03-13,Apulo,Nicaragua,9
1408,2022-01-17,Cerro Verde,Canada,23
1409,2023-03-02,Cerro Verde,Nicaragua,72
1410,2023-09-20,Sunset Park,Canada,68
1411,2024-02-23,Sunset Park,Guatemala,32
1412,2024-09-06,Apulo,Estados Unidos,41
1413,2023-11-05,Apulo,Guatemala,13
1414,2023-12-21,Apulo,Nicaragua,31
1415,2022-06-30,Puerta del Diablo,España,8
1416,2022-09-22,Sunset Park,Nicaragua,32
1417,2022-12-31,Cerro Verde,Estados Unidos,73
1418,2023-11-11,Balboa,Estados Unidos,26
1419,2021-05-24,Balboa,Costa Rica,22
1420,2024-03-15,Puerta del Diablo,Honduras,17
1421,2024-07-16,Balboa,Mexico,68
1422,2021-09-25,Puerta del Diablo,Mexico,72
1423,2024-06-01,Apulo,Guatemala,7
1424,2021-01-15,Amulapa,Canada,79
1425,2024-04-14,Sunset Park,Canada,50
1426,2022-01-14,Apulo,Guatemala,24
1427,2023-09-20,Puerta del Diablo,Honduras,15
1428,2024-08-23,Cerro Verde,Canada,13
1429,2023-05-22,Cerro Verde,Canada,38
1430,2022-06-02,Apulo,España,71
1431,2023-11-07,Balboa,Costa Rica,12
1432,2021-10-11,Amulapa,Nicaragua,42
1433,2023-01-11,Cerro Verde,Estados Unidos,39
1434,2023-08-14,Puerta del Diablo,Guatemala,38
1435,2022-12-29,Balboa,Honduras,9
1436,2023-08-29,Puerta del Diablo,España,77
1437,2024-05-18,Apulo,España,24
1438,2024-05-30,Balboa,Costa Rica,69
1439,2022-05-10,Cerro Verde,Nicaragua,24
1440,2022-05-29,Amulapa,Guatemala,33
1441,2022-04-01,Cerro Verde,Estados Unidos,49
1442,2024-07-20,Sunset Park,Honduras,19
1443,2023-10-21,Apulo,España,19
1444,2021-08-30,Balboa,Honduras,76
1445,2024-11-03,Sunset Park,Honduras,12
1446,2023-01-19,Puerta del Diablo,Estados Unidos,51
1447,2021-09-08,Apulo,Honduras,77
1448,2024-02-16,Amulapa,Estados Unidos,61
1449,2024-02-12,Cerro Verde,Canada,69
1450,2022-08-19,Puerta del Diablo,Nicaragua,34
1451,2021-04-11,Puerta del Diablo,España,41
1452,2023-02-11,Puerta del Diablo,Canada,67
1453,2021-05-21,Puerta del Diablo,Estados Unidos,68
1454,2024-09-29,Apulo,Guatemala,7
1455,2024-11-04,Sunset Park,Canada,38
1456,2023-12-26,Apulo,Costa Rica,75
1457,2022-05-19,Amulapa,Estados Unidos,7
1458,2021-05-16,Amulapa,Honduras,24
1459,2021-06-15,Cerro Verde,Nicaragua,13
1460,2021-04-12,Amulapa,Honduras,77
1461,2024-11-02,Balboa,Nicaragua,43
1462,2021-07-20,Cerro Verde,Estados Unidos,41
1463,2024-06-22,Balboa,Canada,71
1464,2022-04-09,Cerro Verde,Honduras,29
1465,2024-10-19,Sunset Park,Estados Unidos,68
1466,2024-10-17,Amulapa,Mexico,9
1467,2021-07-15,Amulapa,España,39
1468,2021-06-21,Cerro Verde,Honduras,21
1469,2022-11-18,Balboa,Guatemala,14
1470,2023-04-06,Apulo,Guatemala,71
1471,2022-12-30,Balboa,Honduras,7
1472,2021-11-24,Amulapa,Mexico,57
1473,2024-01-24,Sunset Park,Honduras,59
1474,2021-07-11,Balboa,Mexico,72
1475,2021-04-02,Puerta del Diablo,Mexico,29
1476,2023-10-25,Balboa,Honduras,62
1477,2021-07-09,Balboa,España,47
1478,2021-06-19,Cerro Verde,Honduras,62
1479,2021-11-20,Cerro Verde,Estados Unidos,23
1480,2021-08-26,Apulo,Guatemala,71
1481,2023-06-05,Puerta del Diablo,Canada,35
1482,2024-06-05,Amulapa,Guatemala,71
1483,2021-06-06,Apulo,Honduras,12
1484,2023-12-18,Puerta del Diablo,Costa Rica,38
1485,2021-12-19,Balboa,Canada,68
1486,2022-01-03,Puerta del Diablo,Estados Unidos,45
1487,2023-06-03,Sunset Park,Nicaragua,76
1488,2024-06-09,Balboa,España,68
1489,2022-08-18,Puerta del Diablo,Costa Rica,31
1490,2024-07-01,Puerta del Diablo,Canada,25
1491,2021-03-18,Amulapa,Estados Unidos,44
1492,2023-12-08,Amulapa,Costa Rica,15
1493,2022-10-16,Cerro Verde,Estados Unidos,68
1494,2024-03-31,Puerta del Diablo,Canada,56
1495,2024-09-02,Apulo,Guatemala,41
1496,2022-12-10,Sunset Park,Estados Unidos,53
1497,2022-03-17,Cerro Verde,Estados Unidos,35
1498,2022-05-31,Balboa,Mexico,61
1499,2022-11-19,Apulo,Mexico,41
1500,2024-06-11,Balboa,Nicaragua,69
1501,2023-08-15,Apulo,España,59
1502,2021-04-16,Cerro Verde,Estados Unidos,36
1503,2021-07-19,Balboa,Canada,59
1504,2024-03-06,Apulo,Honduras,11
1505,2024-10-29,Amulapa,España,42
1506,2024-08-23,Balboa,Estados Unidos,19
1507,2021-05-07,Apulo,Mexico,35
1508,2021-05-01,Sunset Park,Guatemala,23
1509,2024-12-15,Amulapa,Costa Rica,50
1510,2023-11-16,Amulapa,España,46
1511,2022-03-17,Cerro Verde,Nicaragua,79
1512,2022-10-09,Sunset Park,Canada,25
1513,2022-07-01,Amulapa,Nicaragua,48
1514,2022-02-09,Sunset Park,Canada,13
1515,2021-10-18,Puerta del Diablo,Costa Rica,35
1516,2023-11-23,Balboa,Guatemala,21
1517,2021-05-26,Sunset Park,Estados Unidos,11
1518,2022-12-21,Apulo,Costa Rica,66
1519,2021-12-29,Cerro Verde,España,24
1520,2021-03-20,Puerta del Diablo,Costa Rica,22
1521,2023-12-17,Cerro Verde,Canada,28
1522,2023-06-23,Puerta del Diablo,Nicaragua,13
1523,2021-06-05,Apulo,Estados Unidos,42
1524,2023-09-20,Sunset Park,Honduras,66
1525,2024-09-22,Sunset Park,Costa Rica,36
1526,2024-07-31,Puerta del Diablo,Guatemala,9
1527,2021-02-20,Sunset Park,Estados Unidos,12
1528,2023-11-06,Apulo,Honduras,67
1529,2022-04-10,Sunset Park,Canada,43
1530,2021-08-24,Balboa,Mexico,59
1531,2022-05-05,Sunset Park,Honduras,47
1532,2023-08-28,Puerta del Diablo,Canada,68
1533,2022-03-05,Puerta del Diablo,Honduras,26
1534,2022-07-28,Sunset Park,Nicaragua,32
1535,2023-12-25,Sunset Park,España,71
1536,2021-02-26,Apulo,Estados Unidos,51
1537,2022-03-04,Balboa,Honduras,63
1538,2023-01-10,Amulapa,Estados Unidos,23
1539,2024-07-17,Sunset Park,Nicaragua,16
1540,2021-11-21,Balboa,Nicaragua,40
1541,2022-12-17,Puerta del Diablo,Honduras,76
1542,2021-05-31,Apulo,Guatemala,7
1543,2021-11-16,Sunset Park,Mexico,73
1544,2023-04-20,Cerro Verde,España,65
1545,2022-07-07,Cerro Verde,Mexico,57
1546,2023-12-12,Amulapa,Estados Unidos,64
1547,2023-06-08,Puerta del Diablo,Honduras,65
1548,2021-07-05,Puerta del Diablo,España,15
1549,2023-05-11,Cerro Verde,Canada,18
1550,2021-08-01,Cerro Verde,Costa Rica,46
1551,2022-02-25,Balboa,Canada,58
1552,2023-06-23,Puerta del Diablo,Estados Unidos,19
1553,2021-03-29,Cerro Verde,Guatemala,64
1554,2024-02-09,Cerro Verde,Canada,5
1555,2023-07-12,Apulo,Estados Unidos,30
1556,2024-12-13,Amulapa,Mexico,71
1557,2023-08-13,Cerro Verde,Nicaragua,53
1558,2023-07-31,Cerro Verde,Costa Rica,56
1559,2023-06-15,Cerro Verde,Costa Rica,59
1560,2023-06-18,Sunset Park,Honduras,16
1561,2023-07-29,Cerro Verde,Nicaragua,67
1562,2022-09-18,Amulapa,Guatemala,27
1563,2021-06-17,Puerta del Diablo,Mexico,20
1564,2023-09-08,Sunset Park,Nicaragua,23
1565,2022-11-26,Sunset Park,España,17
1566,2024-11-14,Apulo,Guatemala,53
1567,2023-03-08,Sunset Park,Costa Rica,15
1568,2024-12-16,Amulapa,Estados Unidos,7
1569,2021-11-15,Cerro Verde,Canada,46
1570,2023-03-06,Apulo,Nicaragua,20
1571,2024-05-17,Apulo,Canada,36
1572,2021-08-16,Balboa,Estados Unidos,68
1573,2024-05-27,Sunset Park,Canada,35
1574,2024-10-12,Apulo,Honduras,33
1575,2023-03-20,Balboa,Estados Unidos,34
1576,2023-05-09,Apulo,Honduras,27
1577,2021-03-23,Sunset Park,Estados Unidos,24
1578,2021-05-30,Sunset Park,Nicaragua,24
1579,2024-04-11,Amulapa,España,69
1580,2023-11-13,Puerta del Diablo,Canada,20
1581,2022-05-08,Cerro Verde,Costa Rica,29
1582,2023-07-20,Cerro Verde,Costa Rica,41
1583,2021-07-25,Cerro Verde,Canada,57
1584,2021-04-19,Puerta del Diablo,Guatemala,38
1585,2023-09-12,Puerta del Diablo,Estados Unidos,77
1586,2023-05-04,Balboa,Estados Unidos,36
1587,2022-05-14,Cerro Verde,Estados Unidos,18
1588,2023-02-24,Balboa,Nicaragua,8
1589,2024-04-30,Balboa,España,66
1590,2022-03-23,Apulo,Guatemala,24
1591,2024-06-13,Cerro Verde,Guatemala,22
1592,2022-06-25,Puerta del Diablo,Mexico,25
1593,2021-01-23,Balboa,Nicaragua,50
1594,2023-07-29,Cerro Verde,Nicaragua,54
1595,2023-09-05,Amulapa,España,36
1596,2024-08-26,Amulapa,Costa Rica,8
1597,2022-08-31,Amulapa,Mexico,41
1598,2022-09-14,Sunset Park,Canada,30
1599,2021-04-17,Cerro Verde,Canada,39
1600,2022-11-28,Balboa,Costa Rica,20
1601,2024-03-02,Amulapa,Mexico,21
1602,2022-11-08,Sunset Park,Canada,13
1603,2023-06-13,Cerro Verde,Canada,57
1604,2024-08-24,Sunset Park,Costa Rica,68
1605,2021-05-22,Balboa,Guatemala,32
1606,2021-11-24,Amulapa,Estados Unidos,34
1607,2021-07-15,Amulapa,España,78
1608,2021-02-18,Apulo,Mexico,62
1609,2024-02-23,Amulapa,Costa Rica,24
1610,2023-07-20,Cerro Verde,Estados Unidos,70
1611,2022-07-06,Apulo,Nicaragua,10
1612,2023-09-22,Sunset Park,Nicaragua,60
1613,2022-02-09,Cerro Verde,Estados Unidos,59
1614,2021-09-21,Puerta del Diablo,Estados Unidos,45
1615,2024-01-06,Apulo,Canada,7
1616,2024-11-05,Apulo,Nicaragua,64
1617,2021-02-13,Sunset Park,Estados Unidos,47
1618,2023-06-03,Balboa,Mexico,39
1619,2024-09-29,Puerta del Diablo,Honduras,67
1620,2022-09-04,Balboa,Honduras,76
1621,2022-10-21,Cerro Verde,Guatemala,38
1622,2024-12-11,Balboa,Estados Unidos,73
1623,2022-09-07,Apulo,Mexico,38
1624,2023-06-25,Puerta del Diablo,Estados Unidos,58
1625,2022-01-31,Cerro Verde,Guatemala,77
1626,2022-03-07,Cerro Verde,Mexico,69
1627,2022-05-02,Apulo,Costa Rica,41
1628,2024-10-31,Balboa,Nicaragua,65
1629,2021-05-26,Cerro Verde,España,31
1630,2021-10-31,Cerro Verde,Nicaragua,74
1631,2021-06-02,Cerro Verde,España,15
1632,2021-03-30,Amulapa,Canada,63
1633,2021-01-27,Puerta del Diablo,Costa Rica,39
1634,2021-07-17,Apulo,Honduras,21
1635,2021-12-07,Cerro Verde,Mexico,18
1636,2023-12-06,Puerta del Diablo,Nicaragua,26
1637,2021-04-23,Amulapa,Estados Unidos,30
1638,2021-06-09,Puerta del Diablo,España,67
1639,2024-03-27,Sunset Park,Mexico,54
1640,2021-05-07,Cerro Verde,Nicaragua,55
1641,2022-08-02,Sunset Park,Guatemala,50
1642,2024-08-04,Amulapa,Costa Rica,78
1643,2023-11-05,Sunset Park,Costa Rica,64
1644,2021-03-28,Amulapa,España,25
1645,2024-05-25,Puerta del Diablo,Canada,25
1646,2024-03-15,Cerro Verde,Honduras,52
1647,2024-01-08,Amulapa,Costa Rica,7
1648,2021-12-10,Puerta del Diablo,Estados Unidos,41
1649,2023-09-11,Balboa,Estados Unidos,11
1650,2022-07-11,Cerro Verde,Mexico,67
1651,2022-02-12,Balboa,Mexico,14
1652,2021-06-18,Amulapa,Estados Unidos,30
1653,2021-10-16,Balboa,Costa Rica,65
1654,2022-06-22,Amulapa,Canada,13
1655,2024-07-15,Apulo,Costa Rica,28
1656,2022-07-21,Balboa,Canada,47
1657,2023-01-02,Balboa,España,74
1658,2024-05-27,Sunset Park,Costa Rica,19
1659,2024-05-18,Cerro Verde,Nicaragua,46
1660,2024-09-12,Balboa,Guatemala,74
1661,2022-05-22,Sunset Park,Mexico,63
1662,2022-04-02,Amulapa,Canada,32
1663,2023-03-03,Puerta del Diablo,Costa Rica,12
1664,2023-09-26,Puerta del Diablo,Honduras,5
1665,2021-03-13,Cerro Verde,Canada,67
1666,2023-12-29,Balboa,Guatemala,59
1667,2022-02-04,Apulo,Canada,56
1668,2023-06-16,Apulo,Guatemala,78
1669,2023-07-12,Balboa,Honduras,41
1670,2021-03-21,Puerta del Diablo,España,75
1671,2024-03-21,Puerta del Diablo,Mexico,36
1672,2024-09-21,Sunset Park,Estados Unidos,41
1673,2024-09-10,Amulapa,España,64
1674,2023-12-09,Sunset Park,Estados Unidos,15
1675,2023-07-27,Apulo,Canada,24
1676,2023-08-27,Sunset Park,Guatemala,29
1677,2023-05-25,Amulapa,Guatemala,73
1678,2022-08-17,Balboa,Guatemala,32
1679,2021-05-09,Amulapa,Costa Rica,75
1680,2023-04-16,Sunset Park,Guatemala,26
1681,2024-12-08,Amulapa,Honduras,8
1682,2024-06-07,Cerro Verde,Costa Rica,39
1683,2023-06-29,Apulo,España,23
1684,2021-01-22,Puerta del Diablo,Canada,20
1685,2024-09-07,Sunset Park,Mexico,73
1686,2022-08-03,Amulapa,Costa Rica,46
1687,2022-10-08,Cerro Verde,Estados Unidos,13
1688,2024-05-26,Puerta del Diablo,Estados Unidos,37
1689,2021-01-13,Sunset Park,Honduras,23
1690,2021-12-21,Balboa,Nicaragua,42
1691,2021-11-03,Apulo,España,38
1692,2021-06-30,Puerta del Diablo,Costa Rica,76
1693,2021-05-04,Puerta del Diablo,España,33
1694,2024-08-11,Cerro Verde,Costa Rica,74
1695,2021-01-28,Apulo,Canada,74
1696,2024-05-22,Apulo,Canada,78
1697,2021-11-29,Cerro Verde,Estados Unidos,5
1698,2024-09-05,Sunset Park,España,79
1699,2024-10-20,Cerro Verde,Honduras,5
1700,2024-05-07,Puerta del Diablo,Guatemala,58
1701,2021-01-28,Puerta del Diablo,Estados Unidos,71
1702,2023-02-07,Balboa,Costa Rica,37
1703,2024-01-08,Apulo,Nicaragua,20
1704,2023-03-05,Amulapa,Honduras,62
1705,2022-12-17,Puerta del Diablo,Honduras,63
1706,2022-07-04,Puerta del Diablo,Costa Rica,65
1707,2021-06-01,Apulo,Estados Unidos,59
1708,2024-05-04,Sunset Park,Guatemala,33
1709,2022-05-11,Apulo,Mexico,53
1710,2024-08-26,Puerta del Diablo,España,46
1711,2024-03-29,Apulo,Canada,55
1712,2022-03-24,Sunset Park,Costa Rica,52
1713,2022-10-04,Amulapa,Estados Unidos,29
1714,2021-08-17,Puerta del Diablo,Estados Unidos,78
1715,2023-08-15,Sunset Park,Nicaragua,45
1716,2024-03-29,Balboa,Mexico,56
1717,2024-09-27,Sunset Park,Guatemala,42
1718,2021-10-20,Puerta del Diablo,Honduras,65
1719,2022-01-03,Apulo,Honduras,9
1720,2024-10-22,Sunset Park,Costa Rica,11
1721,2023-09-26,Apulo,Canada,75
1722,2021-10-17,Puerta del Diablo,Honduras,42
1723,2022-04-01,Apulo,Estados Unidos,14
1724,2021-12-15,Puerta del Diablo,España,68
1725,2022-05-01,Puerta del Diablo,Nicaragua,15
1726,2021-03-26,Sunset Park,Costa Rica,9
1727,2024-02-24,Amulapa,España,33
1728,2021-07-06,Balboa,Mexico,58
1729,2021-03-15,Cerro Verde,España,12
1730,2024-02-16,Sunset Park,España,14
1731,2024-05-08,Balboa,Canada,17
1732,2021-02-16,Sunset Park,Mexico,77
1733,2023-12-14,Sunset Park,Canada,50
1734,2022-01-10,Puerta del Diablo,Estados Unidos,21
1735,2021-05-30,Balboa,Guatemala,19
1736,2024-01-08,Cerro Verde,Guatemala,70
1737,2023-09-14,Apulo,Canada,61
1738,2023-06-09,Puerta del Diablo,Mexico,75
1739,2024-12-09,Sunset Park,España,5
1740,2022-12-21,Amulapa,Mexico,31
1741,2023-04-12,Apulo,Estados Unidos,15
1742,2021-10-09,Sunset Park,Canada,23
1743,2021-07-18,Puerta del Diablo,Mexico,33
1744,2023-06-01,Sunset Park,Nicaragua,75
1745,2024-07-15,Puerta del Diablo,Guatemala,27
1746,2023-10-28,Sunset Park,Nicaragua,17
1747,2021-12-28,Apulo,Costa Rica,7
1748,2022-05-27,Amulapa,Estados Unidos,69
1749,2023-02-23,Amulapa,Canada,71
1750,2023-08-21,Puerta del Diablo,Honduras,17
1751,2022-10-17,Balboa,Estados Unidos,57
1752,2023-03-15,Apulo,Estados Unidos,51
1753,2023-11-11,Puerta del Diablo,Honduras,30
1754,2021-08-31,Puerta del Diablo,Mexico,56
1755,2021-12-05,Balboa,Honduras,75
1756,2024-01-05,Sunset Park,Canada,7
1757,2021-07-04,Amulapa,Mexico,46
1758,2024-05-20,Cerro Verde,Guatemala,27
1759,2021-06-06,Puerta del Diablo,Nicaragua,64
1760,2021-12-14,Apulo,Guatemala,50
1761,2021-06-11,Sunset Park,España,26
1762,2023-12-18,Amulapa,Guatemala,5
1763,2021-10-22,Apulo,Guatemala,66
1764,2021-05-11,Puerta del Diablo,Guatemala,15
1765,2023-07-21,Balboa,Guatemala,59
1766,2024-06-24,Balboa,España,72
1767,2021-10-18,Balboa,Canada,64
1768,2024-01-01,Amulapa,Honduras,79
1769,2021-12-10,Amulapa,Guatemala,60
1770,2022-06-26,Sunset Park,Guatemala,66
1771,2021-03-21,Balboa,Estados Unidos,21
1772,2024-12-21,Sunset Park,Canada,68
1773,2022-05-09,Puerta del Diablo,Estados Unidos,22
1774,2022-03-11,Amulapa,Costa Rica,57
1775,2023-07-26,Amulapa,Estados Unidos,8
1776,2021-10-20,Puerta del Diablo,Guatemala,51
1777,2022-08-14,Cerro Verde,Guatemala,67
1778,2023-10-30,Apulo,Honduras,55
1779,2024-04-04,Puerta del Diablo,Guatemala,15
1780,2024-03-26,Sunset Park,España,14
1781,2022-02-02,Sunset Park,España,13
1782,2024-04-12,Sunset Park,Mexico,35
1783,2024-04-12,Balboa,Estados Unidos,11
1784,2021-04-02,Apulo,España,48
1785,2022-08-13,Amulapa,Canada,36
1786,2022-01-08,Cerro Verde,Nicaragua,54
1787,2023-12-28,Apulo,Estados Unidos,21
1788,2024-04-05,Amulapa,Costa Rica,35
1789,2022-05-22,Apulo,Costa Rica,35
1790,2024-04-18,Puerta del Diablo,Canada,66
1791,2022-11-05,Balboa,Canada,8
1792,2023-09-18,Puerta del Diablo,Honduras,61
1793,2023-11-07,Balboa,Honduras,15
1794,2024-02-14,Cerro Verde,Canada,25
1795,2024-09-19,Puerta del Diablo,Guatemala,26
1796,2024-07-26,Balboa,Mexico,32
1797,2023-12-28,Balboa,Guatemala,35
1798,2022-01-14,Sunset Park,Estados Unidos,62
1799,2023-04-04,Puerta del Diablo,Nicaragua,60
1800,2024-09-03,Balboa,Guatemala,37
1801,2024-03-24,Sunset Park,Honduras,52
1802,2022-02-05,Sunset Park,Nicaragua,24
1803,2022-07-28,Sunset Park,España,6
1804,2023-03-05,Puerta del Diablo,Guatemala,63
1805,2023-12-29,Amulapa,Nicaragua,71
1806,2021-02-06,Amulapa,Honduras,78
1807,2022-04-30,Cerro Verde,Honduras,61
1808,2022-03-08,Apulo,Guatemala,76
1809,2021-08-01,Sunset Park,Guatemala,67
1810,2024-12-21,Puerta del Diablo,Canada,70
1811,2023-11-23,Balboa,Guatemala,18
1812,2022-03-20,Balboa,Costa Rica,78
1813,2023-11-10,Apulo,Guatemala,30
1814,2022-04-09,Puerta del Diablo,Estados Unidos,67
1815,2022-05-22,Balboa,Costa Rica,31
1816,2022-12-11,Apulo,Mexico,34
1817,2023-01-18,Amulapa,Guatemala,9
1818,2023-09-29,Sunset Park,Honduras,19
1819,2021-04-30,Amulapa,Guatemala,60
1820,2022-09-28,Apulo,Estados Unidos,66
1821,2022-02-10,Cerro Verde,Estados Unidos,62
1822,2024-04-30,Sunset Park,Honduras,60
1823,2021-10-31,Balboa,Honduras,16
1824,2024-09-28,Amulapa,Nicaragua,15
1825,2021-12-16,Apulo,España,17
1826,2022-02-08,Puerta del Diablo,Canada,23
1827,2023-08-17,Puerta del Diablo,Guatemala,56
1828,2022-02-21,Balboa,España,50
1829,2023-08-31,Sunset Park,Estados Unidos,63
1830,2023-01-01,Amulapa,Nicaragua,32
1831,2022-07-08,Apulo,España,75
1832,2023-04-26,Cerro Verde,Guatemala,20
1833,2023-06-22,Amulapa,Costa Rica,6
1834,2022-05-23,Sunset Park,Canada,36
1835,2024-05-10,Cerro Verde,Honduras,10
1836,2024-10-15,Apulo,Mexico,18
1837,2024-09-06,Puerta del Diablo,España,61
1838,2021-01-14,Puerta del Diablo,Mexico,20
1839,2023-06-07,Puerta del Diablo,Nicaragua,65
1840,2022-12-16,Puerta del Diablo,Mexico,17
1841,2024-01-20,Balboa,Costa Rica,73
1842,2024-07-13,Sunset Park,España,78
1843,2022-12-06,Apulo,Nicaragua,64
1844,2023-02-02,Sunset Park,Estados Unidos,19
1845,2022-09-10,Balboa,Honduras,55
1846,2024-01-02,Puerta del Diablo,Mexico,74
1847,2023-03-02,Sunset Park,Honduras,24
1848,2023-02-20,Amulapa,Estados Unidos,73
1849,2022-12-13,Balboa,Canada,59
1850,2022-10-12,Apulo,Costa Rica,68
1851,2022-02-02,Sunset Park,Canada,12
1852,2022-02-25,Amulapa,Estados Unidos,78
1853,2021-03-11,Cerro Verde,Costa Rica,33
1854,2023-06-19,Sunset Park,Estados Unidos,55
1855,2022-10-14,Balboa,España,11
1856,2022-10-11,Cerro Verde,Guatemala,35
1857,2021-09-26,Puerta del Diablo,Honduras,6
1858,2021-03-04,Cerro Verde,Canada,75
1859,2022-09-24,Puerta del Diablo,Estados Unidos,30
1860,2024-08-06,Puerta del Diablo,Estados Unidos,59
1861,2022-10-29,Puerta del Diablo,Costa Rica,54
1862,2022-05-23,Amulapa,Guatemala,18
1863,2024-12-01,Balboa,España,57
1864,2023-04-15,Sunset Park,Honduras,26
1865,2024-02-12,Puerta del Diablo,Nicaragua,52
1866,2022-11-04,Balboa,Guatemala,19
1867,2021-02-09,Sunset Park,Honduras,45
1868,2023-07-29,Puerta del Diablo,Mexico,24
1869,2023-10-03,Puerta del Diablo,Estados Unidos,52
1870,2022-09-23,Puerta del Diablo,Guatemala,25
1871,2024-03-20,Amulapa,Nicaragua,35
1872,2024-10-17,Amulapa,Canada,50
1873,2022-07-11,Amulapa,Guatemala,37
1874,2024-12-02,Cerro Verde,Honduras,44
1875,2023-04-26,Balboa,Honduras,73
1876,2023-05-16,Amulapa,Canada,37
1877,2022-06-07,Puerta del Diablo,España,64
1878,2021-10-16,Apulo,Guatemala,27
1879,2021-04-18,Sunset Park,Canada,25
1880,2023-08-09,Puerta del Diablo,Guatemala,43
1881,2024-07-17,Apulo,Estados Unidos,35
1882,2021-04-28,Sunset Park,Canada,75
1883,2023-06-11,Amulapa,Mexico,24
1884,2024-03-11,Puerta del Diablo,Nicaragua,69
1885,2022-10-14,Amulapa,Nicaragua,20
1886,2022-12-24,Puerta del Diablo,España,41
1887,2024-12-12,Sunset Park,Canada,28
1888,2024-02-12,Puerta del Diablo,Estados Unidos,49
1889,2021-12-19,Amulapa,Canada,38
1890,2021-04-13,Apulo,España,12
1891,2024-06-26,Sunset Park,Honduras,79
1892,2021-01-03,Balboa,Costa Rica,71
1893,2022-09-20,Puerta del Diablo,Canada,62
1894,2023-11-08,Apulo,Costa Rica,55
1895,2021-10-07,Amulapa,Nicaragua,44
1896,2022-10-11,Sunset Park,Estados Unidos,23
1897,2024-07-24,Balboa,Costa Rica,67
1898,2022-11-17,Apulo,Mexico,56
1899,2023-11-25,Apulo,Honduras,8
1900,2024-03-25,Cerro Verde,Guatemala,37
1901,2024-06-01,Balboa,Mexico,75
1902,2024-10-22,Sunset Park,España,30
1903,2021-03-01,Amulapa,Nicaragua,20
1904,2024-06-18,Sunset Park,España,55
1905,2021-07-10,Amulapa,Costa Rica,16
1906,2024-10-08,Puerta del Diablo,España,12
1907,2023-05-13,Puerta del Diablo,España,16
1908,2021-03-05,Sunset Park,Costa Rica,40
1909,2024-10-25,Sunset Park,Estados Unidos,78
1910,2023-06-03,Balboa,Guatemala,79
1911,2022-07-11,Sunset Park,Nicaragua,52
1912,2023-03-20,Apulo,Nicaragua,37
1913,2024-01-05,Amulapa,España,12
1914,2022-12-22,Apulo,Canada,31
1915,2024-07-20,Apulo,Guatemala,34
1916,2023-02-11,Amulapa,Canada,16
1917,2023-02-26,Amulapa,Estados Unidos,17
1918,2023-10-09,Cerro Verde,Honduras,77
1919,2024-05-04,Balboa,España,29
1920,2022-07-13,Sunset Park,Costa Rica,48
1921,2023-12-05,Puerta del Diablo,Costa Rica,78
1922,2021-10-03,Amulapa,Nicaragua,10
1923,2022-10-13,Cerro Verde,España,44
1924,2024-04-30,Balboa,Costa Rica,63
1925,2022-05-06,Puerta del Diablo,Mexico,35
1926,2021-09-01,Apulo,Nicaragua,5
1927,2022-06-16,Cerro Verde,Nicaragua,18
1928,2022-06-27,Amulapa,Nicaragua,51
1929,2022-09-07,Balboa,Canada,59
1930,2024-04-13,Apulo,Costa Rica,20
1931,2022-04-04,Balboa,Mexico,56
1932,2021-07-18,Amulapa,Estados Unidos,78
1933,2022-07-10,Amulapa,Nicaragua,57
1934,2024-01-14,Amulapa,Nicaragua,52
1935,2024-07-11,Puerta del Diablo,Guatemala,18
1936,2021-02-24,Apulo,Nicaragua,45
1937,2024-10-10,Sunset Park,Nicaragua,53
1938,2023-05-10,Amulapa,Honduras,55
1939,2022-05-29,Sunset Park,Honduras,16
1940,2023-03-17,Sunset Park,Guatemala,13
1941,2023-09-17,Apulo,Estados Unidos,70
1942,2023-09-08,Amulapa,España,9
1943,2022-08-15,Balboa,Nicaragua,70
1944,2021-04-15,Sunset Park,Estados Unidos,6
1945,2021-04-18,Sunset Park,Canada,70
1946,2023-03-19,Cerro Verde,Costa Rica,25
1947,2021-06-04,Apulo,Nicaragua,32
1948,2021-04-09,Cerro Verde,Estados Unidos,63
1949,2022-11-15,Puerta del Diablo,Mexico,49
1950,2024-10-20,Cerro Verde,Canada,56
1951,2022-01-26,Apulo,Nicaragua,49
1952,2021-12-28,Amulapa,Honduras,34
1953,2021-10-11,Cerro Verde,Estados Unidos,72
1954,2022-12-16,Sunset Park,Guatemala,19
1955,2021-10-13,Amulapa,Mexico,36
1956,2024-03-10,Cerro Verde,Honduras,5
1957,2023-12-10,Sunset Park,Costa Rica,61
1958,2021-05-08,Puerta del Diablo,Mexico,58
1959,2022-01-01,Amulapa,España,26
1960,2023-05-04,Cerro Verde,Mexico,35
1961,2024-02-25,Apulo,Estados Unidos,12
1962,2024-11-22,Cerro Verde,Canada,67
1963,2022-03-24,Puerta del Diablo,Costa Rica,19
1964,2023-05-29,Cerro Verde,Estados Unidos,51
1965,2023-09-28,Sunset Park,Nicaragua,60
1966,2023-12-24,Balboa,Mexico,68
1967,2021-08-14,Apulo,Nicaragua,28
1968,2023-04-03,Puerta del Diablo,España,19
1969,2021-12-01,Apulo,Costa Rica,35
1970,2024-10-11,Cerro Verde,España,68
1971,2022-03-13,Sunset Park,Mexico,44
1972,2024-08-19,Balboa,Mexico,43
1973,2022-01-22,Balboa,Canada,60
1974,2021-08-30,Sunset Park,Nicaragua,13
1975,2023-05-30,Cerro Verde,Honduras,6
1976,2023-12-25,Sunset Park,Nicaragua,51
1977,2022-04-16,Apulo,Guatemala,78
1978,2021-07-23,Apulo,Guatemala,64
1979,2021-01-16,Cerro Verde,Guatemala,18
1980,2023-08-29,Sunset Park,España,68
1981,2021-02-28,Sunset Park,Costa Rica,51
1982,2024-04-30,Amulapa,Canada,6
1983,2021-06-10,Puerta del Diablo,Guatemala,53
1984,2024-10-01,Balboa,España,15
1985,2021-05-18,Puerta del Diablo,Canada,26
1986,2023-10-31,Cerro Verde,Honduras,13
1987,2024-05-16,Balboa,Canada,53
1988,2023-07-02,Cerro Verde,Guatemala,49
1989,2023-12-13,Sunset Park,Honduras,46
1990,2023-11-12,Puerta del Diablo,Honduras,48
1991,2024-09-13,Cerro Verde,Nicaragua,68
1992,2021-11-19,Amulapa,Estados Unidos,66
1993,2021-09-12,Amulapa,Costa Rica,74
1994,2021-01-13,Puerta del Diablo,España,39
1995,2022-11-29,Amulapa,Costa Rica,55
1996,2023-12-05,Sunset Park,Guatemala,9
1997,2023-07-30,Cerro Verde,Estados Unidos,60
1998,2023-09-25,Amulapa,Guatemala,42
1999,2022-11-14,Sunset Park,Estados Unidos,40
2000,2023-08-18,Amulapa,Estados Unidos,12
2001,2024-08-11,Cerro Verde,Honduras,22
2002,2022-10-10,Sunset Park,España,78
2003,2023-08-28,Amulapa,Canada,54
2004,2024-04-06,Balboa,Costa Rica,64
2005,2023-08-05,Amulapa,Guatemala,70
2006,2023-09-16,Balboa,España,29
2007,2024-10-05,Amulapa,Guatemala,69
2008,2023-07-05,Amulapa,Guatemala,54
2009,2021-07-13,Cerro Verde,Estados Unidos,75
2010,2024-08-30,Cerro Verde,Nicaragua,63
2011,2022-05-21,Balboa,Costa Rica,46
2012,2022-05-02,Cerro Verde,Guatemala,78
2013,2023-12-25,Puerta del Diablo,Canada,39
2014,2022-09-05,Amulapa,Honduras,78
2015,2022-04-03,Amulapa,España,65
2016,2021-08-07,Apulo,Estados Unidos,20
2017,2022-04-03,Apulo,España,61
2018,2022-11-05,Balboa,Estados Unidos,57
2019,2022-06-19,Puerta del Diablo,Costa Rica,61
2020,2021-03-19,Apulo,Honduras,14
2021,2024-04-19,Sunset Park,Mexico,77
2022,2021-12-13,Puerta del Diablo,España,51
2023,2024-01-07,Puerta del Diablo,Mexico,9
2024,2022-07-02,Balboa,España,73
2025,2021-05-22,Apulo,Nicaragua,50
2026,2021-08-29,Sunset Park,Nicaragua,10
2027,2024-02-10,Cerro Verde,Canada,65
2028,2023-03-13,Cerro Verde,Mexico,9
2029,2022-09-26,Amulapa,Mexico,6
2030,2022-07-29,Balboa,Estados Unidos,53
2031,2021-11-22,Puerta del Diablo,Canada,32
2032,2022-07-03,Sunset Park,Mexico,65
2033,2023-03-02,Cerro Verde,Costa Rica,48
2034,2023-05-27,Cerro Verde,Nicaragua,8
2035,2021-10-15,Balboa,Canada,61
2036,2024-12-22,Amulapa,Mexico,32
2037,2024-12-25,Puerta del Diablo,Honduras,56
2038,2022-10-07,Cerro Verde,Canada,26
2039,2022-10-14,Sunset Park,España,54
2040,2022-08-07,Cerro Verde,Canada,14
2041,2023-10-30,Balboa,Mexico,57
2042,2024-08-16,Apulo,Nicaragua,40
2043,2024-12-24,Cerro Verde,Guatemala,66
2044,2022-06-04,Amulapa,Nicaragua,13
2045,2023-12-16,Amulapa,Costa Rica,26
2046,2023-03-07,Balboa,Mexico,30
2047,2022-09-20,Amulapa,Canada,70
2048,2022-12-14,Cerro Verde,Estados Unidos,60
2049,2023-07-20,Puerta del Diablo,Estados Unidos,10
2050,2023-11-11,Balboa,Canada,18
2051,2021-02-02,Apulo,Honduras,29
2052,2024-08-20,Cerro Verde,Estados Unidos,52
2053,2021-03-15,Cerro Verde,Mexico,44
2054,2023-01-31,Puerta del Diablo,Guatemala,38
2055,2022-12-19,Amulapa,Guatemala,10
2056,2022-01-21,Balboa,Estados Unidos,6
2057,2023-07-18,Balboa,Mexico,9
2058,2021-08-19,Cerro Verde,España,19
2059,2024-07-19,Amulapa,Canada,13
2060,2021-01-20,Amulapa,Estados Unidos,11
2061,2024-09-08,Cerro Verde,España,29
2062,2021-10-18,Apulo,Canada,41
2063,2021-08-13,Cerro Verde,Nicaragua,32
2064,2024-08-01,Balboa,Honduras,49
2065,2022-05-22,Balboa,Nicaragua,5
2066,2021-09-09,Apulo,España,72
2067,2021-05-23,Cerro Verde,Guatemala,42
2068,2024-07-06,Sunset Park,Nicaragua,50
2069,2022-08-28,Amulapa,Costa Rica,15
2070,2024-02-07,Amulapa,Costa Rica,28
2071,2024-01-27,Puerta del Diablo,España,14
2072,2023-05-24,Amulapa,España,6
2073,2021-03-25,Sunset Park,Canada,38
2074,2024-05-07,Balboa,Guatemala,77
2075,2023-02-11,Cerro Verde,Honduras,5
2076,2022-08-10,Amulapa,España,39
2077,2023-01-08,Apulo,España,72
2078,2024-11-27,Cerro Verde,Costa Rica,60
2079,2024-11-29,Apulo,Honduras,31
2080,2024-07-20,Amulapa,España,6
2081,2022-07-20,Apulo,Costa Rica,7
2082,2021-02-06,Apulo,Guatemala,58
2083,2022-07-20,Amulapa,Mexico,22
2084,2024-07-25,Balboa,Estados Unidos,14
2085,2022-06-04,Cerro Verde,Honduras,52
2086,2023-11-01,Apulo,Honduras,24
2087,2023-04-18,Balboa,Estados Unidos,33
2088,2021-01-09,Amulapa,Honduras,9
2089,2023-01-20,Cerro Verde,Honduras,33
2090,2023-09-02,Cerro Verde,Canada,17
2091,2021-09-02,Amulapa,Mexico,27
2092,2023-04-27,Balboa,Costa Rica,49
2093,2024-07-05,Puerta del Diablo,Nicaragua,74
2094,2021-10-15,Balboa,Nicaragua,5
2095,2021-02-20,Balboa,Estados Unidos,10
2096,2021-06-14,Sunset Park,Guatemala,78
2097,2022-12-30,Apulo,España,47
2098,2023-02-19,Apulo,España,77
2099,2023-03-25,Balboa,España,53
2100,2024-12-11,Apulo,Costa Rica,36
2101,2023-02-05,Balboa,Costa Rica,52
2102,2022-10-20,Amulapa,Estados Unidos,62
2103,2023-07-23,Balboa,Honduras,38
2104,2022-07-25,Cerro Verde,Costa Rica,77
2105,2022-10-09,Puerta del Diablo,Nicaragua,40
2106,2023-09-28,Cerro Verde,Nicaragua,55
2107,2021-07-30,Amulapa,Guatemala,72
2108,2021-03-29,Puerta del Diablo,Nicaragua,55
2109,2024-01-23,Balboa,Estados Unidos,10
2110,2023-01-21,Balboa,Guatemala,77
2111,2024-02-23,Apulo,Mexico,49
2112,2023-06-16,Apulo,Estados Unidos,43
2113,2021-06-09,Cerro Verde,Honduras,23
2114,2022-08-29,Balboa,Mexico,25
2115,2023-05-13,Cerro Verde,Nicaragua,73
2116,2021-05-28,Amulapa,Nicaragua,59
2117,2024-06-22,Puerta del Diablo,Costa Rica,16
2118,2024-11-30,Balboa,Costa Rica,73
2119,2021-01-04,Apulo,Costa Rica,16
2120,2024-02-17,Sunset Park,España,5
2121,2024-05-29,Balboa,Costa Rica,53
2122,2021-07-01,Cerro Verde,España,33
2123,2021-04-02,Amulapa,Costa Rica,53
2124,2023-04-13,Apulo,Guatemala,21
2125,2023-08-05,Puerta del Diablo,España,39
2126,2022-06-23,Puerta del Diablo,España,67
2127,2023-01-14,Puerta del Diablo,Mexico,8
2128,2023-02-03,Apulo,Honduras,25
2129,2023-07-11,Amulapa,Nicaragua,39
2130,2024-02-26,Cerro Verde,España,59
2131,2021-12-04,Amulapa,Estados Unidos,77
2132,2023-02-24,Balboa,Nicaragua,57
2133,2023-07-27,Apulo,Guatemala,76
2134,2023-03-12,Sunset Park,España,8
2135,2023-06-06,Balboa,Canada,53
2136,2023-12-21,Apulo,España,76
2137,2022-06-25,Amulapa,Costa Rica,27
2138,2023-12-23,Balboa,Honduras,46
2139,2022-07-03,Cerro Verde,España,70
2140,2022-05-04,Amulapa,Honduras,40
2141,2021-11-08,Sunset Park,Nicaragua,26
2142,2021-06-19,Amulapa,Mexico,37
2143,2024-07-27,Balboa,Mexico,56
2144,2023-08-23,Sunset Park,España,27
2145,2021-10-14,Cerro Verde,Mexico,27
2146,2024-01-28,Balboa,Honduras,17
2147,2024-11-19,Sunset Park,Estados Unidos,5
2148,2021-05-10,Amulapa,Honduras,38
2149,2024-09-26,Puerta del Diablo,Costa Rica,42
2150,2023-08-25,Balboa,España,28
2151,2023-09-01,Sunset Park,Honduras,69
2152,2024-09-22,Amulapa,Costa Rica,73
2153,2023-09-21,Cerro Verde,Canada,11
2154,2021-07-09,Puerta del Diablo,Nicaragua,66
2155,2022-11-25,Cerro Verde,Nicaragua,32
2156,2022-12-10,Apulo,España,5
2157,2022-07-17,Amulapa,Mexico,17
2158,2024-02-22,Apulo,Honduras,55
2159,2024-02-22,Cerro Verde,Honduras,75
2160,2024-05-16,Sunset Park,Guatemala,54
2161,2022-12-22,Apulo,Nicaragua,65
2162,2024-02-11,Cerro Verde,Costa Rica,60
2163,2024-11-17,Balboa,Guatemala,26
2164,2023-09-18,Puerta del Diablo,Honduras,57
2165,2024-02-15,Apulo,España,25
2166,2022-11-05,Balboa,Canada,20
2167,2023-06-16,Apulo,Estados Unidos,62
2168,2021-06-15,Puerta del Diablo,Canada,19
2169,2023-11-07,Amulapa,Canada,57
2170,2023-06-07,Balboa,Canada,24
2171,2024-11-24,Apulo,Canada,57
2172,2021-12-20,Puerta del Diablo,Canada,27
2173,2022-07-14,Cerro Verde,Costa Rica,61
2174,2024-08-22,Amulapa,Canada,24
2175,2021-03-12,Sunset Park,Guatemala,35
2176,2022-05-21,Amulapa,Nicaragua,52
2177,2024-04-07,Amulapa,Canada,13
2178,2022-01-17,Amulapa,Honduras,9
2179,2023-03-23,Sunset Park,Guatemala,18
2180,2021-12-13,Cerro Verde,Costa Rica,43
2181,2022-02-03,Apulo,Canada,53
2182,2021-04-14,Amulapa,Nicaragua,14
2183,2021-11-13,Sunset Park,Honduras,36
2184,2024-05-22,Apulo,Honduras,68
2185,2022-03-12,Cerro Verde,Guatemala,74
2186,2022-03-12,Amulapa,Costa Rica,64
2187,2023-06-09,Apulo,Guatemala,31
2188,2021-06-13,Cerro Verde,España,6
2189,2024-08-05,Balboa,España,45
2190,2023-12-05,Sunset Park,Nicaragua,55
2191,2021-01-02,Sunset Park,Estados Unidos,71
2192,2024-11-02,Sunset Park,Guatemala,65
2193,2024-09-11,Balboa,Nicaragua,12
2194,2024-09-27,Puerta del Diablo,Honduras,10
2195,2022-10-01,Amulapa,Nicaragua,61
2196,2024-12-25,Sunset Park,Guatemala,60
2197,2023-07-03,Apulo,Mexico,26
2198,2021-12-30,Sunset Park,Guatemala,54
2199,2021-12-20,Cerro Verde,Nicaragua,40
2200,2021-10-18,Balboa,Canada,41
2201,2024-08-08,Amulapa,Canada,66
2202,2023-07-11,Puerta del Diablo,Costa Rica,33
2203,2022-07-11,Sunset Park,Mexico,69
2204,2023-08-23,Balboa,Costa Rica,11
2205,2024-12-08,Amulapa,España,13
2206,2024-01-06,Sunset Park,Guatemala,15
2207,2024-03-18,Apulo,Estados Unidos,65
2208,2022-07-29,Amulapa,Costa Rica,8
2209,2022-11-08,Sunset Park,Mexico,66
2210,2024-11-08,Sunset Park,España,67
2211,2023-02-08,Balboa,Nicaragua,44
2212,2021-10-09,Apulo,Mexico,25
2213,2022-11-13,Cerro Verde,Mexico,29
2214,2023-07-25,Cerro Verde,Nicaragua,46
2215,2021-08-20,Sunset Park,Estados Unidos,53
2216,2022-08-13,Amulapa,España,33
2217,2024-06-27,Amulapa,Nicaragua,65
2218,2021-07-09,Amulapa,Mexico,14
2219,2023-09-08,Balboa,España,45
2220,2021-06-13,Amulapa,Nicaragua,50
2221,2024-07-07,Balboa,Honduras,63
2222,2022-06-13,Balboa,España,73
2223,2024-07-19,Sunset Park,España,62
2224,2021-02-10,Apulo,Nicaragua,8
2225,2024-10-23,Apulo,Estados Unidos,45
2226,2021-11-07,Amulapa,Costa Rica,21
2227,2024-10-03,Sunset Park,Costa Rica,58
2228,2021-11-09,Balboa,Nicaragua,68
2229,2022-07-04,Cerro Verde,Honduras,51
2230,2024-01-11,Apulo,Canada,76
2231,2024-04-03,Amulapa,Honduras,59
2232,2023-12-10,Sunset Park,Canada,45
2233,2024-05-27,Apulo,Mexico,17
2234,2022-10-03,Balboa,Costa Rica,54
2235,2021-09-09,Sunset Park,Nicaragua,44
2236,2022-07-10,Puerta del Diablo,Nicaragua,62
2237,2021-04-11,Cerro Verde,Estados Unidos,37
2238,2023-04-24,Cerro Verde,Nicaragua,36
2239,2021-11-05,Cerro Verde,Guatemala,49
2240,2022-12-02,Sunset Park,España,15
2241,2022-06-09,Puerta del Diablo,Honduras,79
2242,2024-08-14,Puerta del Diablo,Estados Unidos,77
2243,2021-06-23,Balboa,Canada,32
2244,2021-07-28,Puerta del Diablo,España,43
2245,2023-03-21,Puerta del Diablo,Estados Unidos,36
2246,2021-05-24,Puerta del Diablo,Canada,64
2247,2023-05-22,Balboa,Costa Rica,7
2248,2023-02-05,Sunset Park,Mexico,79
2249,2024-04-10,Amulapa,Nicaragua,30
2250,2021-04-19,Sunset Park,Nicaragua,30
2251,2023-04-30,Sunset Park,Nicaragua,23
2252,2022-06-18,Apulo,Canada,64
2253,2023-09-11,Balboa,Mexico,50
2254,2022-04-14,Sunset Park,España,26
2255,2021-04-15,Amulapa,Costa Rica,18
2256,2024-01-02,Sunset Park,Nicaragua,39
2257,2021-11-01,Sunset Park,Nicaragua,9
2258,2021-07-18,Puerta del Diablo,Honduras,38
2259,2024-06-22,Cerro Verde,Nicaragua,45
2260,2021-03-17,Cerro Verde,Estados Unidos,14
2261,2021-03-05,Cerro Verde,Nicaragua,59
2262,2024-02-27,Sunset Park,Guatemala,51
2263,2024-12-03,Puerta del Diablo,Guatemala,15
2264,2021-08-19,Balboa,Guatemala,72
2265,2024-01-30,Balboa,Honduras,76
2266,2022-10-22,Cerro Verde,Guatemala,79
2267,2024-10-08,Sunset Park,Guatemala,56
2268,2024-09-26,Amulapa,Mexico,35
2269,2024-09-29,Balboa,España,29
2270,2021-07-20,Apulo,Guatemala,38
2271,2023-01-22,Amulapa,Canada,79
2272,2022-01-27,Balboa,Guatemala,31
2273,2023-04-12,Amulapa,Nicaragua,69
2274,2022-09-02,Sunset Park,Costa Rica,78
2275,2024-07-19,Balboa,Canada,17
2276,2021-09-04,Sunset Park,Canada,42
2277,2024-10-31,Puerta del Diablo,España,70
2278,2022-11-26,Balboa,España,69
2279,2023-11-16,Balboa,Estados Unidos,6
2280,2024-01-14,Amulapa,Costa Rica,36
2281,2023-04-25,Cerro Verde,Estados Unidos,43
2282,2024-12-06,Amulapa,Guatemala,37
2283,2022-03-06,Amulapa,Nicaragua,40
2284,2024-08-26,Sunset Park,Canada,25
2285,2021-09-10,Puerta del Diablo,Costa Rica,9
2286,2023-04-02,Puerta del Diablo,Guatemala,18
2287,2022-12-13,Cerro Verde,Estados Unidos,58
2288,2022-12-26,Sunset Park,Guatemala,16
2289,2024-01-12,Cerro Verde,Guatemala,39
2290,2021-11-30,Cerro Verde,Estados Unidos,71
2291,2024-05-09,Sunset Park,Guatemala,24
2292,2024-10-02,Cerro Verde,Mexico,77
2293,2021-05-09,Amulapa,Mexico,76
2294,2023-12-04,Balboa,Mexico,63
2295,2022-06-27,Sunset Park,Nicaragua,21
2296,2023-06-07,Apulo,Estados Unidos,60
2297,2023-02-22,Sunset Park,Mexico,36
2298,2023-02-02,Puerta del Diablo,Nicaragua,19
2299,2021-10-10,Balboa,España,47
2300,2023-07-11,Amulapa,Guatemala,26
2301,2024-09-07,Amulapa,Nicaragua,70
2302,2023-11-03,Balboa,Mexico,15
2303,2023-09-17,Apulo,Estados Unidos,45
2304,2022-12-12,Balboa,Costa Rica,50
2305,2024-10-02,Balboa,Costa Rica,13
2306,2022-08-22,Balboa,Mexico,43
2307,2023-07-25,Apulo,Costa Rica,70
2308,2024-05-16,Apulo,Mexico,77
2309,2021-06-20,Apulo,Guatemala,53
2310,2022-08-22,Amulapa,Mexico,46
2311,2021-03-30,Balboa,España,18
2312,2024-03-04,Sunset Park,Honduras,68
2313,2023-03-18,Sunset Park,Nicaragua,69
2314,2024-10-27,Puerta del Diablo,Estados Unidos,16
2315,2021-07-13,Sunset Park,Mexico,75
2316,2022-12-30,Cerro Verde,Nicaragua,49
2317,2021-08-25,Sunset Park,Guatemala,79
2318,2022-07-02,Apulo,Nicaragua,11
2319,2022-12-05,Amulapa,Costa Rica,27
2320,2023-01-15,Cerro Verde,España,65
2321,2024-03-01,Balboa,España,69
2322,2022-04-07,Apulo,Canada,59
2323,2022-01-08,Sunset Park,Estados Unidos,40
2324,2021-08-11,Amulapa,España,47
2325,2023-12-31,Balboa,Guatemala,14
2326,2024-09-27,Puerta del Diablo,Costa Rica,17
2327,2022-10-06,Apulo,Canada,67
2328,2023-04-12,Cerro Verde,Estados Unidos,62
2329,2022-06-18,Apulo,España,35
2330,2024-01-28,Cerro Verde,Nicaragua,47
2331,2021-10-23,Cerro Verde,España,79
2332,2023-11-10,Puerta del Diablo,Honduras,27
2333,2022-07-31,Cerro Verde,Honduras,39
2334,2022-01-18,Balboa,España,63
2335,2021-08-29,Cerro Verde,Guatemala,59
2336,2024-03-20,Amulapa,Canada,32
2337,2023-11-25,Cerro Verde,Nicaragua,52
2338,2022-08-27,Amulapa,Canada,23
2339,2022-11-30,Cerro Verde,Canada,20
2340,2021-01-14,Apulo,Canada,43
2341,2024-08-16,Cerro Verde,Guatemala,71
2342,2024-03-19,Apulo,España,9
2343,2023-11-18,Amulapa,España,41
2344,2024-04-13,Apulo,Canada,30
2345,2021-03-09,Sunset Park,Nicaragua,32
2346,2021-12-21,Puerta del Diablo,Canada,59
2347,2022-08-05,Puerta del Diablo,Canada,30
2348,2023-05-23,Amulapa,España,38
2349,2021-12-18,Amulapa,Canada,72
2350,2021-01-31,Puerta del Diablo,Costa Rica,11
2351,2023-11-04,Cerro Verde,España,77
2352,2021-04-19,Sunset Park,Canada,38
2353,2023-08-21,Amulapa,Mexico,49
2354,2022-06-17,Sunset Park,Mexico,48
2355,2021-09-26,Puerta del Diablo,Estados Unidos,9
2356,2024-05-11,Puerta del Diablo,Costa Rica,49
2357,2023-10-17,Puerta del Diablo,España,44
2358,2024-06-04,Apulo,Estados Unidos,78
2359,2022-03-10,Amulapa,Nicaragua,29
2360,2024-02-25,Apulo,Honduras,14
2361,2023-12-28,Cerro Verde,Canada,40
2362,2021-01-12,Balboa,Canada,48
2363,2023-12-08,Apulo,España,25
2364,2023-12-24,Sunset Park,Estados Unidos,25
2365,2021-05-23,Apulo,España,43
2366,2023-02-23,Sunset Park,Costa Rica,46
2367,2023-05-30,Sunset Park,Canada,42
2368,2024-02-01,Apulo,España,8
2369,2021-11-24,Amulapa,España,50
2370,2021-06-27,Apulo,Honduras,49
2371,2021-01-04,Puerta del Diablo,Estados Unidos,58
2372,2023-02-15,Sunset Park,Costa Rica,23
2373,2021-03-30,Cerro Verde,España,22
2374,2021-08-30,Balboa,Estados Unidos,42
2375,2024-09-09,Apulo,Estados Unidos,22
2376,2023-11-23,Puerta del Diablo,Estados Unidos,59
2377,2022-04-19,Balboa,Nicaragua,51
2378,2023-10-26,Cerro Verde,Guatemala,9
2379,2023-09-15,Apulo,Estados Unidos,31
2380,2021-12-19,Puerta del Diablo,Nicaragua,27
2381,2023-12-21,Puerta del Diablo,Estados Unidos,9
2382,2021-06-01,Apulo,Costa Rica,13
2383,2023-01-07,Sunset Park,Costa Rica,75
2384,2023-10-02,Apulo,España,5
2385,2024-06-15,Puerta del Diablo,España,41
2386,2022-06-23,Amulapa,Mexico,31
2387,2022-10-31,Cerro Verde,Honduras,42
2388,2022-08-02,Cerro Verde,Canada,63
2389,2022-08-29,Cerro Verde,Mexico,46
2390,2022-07-03,Puerta del Diablo,Honduras,76
2391,2021-09-04,Apulo,Mexico,25
2392,2023-08-07,Apulo,Canada,17
2393,2021-04-30,Apulo,Estados Unidos,38
2394,2024-02-28,Sunset Park,Guatemala,21
2395,2024-09-28,Sunset Park,Honduras,53
2396,2021-02-06,Apulo,Mexico,28
2397,2021-03-14,Sunset Park,Guatemala,60
2398,2022-05-19,Sunset Park,Estados Unidos,49
2399,2021-12-17,Apulo,Guatemala,40
2400,2022-12-17,Apulo,Estados Unidos,47
2401,2022-12-13,Puerta del Diablo,Honduras,37
2402,2022-04-05,Apulo,Guatemala,39
2403,2024-05-01,Amulapa,España,33
2404,2024-04-14,Apulo,Mexico,72
2405,2024-08-21,Apulo,Canada,17
2406,2023-08-29,Amulapa,Costa Rica,34
2407,2023-06-19,Apulo,Nicaragua,70
2408,2023-01-05,Amulapa,Honduras,57
2409,2021-06-13,Balboa,Costa Rica,46
2410,2024-11-14,Balboa,España,31
2411,2024-12-12,Cerro Verde,Canada,71
2412,2023-03-31,Apulo,Canada,30
2413,2021-03-25,Sunset Park,Nicaragua,65
2414,2021-01-31,Amulapa,Mexico,47
2415,2024-12-12,Amulapa,Estados Unidos,28
2416,2024-01-16,Balboa,Estados Unidos,15
2417,2022-03-02,Amulapa,Honduras,34
2418,2024-12-26,Balboa,Canada,7
2419,2021-10-01,Puerta del Diablo,Mexico,78
2420,2024-11-22,Sunset Park,Honduras,12
2421,2024-10-15,Amulapa,España,33
2422,2022-09-26,Sunset Park,Canada,52
2423,2023-09-08,Balboa,Estados Unidos,41
2424,2024-05-29,Amulapa,Canada,30
2425,2022-05-15,Puerta del Diablo,España,16
2426,2021-07-16,Cerro Verde,Canada,23
2427,2022-11-29,Apulo,Mexico,31
2428,2021-08-01,Sunset Park,Guatemala,57
2429,2022-04-30,Apulo,Nicaragua,25
2430,2023-08-10,Apulo,Honduras,32
2431,2024-05-09,Apulo,España,75
2432,2024-06-26,Cerro Verde,España,62
2433,2023-11-22,Apulo,Nicaragua,67
2434,2023-07-07,Cerro Verde,Guatemala,79
2435,2024-11-12,Balboa,Estados Unidos,31
2436,2024-07-03,Balboa,Mexico,74
2437,2021-03-02,Puerta del Diablo,Guatemala,53
2438,2024-03-09,Amulapa,España,75
2439,2022-02-19,Sunset Park,Nicaragua,48
2440,2024-02-22,Puerta del Diablo,Canada,62
2441,2024-02-12,Sunset Park,Guatemala,45
2442,2022-01-20,Sunset Park,España,13
2443,2023-01-10,Balboa,España,72
2444,2023-09-29,Puerta del Diablo,Estados Unidos,46
2445,2022-12-28,Cerro Verde,Costa Rica,61
2446,2021-12-06,Cerro Verde,España,77
2447,2023-01-06,Amulapa,Guatemala,17
2448,2022-06-18,Sunset Park,Guatemala,69
2449,2022-09-24,Cerro Verde,Honduras,53
2450,2021-04-23,Balboa,Costa Rica,75
2451,2021-05-22,Amulapa,Mexico,32
2452,2022-05-11,Puerta del Diablo,Costa Rica,61
2453,2021-05-30,Cerro Verde,Mexico,47
2454,2021-09-29,Sunset Park,Honduras,41
2455,2021-08-09,Puerta del Diablo,Mexico,28
2456,2024-02-04,Amulapa,España,72
2457,2024-11-23,Amulapa,Estados Unidos,57
2458,2024-02-28,Cerro Verde,Nicaragua,18
2459,2023-07-07,Cerro Verde,Nicaragua,14
2460,2024-04-29,Amulapa,España,24
2461,2024-07-18,Apulo,España,46
2462,2023-11-09,Puerta del Diablo,Guatemala,70
2463,2023-05-09,Sunset Park,Costa Rica,40
2464,2021-12-09,Puerta del Diablo,Canada,35
2465,2024-10-28,Sunset Park,Mexico,66
2466,2021-01-21,Amulapa,Honduras,48
2467,2021-10-10,Sunset Park,Nicaragua,38
2468,2022-06-15,Sunset Park,Nicaragua,56
2469,2022-06-22,Balboa,Costa Rica,46
2470,2021-09-10,Amulapa,Mexico,26
2471,2024-04-15,Cerro Verde,España,75
2472,2021-09-11,Cerro Verde,Guatemala,73
2473,2023-04-06,Cerro Verde,Costa Rica,62
2474,2022-04-26,Balboa,Estados Unidos,45
2475,2023-05-21,Cerro Verde,Honduras,63
2476,2021-06-02,Amulapa,Costa Rica,55
2477,2021-11-30,Apulo,Estados Unidos,57
2478,2022-12-15,Balboa,Estados Unidos,6
2479,2022-05-18,Balboa,Nicaragua,30
2480,2022-08-23,Cerro Verde,Estados Unidos,71
2481,2022-09-11,Apulo,Canada,52
2482,2023-06-01,Sunset Park,Canada,7
2483,2023-07-07,Sunset Park,Canada,61
2484,2021-04-08,Cerro Verde,Honduras,45
2485,2022-10-16,Puerta del Diablo,Nicaragua,22
2486,2022-01-28,Cerro Verde,Honduras,48
2487,2022-09-26,Cerro Verde,Guatemala,60
2488,2022-09-18,Cerro Verde,Estados Unidos,52
2489,2021-07-23,Amulapa,Costa Rica,21
2490,2023-03-01,Sunset Park,Nicaragua,79
2491,2024-06-02,Cerro Verde,Canada,74
2492,2022-12-23,Apulo,Nicaragua,58
2493,2021-04-30,Puerta del Diablo,España,19
2494,2024-10-06,Amulapa,Canada,52
2495,2021-04-08,Cerro Verde,España,73
2496,2024-07-18,Puerta del Diablo,Honduras,38
2497,2022-07-06,Amulapa,Nicaragua,47
2498,2021-07-12,Balboa,España,53
2499,2022-11-24,Puerta del Diablo,Mexico,74
2500,2022-02-19,Sunset Park,España,68
2501,2021-09-23,Sunset Park,Costa Rica,26
2502,2021-10-20,Sunset Park,España,65
2503,2023-06-28,Puerta del Diablo,Honduras,46
2504,2023-03-17,Amulapa,Honduras,39
2505,2021-05-18,Cerro Verde,Guatemala,57
2506,2021-10-05,Cerro Verde,Costa Rica,53
2507,2024-09-02,Apulo,Mexico,73
2508,2023-07-23,Cerro Verde,Costa Rica,26
2509,2024-12-04,Sunset Park,Estados Unidos,39
2510,2024-01-04,Amulapa,Guatemala,74
2511,2021-11-01,Cerro Verde,Estados Unidos,77
2512,2022-04-03,Balboa,España,53
2513,2021-12-17,Balboa,Guatemala,52
2514,2022-09-14,Apulo,España,15
2515,2022-09-02,Balboa,Estados Unidos,41
2516,2023-05-07,Balboa,Mexico,53
2517,2022-07-28,Sunset Park,Canada,20
2518,2021-05-17,Apulo,Nicaragua,73
2519,2022-12-23,Apulo,Estados Unidos,23
2520,2021-10-13,Puerta del Diablo,Costa Rica,34
2521,2023-02-28,Puerta del Diablo,Honduras,78
2522,2024-12-28,Apulo,Honduras,35
2523,2022-06-25,Puerta del Diablo,Estados Unidos,23
2524,2022-05-24,Cerro Verde,Costa Rica,75
2525,2024-03-14,Amulapa,Estados Unidos,10
2526,2021-07-15,Cerro Verde,Costa Rica,49
2527,2022-09-01,Amulapa,Nicaragua,66
2528,2021-03-05,Balboa,Mexico,23
2529,2024-07-26,Cerro Verde,Honduras,33
2530,2023-06-22,Sunset Park,Canada,52
2531,2022-02-22,Amulapa,Mexico,46
2532,2021-05-15,Puerta del Diablo,Honduras,75
2533,2024-07-11,Sunset Park,Costa Rica,70
2534,2023-05-22,Sunset Park,Estados Unidos,54
2535,2023-01-25,Apulo,Canada,67
2536,2023-10-06,Balboa,Costa Rica,66
2537,2021-08-07,Balboa,Nicaragua,40
2538,2021-05-12,Sunset Park,Nicaragua,14
2539,2021-07-13,Balboa,España,58
2540,2024-11-18,Cerro Verde,Guatemala,47
2541,2022-04-02,Sunset Park,España,20
2542,2024-02-29,Puerta del Diablo,Canada,77
2543,2024-03-26,Balboa,Canada,53
2544,2021-07-09,Puerta del Diablo,Mexico,50
2545,2021-10-16,Cerro Verde,Costa Rica,19
2546,2024-04-08,Balboa,Estados Unidos,9
2547,2023-04-10,Apulo,Mexico,73
2548,2022-05-27,Cerro Verde,Guatemala,72
2549,2021-08-22,Cerro Verde,España,59
2550,2021-11-27,Amulapa,Estados Unidos,12
2551,2021-05-14,Apulo,Canada,62
2552,2022-09-16,Puerta del Diablo,Guatemala,58
2553,2022-05-23,Puerta del Diablo,Honduras,9
2554,2022-11-20,Amulapa,Mexico,48
2555,2022-08-07,Cerro Verde,Guatemala,11
2556,2024-10-28,Cerro Verde,Costa Rica,10
2557,2023-07-28,Balboa,Canada,60
2558,2024-07-12,Balboa,Honduras,23
2559,2023-06-10,Cerro Verde,Guatemala,42
2560,2021-09-10,Balboa,Mexico,66
2561,2023-02-21,Apulo,Mexico,73
2562,2024-03-21,Balboa,Guatemala,51
2563,2021-03-13,Cerro Verde,Canada,14
2564,2021-06-10,Puerta del Diablo,Nicaragua,55
2565,2023-11-19,Amulapa,Canada,11
2566,2023-10-23,Puerta del Diablo,Mexico,20
2567,2022-12-28,Apulo,Honduras,34
2568,2024-01-24,Puerta del Diablo,Guatemala,66
2569,2024-05-22,Puerta del Diablo,Honduras,41
2570,2021-06-29,Cerro Verde,Honduras,18
2571,2024-10-19,Cerro Verde,Honduras,52
2572,2022-03-05,Cerro Verde,Mexico,21
2573,2023-05-02,Cerro Verde,Costa Rica,12
2574,2024-04-04,Cerro Verde,Guatemala,17
2575,2023-12-05,Amulapa,Mexico,33
2576,2021-05-24,Amulapa,Guatemala,71
2577,2023-10-08,Amulapa,Guatemala,76
2578,2023-10-11,Amulapa,Honduras,9
2579,2021-12-09,Balboa,Nicaragua,79
2580,2024-06-24,Amulapa,Nicaragua,66
2581,2023-03-26,Apulo,Estados Unidos,40
2582,2022-02-13,Cerro Verde,Estados Unidos,39
2583,2023-01-11,Balboa,Mexico,54
2584,2021-11-09,Sunset Park,Nicaragua,9
2585,2024-11-27,Amulapa,Honduras,17
2586,2024-09-24,Cerro Verde,Estados Unidos,28
2587,2021-06-15,Apulo,Mexico,29
2588,2021-05-08,Apulo,España,13
2589,2021-08-16,Amulapa,Nicaragua,28
2590,2021-03-07,Apulo,Honduras,32
2591,2022-01-23,Cerro Verde,Honduras,58
2592,2022-04-19,Amulapa,Canada,74
2593,2024-01-04,Puerta del Diablo,Honduras,22
2594,2021-09-01,Amulapa,Nicaragua,57
2595,2022-05-27,Puerta del Diablo,Estados Unidos,77
2596,2024-01-30,Sunset Park,Nicaragua,64
2597,2023-05-25,Sunset Park,Estados Unidos,73
2598,2024-07-18,Sunset Park,Estados Unidos,37
2599,2022-12-17,Cerro Verde,Nicaragua,13
2600,2021-07-11,Balboa,Guatemala,55
2601,2021-07-04,Sunset Park,España,51
2602,2021-06-27,Amulapa,Costa Rica,57
2603,2021-01-17,Sunset Park,España,73
2604,2021-04-15,Balboa,Nicaragua,54
2605,2024-11-24,Sunset Park,Estados Unidos,65
2606,2024-02-10,Sunset Park,Mexico,10
2607,2023-09-03,Balboa,Canada,45
2608,2024-01-28,Apulo,Mexico,66
2609,2021-09-16,Cerro Verde,Mexico,33
2610,2022-05-19,Cerro Verde,Canada,57
2611,2024-04-11,Balboa,Nicaragua,38
2612,2021-10-27,Amulapa,Canada,26
2613,2023-04-10,Sunset Park,Estados Unidos,42
2614,2021-12-14,Apulo,Guatemala,7
2615,2022-01-11,Balboa,Estados Unidos,57
2616,2022-01-28,Puerta del Diablo,Nicaragua,52
2617,2022-01-18,Sunset Park,Canada,30
2618,2021-11-12,Puerta del Diablo,Canada,30
2619,2021-03-16,Apulo,Guatemala,73
2620,2023-08-30,Apulo,Nicaragua,32
2621,2023-04-05,Puerta del Diablo,Mexico,24
2622,2023-05-17,Sunset Park,Costa Rica,56
2623,2022-05-26,Puerta del Diablo,Costa Rica,41
2624,2024-01-24,Balboa,Guatemala,45
2625,2022-03-21,Sunset Park,España,61
2626,2023-01-18,Amulapa,Guatemala,14
2627,2024-07-20,Cerro Verde,Costa Rica,65
2628,2022-09-17,Amulapa,Guatemala,64
2629,2023-12-18,Puerta del Diablo,Mexico,59
2630,2023-03-26,Cerro Verde,Guatemala,7
2631,2023-02-25,Puerta del Diablo,Nicaragua,68
2632,2023-11-27,Amulapa,Nicaragua,74
2633,2022-12-11,Puerta del Diablo,Estados Unidos,79
2634,2022-02-05,Sunset Park,Honduras,30
2635,2023-02-10,Cerro Verde,Mexico,21
2636,2021-08-18,Balboa,Guatemala,29
2637,2023-03-12,Amulapa,Mexico,67
2638,2022-12-25,Apulo,Mexico,31
2639,2023-10-14,Balboa,Guatemala,17
2640,2024-02-01,Cerro Verde,Honduras,18
2641,2023-10-12,Apulo,Canada,24
2642,2023-06-22,Cerro Verde,Costa Rica,53
2643,2022-11-05,Amulapa,Nicaragua,47
2644,2022-10-06,Apulo,Mexico,77
2645,2024-09-12,Cerro Verde,Guatemala,57
2646,2021-07-23,Amulapa,Guatemala,11
2647,2021-03-15,Cerro Verde,España,27
2648,2024-04-10,Apulo,Mexico,67
2649,2022-03-09,Cerro Verde,Canada,29
2650,2021-05-04,Apulo,Costa Rica,6
2651,2021-03-10,Cerro Verde,Nicaragua,65
2652,2023-11-07,Cerro Verde,Nicaragua,27
2653,2022-05-18,Cerro Verde,España,35
2654,2021-06-15,Sunset Park,Costa Rica,17
2655,2023-01-24,Sunset Park,Canada,58
2656,2024-08-28,Apulo,Canada,43
2657,2022-05-16,Puerta del Diablo,Honduras,15
2658,2023-08-15,Puerta del Diablo,Mexico,70
2659,2024-05-11,Sunset Park,Guatemala,34
2660,2024-10-20,Puerta del Diablo,Nicaragua,69
2661,2024-01-15,Sunset Park,Mexico,15
2662,2021-03-25,Balboa,Honduras,77
2663,2024-06-20,Apulo,Nicaragua,56
2664,2024-08-04,Apulo,Guatemala,62
2665,2023-09-10,Amulapa,Guatemala,18
2666,2022-10-25,Sunset Park,Nicaragua,68
2667,2023-04-15,Cerro Verde,Estados Unidos,13
2668,2022-04-26,Sunset Park,Nicaragua,52
2669,2024-03-02,Cerro Verde,España,5
2670,2023-06-14,Apulo,Honduras,44
2671,2022-10-27,Sunset Park,Mexico,62
2672,2021-01-24,Apulo,Mexico,66
2673,2024-08-23,Amulapa,Guatemala,74
2674,2023-11-20,Cerro Verde,Costa Rica,62
2675,2021-03-13,Sunset Park,Canada,41
2676,2022-03-06,Balboa,Nicaragua,51
2677,2023-01-10,Apulo,Honduras,38
2678,2024-12-07,Balboa,Nicaragua,23
2679,2021-08-01,Apulo,Canada,69
2680,2023-01-28,Sunset Park,Nicaragua,63
2681,2021-03-03,Sunset Park,Estados Unidos,6
2682,2023-11-19,Cerro Verde,Nicaragua,23
2683,2022-11-08,Balboa,Nicaragua,51
2684,2021-12-12,Balboa,Honduras,31
2685,2022-08-23,Puerta del Diablo,España,12
2686,2021-05-05,Cerro Verde,Guatemala,72
2687,2022-07-06,Sunset Park,Mexico,41
2688,2024-04-21,Puerta del Diablo,Mexico,27
2689,2022-05-21,Balboa,Estados Unidos,73
2690,2022-10-29,Amulapa,Mexico,58
2691,2022-04-04,Sunset Park,Nicaragua,18
2692,2023-10-14,Sunset Park,Honduras,48
2693,2023-12-11,Apulo,Canada,32
2694,2024-10-21,Amulapa,Nicaragua,10
2695,2024-02-17,Amulapa,España,19
2696,2024-07-25,Cerro Verde,Canada,45
2697,2023-01-01,Puerta del Diablo,España,72
2698,2022-05-28,Cerro Verde,Costa Rica,41
2699,2021-09-24,Balboa,Costa Rica,61
2700,2023-08-10,Apulo,España,77
2701,2022-11-09,Amulapa,Nicaragua,69
2702,2024-10-04,Apulo,Nicaragua,9
2703,2022-11-25,Apulo,Honduras,34
2704,2024-05-30,Puerta del Diablo,Estados Unidos,69
2705,2022-06-19,Cerro Verde,Guatemala,23
2706,2024-02-04,Balboa,Costa Rica,32
2707,2024-12-15,Apulo,Guatemala,28
2708,2023-08-05,Puerta del Diablo,Guatemala,76
2709,2021-11-13,Balboa,Mexico,15
2710,2022-08-14,Sunset Park,Canada,14
2711,2024-10-15,Sunset Park,Honduras,57
2712,2023-07-07,Amulapa,Honduras,10
2713,2024-07-03,Apulo,Honduras,68
2714,2023-04-15,Amulapa,Canada,19
2715,2024-07-29,Puerta del Diablo,España,30
2716,2024-01-22,Balboa,Costa Rica,25
2717,2021-05-02,Amulapa,España,64
2718,2023-09-16,Cerro Verde,Costa Rica,35
2719,2021-02-19,Cerro Verde,Costa Rica,15
2720,2024-03-20,Balboa,Guatemala,13
2721,2022-07-19,Sunset Park,Nicaragua,11
2722,2024-12-01,Apulo,Costa Rica,41
2723,2023-05-10,Cerro Verde,Costa Rica,31
2724,2022-09-16,Puerta del Diablo,Costa Rica,8
2725,2022-05-06,Puerta del Diablo,Nicaragua,55
2726,2021-06-05,Amulapa,Honduras,55
2727,2022-04-17,Puerta del Diablo,Costa Rica,26
2728,2022-03-27,Puerta del Diablo,España,11
2729,2022-01-29,Balboa,Canada,11
2730,2022-05-25,Balboa,España,52
2731,2023-03-13,Balboa,Guatemala,11
2732,2022-05-28,Balboa,Costa Rica,8
2733,2024-06-07,Cerro Verde,Honduras,28
2734,2023-07-22,Apulo,Guatemala,55
2735,2023-02-01,Cerro Verde,España,78
2736,2021-03-12,Apulo,Nicaragua,23
2737,2023-08-21,Puerta del Diablo,Mexico,16
2738,2021-07-25,Amulapa,Nicaragua,65
2739,2021-02-27,Cerro Verde,Mexico,8
2740,2022-06-12,Cerro Verde,Estados Unidos,52
2741,2024-01-21,Sunset Park,Canada,66
2742,2022-02-16,Amulapa,Guatemala,36
2743,2021-03-11,Apulo,España,48
2744,2024-07-31,Puerta del Diablo,Canada,46
2745,2022-08-17,Balboa,Costa Rica,48
2746,2024-04-09,Amulapa,Estados Unidos,69
2747,2024-05-15,Puerta del Diablo,Guatemala,51
2748,2023-06-29,Amulapa,Costa Rica,11
2749,2024-07-25,Apulo,Honduras,67
2750,2022-10-16,Cerro Verde,Canada,38
2751,2023-11-09,Puerta del Diablo,Guatemala,51
2752,2023-05-12,Puerta del Diablo,Mexico,29
2753,2021-10-02,Balboa,Estados Unidos,72
2754,2023-06-15,Sunset Park,Guatemala,44
2755,2024-04-05,Puerta del Diablo,Honduras,14
2756,2023-07-18,Cerro Verde,Costa Rica,78
2757,2021-06-15,Balboa,España,10
2758,2021-02-01,Amulapa,Canada,36
2759,2023-11-04,Sunset Park,Nicaragua,35
2760,2022-10-25,Balboa,Guatemala,30
2761,2021-04-08,Apulo,Nicaragua,47
2762,2022-08-24,Puerta del Diablo,Estados Unidos,29
2763,2023-09-09,Apulo,Estados Unidos,75
2764,2024-10-06,Balboa,Costa Rica,71
2765,2023-05-23,Apulo,Estados Unidos,9
2766,2024-10-29,Puerta del Diablo,Canada,48
2767,2021-12-30,Sunset Park,Nicaragua,75
2768,2022-04-24,Balboa,Mexico,69
2769,2024-08-27,Apulo,Canada,66
2770,2023-08-21,Apulo,Canada,48
2771,2021-05-23,Apulo,Costa Rica,76
2772,2023-08-13,Sunset Park,Costa Rica,53
2773,2024-08-29,Balboa,Canada,22
2774,2022-11-02,Balboa,Estados Unidos,34
2775,2022-08-04,Apulo,Honduras,15
2776,2021-01-14,Balboa,Canada,19
2777,2021-10-05,Amulapa,Estados Unidos,53
2778,2023-02-04,Amulapa,Honduras,37
2779,2024-08-19,Balboa,Costa Rica,54
2780,2023-05-01,Sunset Park,Mexico,18
2781,2021-04-16,Sunset Park,Costa Rica,33
2782,2021-08-22,Amulapa,Honduras,52
2783,2021-05-08,Amulapa,Canada,63
2784,2024-08-14,Amulapa,Guatemala,22
2785,2022-03-31,Puerta del Diablo,Canada,67
2786,2024-06-25,Sunset Park,España,29
2787,2022-05-17,Sunset Park,Nicaragua,18
2788,2022-10-07,Balboa,Mexico,66
2789,2023-11-14,Puerta del Diablo,Estados Unidos,41
2790,2024-11-22,Sunset Park,España,36
2791,2023-12-08,Apulo,Guatemala,64
2792,2023-02-22,Apulo,Honduras,59
2793,2023-03-07,Amulapa,Canada,54
2794,2022-01-16,Balboa,Canada,63
2795,2024-06-27,Apulo,España,12
2796,2024-03-30,Sunset Park,Guatemala,30
2797,2024-01-29,Balboa,Costa Rica,8
2798,2024-12-29,Puerta del Diablo,Guatemala,64
2799,2023-05-03,Sunset Park,Mexico,17
2800,2022-12-07,Amulapa,España,29
2801,2023-12-14,Puerta del Diablo,Guatemala,65
2802,2021-05-09,Cerro Verde,Mexico,30
2803,2023-04-28,Cerro Verde,Estados Unidos,55
2804,2022-09-05,Balboa,Guatemala,20
2805,2021-07-26,Balboa,España,13
2806,2023-01-13,Puerta del Diablo,Estados Unidos,48
2807,2023-05-02,Sunset Park,Mexico,35
2808,2021-05-07,Puerta del Diablo,Costa Rica,27
2809,2022-05-25,Apulo,Nicaragua,41
2810,2024-08-26,Amulapa,Estados Unidos,57
2811,2022-05-13,Sunset Park,Mexico,7
2812,2023-04-26,Amulapa,Honduras,27
2813,2022-12-08,Puerta del Diablo,Guatemala,47
2814,2023-04-27,Balboa,Canada,75
2815,2021-12-30,Apulo,Nicaragua,70
2816,2023-02-07,Sunset Park,Honduras,63
2817,2022-11-20,Amulapa,Guatemala,68
2818,2024-03-06,Sunset Park,Estados Unidos,20
2819,2021-06-20,Sunset Park,Mexico,23
2820,2024-06-14,Cerro Verde,Mexico,42
2821,2024-04-30,Puerta del Diablo,Honduras,6
2822,2023-07-24,Puerta del Diablo,Nicaragua,27
2823,2024-08-09,Apulo,Costa Rica,57
2824,2021-10-09,Sunset Park,Nicaragua,6
2825,2023-07-19,Amulapa,España,61
2826,2021-03-27,Cerro Verde,Mexico,37
2827,2021-02-05,Puerta del Diablo,Estados Unidos,50
2828,2022-04-10,Apulo,Honduras,54
2829,2022-12-15,Sunset Park,Honduras,66
2830,2023-01-31,Sunset Park,Canada,27
2831,2021-01-31,Balboa,España,36
2832,2024-08-30,Sunset Park,Mexico,50
2833,2024-07-31,Apulo,Mexico,27
2834,2022-02-23,Amulapa,Estados Unidos,17
2835,2024-07-03,Apulo,Canada,16
2836,2022-12-24,Apulo,Honduras,23
2837,2022-08-12,Apulo,España,7
2838,2023-07-05,Puerta del Diablo,Honduras,22
2839,2021-03-04,Apulo,Nicaragua,8
2840,2023-12-30,Sunset Park,Nicaragua,19
2841,2022-10-15,Cerro Verde,Estados Unidos,20
2842,2022-02-21,Cerro Verde,España,31
2843,2022-03-10,Sunset Park,Costa Rica,26
2844,2021-07-02,Balboa,España,65
2845,2023-05-02,Apulo,Costa Rica,26
2846,2022-07-18,Balboa,Honduras,65
2847,2024-12-21,Amulapa,Estados Unidos,79
2848,2021-12-09,Puerta del Diablo,Mexico,59
2849,2022-01-29,Apulo,Guatemala,52
2850,2021-04-16,Puerta del Diablo,Nicaragua,56
2851,2024-01-07,Balboa,Honduras,69
2852,2022-01-05,Cerro Verde,España,8
2853,2024-05-04,Balboa,Nicaragua,62
2854,2023-04-26,Apulo,Mexico,53
2855,2022-01-16,Cerro Verde,Guatemala,60
2856,2021-04-15,Cerro Verde,Costa Rica,20
2857,2022-01-08,Apulo,España,49
2858,2024-06-29,Cerro Verde,Mexico,51
2859,2023-12-02,Sunset Park,Nicaragua,66
2860,2023-10-18,Cerro Verde,Canada,25
2861,2021-08-08,Apulo,Honduras,27
2862,2021-01-31,Amulapa,Canada,24
2863,2024-12-08,Cerro Verde,Mexico,73
2864,2024-09-11,Puerta del Diablo,España,36
2865,2024-06-14,Amulapa,Honduras,23
2866,2021-01-07,Puerta del Diablo,España,28
2867,2024-12-10,Balboa,Mexico,15
2868,2023-03-21,Cerro Verde,España,21
2869,2024-12-04,Balboa,Honduras,34
2870,2023-03-20,Cerro Verde,Estados Unidos,50
2871,2021-02-12,Balboa,Costa Rica,39
2872,2024-08-02,Amulapa,Costa Rica,19
2873,2021-01-09,Cerro Verde,Honduras,75
2874,2024-09-19,Apulo,España,6
2875,2024-11-28,Sunset Park,Guatemala,7
2876,2023-11-15,Balboa,Costa Rica,53
2877,2022-05-17,Sunset Park,Costa Rica,55
2878,2021-05-11,Cerro Verde,Costa Rica,38
2879,2023-11-27,Balboa,Nicaragua,75
2880,2022-02-16,Balboa,España,54
2881,2022-03-20,Sunset Park,Estados Unidos,5
2882,2021-11-26,Apulo,España,69
2883,2021-07-07,Sunset Park,Canada,33
2884,2021-08-24,Cerro Verde,Mexico,9
2885,2024-03-17,Apulo,Mexico,71
2886,2024-05-16,Sunset Park,Canada,64
2887,2022-08-04,Puerta del Diablo,Nicaragua,34
2888,2023-06-07,Puerta del Diablo,Canada,69
2889,2022-01-27,Puerta del Diablo,Nicaragua,79
2890,2022-08-07,Cerro Verde,Estados Unidos,21
2891,2024-01-22,Cerro Verde,Estados Unidos,43
2892,2021-04-18,Sunset Park,Guatemala,59
2893,2022-10-26,Balboa,España,8
2894,2022-12-24,Apulo,Estados Unidos,44
2895,2021-01-25,Sunset Park,Mexico,79
2896,2024-10-23,Amulapa,Costa Rica,56
2897,2024-05-24,Puerta del Diablo,Canada,70
2898,2021-09-13,Cerro Verde,Canada,59
2899,2022-06-16,Puerta del Diablo,Guatemala,77
2900,2024-08-25,Cerro Verde,Nicaragua,56
2901,2022-05-15,Balboa,Honduras,16
2902,2024-02-11,Amulapa,Costa Rica,10
2903,2023-02-07,Sunset Park,Estados Unidos,65
2904,2024-02-01,Sunset Park,España,45
2905,2022-05-08,Cerro Verde,Honduras,65
2906,2023-11-11,Puerta del Diablo,Canada,58
2907,2021-10-12,Apulo,Costa Rica,48
2908,2024-05-09,Puerta del Diablo,Guatemala,37
2909,2021-03-13,Cerro Verde,Nicaragua,49
2910,2022-09-02,Sunset Park,España,34
2911,2021-01-09,Apulo,Nicaragua,14
2912,2021-12-01,Amulapa,España,12
2913,2023-01-11,Sunset Park,Estados Unidos,27
2914,2024-12-14,Sunset Park,Mexico,8
2915,2023-10-28,Cerro Verde,Canada,57
2916,2022-05-20,Cerro Verde,Estados Unidos,37
2917,2022-12-08,Cerro Verde,Costa Rica,72
2918,2021-08-30,Puerta del Diablo,Costa Rica,19
2919,2023-10-06,Amulapa,Estados Unidos,16
2920,2024-12-12,Cerro Verde,España,24
2921,2024-06-14,Balboa,España,66
2922,2021-04-14,Puerta del Diablo,España,39
2923,2021-09-03,Amulapa,Honduras,35
2924,2021-12-21,Sunset Park,Honduras,60
2925,2024-06-27,Apulo,Canada,75
2926,2023-11-27,Puerta del Diablo,España,47
2927,2021-07-02,Cerro Verde,Nicaragua,68
2928,2024-12-14,Amulapa,España,36
2929,2022-09-23,Amulapa,España,31
2930,2022-10-12,Balboa,Nicaragua,27
2931,2022-04-06,Puerta del Diablo,Mexico,48
2932,2024-04-17,Apulo,Guatemala,39
2933,2024-04-03,Puerta del Diablo,Honduras,42
2934,2021-02-26,Sunset Park,Guatemala,77
2935,2024-06-25,Amulapa,Estados Unidos,53
2936,2023-11-19,Cerro Verde,España,54
2937,2023-05-15,Puerta del Diablo,Canada,8
2938,2024-08-03,Balboa,Canada,16
2939,2023-01-21,Cerro Verde,Canada,55
2940,2024-01-25,Apulo,Estados Unidos,16
2941,2023-01-28,Amulapa,Nicaragua,67
2942,2021-06-29,Cerro Verde,Costa Rica,35
2943,2024-07-16,Puerta del Diablo,Nicaragua,49
2944,2023-01-10,Sunset Park,Mexico,75
2945,2021-01-29,Cerro Verde,Costa Rica,27
2946,2022-09-13,Puerta del Diablo,Guatemala,45
2947,2021-07-05,Puerta del Diablo,Honduras,37
2948,2021-06-05,Sunset Park,Canada,43
2949,2024-02-03,Puerta del Diablo,Mexico,77
2950,2023-08-14,Apulo,Costa Rica,62
2951,2022-06-26,Sunset Park,Estados Unidos,68
2952,2021-04-12,Apulo,España,48
2953,2022-05-17,Amulapa,Canada,60
2954,2022-04-01,Apulo,Costa Rica,40
2955,2021-11-06,Puerta del Diablo,Nicaragua,21
2956,2022-08-21,Cerro Verde,España,65
2957,2024-11-20,Apulo,Canada,46
2958,2023-10-09,Apulo,Estados Unidos,52
2959,2021-01-12,Cerro Verde,Estados Unidos,12
2960,2023-08-10,Balboa,Estados Unidos,60
2961,2023-03-15,Balboa,Mexico,79
2962,2021-05-22,Amulapa,Canada,49
2963,2024-03-01,Amulapa,España,23
2964,2022-10-07,Sunset Park,Costa Rica,27
2965,2024-08-14,Amulapa,Mexico,35
2966,2023-05-25,Amulapa,Honduras,49
2967,2023-04-08,Sunset Park,Canada,7
2968,2024-11-04,Apulo,Nicaragua,20
2969,2021-11-09,Amulapa,Nicaragua,79
2970,2024-06-19,Cerro Verde,Honduras,45
2971,2022-07-09,Cerro Verde,España,6
2972,2022-12-15,Balboa,Costa Rica,42
2973,2021-11-07,Amulapa,Costa Rica,68
2974,2022-08-24,Amulapa,Guatemala,22
2975,2023-09-07,Puerta del Diablo,Guatemala,7
2976,2024-07-12,Puerta del Diablo,Nicaragua,18
2977,2022-09-12,Balboa,Mexico,25
2978,2021-11-29,Balboa,Canada,48
2979,2024-04-19,Amulapa,Mexico,68
2980,2021-12-29,Amulapa,Mexico,52
2981,2021-10-16,Sunset Park,Costa Rica,72
2982,2021-01-02,Puerta del Diablo,Guatemala,66
2983,2022-06-19,Sunset Park,Nicaragua,53
2984,2023-02-23,Balboa,Honduras,38
2985,2024-04-14,Balboa,Canada,75
2986,2021-09-05,Balboa,Guatemala,60
2987,2021-12-27,Cerro Verde,Guatemala,58
2988,2021-08-02,Balboa,Estados Unidos,73
2989,2022-02-13,Puerta del Diablo,España,60
2990,2022-08-03,Puerta del Diablo,Costa Rica,44
2991,2022-12-08,Balboa,España,8
2992,2022-05-13,Sunset Park,Nicaragua,66
2993,2021-04-18,Amulapa,Canada,27
2994,2021-02-08,Sunset Park,Estados Unidos,72
2995,2024-02-07,Cerro Verde,Canada,22
2996,2023-10-03,Balboa,Estados Unidos,72
2997,2022-01-07,Apulo,Mexico,45
2998,2023-11-12,Puerta del Diablo,Canada,75
2999,2021-07-07,Sunset Park,Guatemala,58
3000,2021-06-13,Sunset Park,Guatemala,50
3001,2022-11-20,Amulapa,Costa Rica,53
3002,2022-08-24,Puerta del Diablo,Canada,5
3003,2021-10-16,Amulapa,Guatemala,8
3004,2024-01-06,Sunset Park,Canada,68
3005,2021-07-30,Apulo,Estados Unidos,37
3006,2022-10-21,Puerta del Diablo,Canada,36
3007,2023-04-19,Apulo,Mexico,57
3008,2024-10-24,Puerta del Diablo,Costa Rica,26
3009,2022-06-02,Balboa,España,9
3010,2024-05-01,Sunset Park,España,18
3011,2023-08-30,Puerta del Diablo,Costa Rica,29
3012,2024-05-13,Amulapa,Nicaragua,9
3013,2021-07-25,Cerro Verde,Mexico,62
3014,2024-10-11,Puerta del Diablo,Estados Unidos,73
3015,2021-01-08,Balboa,Costa Rica,8
3016,2022-08-13,Puerta del Diablo,Costa Rica,46
3017,2024-07-13,Amulapa,Canada,16
3018,2024-09-27,Amulapa,Costa Rica,42
3019,2021-12-23,Puerta del Diablo,Guatemala,36
3020,2022-08-15,Apulo,Costa Rica,41
3021,2023-03-27,Sunset Park,Estados Unidos,74
3022,2022-08-23,Apulo,Mexico,42
3023,2023-08-08,Sunset Park,Canada,26
3024,2021-09-11,Cerro Verde,Nicaragua,25
3025,2021-12-24,Cerro Verde,Guatemala,74
3026,2023-10-30,Apulo,Costa Rica,49
3027,2023-10-05,Sunset Park,Honduras,74
3028,2023-01-09,Balboa,Canada,20
3029,2023-04-17,Apulo,Honduras,65
3030,2023-12-14,Puerta del Diablo,Mexico,27
3031,2024-11-24,Apulo,Nicaragua,52
3032,2022-05-14,Puerta del Diablo,España,58
3033,2023-06-23,Apulo,Nicaragua,16
3034,2024-03-12,Sunset Park,Costa Rica,15
3035,2022-09-25,Balboa,Guatemala,7
3036,2024-03-25,Balboa,Canada,5
3037,2022-02-17,Puerta del Diablo,Nicaragua,71
3038,2021-02-01,Balboa,Nicaragua,28
3039,2022-05-08,Puerta del Diablo,Honduras,42
3040,2023-11-23,Sunset Park,España,38
3041,2023-09-06,Balboa,Mexico,15
3042,2024-04-05,Amulapa,España,12
3043,2022-03-10,Balboa,Canada,77
3044,2023-05-17,Balboa,Canada,6
3045,2023-03-18,Sunset Park,Honduras,54
3046,2023-09-12,Puerta del Diablo,Honduras,13
3047,2024-05-07,Sunset Park,Estados Unidos,27
3048,2022-06-16,Apulo,Mexico,66
3049,2022-11-10,Amulapa,Costa Rica,16
3050,2023-02-15,Balboa,Honduras,49
3051,2023-06-10,Amulapa,España,64
3052,2023-11-20,Puerta del Diablo,España,19
3053,2023-01-29,Puerta del Diablo,Costa Rica,53
3054,2023-05-02,Balboa,Nicaragua,44
3055,2021-08-19,Apulo,Costa Rica,63
3056,2022-10-22,Puerta del Diablo,Nicaragua,44
3057,2022-06-24,Amulapa,España,45
3058,2023-04-18,Apulo,Estados Unidos,47
3059,2023-08-08,Apulo,Honduras,50
3060,2022-04-02,Amulapa,Honduras,39
3061,2023-07-05,Cerro Verde,Guatemala,78
3062,2022-10-25,Amulapa,Canada,61
3063,2022-07-05,Cerro Verde,Mexico,70
3064,2021-10-17,Cerro Verde,España,30
3065,2021-05-30,Puerta del Diablo,Mexico,54
3066,2024-04-13,Sunset Park,Canada,44
3067,2022-06-14,Puerta del Diablo,Costa Rica,39
3068,2024-07-11,Apulo,Nicaragua,44
3069,2021-11-13,Sunset Park,Costa Rica,34
3070,2022-04-14,Puerta del Diablo,Estados Unidos,12
3071,2022-02-18,Cerro Verde,Mexico,73
3072,2021-05-02,Cerro Verde,Canada,70
3073,2023-10-11,Puerta del Diablo,Guatemala,14
3074,2024-12-27,Sunset Park,Estados Unidos,61
3075,2024-05-08,Apulo,Guatemala,53
3076,2023-08-03,Balboa,Nicaragua,44
3077,2021-04-03,Sunset Park,Costa Rica,5
3078,2021-05-25,Apulo,Estados Unidos,76
3079,2023-04-20,Apulo,Estados Unidos,71
3080,2022-03-03,Amulapa,Honduras,51
3081,2023-08-09,Amulapa,Costa Rica,73
3082,2023-01-27,Cerro Verde,España,74
3083,2021-10-05,Puerta del Diablo,Honduras,62
3084,2021-09-30,Amulapa,Estados Unidos,29
3085,2021-09-07,Puerta del Diablo,Canada,51
3086,2023-12-28,Amulapa,Guatemala,46
3087,2024-03-17,Sunset Park,Guatemala,47
3088,2023-07-14,Balboa,Costa Rica,43
3089,2024-11-22,Amulapa,Guatemala,28
3090,2024-12-09,Puerta del Diablo,Estados Unidos,69
3091,2023-11-21,Puerta del Diablo,Honduras,61
3092,2023-09-18,Amulapa,Mexico,39
3093,2021-05-06,Cerro Verde,Canada,47
3094,2024-04-19,Balboa,Canada,44
3095,2022-07-20,Puerta del Diablo,Honduras,43
3096,2021-01-27,Balboa,Nicaragua,11
3097,2023-07-17,Apulo,España,20
3098,2024-08-03,Apulo,Honduras,50
3099,2023-09-19,Amulapa,Guatemala,55
3100,2023-06-03,Puerta del Diablo,Canada,15
3101,2023-10-05,Balboa,España,40
3102,2022-07-23,Balboa,España,34
3103,2024-09-08,Puerta del Diablo,Canada,30
3104,2021-04-13,Puerta del Diablo,Nicaragua,38
3105,2023-04-10,Amulapa,Honduras,36
3106,2024-10-02,Cerro Verde,Costa Rica,11
3107,2021-10-16,Sunset Park,Mexico,76
3108,2021-03-01,Puerta del Diablo,Estados Unidos,58
3109,2024-12-08,Balboa,Guatemala,41
3110,2024-11-21,Balboa,Estados Unidos,12
3111,2021-05-28,Apulo,España,58
3112,2021-03-17,Puerta del Diablo,Canada,14
3113,2024-11-29,Cerro Verde,Nicaragua,41
3114,2021-05-21,Cerro Verde,Costa Rica,16
3115,2023-11-20,Sunset Park,Nicaragua,8
3116,2022-04-23,Cerro Verde,España,53
3117,2024-04-24,Sunset Park,Estados Unidos,49
3118,2021-01-02,Amulapa,Nicaragua,38
3119,2023-07-04,Puerta del Diablo,Honduras,19
3120,2024-03-04,Amulapa,Costa Rica,18
3121,2022-11-21,Amulapa,Estados Unidos,39
3122,2024-05-27,Balboa,Nicaragua,20
3123,2024-08-25,Puerta del Diablo,Canada,19
3124,2024-01-03,Sunset Park,Canada,71
3125,2024-03-09,Amulapa,Costa Rica,73
3126,2022-02-05,Balboa,España,47
3127,2021-04-30,Puerta del Diablo,Canada,74
3128,2022-06-17,Puerta del Diablo,España,48
3129,2023-04-21,Apulo,Honduras,30
3130,2021-09-27,Amulapa,Honduras,77
3131,2024-10-19,Sunset Park,Guatemala,44
3132,2021-01-22,Balboa,Guatemala,76
3133,2023-10-27,Cerro Verde,Canada,51
3134,2021-05-02,Apulo,Nicaragua,35
3135,2023-11-06,Apulo,Estados Unidos,7
3136,2021-10-27,Puerta del Diablo,Mexico,39
3137,2023-03-08,Balboa,Costa Rica,54
3138,2022-06-17,Balboa,Estados Unidos,77
3139,2021-10-19,Apulo,Mexico,28
3140,2021-05-11,Cerro Verde,España,77
3141,2023-08-11,Apulo,Estados Unidos,26
3142,2021-02-10,Puerta del Diablo,Guatemala,40
3143,2023-01-11,Cerro Verde,Guatemala,38
3144,2022-08-27,Sunset Park,Estados Unidos,41
3145,2022-03-10,Balboa,Guatemala,39
3146,2023-11-04,Amulapa,Nicaragua,5
3147,2023-07-08,Balboa,Guatemala,57
3148,2023-04-14,Sunset Park,Estados Unidos,8
3149,2023-01-03,Sunset Park,Honduras,5
3150,2024-06-02,Amulapa,Canada,51
3151,2023-03-22,Cerro Verde,Estados Unidos,43
3152,2022-03-08,Balboa,Nicaragua,68
3153,2023-09-12,Amulapa,Nicaragua,37
3154,2024-05-05,Puerta del Diablo,Canada,31
3155,2021-10-13,Balboa,España,34
3156,2021-10-25,Cerro Verde,Guatemala,46
3157,2022-05-14,Apulo,Nicaragua,74
3158,2023-11-14,Cerro Verde,Guatemala,62
3159,2021-07-28,Amulapa,Nicaragua,74
3160,2021-11-11,Sunset Park,España,12
3161,2021-07-12,Cerro Verde,Costa Rica,46
3162,2022-07-20,Apulo,Mexico,23
3163,2021-08-22,Cerro Verde,Costa Rica,24
3164,2023-06-13,Amulapa,Canada,70
3165,2021-12-01,Amulapa,Costa Rica,64
3166,2024-09-01,Amulapa,Mexico,43
3167,2023-10-05,Amulapa,Estados Unidos,62
3168,2022-06-07,Puerta del Diablo,Guatemala,53
3169,2023-07-27,Amulapa,Honduras,55
3170,2021-09-01,Sunset Park,Nicaragua,31
3171,2022-11-26,Apulo,Mexico,11
3172,2022-03-01,Cerro Verde,Guatemala,56
3173,2021-08-17,Puerta del Diablo,Honduras,71
3174,2022-10-05,Balboa,Costa Rica,34
3175,2021-11-12,Cerro Verde,Honduras,30
3176,2021-05-20,Cerro Verde,España,7
3177,2021-02-08,Amulapa,Estados Unidos,47
3178,2022-05-27,Balboa,Costa Rica,40
3179,2021-01-16,Amulapa,Canada,32
3180,2023-06-03,Balboa,España,45
3181,2024-10-10,Puerta del Diablo,Guatemala,74
3182,2024-12-03,Amulapa,Estados Unidos,49
3183,2023-07-13,Amulapa,Mexico,6
3184,2021-09-09,Apulo,Honduras,31
3185,2023-04-29,Cerro Verde,Nicaragua,61
3186,2024-10-28,Sunset Park,Mexico,56
3187,2021-09-09,Cerro Verde,Guatemala,9
3188,2022-10-31,Apulo,Canada,56
3189,2024-05-11,Amulapa,Mexico,70
3190,2021-03-23,Balboa,Honduras,36
3191,2024-09-17,Puerta del Diablo,España,67
3192,2022-12-04,Cerro Verde,España,6
3193,2024-03-08,Balboa,Honduras,61
3194,2023-06-16,Apulo,Costa Rica,61
3195,2023-03-07,Sunset Park,Nicaragua,15
3196,2024-02-17,Sunset Park,Guatemala,73
3197,2021-02-15,Sunset Park,Honduras,54
3198,2024-09-23,Balboa,Estados Unidos,30
3199,2022-05-30,Cerro Verde,España,38
3200,2021-05-22,Balboa,Honduras,62
3201,2022-11-10,Apulo,Nicaragua,6
3202,2022-06-21,Apulo,Honduras,79
3203,2024-04-01,Cerro Verde,Canada,7
3204,2024-08-02,Sunset Park,Guatemala,19
3205,2023-09-07,Apulo,Honduras,20
3206,2021-05-02,Amulapa,Mexico,74
3207,2023-01-13,Sunset Park,España,73
3208,2023-06-26,Amulapa,Costa Rica,63
3209,2022-08-01,Puerta del Diablo,Estados Unidos,5
3210,2021-02-08,Sunset Park,Nicaragua,50
3211,2024-07-31,Balboa,España,70
3212,2024-04-30,Balboa,Costa Rica,6
3213,2021-08-19,Puerta del Diablo,Mexico,17
3214,2022-01-12,Amulapa,Guatemala,19
3215,2024-01-13,Amulapa,Mexico,76
3216,2022-08-09,Cerro Verde,Nicaragua,69
3217,2024-05-28,Puerta del Diablo,Guatemala,50
3218,2022-01-10,Balboa,Estados Unidos,55
3219,2022-05-08,Amulapa,Honduras,37
3220,2023-10-02,Balboa,Honduras,41
3221,2021-06-13,Balboa,Honduras,76
3222,2022-06-16,Amulapa,Canada,23
3223,2024-06-21,Cerro Verde,Honduras,38
3224,2021-05-01,Cerro Verde,Costa Rica,59
3225,2022-09-09,Sunset Park,Honduras,33
3226,2021-03-16,Apulo,España,63
3227,2021-11-20,Apulo,Canada,7
3228,2021-11-02,Balboa,Estados Unidos,48
3229,2023-04-04,Apulo,Honduras,49
3230,2023-11-07,Apulo,Guatemala,62
3231,2023-03-11,Amulapa,Canada,44
3232,2023-09-11,Puerta del Diablo,España,13
3233,2021-09-24,Cerro Verde,Honduras,76
3234,2024-06-12,Apulo,Honduras,47
3235,2024-03-23,Puerta del Diablo,Costa Rica,75
3236,2021-05-26,Sunset Park,España,17
3237,2022-06-26,Sunset Park,Nicaragua,36
3238,2021-12-29,Sunset Park,Canada,25
3239,2021-03-03,Sunset Park,Mexico,55
3240,2022-01-26,Amulapa,Canada,20
3241,2023-06-20,Apulo,Guatemala,52
3242,2023-04-18,Cerro Verde,España,52
3243,2021-05-22,Amulapa,Costa Rica,61
3244,2023-05-01,Balboa,Canada,73
3245,2021-04-13,Amulapa,Estados Unidos,27
3246,2023-11-02,Amulapa,Guatemala,59
3247,2022-01-18,Balboa,Canada,28
3248,2024-01-12,Balboa,Costa Rica,74
3249,2023-10-06,Puerta del Diablo,Estados Unidos,8
3250,2023-10-13,Puerta del Diablo,Canada,14
3251,2023-12-10,Sunset Park,Nicaragua,16
3252,2023-05-26,Puerta del Diablo,Honduras,46
3253,2023-04-27,Apulo,España,34
3254,2024-01-02,Amulapa,España,5
3255,2024-12-19,Amulapa,Mexico,23
3256,2022-06-04,Cerro Verde,Costa Rica,41
3257,2024-03-08,Cerro Verde,Canada,26
3258,2024-03-09,Puerta del Diablo,Guatemala,6
3259,2024-06-22,Sunset Park,Guatemala,70
3260,2022-09-18,Cerro Verde,Canada,43
3261,2022-10-19,Balboa,Guatemala,11
3262,2023-03-08,Amulapa,Costa Rica,22
3263,2022-02-11,Apulo,España,5
3264,2023-12-22,Puerta del Diablo,Mexico,69
3265,2022-10-02,Amulapa,Nicaragua,42
3266,2021-03-20,Amulapa,Nicaragua,71
3267,2021-05-20,Puerta del Diablo,España,22
3268,2022-07-14,Puerta del Diablo,Honduras,26
3269,2022-02-21,Apulo,Guatemala,12
3270,2024-11-21,Apulo,España,42
3271,2024-10-06,Puerta del Diablo,Nicaragua,78
3272,2022-04-28,Apulo,Nicaragua,7
3273,2024-04-04,Balboa,Estados Unidos,21
3274,2024-02-19,Amulapa,Canada,11
3275,2021-08-03,Cerro Verde,Guatemala,15
3276,2023-10-04,Sunset Park,España,52
3277,2022-12-18,Apulo,Nicaragua,23
3278,2021-04-24,Balboa,Guatemala,33
3279,2021-06-27,Balboa,Costa Rica,32
3280,2023-06-12,Puerta del Diablo,Estados Unidos,32
3281,2021-09-25,Sunset Park,Mexico,65
3282,2023-03-05,Cerro Verde,Honduras,40
3283,2021-12-17,Apulo,Canada,28
3284,2021-04-23,Apulo,Mexico,59
3285,2024-10-05,Puerta del Diablo,España,79
3286,2022-07-31,Balboa,España,35
3287,2022-05-30,Sunset Park,Canada,12
3288,2024-03-05,Cerro Verde,Nicaragua,52
3289,2023-06-10,Balboa,Nicaragua,22
3290,2023-02-05,Cerro Verde,Guatemala,44
3291,2024-01-19,Cerro Verde,Nicaragua,16
3292,2023-08-27,Sunset Park,Mexico,56
3293,2024-03-27,Amulapa,Canada,55
3294,2024-11-22,Amulapa,Estados Unidos,62
3295,2021-01-17,Balboa,Nicaragua,12
3296,2024-10-28,Sunset Park,España,23
3297,2022-12-12,Puerta del Diablo,Mexico,28
3298,2023-06-23,Puerta del Diablo,Honduras,34
3299,2024-06-25,Amulapa,Honduras,36
3300,2024-03-03,Puerta del Diablo,Costa Rica,15
3301,2023-07-03,Cerro Verde,Canada,6
3302,2024-06-08,Balboa,Estados Unidos,78
3303,2021-11-18,Apulo,Honduras,70
3304,2021-05-10,Apulo,Mexico,32
3305,2022-03-20,Puerta del Diablo,Estados Unidos,15
3306,2022-09-28,Puerta del Diablo,Mexico,31
3307,2022-01-22,Apulo,Nicaragua,76
3308,2021-08-09,Amulapa,Honduras,47
3309,2021-04-23,Puerta del Diablo,Honduras,11
3310,2024-07-10,Amulapa,Nicaragua,29
3311,2023-11-20,Puerta del Diablo,España,21
3312,2024-08-31,Amulapa,Nicaragua,62
3313,2022-04-10,Amulapa,España,51
3314,2022-03-22,Puerta del Diablo,Mexico,24
3315,2023-08-01,Amulapa,Mexico,70
3316,2023-09-04,Puerta del Diablo,Honduras,70
3317,2023-02-24,Cerro Verde,Estados Unidos,32
3318,2023-04-11,Puerta del Diablo,Estados Unidos,18
3319,2022-09-29,Apulo,España,19
3320,2023-07-27,Balboa,Costa Rica,62
3321,2021-06-25,Sunset Park,Costa Rica,72
3322,2022-07-28,Apulo,Honduras,23
3323,2024-01-28,Balboa,Nicaragua,51
3324,2021-04-25,Apulo,Nicaragua,39
3325,2023-01-13,Puerta del Diablo,España,10
3326,2022-11-26,Apulo,Canada,76
3327,2021-08-17,Puerta del Diablo,Estados Unidos,47
3328,2021-06-15,Sunset Park,Canada,28
3329,2021-11-21,Apulo,Mexico,34
3330,2023-11-29,Amulapa,Guatemala,47
3331,2022-02-17,Apulo,Nicaragua,20
3332,2022-05-27,Sunset Park,Mexico,25
3333,2023-04-26,Cerro Verde,Estados Unidos,75
3334,2022-10-31,Balboa,Canada,15
3335,2021-04-19,Sunset Park,Canada,38
3336,2023-05-21,Apulo,España,35
3337,2024-05-15,Puerta del Diablo,Canada,31
3338,2023-12-20,Balboa,Estados Unidos,75
3339,2022-05-05,Sunset Park,España,49
3340,2021-09-09,Apulo,España,16
3341,2021-07-13,Cerro Verde,Mexico,41
3342,2021-01-04,Balboa,Mexico,71
3343,2022-06-16,Balboa,Costa Rica,49
3344,2022-12-23,Amulapa,Costa Rica,60
3345,2024-06-11,Apulo,Mexico,54
3346,2024-05-06,Sunset Park,Canada,54
3347,2022-07-21,Balboa,Mexico,37
3348,2023-12-07,Amulapa,Costa Rica,60
3349,2022-08-21,Sunset Park,Estados Unidos,32
3350,2024-01-05,Apulo,Costa Rica,23
3351,2021-11-22,Balboa,Canada,72
3352,2023-06-29,Balboa,Estados Unidos,43
3353,2024-05-18,Balboa,Nicaragua,14
3354,2024-11-13,Puerta del Diablo,Honduras,10
3355,2023-03-11,Cerro Verde,Guatemala,58
3356,2022-01-13,Apulo,Canada,48
3357,2024-06-18,Apulo,Estados Unidos,63
3358,2022-11-13,Puerta del Diablo,Guatemala,23
3359,2023-07-25,Balboa,Costa Rica,38
3360,2022-02-08,Sunset Park,Estados Unidos,10
3361,2023-03-24,Amulapa,Estados Unidos,65
3362,2021-08-30,Puerta del Diablo,España,8
3363,2024-06-15,Balboa,Canada,58
3364,2024-03-07,Amulapa,Mexico,43
3365,2023-06-04,Puerta del Diablo,Honduras,16
3366,2022-05-05,Cerro Verde,Honduras,47
3367,2022-01-21,Puerta del Diablo,Estados Unidos,55
3368,2023-08-10,Puerta del Diablo,Mexico,69
3369,2022-10-18,Balboa,Canada,13
3370,2023-12-05,Balboa,Nicaragua,42
3371,2021-06-18,Apulo,Honduras,74
3372,2021-10-27,Cerro Verde,Canada,79
3373,2024-04-21,Cerro Verde,Nicaragua,42
3374,2021-08-01,Apulo,Costa Rica,47
3375,2021-10-08,Amulapa,Honduras,57
3376,2023-10-08,Apulo,Nicaragua,58
3377,2024-07-15,Apulo,Mexico,54
3378,2022-03-25,Balboa,Estados Unidos,34
3379,2023-04-27,Cerro Verde,Mexico,39
3380,2024-09-05,Puerta del Diablo,España,31
3381,2021-07-10,Balboa,Mexico,60
3382,2024-10-31,Puerta del Diablo,Estados Unidos,9
3383,2021-12-21,Sunset Park,Estados Unidos,79
3384,2023-06-21,Balboa,Guatemala,74
3385,2021-06-06,Sunset Park,Mexico,37
3386,2023-07-11,Puerta del Diablo,Nicaragua,74
3387,2021-12-29,Cerro Verde,Honduras,34
3388,2022-04-09,Balboa,Estados Unidos,57
3389,2022-02-17,Amulapa,Estados Unidos,5
3390,2024-05-12,Cerro Verde,Mexico,25
3391,2023-03-25,Sunset Park,Estados Unidos,22
3392,2021-07-11,Apulo,España,20
3393,2024-12-15,Cerro Verde,España,9
3394,2022-03-15,Balboa,Honduras,13
3395,2024-01-03,Apulo,Honduras,20
3396,2022-10-19,Amulapa,Mexico,37
3397,2022-12-13,Cerro Verde,Honduras,50
3398,2021-05-15,Balboa,Canada,10
3399,2022-08-08,Amulapa,Honduras,57
3400,2023-02-10,Apulo,Canada,66
3401,2022-03-14,Sunset Park,Nicaragua,67
3402,2024-04-30,Sunset Park,Honduras,8
3403,2023-02-16,Cerro Verde,Costa Rica,64
3404,2023-12-10,Puerta del Diablo,Mexico,6
3405,2021-03-12,Balboa,Estados Unidos,18
3406,2024-08-29,Cerro Verde,Mexico,30
3407,2023-10-29,Cerro Verde,España,33
3408,2024-10-30,Puerta del Diablo,Costa Rica,40
3409,2024-08-25,Cerro Verde,Costa Rica,56
3410,2021-03-16,Apulo,Honduras,12
3411,2024-12-13,Apulo,Mexico,54
3412,2024-02-11,Sunset Park,Guatemala,18
3413,2021-06-26,Puerta del Diablo,Estados Unidos,56
3414,2023-10-11,Amulapa,Honduras,17
3415,2024-03-21,Sunset Park,Nicaragua,66
3416,2021-03-19,Apulo,Honduras,72
3417,2023-03-19,Apulo,Guatemala,15
3418,2022-02-24,Amulapa,Mexico,16
3419,2021-06-11,Sunset Park,Honduras,69
3420,2021-11-26,Cerro Verde,Nicaragua,68
3421,2024-10-12,Sunset Park,Honduras,52
3422,2023-06-12,Balboa,España,13
3423,2021-03-08,Sunset Park,Costa Rica,41
3424,2023-04-28,Apulo,España,30
3425,2024-06-23,Apulo,Costa Rica,5
3426,2021-08-30,Apulo,Estados Unidos,72
3427,2023-05-22,Balboa,Honduras,18
3428,2021-11-18,Puerta del Diablo,Canada,79
3429,2022-09-10,Cerro Verde,Canada,50
3430,2021-11-06,Sunset Park,Nicaragua,36
3431,2023-02-04,Cerro Verde,Canada,43
3432,2024-05-05,Balboa,Canada,7
3433,2024-08-12,Sunset Park,Mexico,41
3434,2023-04-28,Puerta del Diablo,Mexico,28
3435,2024-02-08,Amulapa,Estados Unidos,21
3436,2022-10-12,Apulo,Mexico,37
3437,2023-09-05,Apulo,Honduras,79
3438,2021-01-14,Amulapa,Mexico,70
3439,2024-02-23,Balboa,Mexico,35
3440,2021-02-20,Sunset Park,Nicaragua,8
3441,2023-06-16,Balboa,Mexico,11
3442,2024-02-20,Apulo,Honduras,79
3443,2022-04-27,Puerta del Diablo,Costa Rica,66
3444,2022-06-18,Sunset Park,Canada,32
3445,2022-07-02,Cerro Verde,España,52
3446,2021-08-26,Puerta del Diablo,Nicaragua,11
3447,2024-12-09,Puerta del Diablo,Guatemala,69
3448,2022-04-22,Balboa,Mexico,77
3449,2024-09-21,Balboa,Mexico,63
3450,2024-03-05,Cerro Verde,Nicaragua,63
3451,2021-03-03,Sunset Park,Honduras,19
3452,2023-01-05,Apulo,Guatemala,71
3453,2023-06-25,Apulo,Costa Rica,45
3454,2024-02-13,Balboa,Guatemala,40
3455,2021-07-27,Apulo,Costa Rica,20
3456,2021-02-04,Puerta del Diablo,Mexico,70
3457,2023-09-09,Puerta del Diablo,Nicaragua,66
3458,2022-04-14,Sunset Park,Canada,51
3459,2023-03-05,Sunset Park,Mexico,36
3460,2023-10-05,Puerta del Diablo,Costa Rica,29
3461,2022-08-09,Sunset Park,Canada,61
3462,2023-04-20,Apulo,Estados Unidos,27
3463,2021-11-16,Cerro Verde,Mexico,74
3464,2023-02-05,Puerta del Diablo,Estados Unidos,20
3465,2024-05-24,Balboa,Estados Unidos,35
3466,2024-02-03,Amulapa,Nicaragua,49
3467,2023-05-26,Sunset Park,Canada,46
3468,2021-09-26,Puerta del Diablo,Estados Unidos,36
3469,2024-06-04,Cerro Verde,Guatemala,41
3470,2022-11-21,Balboa,Guatemala,50
3471,2021-11-19,Amulapa,Canada,47
3472,2024-12-10,Amulapa,España,73
3473,2022-05-30,Apulo,Honduras,33
3474,2024-10-07,Apulo,Costa Rica,61
3475,2024-01-24,Amulapa,España,31
3476,2022-07-04,Amulapa,Nicaragua,23
3477,2021-07-14,Apulo,España,70
3478,2022-05-09,Apulo,España,22
3479,2024-08-11,Balboa,Costa Rica,47
3480,2024-04-23,Cerro Verde,Estados Unidos,71
3481,2022-07-21,Sunset Park,Mexico,34
3482,2023-07-12,Amulapa,Nicaragua,60
3483,2022-06-12,Cerro Verde,Estados Unidos,75
3484,2022-01-23,Balboa,Estados Unidos,6
3485,2024-06-08,Balboa,Guatemala,27
3486,2021-10-29,Apulo,Nicaragua,38
3487,2024-12-20,Apulo,Canada,37
3488,2023-03-28,Sunset Park,Estados Unidos,59
3489,2024-12-22,Cerro Verde,Honduras,59
3490,2021-03-13,Sunset Park,Costa Rica,79
3491,2024-08-18,Sunset Park,Nicaragua,48
3492,2023-05-08,Puerta del Diablo,Nicaragua,43
3493,2021-09-09,Puerta del Diablo,Canada,23
3494,2023-01-31,Amulapa,Estados Unidos,7
3495,2021-07-23,Puerta del Diablo,Nicaragua,22
3496,2023-08-25,Amulapa,Guatemala,73
3497,2023-10-23,Cerro Verde,Guatemala,53
3498,2024-09-22,Apulo,Mexico,27
3499,2024-04-29,Cerro Verde,Guatemala,24
3500,2024-06-29,Puerta del Diablo,Mexico,18
3501,2021-06-26,Balboa,Mexico,43
3502,2022-12-29,Apulo,Estados Unidos,34
3503,2022-12-25,Cerro Verde,Mexico,68
3504,2021-05-22,Puerta del Diablo,España,66
3505,2023-09-13,Puerta del Diablo,Costa Rica,27
3506,2023-11-15,Balboa,Estados Unidos,20
3507,2022-02-04,Amulapa,Mexico,65
3508,2021-10-22,Apulo,Honduras,69
3509,2023-09-17,Puerta del Diablo,Mexico,35
3510,2021-01-30,Amulapa,Canada,73
3511,2023-01-09,Balboa,Nicaragua,53
3512,2021-10-04,Balboa,Estados Unidos,47
3513,2021-03-13,Apulo,Guatemala,79
3514,2022-11-14,Puerta del Diablo,Honduras,64
3515,2021-08-09,Puerta del Diablo,Costa Rica,50
3516,2024-05-31,Apulo,Costa Rica,19
3517,2021-07-08,Apulo,Honduras,53
3518,2024-06-10,Amulapa,Guatemala,57
3519,2024-11-27,Sunset Park,Mexico,9
3520,2022-06-16,Amulapa,Mexico,11
3521,2024-12-25,Balboa,Estados Unidos,25
3522,2021-10-07,Amulapa,Guatemala,48
3523,2022-07-30,Apulo,España,69
3524,2023-10-14,Apulo,Honduras,66
3525,2024-10-15,Apulo,Costa Rica,51
3526,2021-03-06,Balboa,Estados Unidos,33
3527,2024-09-12,Apulo,Mexico,67
3528,2024-07-28,Balboa,Costa Rica,28
3529,2023-05-08,Amulapa,Guatemala,52
3530,2023-05-24,Balboa,Estados Unidos,9
3531,2023-04-23,Cerro Verde,Mexico,26
3532,2023-07-18,Sunset Park,Costa Rica,5
3533,2024-06-10,Sunset Park,Nicaragua,32
3534,2024-01-02,Sunset Park,España,74
3535,2023-07-29,Apulo,España,5
3536,2024-11-07,Sunset Park,Canada,41
3537,2022-05-01,Cerro Verde,Estados Unidos,42
3538,2022-04-28,Balboa,Mexico,13
3539,2023-03-11,Amulapa,Mexico,38
3540,2024-10-16,Apulo,Canada,47
3541,2024-11-12,Apulo,Costa Rica,64
3542,2022-05-10,Cerro Verde,Honduras,57
3543,2024-09-06,Balboa,Nicaragua,52
3544,2022-05-24,Sunset Park,España,37
3545,2022-12-20,Balboa,Estados Unidos,49
3546,2022-02-18,Balboa,Guatemala,30
3547,2023-06-01,Puerta del Diablo,Estados Unidos,13
3548,2022-04-28,Sunset Park,Honduras,64
3549,2023-05-08,Apulo,España,10
3550,2023-10-23,Cerro Verde,Guatemala,43
3551,2023-03-27,Balboa,Honduras,23
3552,2024-07-09,Puerta del Diablo,España,48
3553,2022-08-02,Apulo,Guatemala,32
3554,2022-08-05,Cerro Verde,Guatemala,7
3555,2023-03-13,Amulapa,Canada,18
3556,2023-06-06,Amulapa,España,19
3557,2024-08-09,Sunset Park,Canada,31
3558,2021-07-01,Apulo,Canada,34
3559,2021-12-08,Sunset Park,Honduras,13
3560,2023-03-01,Sunset Park,Honduras,75
3561,2024-10-23,Puerta del Diablo,Canada,49
3562,2022-05-24,Balboa,Estados Unidos,64
3563,2024-11-10,Sunset Park,Honduras,66
3564,2023-04-16,Puerta del Diablo,Canada,69
3565,2022-06-30,Puerta del Diablo,Canada,21
3566,2023-05-13,Cerro Verde,Mexico,53
3567,2024-06-10,Puerta del Diablo,Nicaragua,5
3568,2023-03-31,Apulo,España,72
3569,2023-10-14,Sunset Park,Honduras,34
3570,2021-05-14,Amulapa,España,46
3571,2021-11-11,Puerta del Diablo,Canada,14
3572,2023-11-30,Sunset Park,Costa Rica,39
3573,2022-06-12,Sunset Park,Estados Unidos,26
3574,2022-08-01,Balboa,Guatemala,23
3575,2024-09-23,Apulo,Honduras,35
3576,2021-06-07,Puerta del Diablo,Honduras,6
3577,2021-03-09,Amulapa,Nicaragua,65
3578,2022-05-31,Sunset Park,Canada,41
3579,2021-11-16,Apulo,España,57
3580,2021-04-10,Amulapa,Guatemala,37
3581,2023-11-15,Balboa,Costa Rica,29
3582,2022-10-08,Amulapa,Guatemala,20
3583,2022-08-04,Cerro Verde,Nicaragua,30
3584,2024-01-05,Balboa,Guatemala,64
3585,2021-06-20,Puerta del Diablo,Mexico,25
3586,2023-09-14,Puerta del Diablo,Estados Unidos,18
3587,2024-12-29,Sunset Park,Canada,45
3588,2023-06-30,Apulo,Costa Rica,60
3589,2022-04-07,Balboa,Mexico,54
3590,2024-04-21,Apulo,Mexico,42
3591,2024-11-11,Sunset Park,Honduras,34
3592,2024-03-07,Cerro Verde,Canada,60
3593,2021-01-24,Puerta del Diablo,Honduras,12
3594,2022-01-10,Apulo,Honduras,14
3595,2021-09-06,Puerta del Diablo,España,30
3596,2023-12-26,Sunset Park,Mexico,50
3597,2022-05-13,Amulapa,Costa Rica,8
3598,2022-03-01,Cerro Verde,Canada,8
3599,2022-11-24,Balboa,Guatemala,66
3600,2021-07-16,Apulo,Mexico,51
3601,2023-12-10,Puerta del Diablo,Canada,24
3602,2024-05-08,Cerro Verde,Canada,49
3603,2021-05-16,Puerta del Diablo,Estados Unidos,56
3604,2022-01-31,Puerta del Diablo,España,67
3605,2023-01-01,Sunset Park,España,42
3606,2023-03-08,Cerro Verde,Honduras,61
3607,2022-04-24,Sunset Park,España,70
3608,2022-09-30,Sunset Park,Nicaragua,21
3609,2024-01-03,Apulo,España,40
3610,2023-09-18,Amulapa,Estados Unidos,28
3611,2021-06-03,Amulapa,Estados Unidos,8
3612,2024-11-18,Balboa,Honduras,63
3613,2023-05-29,Balboa,Nicaragua,32
3614,2022-11-28,Sunset Park,Honduras,31
3615,2023-03-04,Sunset Park,Honduras,13
3616,2023-12-09,Puerta del Diablo,Costa Rica,8
3617,2023-01-31,Puerta del Diablo,España,14
3618,2022-08-09,Cerro Verde,Nicaragua,19
3619,2022-04-29,Apulo,Nicaragua,61
3620,2022-02-03,Sunset Park,Mexico,7
3621,2021-02-11,Puerta del Diablo,Estados Unidos,44
3622,2024-06-23,Amulapa,Mexico,75
3623,2021-10-04,Balboa,Honduras,39
3624,2021-01-27,Sunset Park,Costa Rica,46
3625,2024-01-09,Apulo,Costa Rica,76
3626,2023-12-23,Apulo,Guatemala,40
3627,2021-06-28,Sunset Park,Mexico,79
3628,2022-11-03,Amulapa,Nicaragua,42
3629,2022-06-08,Puerta del Diablo,Guatemala,34
3630,2022-02-12,Balboa,Costa Rica,68
3631,2021-06-20,Puerta del Diablo,Guatemala,31
3632,2021-03-16,Sunset Park,Mexico,10
3633,2023-09-17,Puerta del Diablo,Honduras,27
3634,2024-10-15,Cerro Verde,Canada,31
3635,2021-10-10,Cerro Verde,Guatemala,29
3636,2024-10-26,Puerta del Diablo,Estados Unidos,26
3637,2023-09-10,Cerro Verde,Mexico,26
3638,2022-05-20,Puerta del Diablo,Nicaragua,50
3639,2021-11-08,Cerro Verde,Estados Unidos,67
3640,2023-10-23,Apulo,Nicaragua,53
3641,2021-11-21,Balboa,Honduras,63
3642,2021-12-27,Cerro Verde,Nicaragua,55
3643,2021-12-26,Balboa,Canada,31
3644,2021-11-17,Apulo,Costa Rica,16
3645,2023-06-19,Balboa,Costa Rica,74
3646,2023-08-24,Amulapa,Nicaragua,53
3647,2022-03-25,Puerta del Diablo,Honduras,65
3648,2022-03-30,Apulo,Guatemala,51
3649,2022-11-03,Apulo,Honduras,10
3650,2021-02-12,Sunset Park,Guatemala,38
3651,2024-06-16,Amulapa,Estados Unidos,21
3652,2023-09-01,Puerta del Diablo,Honduras,22
3653,2022-08-04,Amulapa,Mexico,79
3654,2023-07-31,Puerta del Diablo,Estados Unidos,45
3655,2022-01-20,Cerro Verde,Nicaragua,5
3656,2024-01-24,Balboa,Estados Unidos,29
3657,2024-11-08,Balboa,Mexico,51
3658,2022-09-29,Amulapa,Nicaragua,56
3659,2021-10-19,Cerro Verde,Guatemala,19
3660,2023-10-17,Balboa,Honduras,39
3661,2021-03-05,Cerro Verde,Estados Unidos,26
3662,2021-08-13,Apulo,Mexico,52
3663,2021-11-26,Apulo,Mexico,68
3664,2024-03-24,Cerro Verde,Mexico,49
3665,2024-02-27,Sunset Park,Honduras,70
3666,2021-01-29,Puerta del Diablo,Estados Unidos,55
3667,2022-08-17,Apulo,Costa Rica,52
3668,2022-03-30,Amulapa,Canada,49
3669,2024-08-04,Puerta del Diablo,Nicaragua,67
3670,2022-10-04,Sunset Park,Nicaragua,73
3671,2022-02-12,Apulo,Mexico,39
3672,2024-03-13,Puerta del Diablo,España,5
3673,2022-07-18,Amulapa,Nicaragua,21
3674,2024-07-29,Cerro Verde,Canada,26
3675,2022-05-28,Cerro Verde,Estados Unidos,6
3676,2022-10-26,Amulapa,Nicaragua,59
3677,2022-06-24,Apulo,Honduras,69
3678,2021-02-02,Balboa,Honduras,33
3679,2021-08-18,Sunset Park,Honduras,51
3680,2022-03-10,Sunset Park,Nicaragua,61
3681,2024-03-08,Apulo,Costa Rica,55
3682,2022-07-28,Amulapa,Costa Rica,38
3683,2021-09-13,Balboa,Canada,48
3684,2021-04-10,Sunset Park,Estados Unidos,75
3685,2021-12-01,Amulapa,Honduras,22
3686,2023-03-26,Amulapa,Mexico,79
3687,2022-10-08,Balboa,Costa Rica,27
3688,2021-01-10,Balboa,Canada,48
3689,2024-09-15,Amulapa,Canada,22
3690,2021-02-18,Apulo,Mexico,6
3691,2023-06-23,Puerta del Diablo,Canada,49
3692,2022-02-17,Amulapa,Mexico,6
3693,2021-04-25,Sunset Park,Costa Rica,72
3694,2022-11-09,Balboa,Nicaragua,26
3695,2021-11-07,Cerro Verde,Mexico,67
3696,2024-01-06,Sunset Park,Nicaragua,77
3697,2023-03-31,Apulo,Honduras,7
3698,2023-10-04,Sunset Park,Estados Unidos,8
3699,2022-08-19,Apulo,Guatemala,39
3700,2021-05-26,Sunset Park,Honduras,46
3701,2024-05-02,Cerro Verde,Guatemala,14
3702,2021-03-22,Puerta del Diablo,Nicaragua,64
3703,2024-09-05,Amulapa,Honduras,15
3704,2022-05-02,Apulo,Costa Rica,40
3705,2021-07-26,Sunset Park,Guatemala,22
3706,2024-02-27,Apulo,Canada,22
3707,2022-09-05,Amulapa,Mexico,32
3708,2023-08-17,Cerro Verde,Nicaragua,13
3709,2023-08-30,Balboa,Costa Rica,35
3710,2024-11-17,Sunset Park,Mexico,54
3711,2024-03-13,Balboa,Mexico,70
3712,2022-07-07,Apulo,España,15
3713,2022-02-02,Puerta del Diablo,España,27
3714,2024-10-06,Puerta del Diablo,Canada,8
3715,2022-07-15,Puerta del Diablo,Guatemala,20
3716,2021-11-08,Apulo,España,16
3717,2023-04-06,Sunset Park,España,48
3718,2024-06-23,Cerro Verde,Costa Rica,47
3719,2024-10-28,Puerta del Diablo,Honduras,44
3720,2023-02-13,Sunset Park,Estados Unidos,50
3721,2021-04-22,Cerro Verde,Guatemala,45
3722,2022-01-22,Amulapa,Guatemala,54
3723,2024-09-21,Cerro Verde,España,11
3724,2023-05-08,Amulapa,Costa Rica,47
3725,2023-03-17,Balboa,Nicaragua,70
3726,2023-03-04,Cerro Verde,Costa Rica,22
3727,2024-02-13,Sunset Park,Estados Unidos,18
3728,2023-01-21,Cerro Verde,Guatemala,8
3729,2023-10-09,Apulo,España,22
3730,2022-09-01,Balboa,Costa Rica,60
3731,2021-02-06,Cerro Verde,Guatemala,38
3732,2022-10-09,Amulapa,Guatemala,16
3733,2023-01-10,Amulapa,Nicaragua,30
3734,2021-02-27,Cerro Verde,Canada,70
3735,2024-03-17,Amulapa,Guatemala,7
3736,2021-02-04,Puerta del Diablo,Nicaragua,41
3737,2024-05-18,Balboa,Costa Rica,59
3738,2021-10-02,Cerro Verde,Guatemala,23
3739,2022-07-18,Puerta del Diablo,Costa Rica,40
3740,2021-07-04,Balboa,Nicaragua,60
3741,2024-08-24,Apulo,Nicaragua,54
3742,2023-07-11,Cerro Verde,España,70
3743,2024-10-04,Puerta del Diablo,Canada,18
3744,2021-01-07,Sunset Park,España,54
3745,2021-05-27,Amulapa,Guatemala,55
3746,2024-03-03,Apulo,Estados Unidos,69
3747,2024-09-16,Cerro Verde,Guatemala,7
3748,2022-11-13,Balboa,Estados Unidos,55
3749,2022-01-27,Amulapa,Nicaragua,20
3750,2022-05-03,Balboa,Nicaragua,37
3751,2022-09-08,Amulapa,Mexico,48
3752,2021-12-26,Puerta del Diablo,Honduras,65
3753,2022-04-09,Balboa,Nicaragua,54
3754,2023-09-01,Cerro Verde,Canada,46
3755,2021-06-07,Puerta del Diablo,Guatemala,38
3756,2021-08-15,Amulapa,Nicaragua,60
3757,2022-11-11,Sunset Park,Estados Unidos,51
3758,2023-06-17,Puerta del Diablo,Mexico,23
3759,2023-09-25,Cerro Verde,Mexico,70
3760,2022-01-15,Cerro Verde,Costa Rica,41
3761,2022-08-03,Balboa,Honduras,18
3762,2024-12-05,Amulapa,Honduras,13
3763,2024-02-05,Apulo,Guatemala,23
3764,2022-02-02,Puerta del Diablo,España,47
3765,2021-11-02,Puerta del Diablo,Mexico,43
3766,2021-09-18,Apulo,Mexico,58
3767,2022-04-12,Amulapa,Honduras,54
3768,2024-07-24,Apulo,Canada,48
3769,2022-09-09,Balboa,Honduras,50
3770,2023-09-22,Cerro Verde,Guatemala,50
3771,2024-02-27,Sunset Park,Estados Unidos,42
3772,2023-06-02,Sunset Park,Canada,29
3773,2023-09-28,Sunset Park,Canada,47
3774,2021-03-04,Amulapa,Guatemala,11
3775,2021-09-24,Amulapa,Estados Unidos,36
3776,2022-12-22,Amulapa,Mexico,60
3777,2024-02-01,Cerro Verde,Costa Rica,40
3778,2022-06-27,Apulo,Honduras,15
3779,2023-06-19,Cerro Verde,Estados Unidos,37
3780,2024-02-14,Apulo,Mexico,54
3781,2021-08-06,Amulapa,Honduras,20
3782,2022-02-14,Amulapa,Canada,71
3783,2023-11-02,Sunset Park,Estados Unidos,46
3784,2024-06-19,Puerta del Diablo,Nicaragua,14
3785,2022-12-31,Amulapa,Honduras,11
3786,2023-12-29,Puerta del Diablo,Costa Rica,62
3787,2021-11-02,Puerta del Diablo,Estados Unidos,51
3788,2023-09-20,Puerta del Diablo,Mexico,64
3789,2021-07-28,Puerta del Diablo,Honduras,24
3790,2022-03-14,Cerro Verde,Estados Unidos,9
3791,2021-05-17,Balboa,Costa Rica,66
3792,2022-08-15,Apulo,Honduras,78
3793,2022-07-10,Sunset Park,Nicaragua,73
3794,2023-11-04,Puerta del Diablo,Honduras,42
3795,2022-12-16,Amulapa,Canada,8
3796,2023-12-13,Amulapa,Canada,60
3797,2024-10-16,Sunset Park,España,21
3798,2021-09-13,Amulapa,Guatemala,46
3799,2024-02-17,Amulapa,Costa Rica,64
3800,2024-11-28,Puerta del Diablo,Honduras,30
3801,2021-09-03,Amulapa,Nicaragua,50
3802,2023-10-04,Apulo,Mexico,34
3803,2022-10-02,Amulapa,Guatemala,9
3804,2024-10-18,Balboa,Estados Unidos,77
3805,2022-02-06,Puerta del Diablo,España,20
3806,2023-05-30,Apulo,Estados Unidos,66
3807,2021-03-19,Balboa,Nicaragua,44
3808,2023-01-12,Apulo,España,26
3809,2023-05-07,Apulo,Nicaragua,17
3810,2021-11-30,Sunset Park,España,6
3811,2021-07-17,Puerta del Diablo,España,66
3812,2022-12-30,Cerro Verde,Costa Rica,57
3813,2021-10-23,Cerro Verde,Guatemala,17
3814,2021-06-07,Amulapa,Estados Unidos,64
3815,2023-03-02,Puerta del Diablo,Mexico,53
3816,2022-07-01,Apulo,Canada,43
3817,2023-07-29,Puerta del Diablo,Mexico,46
3818,2022-02-12,Puerta del Diablo,Guatemala,57
3819,2023-07-18,Balboa,Estados Unidos,7
3820,2024-01-02,Amulapa,Nicaragua,22
3821,2022-09-26,Amulapa,Honduras,41
3822,2023-05-06,Balboa,Estados Unidos,40
3823,2021-12-31,Puerta del Diablo,España,52
3824,2022-05-02,Sunset Park,España,35
3825,2023-05-11,Sunset Park,Nicaragua,78
3826,2023-10-17,Balboa,Costa Rica,5
3827,2021-04-19,Amulapa,Costa Rica,61
3828,2022-09-14,Amulapa,Canada,77
3829,2022-01-15,Apulo,España,63
3830,2024-03-10,Balboa,Nicaragua,41
3831,2024-02-08,Amulapa,Estados Unidos,18
3832,2023-05-20,Sunset Park,Costa Rica,6
3833,2023-05-29,Cerro Verde,Costa Rica,7
3834,2024-06-01,Sunset Park,Estados Unidos,54
3835,2023-09-18,Amulapa,Guatemala,31
3836,2023-11-22,Puerta del Diablo,Mexico,10
3837,2021-01-26,Amulapa,Guatemala,41
3838,2023-12-11,Puerta del Diablo,Honduras,17
3839,2023-03-15,Apulo,Guatemala,20
3840,2023-12-19,Cerro Verde,Mexico,57
3841,2024-11-02,Puerta del Diablo,Honduras,5
3842,2022-09-08,Sunset Park,Estados Unidos,47
3843,2021-05-21,Cerro Verde,Mexico,32
3844,2022-10-18,Amulapa,Mexico,79
3845,2024-08-19,Puerta del Diablo,Estados Unidos,27
3846,2022-07-19,Cerro Verde,Honduras,51
3847,2024-09-21,Balboa,Honduras,27
3848,2023-12-24,Amulapa,Costa Rica,58
3849,2023-07-11,Cerro Verde,Canada,60
3850,2022-11-02,Cerro Verde,Estados Unidos,21
3851,2024-02-05,Sunset Park,Mexico,62
3852,2021-01-22,Sunset Park,Estados Unidos,67
3853,2024-10-18,Amulapa,Nicaragua,19
3854,2021-12-18,Puerta del Diablo,Costa Rica,78
3855,2021-06-21,Balboa,Honduras,68
3856,2024-10-07,Amulapa,Guatemala,27
3857,2024-01-11,Balboa,Guatemala,47
3858,2024-06-05,Cerro Verde,Canada,13
3859,2023-01-14,Cerro Verde,Canada,48
3860,2024-05-01,Balboa,Estados Unidos,64
3861,2021-05-17,Puerta del Diablo,España,31
3862,2024-06-03,Cerro Verde,Mexico,66
3863,2024-05-13,Apulo,Mexico,48
3864,2022-03-10,Sunset Park,Canada,50
3865,2021-06-26,Sunset Park,Nicaragua,78
3866,2023-06-23,Balboa,Nicaragua,18
3867,2022-08-14,Sunset Park,España,17
3868,2022-08-11,Puerta del Diablo,Mexico,25
3869,2024-12-24,Sunset Park,España,48
3870,2024-04-26,Puerta del Diablo,Canada,7
3871,2024-03-16,Balboa,España,10
3872,2024-10-23,Puerta del Diablo,Canada,8
3873,2023-06-09,Balboa,Nicaragua,76
3874,2021-09-28,Puerta del Diablo,Mexico,20
3875,2022-04-18,Apulo,Canada,68
3876,2021-12-04,Balboa,Guatemala,79
3877,2023-01-19,Balboa,Honduras,20
3878,2022-03-23,Amulapa,Mexico,23
3879,2023-03-23,Cerro Verde,Guatemala,52
3880,2024-02-17,Puerta del Diablo,Mexico,7
3881,2021-06-16,Balboa,Canada,17
3882,2022-12-09,Puerta del Diablo,Estados Unidos,45
3883,2024-02-04,Balboa,España,11
3884,2021-10-01,Amulapa,Costa Rica,62
3885,2024-08-26,Puerta del Diablo,Estados Unidos,9
3886,2022-05-24,Balboa,España,11
3887,2023-08-02,Apulo,Guatemala,46
3888,2021-11-25,Amulapa,Costa Rica,53
3889,2024-08-01,Cerro Verde,Honduras,32
3890,2023-11-20,Cerro Verde,Estados Unidos,19
3891,2021-12-02,Sunset Park,España,69
3892,2023-11-15,Apulo,Mexico,23
3893,2021-12-17,Puerta del Diablo,Estados Unidos,49
3894,2022-04-19,Apulo,Costa Rica,13
3895,2024-12-05,Puerta del Diablo,Nicaragua,76
3896,2021-10-13,Balboa,Nicaragua,74
3897,2024-08-04,Cerro Verde,Estados Unidos,14
3898,2021-08-16,Sunset Park,Mexico,41
3899,2023-07-26,Apulo,Mexico,67
3900,2021-12-18,Cerro Verde,Costa Rica,55
3901,2024-03-08,Amulapa,Canada,12
3902,2022-09-08,Apulo,Honduras,10
3903,2024-04-10,Cerro Verde,Canada,59
3904,2024-05-29,Cerro Verde,Nicaragua,67
3905,2024-03-31,Cerro Verde,España,24
3906,2024-05-15,Apulo,Honduras,36
3907,2022-06-30,Puerta del Diablo,Mexico,63
3908,2021-01-28,Sunset Park,España,7
3909,2022-12-01,Amulapa,Mexico,41
3910,2023-01-29,Cerro Verde,Guatemala,52
3911,2022-07-20,Apulo,Costa Rica,51
3912,2023-09-09,Puerta del Diablo,España,20
3913,2021-05-16,Cerro Verde,Guatemala,49
3914,2023-11-19,Puerta del Diablo,Estados Unidos,15
3915,2023-10-14,Puerta del Diablo,Costa Rica,76
3916,2024-07-22,Balboa,Canada,22
3917,2023-10-05,Balboa,Honduras,62
3918,2023-11-22,Amulapa,Guatemala,58
3919,2024-11-09,Amulapa,Nicaragua,67
3920,2023-04-06,Sunset Park,Nicaragua,15
3921,2024-11-01,Apulo,Canada,35
3922,2023-07-11,Puerta del Diablo,Honduras,38
3923,2023-05-08,Puerta del Diablo,España,50
3924,2023-01-26,Apulo,Nicaragua,61
3925,2024-03-16,Amulapa,España,47
3926,2021-07-15,Cerro Verde,Guatemala,55
3927,2022-03-18,Apulo,Estados Unidos,32
3928,2024-02-06,Amulapa,Canada,36
3929,2021-01-27,Amulapa,Canada,41
3930,2023-11-27,Sunset Park,Canada,25
3931,2021-03-19,Sunset Park,Guatemala,43
3932,2021-01-08,Sunset Park,Guatemala,30
3933,2021-09-14,Apulo,Mexico,11
3934,2022-03-31,Apulo,Guatemala,28
3935,2022-04-13,Balboa,Nicaragua,48
3936,2024-05-22,Cerro Verde,Estados Unidos,67
3937,2024-07-07,Balboa,Guatemala,38
3938,2023-07-17,Sunset Park,Nicaragua,60
3939,2024-10-17,Apulo,Nicaragua,34
3940,2022-12-24,Sunset Park,España,24
3941,2023-09-28,Apulo,Estados Unidos,58
3942,2022-06-19,Balboa,Honduras,27
3943,2022-01-11,Cerro Verde,Canada,29
3944,2021-07-26,Cerro Verde,Honduras,23
3945,2021-05-08,Cerro Verde,Honduras,31
3946,2021-05-01,Balboa,Canada,65
3947,2023-09-16,Balboa,Honduras,17
3948,2021-10-29,Apulo,Honduras,44
3949,2023-11-03,Sunset Park,Estados Unidos,26
3950,2022-07-05,Balboa,Nicaragua,11
3951,2021-12-16,Sunset Park,Mexico,53
3952,2022-12-14,Sunset Park,Estados Unidos,20
3953,2022-10-04,Sunset Park,Costa Rica,57
3954,2022-08-09,Amulapa,Nicaragua,76
3955,2021-09-24,Sunset Park,Honduras,19
3956,2024-09-19,Puerta del Diablo,Mexico,26
3957,2021-07-18,Puerta del Diablo,Nicaragua,60
3958,2023-07-09,Puerta del Diablo,Estados Unidos,39
3959,2023-01-29,Sunset Park,Honduras,29
3960,2023-10-29,Cerro Verde,Mexico,14
3961,2024-02-03,Amulapa,España,26
3962,2021-08-05,Puerta del Diablo,Costa Rica,48
3963,2023-08-04,Amulapa,Nicaragua,47
3964,2023-08-23,Cerro Verde,Costa Rica,40
3965,2024-07-03,Puerta del Diablo,Costa Rica,67
3966,2022-06-21,Puerta del Diablo,Honduras,56
3967,2022-05-12,Sunset Park,Canada,41
3968,2022-05-31,Amulapa,Estados Unidos,36
3969,2021-03-08,Puerta del Diablo,Costa Rica,34
3970,2022-06-03,Apulo,Canada,66
3971,2021-10-27,Cerro Verde,España,54
3972,2021-07-29,Cerro Verde,Costa Rica,57
3973,2021-01-17,Amulapa,Nicaragua,46
3974,2021-05-16,Apulo,Mexico,34
3975,2023-08-11,Amulapa,Nicaragua,13
3976,2021-12-01,Sunset Park,Mexico,6
3977,2023-07-17,Apulo,Honduras,10
3978,2024-12-20,Cerro Verde,Guatemala,79
3979,2021-09-03,Apulo,España,68
3980,2023-11-30,Puerta del Diablo,Guatemala,12
3981,2022-12-13,Balboa,Costa Rica,43
3982,2024-05-28,Puerta del Diablo,España,59
3983,2022-10-23,Amulapa,Nicaragua,61
3984,2021-11-20,Sunset Park,Estados Unidos,13
3985,2021-09-18,Sunset Park,Canada,16
3986,2024-01-13,Apulo,Honduras,54
3987,2022-01-19,Puerta del Diablo,Honduras,9
3988,2022-05-10,Apulo,España,8
3989,2023-10-31,Balboa,Nicaragua,16
3990,2023-11-20,Puerta del Diablo,Costa Rica,43
3991,2022-07-28,Puerta del Diablo,Honduras,23
3992,2024-07-05,Sunset Park,España,63
3993,2022-03-13,Balboa,Nicaragua,61
3994,2023-10-22,Balboa,Nicaragua,66
3995,2024-11-26,Sunset Park,Estados Unidos,63
3996,2022-09-21,Amulapa,Guatemala,51
3997,2023-08-06,Puerta del Diablo,Guatemala,71
3998,2023-02-12,Balboa,Canada,51
3999,2024-02-20,Cerro Verde,Costa Rica,27
4000,2024-02-22,Balboa,Honduras,17
4001,2024-06-07,Sunset Park,Guatemala,13
4002,2022-12-22,Balboa,Mexico,50
4003,2023-10-30,Balboa,España,43
4004,2021-11-23,Sunset Park,Estados Unidos,58
4005,2023-02-23,Sunset Park,Costa Rica,65
4006,2022-03-07,Amulapa,Honduras,45
4007,2023-11-03,Cerro Verde,Estados Unidos,78
4008,2023-06-08,Puerta del Diablo,Canada,13
4009,2022-09-21,Cerro Verde,Guatemala,51
4010,2024-08-15,Cerro Verde,Mexico,62
4011,2023-02-10,Puerta del Diablo,Honduras,30
4012,2021-06-10,Puerta del Diablo,España,67
4013,2024-12-06,Sunset Park,Canada,42
4014,2021-08-07,Apulo,Estados Unidos,6
4015,2022-10-10,Balboa,Nicaragua,8
4016,2024-03-04,Cerro Verde,Estados Unidos,66
4017,2021-01-30,Sunset Park,Guatemala,58
4018,2021-10-02,Balboa,Canada,36
4019,2022-06-10,Apulo,Nicaragua,10
4020,2024-09-21,Apulo,Estados Unidos,60
4021,2022-02-12,Apulo,Canada,51
4022,2023-10-21,Puerta del Diablo,Costa Rica,78
4023,2024-11-27,Sunset Park,Canada,26
4024,2021-04-30,Balboa,Canada,27
4025,2022-10-14,Puerta del Diablo,Costa Rica,11
4026,2022-07-12,Amulapa,Honduras,21
4027,2022-01-08,Amulapa,Guatemala,62
4028,2022-07-23,Amulapa,Mexico,63
4029,2023-08-04,Cerro Verde,Mexico,20
4030,2024-12-17,Amulapa,Canada,36
4031,2021-01-19,Amulapa,Honduras,43
4032,2021-05-21,Cerro Verde,Nicaragua,62
4033,2023-09-11,Apulo,Honduras,49
4034,2023-03-15,Puerta del Diablo,Honduras,34
4035,2021-01-24,Puerta del Diablo,España,73
4036,2023-05-09,Cerro Verde,Mexico,32
4037,2023-01-23,Apulo,Honduras,37
4038,2022-09-10,Amulapa,España,39
4039,2022-04-12,Apulo,Nicaragua,23
4040,2024-03-20,Balboa,España,67
4041,2022-05-14,Sunset Park,Honduras,64
4042,2024-10-15,Sunset Park,Estados Unidos,36
4043,2021-02-06,Balboa,Honduras,28
4044,2023-11-10,Cerro Verde,Guatemala,17
4045,2023-02-05,Amulapa,Canada,23
4046,2024-02-18,Apulo,Estados Unidos,6
4047,2024-09-22,Cerro Verde,Mexico,21
4048,2024-09-10,Cerro Verde,Nicaragua,36
4049,2021-02-24,Amulapa,Canada,42
4050,2021-02-27,Puerta del Diablo,Costa Rica,50
4051,2023-01-15,Apulo,Guatemala,77
4052,2021-09-25,Apulo,Canada,55
4053,2022-02-27,Amulapa,Costa Rica,50
4054,2021-02-04,Apulo,España,49
4055,2022-03-16,Puerta del Diablo,Mexico,51
4056,2021-09-13,Cerro Verde,España,30
4057,2024-09-04,Balboa,España,55
4058,2024-01-11,Puerta del Diablo,Guatemala,44
4059,2022-03-26,Cerro Verde,Mexico,47
4060,2024-07-28,Sunset Park,Canada,27
4061,2024-08-22,Amulapa,Mexico,42
4062,2023-01-14,Puerta del Diablo,Honduras,17
4063,2024-02-26,Balboa,Honduras,21
4064,2022-03-21,Sunset Park,Nicaragua,13
4065,2024-02-23,Puerta del Diablo,Canada,49
4066,2024-02-07,Sunset Park,Estados Unidos,78
4067,2024-12-04,Cerro Verde,Canada,55
4068,2024-11-02,Amulapa,Estados Unidos,35
4069,2023-01-23,Cerro Verde,Costa Rica,16
4070,2023-12-11,Cerro Verde,Nicaragua,23
4071,2021-05-11,Cerro Verde,Honduras,18
4072,2022-06-04,Cerro Verde,Costa Rica,68
4073,2024-02-20,Balboa,Mexico,55
4074,2024-04-10,Balboa,Canada,42
4075,2022-03-26,Apulo,Estados Unidos,38
4076,2023-12-09,Puerta del Diablo,Costa Rica,47
4077,2022-02-07,Balboa,Canada,79
4078,2023-10-20,Sunset Park,Mexico,16
4079,2021-08-20,Balboa,Costa Rica,67
4080,2022-06-08,Sunset Park,Canada,65
4081,2021-09-13,Cerro Verde,España,40
4082,2021-09-09,Puerta del Diablo,Nicaragua,56
4083,2021-12-23,Puerta del Diablo,Honduras,64
4084,2023-07-12,Cerro Verde,Mexico,70
4085,2024-11-13,Apulo,Nicaragua,49
4086,2024-04-13,Apulo,España,51
4087,2021-10-06,Sunset Park,Canada,77
4088,2023-12-23,Puerta del Diablo,Canada,42
4089,2022-01-26,Balboa,Honduras,44
4090,2024-04-19,Apulo,Canada,65
4091,2023-07-15,Balboa,España,35
4092,2022-01-01,Apulo,España,29
4093,2023-08-05,Sunset Park,Estados Unidos,19
4094,2021-04-20,Puerta del Diablo,Honduras,13
4095,2021-12-05,Amulapa,Honduras,34
4096,2021-12-07,Amulapa,Guatemala,74
4097,2022-10-11,Balboa,Costa Rica,14
4098,2024-02-04,Sunset Park,España,26
4099,2021-09-18,Balboa,Mexico,52
4100,2024-01-23,Puerta del Diablo,Mexico,49
4101,2022-09-23,Amulapa,Estados Unidos,8
4102,2021-12-13,Sunset Park,Guatemala,14
4103,2021-03-26,Puerta del Diablo,Costa Rica,58
4104,2021-06-29,Puerta del Diablo,Guatemala,23
4105,2024-03-30,Cerro Verde,Costa Rica,35
4106,2022-03-18,Puerta del Diablo,Guatemala,33
4107,2022-12-22,Apulo,Canada,16
4108,2021-06-18,Apulo,Estados Unidos,12
4109,2024-10-28,Balboa,Canada,25
4110,2022-06-13,Puerta del Diablo,España,57
4111,2023-12-08,Sunset Park,Estados Unidos,53
4112,2023-08-15,Amulapa,España,50
4113,2024-02-18,Balboa,Guatemala,37
4114,2023-01-31,Cerro Verde,Honduras,68
4115,2022-09-24,Puerta del Diablo,Canada,68
4116,2024-12-09,Balboa,Costa Rica,49
4117,2023-04-12,Amulapa,Nicaragua,55
4118,2024-08-24,Balboa,España,27
4119,2024-01-22,Puerta del Diablo,Guatemala,21
4120,2021-04-12,Puerta del Diablo,España,34
4121,2022-07-26,Sunset Park,Costa Rica,58
4122,2024-06-12,Apulo,Canada,69
4123,2021-10-26,Cerro Verde,Honduras,17
4124,2021-02-22,Puerta del Diablo,Guatemala,14
4125,2023-08-12,Puerta del Diablo,Costa Rica,41
4126,2022-01-28,Apulo,Nicaragua,69
4127,2024-10-21,Puerta del Diablo,Guatemala,18
4128,2024-09-08,Apulo,Estados Unidos,18
4129,2022-04-16,Apulo,España,64
4130,2024-06-12,Apulo,Guatemala,14
4131,2022-02-09,Puerta del Diablo,Honduras,42
4132,2022-02-23,Sunset Park,Mexico,75
4133,2022-11-05,Amulapa,Estados Unidos,67
4134,2023-02-04,Amulapa,Mexico,6
4135,2023-05-18,Amulapa,España,72
4136,2024-08-08,Sunset Park,Nicaragua,21
4137,2021-12-29,Puerta del Diablo,Nicaragua,75
4138,2021-08-18,Apulo,Honduras,58
4139,2024-06-15,Apulo,Mexico,63
4140,2022-09-13,Amulapa,Mexico,55
4141,2023-02-06,Sunset Park,Estados Unidos,74
4142,2024-03-31,Balboa,Estados Unidos,67
4143,2024-11-14,Amulapa,Guatemala,76
4144,2023-07-28,Cerro Verde,Estados Unidos,14
4145,2021-05-11,Apulo,Honduras,8
4146,2024-04-02,Puerta del Diablo,Honduras,66
4147,2024-08-24,Sunset Park,Mexico,12
4148,2021-12-05,Balboa,Estados Unidos,54
4149,2024-05-16,Cerro Verde,Estados Unidos,60
4150,2021-07-21,Puerta del Diablo,Honduras,66
4151,2021-05-09,Balboa,Nicaragua,72
4152,2021-11-24,Apulo,Guatemala,27
4153,2023-09-16,Amulapa,Canada,73
4154,2024-08-16,Puerta del Diablo,Honduras,59
4155,2024-12-12,Sunset Park,Canada,16
4156,2022-11-08,Puerta del Diablo,Guatemala,5
4157,2021-04-29,Puerta del Diablo,Costa Rica,10
4158,2021-05-19,Balboa,Nicaragua,28
4159,2023-03-30,Amulapa,Honduras,65
4160,2022-05-24,Balboa,Costa Rica,17
4161,2021-09-24,Apulo,España,16
4162,2022-05-03,Amulapa,Canada,64
4163,2023-06-01,Sunset Park,Guatemala,42
4164,2023-11-13,Sunset Park,Costa Rica,79
4165,2022-02-24,Sunset Park,Mexico,32
4166,2021-02-21,Cerro Verde,Mexico,47
4167,2024-04-27,Amulapa,Canada,61
4168,2024-01-29,Sunset Park,España,12
4169,2021-02-01,Puerta del Diablo,Honduras,77
4170,2023-01-21,Puerta del Diablo,Canada,71
4171,2023-04-21,Puerta del Diablo,Mexico,49
4172,2023-03-31,Cerro Verde,Estados Unidos,45
4173,2024-01-29,Amulapa,Mexico,39
4174,2023-01-03,Puerta del Diablo,Honduras,48
4175,2024-01-31,Balboa,Nicaragua,9
4176,2023-11-26,Cerro Verde,Honduras,73
4177,2023-10-19,Balboa,Honduras,30
4178,2023-04-01,Cerro Verde,Mexico,77
4179,2022-05-31,Puerta del Diablo,Guatemala,68
4180,2022-11-14,Apulo,Honduras,50
4181,2023-04-01,Sunset Park,Mexico,40
4182,2022-08-20,Sunset Park,España,31
4183,2021-07-09,Amulapa,Guatemala,69
4184,2024-09-05,Sunset Park,España,66
4185,2023-08-07,Amulapa,Estados Unidos,63
4186,2022-01-29,Sunset Park,Guatemala,52
4187,2021-07-04,Balboa,Nicaragua,78
4188,2021-03-06,Sunset Park,Estados Unidos,8
4189,2023-12-22,Sunset Park,Canada,65
4190,2023-05-03,Apulo,Canada,52
4191,2021-04-18,Balboa,Canada,68
4192,2021-09-16,Sunset Park,Canada,72
4193,2023-09-08,Cerro Verde,Costa Rica,8
4194,2021-09-18,Amulapa,Nicaragua,77
4195,2022-03-02,Balboa,Guatemala,38
4196,2022-04-09,Amulapa,Estados Unidos,68
4197,2021-11-15,Cerro Verde,España,73
4198,2021-08-26,Balboa,Estados Unidos,35
4199,2022-10-04,Sunset Park,Guatemala,17
4200,2022-08-10,Amulapa,Mexico,79
4201,2023-12-31,Puerta del Diablo,Mexico,41
4202,2022-10-06,Balboa,Canada,44
4203,2021-11-12,Amulapa,Costa Rica,54
4204,2021-08-20,Amulapa,España,53
4205,2022-01-27,Sunset Park,Canada,51
4206,2021-08-08,Balboa,España,22
4207,2023-04-05,Balboa,Guatemala,62
4208,2023-03-31,Cerro Verde,Honduras,34
4209,2024-10-10,Cerro Verde,Guatemala,73
4210,2021-03-15,Amulapa,Guatemala,74
4211,2023-08-22,Amulapa,Honduras,10
4212,2024-11-04,Apulo,España,49
4213,2023-05-17,Cerro Verde,Honduras,7
4214,2022-08-28,Amulapa,Estados Unidos,54
4215,2021-03-18,Balboa,Guatemala,61
4216,2024-11-25,Puerta del Diablo,Canada,49
4217,2024-09-01,Cerro Verde,Guatemala,76
4218,2022-06-15,Cerro Verde,Estados Unidos,32
4219,2022-07-17,Puerta del Diablo,Mexico,53
4220,2022-12-15,Apulo,Nicaragua,65
4221,2021-03-16,Apulo,Honduras,46
4222,2022-05-31,Amulapa,España,42
4223,2022-06-15,Amulapa,Mexico,17
4224,2021-09-11,Sunset Park,Honduras,35
4225,2022-04-17,Cerro Verde,España,68
4226,2023-09-28,Apulo,Estados Unidos,37
4227,2021-11-16,Sunset Park,Guatemala,22
4228,2021-09-17,Apulo,Guatemala,72
4229,2023-06-20,Puerta del Diablo,Guatemala,53
4230,2021-10-11,Balboa,Mexico,50
4231,2021-06-09,Puerta del Diablo,España,56
4232,2023-11-28,Puerta del Diablo,Canada,60
4233,2023-05-06,Puerta del Diablo,Nicaragua,47
4234,2023-11-03,Puerta del Diablo,Estados Unidos,46
4235,2021-04-27,Balboa,Guatemala,79
4236,2021-01-27,Balboa,Mexico,23
4237,2024-10-17,Amulapa,Costa Rica,33
4238,2023-07-18,Sunset Park,Canada,19
4239,2023-03-21,Amulapa,Guatemala,37
4240,2024-06-02,Amulapa,España,65
4241,2022-07-15,Apulo,Mexico,45
4242,2024-04-28,Cerro Verde,Honduras,59
4243,2023-10-18,Balboa,Estados Unidos,5
4244,2021-04-19,Apulo,Honduras,57
4245,2023-02-25,Sunset Park,Canada,74
4246,2024-03-29,Amulapa,Nicaragua,11
4247,2022-04-26,Apulo,Mexico,57
4248,2022-07-26,Cerro Verde,Nicaragua,61
4249,2022-12-14,Puerta del Diablo,Estados Unidos,20
4250,2023-10-13,Cerro Verde,Costa Rica,45
4251,2024-02-03,Cerro Verde,Nicaragua,28
4252,2021-01-28,Balboa,Canada,62
4253,2021-06-04,Balboa,Estados Unidos,41
4254,2023-11-01,Cerro Verde,Nicaragua,67
4255,2021-10-15,Puerta del Diablo,Canada,14
4256,2023-07-14,Puerta del Diablo,Honduras,31
4257,2021-07-19,Balboa,Costa Rica,27
4258,2023-10-27,Amulapa,Nicaragua,6
4259,2023-10-24,Puerta del Diablo,Nicaragua,13
4260,2021-04-29,Cerro Verde,Nicaragua,41
4261,2024-10-14,Cerro Verde,Guatemala,72
4262,2022-11-15,Sunset Park,España,35
4263,2023-02-14,Sunset Park,Mexico,16
4264,2022-05-30,Cerro Verde,Costa Rica,60
4265,2024-12-09,Cerro Verde,Costa Rica,19
4266,2021-04-01,Balboa,Honduras,24
4267,2021-02-17,Apulo,Guatemala,30
4268,2022-11-09,Sunset Park,Honduras,53
4269,2023-03-12,Puerta del Diablo,Costa Rica,28
4270,2022-04-10,Amulapa,España,18
4271,2021-12-18,Cerro Verde,Mexico,70
4272,2021-12-27,Apulo,Mexico,56
4273,2021-10-24,Apulo,Honduras,7
4274,2023-01-30,Sunset Park,Guatemala,26
4275,2024-04-03,Balboa,Honduras,15
4276,2022-08-20,Cerro Verde,Guatemala,67
4277,2022-08-27,Cerro Verde,Canada,21
4278,2022-03-30,Apulo,Nicaragua,12
4279,2023-05-18,Balboa,Costa Rica,38
4280,2024-06-09,Apulo,Guatemala,69
4281,2024-10-10,Amulapa,España,18
4282,2023-12-16,Puerta del Diablo,Guatemala,57
4283,2023-07-20,Puerta del Diablo,Mexico,8
4284,2024-04-19,Cerro Verde,Guatemala,50
4285,2024-11-18,Sunset Park,Honduras,7
4286,2023-01-27,Apulo,España,45
4287,2022-10-31,Cerro Verde,Canada,49
4288,2024-06-24,Puerta del Diablo,Guatemala,57
4289,2022-11-19,Apulo,Costa Rica,78
4290,2023-04-26,Cerro Verde,Costa Rica,30
4291,2024-09-11,Sunset Park,Honduras,35
4292,2021-12-08,Cerro Verde,Honduras,47
4293,2023-07-04,Puerta del Diablo,Mexico,46
4294,2021-04-29,Balboa,Mexico,44
4295,2023-08-29,Amulapa,Canada,57
4296,2021-10-13,Amulapa,Costa Rica,78
4297,2023-08-23,Cerro Verde,Canada,76
4298,2022-08-14,Balboa,Nicaragua,51
4299,2021-03-09,Amulapa,Estados Unidos,32
4300,2023-12-24,Balboa,Canada,18
4301,2022-11-06,Amulapa,Honduras,27
4302,2024-10-25,Amulapa,Canada,25
4303,2024-09-10,Cerro Verde,Costa Rica,63
4304,2024-09-18,Puerta del Diablo,España,48
4305,2023-01-21,Balboa,Nicaragua,55
4306,2023-04-20,Balboa,Honduras,65
4307,2023-08-01,Cerro Verde,Guatemala,59
4308,2023-02-24,Puerta del Diablo,Estados Unidos,67
4309,2021-07-16,Amulapa,Honduras,14
4310,2022-12-05,Apulo,Guatemala,49
4311,2023-09-18,Amulapa,Honduras,24
4312,2023-01-28,Apulo,Costa Rica,23
4313,2021-07-06,Sunset Park,Costa Rica,8
4314,2024-05-08,Cerro Verde,Estados Unidos,9
4315,2022-08-25,Balboa,España,8
4316,2023-02-14,Puerta del Diablo,Canada,68
4317,2024-07-15,Balboa,Mexico,10
4318,2024-03-22,Apulo,Estados Unidos,15
4319,2021-01-25,Puerta del Diablo,Canada,57
4320,2021-08-20,Puerta del Diablo,Costa Rica,77
4321,2024-07-25,Amulapa,Nicaragua,70
4322,2023-11-16,Cerro Verde,Costa Rica,49
4323,2021-05-05,Cerro Verde,Nicaragua,13
4324,2021-04-26,Sunset Park,Honduras,13
4325,2021-04-30,Amulapa,Guatemala,77
4326,2022-03-01,Cerro Verde,Guatemala,31
4327,2022-02-12,Balboa,Canada,45
4328,2024-09-04,Amulapa,Canada,28
4329,2023-05-02,Puerta del Diablo,Estados Unidos,77
4330,2024-11-14,Balboa,Canada,30
4331,2024-12-03,Sunset Park,Estados Unidos,49
4332,2024-03-12,Puerta del Diablo,Guatemala,52
4333,2022-12-19,Sunset Park,Canada,69
4334,2022-08-24,Puerta del Diablo,Nicaragua,69
4335,2022-01-12,Cerro Verde,Guatemala,49
4336,2023-05-15,Cerro Verde,Guatemala,29
4337,2024-02-25,Amulapa,Honduras,40
4338,2023-08-07,Apulo,Mexico,27
4339,2024-01-10,Amulapa,Estados Unidos,44
4340,2021-08-28,Apulo,Canada,76
4341,2022-11-04,Apulo,Honduras,26
4342,2022-10-23,Apulo,Estados Unidos,51
4343,2021-12-17,Cerro Verde,Guatemala,61
4344,2022-11-04,Sunset Park,Estados Unidos,19
4345,2022-05-05,Balboa,Nicaragua,8
4346,2022-08-12,Apulo,Honduras,36
4347,2024-05-30,Sunset Park,Estados Unidos,15
4348,2024-10-16,Apulo,Estados Unidos,11
4349,2022-06-19,Apulo,Guatemala,10
4350,2023-02-17,Cerro Verde,Nicaragua,13
4351,2024-07-09,Amulapa,Mexico,20
4352,2024-06-03,Sunset Park,Nicaragua,23
4353,2022-07-04,Apulo,Guatemala,74
4354,2022-08-29,Cerro Verde,Costa Rica,44
4355,2024-10-08,Puerta del Diablo,España,11
4356,2022-01-01,Apulo,Costa Rica,57
4357,2021-09-13,Puerta del Diablo,Costa Rica,60
4358,2022-02-09,Balboa,Mexico,74
4359,2022-10-02,Cerro Verde,Guatemala,35
4360,2024-05-07,Puerta del Diablo,Honduras,40
4361,2024-10-17,Sunset Park,Canada,65
4362,2023-08-04,Sunset Park,Nicaragua,62
4363,2023-10-28,Amulapa,Estados Unidos,73
4364,2023-08-27,Cerro Verde,Estados Unidos,16
4365,2021-05-14,Balboa,Estados Unidos,75
4366,2021-09-17,Apulo,Mexico,18
4367,2022-11-02,Puerta del Diablo,España,8
4368,2021-08-06,Sunset Park,Honduras,44
4369,2021-07-20,Puerta del Diablo,Honduras,59
4370,2023-04-13,Sunset Park,Honduras,37
4371,2024-01-06,Sunset Park,Canada,19
4372,2022-07-25,Puerta del Diablo,Canada,35
4373,2024-01-14,Amulapa,Honduras,21
4374,2023-10-16,Cerro Verde,España,51
4375,2022-04-01,Cerro Verde,Canada,73
4376,2023-07-01,Puerta del Diablo,España,42
4377,2023-08-27,Apulo,Nicaragua,72
4378,2022-07-26,Balboa,Mexico,71
4379,2023-04-26,Amulapa,Nicaragua,46
4380,2022-12-14,Cerro Verde,Nicaragua,11
4381,2022-08-31,Sunset Park,Honduras,67
4382,2024-12-14,Sunset Park,Honduras,58
4383,2022-06-24,Apulo,Costa Rica,38
4384,2024-08-04,Puerta del Diablo,Estados Unidos,70
4385,2024-10-22,Apulo,Canada,27
4386,2022-11-23,Puerta del Diablo,Honduras,60
4387,2024-02-16,Sunset Park,Nicaragua,35
4388,2023-02-24,Amulapa,Nicaragua,16
4389,2021-01-10,Apulo,España,51
4390,2022-05-13,Amulapa,Costa Rica,17
4391,2021-06-20,Cerro Verde,Canada,10
4392,2023-12-16,Puerta del Diablo,Canada,10
4393,2023-12-29,Puerta del Diablo,Guatemala,32
4394,2022-01-13,Cerro Verde,Costa Rica,56
4395,2022-10-27,Sunset Park,España,44
4396,2022-07-29,Balboa,Canada,46
4397,2022-06-04,Sunset Park,Mexico,30
4398,2024-12-23,Cerro Verde,Nicaragua,61
4399,2024-09-27,Cerro Verde,Mexico,32
4400,2022-04-26,Puerta del Diablo,Honduras,50
4401,2022-10-09,Apulo,España,53
4402,2021-11-17,Sunset Park,España,55
4403,2024-06-19,Puerta del Diablo,Honduras,26
4404,2021-04-11,Balboa,Canada,40
4405,2022-03-09,Cerro Verde,Estados Unidos,75
4406,2023-01-18,Puerta del Diablo,Mexico,65
4407,2024-09-01,Amulapa,Costa Rica,14
4408,2021-05-11,Amulapa,Canada,29
4409,2023-05-10,Sunset Park,España,49
4410,2021-08-14,Apulo,Mexico,23
4411,2024-09-27,Cerro Verde,Honduras,5
4412,2022-09-22,Apulo,Mexico,36
4413,2023-06-20,Amulapa,Canada,35
4414,2024-01-26,Sunset Park,Honduras,37
4415,2023-10-06,Amulapa,Estados Unidos,53
4416,2024-04-01,Cerro Verde,Honduras,19
4417,2021-05-03,Apulo,Honduras,16
4418,2022-11-03,Amulapa,Estados Unidos,24
4419,2022-11-28,Amulapa,Guatemala,69
4420,2023-11-14,Cerro Verde,Canada,11
4421,2021-03-02,Amulapa,Costa Rica,77
4422,2022-04-27,Balboa,Estados Unidos,66
4423,2022-02-22,Cerro Verde,Mexico,51
4424,2024-06-24,Amulapa,Estados Unidos,50
4425,2024-07-01,Amulapa,Canada,51
4426,2023-09-20,Cerro Verde,Nicaragua,38
4427,2022-02-19,Cerro Verde,España,13
4428,2021-09-02,Cerro Verde,Estados Unidos,72
4429,2021-10-12,Amulapa,Costa Rica,17
4430,2022-10-17,Balboa,Honduras,64
4431,2024-05-21,Balboa,Nicaragua,45
4432,2021-02-20,Cerro Verde,España,77
4433,2021-04-08,Cerro Verde,Guatemala,44
4434,2023-06-19,Sunset Park,Mexico,25
4435,2024-10-18,Sunset Park,Mexico,78
4436,2024-06-19,Sunset Park,Canada,69
4437,2024-04-09,Cerro Verde,Estados Unidos,23
4438,2023-02-03,Sunset Park,Nicaragua,17
4439,2022-03-05,Puerta del Diablo,Honduras,9
4440,2022-01-18,Amulapa,Canada,56
4441,2023-06-12,Balboa,Estados Unidos,19
4442,2022-04-28,Apulo,Canada,32
4443,2021-01-18,Cerro Verde,Estados Unidos,18
4444,2023-05-17,Balboa,Estados Unidos,78
4445,2024-01-24,Balboa,Mexico,26
4446,2023-10-22,Apulo,Nicaragua,9
4447,2024-07-01,Apulo,Guatemala,11
4448,2022-07-14,Amulapa,Estados Unidos,16
4449,2021-02-27,Puerta del Diablo,España,74
4450,2021-10-22,Puerta del Diablo,Nicaragua,75
4451,2022-05-27,Puerta del Diablo,Estados Unidos,31
4452,2021-05-19,Amulapa,España,14
4453,2023-04-17,Apulo,España,46
4454,2021-10-18,Sunset Park,Honduras,21
4455,2023-11-17,Amulapa,España,69
4456,2021-11-18,Cerro Verde,Nicaragua,65
4457,2023-04-02,Balboa,Canada,66
4458,2023-02-18,Puerta del Diablo,Honduras,57
4459,2021-08-29,Sunset Park,Canada,44
4460,2021-12-08,Sunset Park,Honduras,8
4461,2021-05-07,Amulapa,Canada,63
4462,2024-01-12,Apulo,Nicaragua,37
4463,2022-08-18,Amulapa,Guatemala,58
4464,2024-03-03,Balboa,Estados Unidos,62
4465,2022-09-09,Sunset Park,Canada,7
4466,2024-01-22,Cerro Verde,Canada,46
4467,2024-08-04,Amulapa,Estados Unidos,69
4468,2023-09-24,Puerta del Diablo,Costa Rica,70
4469,2023-08-05,Puerta del Diablo,Mexico,55
4470,2022-10-09,Apulo,Honduras,57
4471,2021-02-09,Amulapa,Estados Unidos,79
4472,2022-02-28,Sunset Park,España,60
4473,2023-01-28,Cerro Verde,Mexico,6
4474,2023-04-01,Sunset Park,Honduras,53
4475,2021-04-19,Apulo,Canada,16
4476,2021-05-28,Apulo,Nicaragua,51
4477,2023-07-29,Puerta del Diablo,Guatemala,48
4478,2023-03-05,Apulo,Costa Rica,60
4479,2024-01-01,Puerta del Diablo,Guatemala,63
4480,2021-09-04,Balboa,Canada,52
4481,2023-07-30,Puerta del Diablo,Guatemala,59
4482,2024-12-14,Apulo,Nicaragua,34
4483,2024-04-04,Amulapa,Canada,9
4484,2024-06-24,Apulo,Costa Rica,26
4485,2024-11-14,Apulo,España,58
4486,2024-02-22,Sunset Park,Costa Rica,57
4487,2021-02-01,Amulapa,España,71
4488,2021-07-03,Puerta del Diablo,Mexico,69
4489,2022-10-12,Cerro Verde,Honduras,70
4490,2023-05-17,Balboa,Estados Unidos,19
4491,2022-05-05,Cerro Verde,Honduras,20
4492,2024-12-05,Cerro Verde,Costa Rica,49
4493,2023-09-12,Sunset Park,Mexico,37
4494,2023-01-03,Cerro Verde,España,48
4495,2023-09-01,Balboa,Honduras,11
4496,2024-08-09,Balboa,Canada,65
4497,2022-07-13,Sunset Park,Canada,78
4498,2022-11-07,Cerro Verde,Nicaragua,5
4499,2022-03-09,Puerta del Diablo,Costa Rica,65
4500,2023-01-28,Puerta del Diablo,Estados Unidos,67
4501,2022-12-25,Apulo,Canada,78
4502,2024-07-30,Apulo,Honduras,40
4503,2021-06-15,Amulapa,Costa Rica,37
4504,2021-03-01,Cerro Verde,Honduras,25
4505,2023-12-31,Balboa,Costa Rica,65
4506,2022-11-12,Apulo,Nicaragua,60
4507,2022-08-15,Apulo,Mexico,47
4508,2023-04-13,Amulapa,Mexico,19
4509,2023-07-16,Puerta del Diablo,Mexico,39
4510,2021-06-21,Apulo,Estados Unidos,77
4511,2022-06-15,Puerta del Diablo,Nicaragua,60
4512,2022-11-02,Puerta del Diablo,Mexico,48
4513,2022-04-29,Puerta del Diablo,España,19
4514,2022-04-20,Cerro Verde,Honduras,40
4515,2022-05-18,Amulapa,Guatemala,16
4516,2022-09-04,Puerta del Diablo,Nicaragua,57
4517,2023-05-25,Amulapa,Mexico,79
4518,2022-02-12,Puerta del Diablo,Mexico,58
4519,2022-06-26,Cerro Verde,Guatemala,50
4520,2022-11-27,Apulo,Estados Unidos,49
4521,2024-08-27,Puerta del Diablo,España,38
4522,2021-12-20,Amulapa,Costa Rica,15
4523,2023-04-19,Puerta del Diablo,Estados Unidos,19
4524,2024-06-11,Amulapa,Canada,7
4525,2024-01-25,Puerta del Diablo,Guatemala,31
4526,2022-02-23,Cerro Verde,Estados Unidos,69
4527,2021-04-13,Amulapa,Honduras,53
4528,2023-07-16,Puerta del Diablo,Canada,20
4529,2022-09-25,Sunset Park,Costa Rica,69
4530,2021-07-04,Puerta del Diablo,Guatemala,30
4531,2023-05-08,Puerta del Diablo,Mexico,24
4532,2023-10-10,Apulo,Mexico,63
4533,2022-06-12,Apulo,Canada,58
4534,2023-11-30,Apulo,Honduras,8
4535,2022-12-07,Balboa,España,69
4536,2021-04-11,Amulapa,Costa Rica,6
4537,2023-11-29,Apulo,Mexico,9
4538,2023-02-15,Apulo,Honduras,68
4539,2024-08-28,Apulo,Nicaragua,33
4540,2021-05-08,Apulo,Guatemala,23
4541,2022-08-10,Apulo,Canada,6
4542,2021-10-09,Apulo,Canada,68
4543,2023-05-01,Balboa,España,62
4544,2023-05-16,Puerta del Diablo,España,24
4545,2021-07-22,Balboa,Guatemala,73
4546,2023-08-20,Balboa,Honduras,22
4547,2021-05-15,Amulapa,Nicaragua,53
4548,2023-06-26,Sunset Park,Canada,75
4549,2022-05-12,Sunset Park,Mexico,60
4550,2023-09-15,Cerro Verde,España,20
4551,2021-03-05,Puerta del Diablo,Mexico,67
4552,2023-06-21,Apulo,Guatemala,8
4553,2021-12-23,Amulapa,Estados Unidos,5
4554,2024-02-16,Apulo,Estados Unidos,19
4555,2024-12-14,Cerro Verde,Mexico,17
4556,2024-11-04,Apulo,Estados Unidos,68
4557,2023-05-25,Cerro Verde,Estados Unidos,5
4558,2022-03-13,Puerta del Diablo,Estados Unidos,13
4559,2023-11-22,Apulo,Honduras,48
4560,2021-08-25,Balboa,Canada,40
4561,2021-10-18,Cerro Verde,Nicaragua,69
4562,2023-03-06,Apulo,Mexico,39
4563,2024-11-20,Puerta del Diablo,Canada,41
4564,2022-07-24,Balboa,Guatemala,37
4565,2021-08-18,Cerro Verde,Estados Unidos,19
4566,2023-08-25,Sunset Park,Nicaragua,72
4567,2023-04-19,Sunset Park,Nicaragua,14
4568,2022-05-06,Sunset Park,Nicaragua,46
4569,2024-07-21,Balboa,Costa Rica,19
4570,2022-02-09,Amulapa,Nicaragua,58
4571,2023-05-18,Apulo,España,49
4572,2022-05-04,Apulo,Canada,39
4573,2024-07-20,Apulo,España,14
4574,2021-03-19,Puerta del Diablo,Nicaragua,18
4575,2023-12-11,Cerro Verde,Honduras,40
4576,2023-08-12,Puerta del Diablo,Mexico,21
4577,2023-02-14,Balboa,Honduras,26
4578,2023-12-20,Puerta del Diablo,Canada,13
4579,2022-04-05,Cerro Verde,Nicaragua,53
4580,2023-06-12,Apulo,Guatemala,54
4581,2024-08-12,Balboa,Canada,59
4582,2023-01-20,Balboa,Honduras,14
4583,2023-09-20,Sunset Park,Estados Unidos,21
4584,2023-10-23,Balboa,España,71
4585,2024-11-25,Puerta del Diablo,Honduras,49
4586,2021-12-31,Balboa,Canada,30
4587,2022-02-17,Balboa,Canada,79
4588,2021-10-04,Cerro Verde,Estados Unidos,18
4589,2021-09-13,Apulo,Costa Rica,22
4590,2021-05-19,Balboa,Nicaragua,15
4591,2022-08-31,Balboa,Guatemala,49
4592,2022-04-11,Puerta del Diablo,Nicaragua,6
4593,2021-02-24,Puerta del Diablo,Guatemala,29
4594,2023-07-10,Amulapa,Mexico,11
4595,2021-04-09,Sunset Park,Costa Rica,18
4596,2024-06-21,Puerta del Diablo,Costa Rica,66
4597,2023-04-03,Balboa,Mexico,61
4598,2024-04-02,Puerta del Diablo,Mexico,36
4599,2022-06-04,Amulapa,Canada,79
4600,2021-01-07,Amulapa,España,76
4601,2024-05-11,Apulo,Honduras,17
4602,2022-04-03,Cerro Verde,Nicaragua,71
4603,2022-12-24,Cerro Verde,España,62
4604,2021-06-15,Sunset Park,Estados Unidos,32
4605,2022-06-04,Sunset Park,Estados Unidos,34
4606,2024-12-30,Sunset Park,Guatemala,70
4607,2022-02-17,Cerro Verde,Guatemala,17
4608,2022-04-11,Apulo,Estados Unidos,38
4609,2021-02-13,Balboa,Estados Unidos,79
4610,2023-12-05,Apulo,Guatemala,62
4611,2021-04-11,Balboa,Honduras,68
4612,2022-07-21,Puerta del Diablo,Honduras,53
4613,2022-11-19,Cerro Verde,Guatemala,35
4614,2023-01-03,Amulapa,Costa Rica,43
4615,2023-05-12,Cerro Verde,Honduras,13
4616,2023-12-22,Sunset Park,España,33
4617,2021-06-02,Cerro Verde,Nicaragua,24
4618,2024-09-25,Puerta del Diablo,Estados Unidos,57
4619,2021-03-03,Apulo,España,68
4620,2021-09-04,Puerta del Diablo,Honduras,64
4621,2021-10-29,Apulo,Mexico,76
4622,2023-05-07,Sunset Park,Costa Rica,69
4623,2024-06-02,Apulo,Canada,58
4624,2022-05-09,Apulo,Costa Rica,36
4625,2022-03-28,Apulo,Mexico,57
4626,2024-12-12,Sunset Park,Guatemala,69
4627,2024-05-06,Amulapa,Mexico,46
4628,2024-04-23,Cerro Verde,Canada,32
4629,2021-09-26,Cerro Verde,Guatemala,34
4630,2022-06-12,Amulapa,Costa Rica,16
4631,2023-08-05,Cerro Verde,Honduras,31
4632,2023-04-10,Amulapa,Mexico,14
4633,2023-02-18,Balboa,Canada,69
4634,2023-11-03,Balboa,Estados Unidos,13
4635,2023-08-24,Balboa,España,61
4636,2024-02-17,Puerta del Diablo,Costa Rica,51
4637,2022-04-07,Cerro Verde,Guatemala,28
4638,2021-11-01,Apulo,Mexico,54
4639,2022-11-03,Sunset Park,Mexico,10
4640,2022-12-01,Sunset Park,Canada,34
4641,2022-06-16,Balboa,Honduras,19
4642,2022-05-04,Puerta del Diablo,Guatemala,13
4643,2021-04-28,Balboa,Costa Rica,22
4644,2023-01-24,Balboa,Estados Unidos,57
4645,2022-01-31,Apulo,Estados Unidos,54
4646,2024-04-10,Amulapa,Canada,44
4647,2023-05-09,Amulapa,España,38
4648,2023-08-07,Cerro Verde,Nicaragua,76
4649,2024-08-01,Balboa,Mexico,33
4650,2024-10-11,Amulapa,Guatemala,27
4651,2023-11-10,Sunset Park,Nicaragua,27
4652,2022-03-25,Cerro Verde,España,70
4653,2024-05-23,Puerta del Diablo,Estados Unidos,63
4654,2023-02-03,Cerro Verde,Estados Unidos,68
4655,2023-02-16,Puerta del Diablo,Guatemala,52
4656,2023-11-02,Balboa,Estados Unidos,64
4657,2024-08-05,Amulapa,Guatemala,24
4658,2023-02-10,Balboa,España,61
4659,2024-09-07,Cerro Verde,Honduras,6
4660,2022-11-18,Puerta del Diablo,España,40
4661,2022-05-30,Amulapa,España,52
4662,2022-08-22,Balboa,Nicaragua,61
4663,2021-06-24,Cerro Verde,Guatemala,77
4664,2024-02-17,Puerta del Diablo,Nicaragua,53
4665,2022-03-17,Apulo,Mexico,42
4666,2021-05-17,Amulapa,Mexico,41
4667,2021-02-23,Amulapa,España,77
4668,2021-08-01,Balboa,Canada,34
4669,2021-07-25,Sunset Park,Estados Unidos,57
4670,2024-12-26,Sunset Park,España,9
4671,2022-06-17,Balboa,Canada,24
4672,2023-03-14,Cerro Verde,España,40
4673,2021-06-16,Cerro Verde,Costa Rica,33
4674,2021-06-17,Amulapa,Guatemala,13
4675,2021-06-24,Apulo,España,75
4676,2022-03-26,Apulo,España,79
4677,2021-10-06,Sunset Park,Honduras,78
4678,2024-10-11,Cerro Verde,Costa Rica,65
4679,2022-11-07,Sunset Park,Estados Unidos,65
4680,2021-11-27,Amulapa,Guatemala,74
4681,2023-02-08,Amulapa,Mexico,22
4682,2021-09-26,Sunset Park,Estados Unidos,76
4683,2021-04-10,Cerro Verde,Nicaragua,60
4684,2022-08-11,Sunset Park,Nicaragua,64
4685,2024-06-20,Cerro Verde,Costa Rica,40
4686,2023-10-27,Amulapa,Mexico,37
4687,2022-10-16,Balboa,Estados Unidos,53
4688,2024-01-15,Puerta del Diablo,España,72
4689,2023-12-20,Amulapa,Estados Unidos,50
4690,2022-07-20,Cerro Verde,Mexico,59
4691,2022-07-03,Balboa,Mexico,64
4692,2021-03-11,Amulapa,España,78
4693,2022-06-30,Balboa,Nicaragua,79
4694,2021-03-26,Amulapa,Nicaragua,21
4695,2024-08-01,Balboa,Guatemala,6
4696,2024-05-26,Amulapa,España,9
4697,2021-02-10,Amulapa,Estados Unidos,15
4698,2023-11-17,Apulo,Costa Rica,38
4699,2024-05-13,Sunset Park,Guatemala,74
4700,2023-12-21,Amulapa,Honduras,27
4701,2022-08-23,Balboa,Nicaragua,65
4702,2023-11-08,Amulapa,Nicaragua,21
4703,2021-03-17,Amulapa,Costa Rica,75
4704,2023-12-25,Apulo,Honduras,74
4705,2022-09-06,Apulo,Costa Rica,40
4706,2024-01-07,Amulapa,Canada,42
4707,2023-09-24,Sunset Park,Nicaragua,64
4708,2021-08-23,Balboa,Costa Rica,69
4709,2023-04-07,Puerta del Diablo,Mexico,35
4710,2021-06-15,Amulapa,Costa Rica,26
4711,2023-04-24,Cerro Verde,Canada,44
4712,2024-03-03,Puerta del Diablo,Mexico,45
4713,2021-05-19,Balboa,España,78
4714,2022-08-20,Amulapa,Guatemala,31
4715,2023-11-09,Cerro Verde,Estados Unidos,69
4716,2022-11-06,Cerro Verde,Mexico,56
4717,2021-01-06,Amulapa,Mexico,57
4718,2023-06-06,Cerro Verde,España,38
4719,2023-04-12,Apulo,Guatemala,79
4720,2021-03-29,Apulo,Honduras,26
4721,2021-05-02,Amulapa,Canada,53
4722,2022-12-28,Puerta del Diablo,Honduras,9
4723,2023-06-12,Sunset Park,Mexico,14
4724,2024-05-19,Sunset Park,Mexico,77
4725,2023-03-24,Apulo,Estados Unidos,61
4726,2023-09-07,Puerta del Diablo,Mexico,78
4727,2024-04-28,Cerro Verde,Costa Rica,59
4728,2021-06-28,Balboa,España,25
4729,2023-05-05,Balboa,Nicaragua,70
4730,2022-05-02,Sunset Park,Honduras,51
4731,2024-02-02,Amulapa,Estados Unidos,40
4732,2022-12-17,Amulapa,España,37
4733,2021-06-13,Cerro Verde,Canada,77
4734,2021-01-19,Amulapa,Canada,21
4735,2023-06-17,Sunset Park,Costa Rica,16
4736,2024-11-29,Puerta del Diablo,Honduras,17
4737,2022-08-13,Sunset Park,Estados Unidos,50
4738,2024-11-27,Balboa,Mexico,69
4739,2023-05-19,Puerta del Diablo,Mexico,44
4740,2024-12-01,Puerta del Diablo,Canada,78
4741,2022-12-10,Balboa,Honduras,52
4742,2024-03-18,Amulapa,España,61
4743,2022-12-29,Sunset Park,Guatemala,42
4744,2022-07-14,Puerta del Diablo,Honduras,53
4745,2024-03-01,Amulapa,Estados Unidos,44
4746,2023-06-15,Sunset Park,Guatemala,56
4747,2024-07-15,Cerro Verde,Canada,36
4748,2021-12-10,Puerta del Diablo,Honduras,17
4749,2024-04-05,Balboa,Guatemala,69
4750,2022-11-14,Balboa,Guatemala,40
4751,2022-04-21,Sunset Park,España,46
4752,2022-05-29,Apulo,España,16
4753,2021-01-22,Cerro Verde,Mexico,72
4754,2024-07-26,Apulo,Mexico,71
4755,2024-12-27,Sunset Park,España,6
4756,2021-06-18,Apulo,Nicaragua,72
4757,2022-03-05,Sunset Park,España,72
4758,2022-02-27,Amulapa,Guatemala,12
4759,2022-07-27,Cerro Verde,Nicaragua,78
4760,2023-08-05,Sunset Park,España,59
4761,2023-01-03,Sunset Park,Nicaragua,37
4762,2021-05-31,Sunset Park,Estados Unidos,26
4763,2021-06-13,Cerro Verde,Honduras,60
4764,2023-06-11,Apulo,Costa Rica,62
4765,2022-01-27,Sunset Park,Canada,32
4766,2022-03-11,Apulo,Nicaragua,33
4767,2021-10-28,Balboa,Costa Rica,52
4768,2023-10-24,Amulapa,España,68
4769,2021-11-02,Balboa,Costa Rica,41
4770,2024-03-16,Balboa,Nicaragua,17
4771,2024-11-14,Cerro Verde,Canada,74
4772,2023-08-05,Amulapa,Nicaragua,71
4773,2024-01-15,Sunset Park,Canada,7
4774,2021-07-03,Sunset Park,Costa Rica,78
4775,2024-10-05,Sunset Park,Nicaragua,68
4776,2024-04-24,Puerta del Diablo,Guatemala,63
4777,2024-07-17,Balboa,Honduras,51
4778,2023-06-17,Cerro Verde,España,6
4779,2023-05-01,Apulo,Estados Unidos,65
4780,2023-08-20,Amulapa,Canada,59
4781,2021-08-10,Amulapa,España,21
4782,2021-05-15,Sunset Park,Estados Unidos,62
4783,2024-05-03,Apulo,Estados Unidos,47
4784,2022-08-07,Sunset Park,Nicaragua,68
4785,2023-08-12,Balboa,Mexico,50
4786,2021-03-01,Balboa,Honduras,73
4787,2021-01-12,Puerta del Diablo,Canada,65
4788,2021-08-16,Puerta del Diablo,Canada,44
4789,2021-07-27,Sunset Park,Honduras,9
4790,2023-02-11,Apulo,Nicaragua,37
4791,2024-12-04,Puerta del Diablo,Guatemala,66
4792,2024-01-26,Cerro Verde,Canada,30
4793,2022-10-07,Balboa,Honduras,31
4794,2023-11-18,Apulo,Nicaragua,67
4795,2021-09-03,Sunset Park,Costa Rica,6
4796,2022-09-07,Sunset Park,Mexico,50
4797,2022-09-06,Balboa,Nicaragua,24
4798,2022-06-07,Apulo,Canada,41
4799,2023-09-23,Cerro Verde,España,43
4800,2021-04-17,Sunset Park,Mexico,48
4801,2022-06-10,Balboa,Mexico,19
4802,2021-03-28,Puerta del Diablo,Estados Unidos,35
4803,2024-04-24,Amulapa,Estados Unidos,54
4804,2021-03-10,Balboa,Mexico,11
4805,2023-05-13,Balboa,Estados Unidos,43
4806,2022-06-19,Puerta del Diablo,Nicaragua,5
4807,2023-06-10,Amulapa,España,11
4808,2021-05-08,Cerro Verde,Costa Rica,75
4809,2021-03-06,Balboa,Guatemala,13
4810,2021-04-21,Balboa,Costa Rica,63
4811,2023-02-03,Amulapa,Costa Rica,79
4812,2023-04-26,Balboa,Guatemala,27
4813,2024-04-14,Apulo,Nicaragua,56
4814,2022-05-26,Sunset Park,Nicaragua,42
4815,2023-04-13,Apulo,Estados Unidos,22
4816,2022-01-08,Amulapa,Guatemala,20
4817,2024-02-21,Amulapa,España,50
4818,2022-07-26,Balboa,Canada,9
4819,2022-03-20,Balboa,Guatemala,50
4820,2022-10-16,Amulapa,Honduras,73
4821,2024-01-02,Puerta del Diablo,Costa Rica,47
4822,2024-07-01,Puerta del Diablo,Canada,60
4823,2023-09-28,Apulo,Guatemala,72
4824,2022-06-04,Balboa,Guatemala,75
4825,2021-07-07,Puerta del Diablo,Estados Unidos,74
4826,2021-01-26,Puerta del Diablo,Estados Unidos,48
4827,2023-05-25,Cerro Verde,Guatemala,21
4828,2024-04-30,Amulapa,Canada,18
4829,2021-11-06,Cerro Verde,Mexico,70
4830,2021-10-20,Amulapa,Honduras,79
4831,2021-03-09,Balboa,Mexico,64
4832,2021-10-15,Puerta del Diablo,Honduras,70
4833,2023-01-28,Apulo,Nicaragua,7
4834,2022-05-22,Sunset Park,Honduras,44
4835,2023-11-01,Apulo,Nicaragua,44
4836,2023-02-02,Balboa,Canada,77
4837,2022-12-10,Sunset Park,Nicaragua,9
4838,2021-07-22,Apulo,Estados Unidos,47
4839,2024-05-13,Apulo,Canada,5
4840,2023-08-11,Sunset Park,Nicaragua,20
4841,2024-12-03,Amulapa,Mexico,29
4842,2021-08-02,Cerro Verde,Costa Rica,65
4843,2022-06-24,Apulo,Canada,13
4844,2021-04-04,Balboa,Honduras,73
4845,2022-08-12,Amulapa,Estados Unidos,34
4846,2024-09-06,Apulo,España,12
4847,2021-03-24,Puerta del Diablo,Guatemala,32
4848,2022-07-06,Amulapa,Honduras,56
4849,2023-05-31,Apulo,España,25
4850,2024-03-23,Apulo,Costa Rica,22
4851,2023-07-04,Amulapa,Costa Rica,14
4852,2024-02-15,Apulo,Canada,74
4853,2023-02-28,Balboa,Mexico,62
4854,2024-02-24,Apulo,Nicaragua,18
4855,2021-10-24,Balboa,Canada,57
4856,2021-05-28,Balboa,Estados Unidos,58
4857,2021-10-02,Amulapa,España,61
4858,2023-01-31,Apulo,Canada,9
4859,2024-03-18,Apulo,Guatemala,39
4860,2024-04-01,Apulo,Honduras,67
4861,2022-09-10,Apulo,Honduras,12
4862,2023-05-17,Balboa,Estados Unidos,39
4863,2024-06-24,Balboa,Canada,79
4864,2022-12-27,Amulapa,España,69
4865,2021-06-11,Apulo,Estados Unidos,30
4866,2023-12-02,Balboa,Estados Unidos,36
4867,2023-10-16,Puerta del Diablo,Guatemala,38
4868,2021-08-26,Cerro Verde,Costa Rica,17
4869,2022-02-17,Sunset Park,Mexico,42
4870,2021-12-06,Amulapa,Nicaragua,71
4871,2021-10-09,Cerro Verde,España,70
4872,2023-07-16,Cerro Verde,Costa Rica,47
4873,2022-03-29,Sunset Park,Canada,72
4874,2021-08-18,Apulo,Estados Unidos,17
4875,2022-11-12,Cerro Verde,Mexico,43
4876,2023-12-28,Apulo,Canada,20
4877,2023-01-05,Apulo,Nicaragua,46
4878,2024-11-03,Puerta del Diablo,Mexico,77
4879,2021-11-11,Balboa,Estados Unidos,52
4880,2023-03-17,Sunset Park,Costa Rica,30
4881,2022-08-29,Sunset Park,Estados Unidos,58
4882,2021-03-14,Sunset Park,Costa Rica,78
4883,2022-04-29,Balboa,Honduras,25
4884,2023-07-19,Sunset Park,Nicaragua,62
4885,2024-07-28,Cerro Verde,Honduras,20
4886,2024-04-22,Sunset Park,Honduras,55
4887,2022-04-13,Amulapa,Nicaragua,17
4888,2024-04-13,Puerta del Diablo,Honduras,59
4889,2021-10-10,Apulo,Honduras,40
4890,2023-01-08,Apulo,Honduras,10
4891,2022-08-18,Puerta del Diablo,Nicaragua,43
4892,2024-08-26,Balboa,Canada,10
4893,2022-09-12,Balboa,España,9
4894,2023-06-08,Sunset Park,España,46
4895,2021-12-14,Sunset Park,España,18
4896,2021-05-30,Cerro Verde,Mexico,78
4897,2022-05-02,Apulo,Mexico,46
4898,2024-10-18,Sunset Park,Guatemala,47
4899,2021-11-21,Puerta del Diablo,Mexico,76
4900,2021-10-19,Balboa,Guatemala,12
4901,2021-06-05,Sunset Park,Guatemala,59
4902,2021-10-27,Balboa,Costa Rica,42
4903,2023-03-08,Apulo,Nicaragua,15
4904,2021-07-24,Cerro Verde,Guatemala,74
4905,2023-05-19,Amulapa,Mexico,38
4906,2024-10-13,Balboa,Mexico,47
4907,2023-05-28,Balboa,Mexico,20
4908,2024-02-29,Sunset Park,Costa Rica,8
4909,2021-04-21,Sunset Park,Estados Unidos,57
4910,2023-01-11,Apulo,Estados Unidos,44
4911,2024-10-12,Cerro Verde,España,42
4912,2021-12-02,Amulapa,España,65
4913,2021-12-11,Amulapa,Nicaragua,33
4914,2023-11-01,Sunset Park,Estados Unidos,42
4915,2022-10-05,Cerro Verde,Mexico,77
4916,2023-07-22,Cerro Verde,Honduras,55
4917,2024-04-22,Sunset Park,España,60
4918,2023-05-14,Balboa,Honduras,21
4919,2021-12-10,Puerta del Diablo,Costa Rica,15
4920,2022-05-24,Amulapa,Estados Unidos,67
4921,2023-10-17,Amulapa,Mexico,12
4922,2022-03-20,Apulo,Honduras,7
4923,2024-12-27,Cerro Verde,Nicaragua,48
4924,2022-12-16,Balboa,Honduras,79
4925,2021-06-01,Cerro Verde,Honduras,78
4926,2021-10-11,Sunset Park,Guatemala,19
4927,2022-09-14,Apulo,Guatemala,38
4928,2022-05-07,Apulo,España,30
4929,2021-07-19,Balboa,Mexico,66
4930,2023-11-19,Cerro Verde,España,21
4931,2024-01-11,Balboa,Estados Unidos,53
4932,2021-04-02,Sunset Park,Guatemala,11
4933,2022-05-07,Puerta del Diablo,Estados Unidos,30
4934,2021-03-07,Sunset Park,Nicaragua,46
4935,2022-10-07,Cerro Verde,Costa Rica,19
4936,2024-03-06,Puerta del Diablo,Canada,39
4937,2021-10-20,Puerta del Diablo,España,22
4938,2023-05-04,Amulapa,Costa Rica,66
4939,2021-07-11,Puerta del Diablo,Mexico,42
4940,2023-11-11,Sunset Park,Guatemala,59
4941,2022-07-05,Cerro Verde,Guatemala,27
4942,2021-10-17,Puerta del Diablo,Honduras,58
4943,2023-05-05,Balboa,Nicaragua,27
4944,2021-12-23,Amulapa,Nicaragua,38
4945,2022-01-22,Puerta del Diablo,Canada,5
4946,2024-06-12,Sunset Park,España,12
4947,2024-01-28,Balboa,Guatemala,12
4948,2023-09-22,Cerro Verde,Canada,11
4949,2021-08-19,Cerro Verde,Guatemala,39
4950,2023-03-02,Sunset Park,Honduras,67
4951,2023-04-18,Puerta del Diablo,Honduras,21
4952,2021-10-30,Cerro Verde,Guatemala,41
4953,2024-02-06,Apulo,Estados Unidos,79
4954,2022-09-17,Puerta del Diablo,Mexico,7
4955,2023-05-29,Amulapa,Mexico,22
4956,2022-07-23,Balboa,Honduras,65
4957,2021-10-18,Sunset Park,Mexico,61
4958,2022-10-09,Sunset Park,España,13
4959,2022-03-06,Balboa,Mexico,12
4960,2023-06-17,Puerta del Diablo,Nicaragua,72
4961,2024-07-31,Amulapa,Guatemala,54
4962,2023-04-21,Balboa,Guatemala,5
4963,2023-10-01,Balboa,Guatemala,18
4964,2023-07-15,Apulo,Honduras,59
4965,2021-10-21,Balboa,Nicaragua,43
4966,2023-04-30,Sunset Park,Mexico,13
4967,2021-10-15,Cerro Verde,Nicaragua,76
4968,2022-07-01,Puerta del Diablo,Honduras,25
4969,2024-11-20,Cerro Verde,Estados Unidos,47
4970,2022-05-14,Balboa,Honduras,63
4971,2024-06-07,Balboa,España,75
4972,2024-04-09,Amulapa,Guatemala,20
4973,2022-08-11,Apulo,Costa Rica,36
4974,2022-03-02,Amulapa,Canada,54
4975,2022-08-12,Sunset Park,Estados Unidos,39
4976,2021-03-22,Puerta del Diablo,Estados Unidos,78
4977,2024-05-16,Balboa,España,27
4978,2022-04-13,Sunset Park,Nicaragua,5
4979,2023-08-21,Cerro Verde,Costa Rica,35
4980,2024-10-26,Puerta del Diablo,Costa Rica,75
4981,2024-03-06,Puerta del Diablo,Estados Unidos,52
4982,2023-08-10,Apulo,Costa Rica,31
4983,2021-07-19,Sunset Park,Guatemala,6
4984,2021-11-17,Puerta del Diablo,Guatemala,26
4985,2024-11-23,Cerro Verde,Guatemala,78
4986,2021-07-11,Cerro Verde,Honduras,27
4987,2022-07-26,Amulapa,España,54
4988,2024-07-01,Amulapa,Nicaragua,62
4989,2021-07-29,Balboa,España,48
4990,2021-08-13,Balboa,Costa Rica,14
4991,2022-03-20,Cerro Verde,Honduras,27
4992,2021-02-16,Sunset Park,Mexico,67
4993,2023-11-08,Sunset Park,Guatemala,59
4994,2022-07-19,Cerro Verde,Nicaragua,62
4995,2023-05-27,Cerro Verde,Guatemala,17
4996,2021-03-06,Balboa,Estados Unidos,17
4997,2023-01-30,Cerro Verde,Nicaragua,33
4998,2022-03-05,Balboa,Nicaragua,6
4999,2024-02-07,Amulapa,Canada,56
5000,2023-07-17,Balboa,Costa Rica,58
5001,2024-01-09,Balboa,Mexico,13
5002,2022-11-02,Apulo,Honduras,32
5003,2023-04-09,Amulapa,Honduras,68
5004,2022-06-23,Sunset Park,Costa Rica,40
5005,2024-06-17,Cerro Verde,Guatemala,7
5006,2022-12-10,Apulo,Guatemala,73
5007,2024-10-26,Amulapa,Estados Unidos,40
5008,2021-07-24,Balboa,Estados Unidos,73
5009,2022-07-05,Apulo,Nicaragua,30
5010,2024-09-10,Apulo,Estados Unidos,18
5011,2021-10-21,Sunset Park,Mexico,71
5012,2024-01-26,Puerta del Diablo,España,23
5013,2022-10-22,Balboa,Nicaragua,33
5014,2022-10-27,Apulo,Costa Rica,79
5015,2021-12-27,Cerro Verde,Honduras,40
5016,2022-11-16,Amulapa,Canada,77
5017,2021-01-19,Puerta del Diablo,Estados Unidos,50
5018,2021-12-08,Puerta del Diablo,Costa Rica,60
5019,2024-08-08,Apulo,Estados Unidos,14
5020,2022-05-25,Puerta del Diablo,Estados Unidos,71
5021,2024-06-16,Puerta del Diablo,Guatemala,68
5022,2021-04-26,Amulapa,Guatemala,69
5023,2021-10-05,Apulo,Canada,36
5024,2023-02-06,Amulapa,Mexico,18
5025,2023-11-23,Sunset Park,Mexico,8
5026,2023-07-14,Cerro Verde,Estados Unidos,72
5027,2024-06-12,Balboa,Guatemala,60
5028,2022-06-23,Sunset Park,España,5
5029,2024-07-31,Balboa,Estados Unidos,8
5030,2022-05-03,Apulo,Mexico,19
5031,2023-11-21,Amulapa,Nicaragua,59
5032,2023-05-05,Amulapa,Guatemala,44
5033,2024-07-24,Balboa,Canada,61
5034,2024-11-30,Amulapa,España,11
5035,2021-01-11,Sunset Park,Estados Unidos,72
5036,2024-03-11,Cerro Verde,Canada,73
5037,2023-12-28,Sunset Park,Nicaragua,14
5038,2021-03-24,Amulapa,Estados Unidos,55
5039,2021-08-05,Puerta del Diablo,Canada,38
5040,2023-03-09,Amulapa,Canada,60
5041,2023-09-26,Amulapa,Honduras,59
5042,2022-06-21,Puerta del Diablo,Nicaragua,29
5043,2022-10-12,Sunset Park,Estados Unidos,23
5044,2023-03-01,Puerta del Diablo,Mexico,8
5045,2021-11-05,Sunset Park,Canada,36
5046,2022-06-21,Sunset Park,Honduras,36
5047,2024-12-02,Cerro Verde,Mexico,26
5048,2021-04-07,Cerro Verde,Nicaragua,62
5049,2023-01-06,Cerro Verde,Mexico,51
5050,2022-11-16,Puerta del Diablo,Mexico,32
5051,2023-02-21,Puerta del Diablo,Nicaragua,78
5052,2022-03-28,Balboa,Mexico,51
5053,2024-12-02,Sunset Park,Nicaragua,59
5054,2024-10-14,Sunset Park,Estados Unidos,21
5055,2022-04-12,Cerro Verde,Guatemala,46
5056,2023-03-19,Amulapa,Canada,46
5057,2022-07-09,Puerta del Diablo,Costa Rica,24
5058,2024-09-13,Cerro Verde,Mexico,44
5059,2021-01-21,Puerta del Diablo,Honduras,32
5060,2024-11-07,Amulapa,Nicaragua,78
5061,2022-04-20,Puerta del Diablo,Mexico,31
5062,2021-12-03,Sunset Park,Nicaragua,6
5063,2021-07-07,Puerta del Diablo,Honduras,59
5064,2023-01-02,Puerta del Diablo,Costa Rica,8
5065,2022-09-18,Sunset Park,Estados Unidos,46
5066,2022-04-24,Amulapa,Mexico,42
5067,2022-06-06,Amulapa,Nicaragua,70
5068,2024-12-28,Balboa,Canada,42
5069,2024-05-02,Sunset Park,Guatemala,47
5070,2023-08-14,Puerta del Diablo,Mexico,55
5071,2024-05-31,Puerta del Diablo,Mexico,18
5072,2021-12-26,Puerta del Diablo,Estados Unidos,53
5073,2022-03-28,Puerta del Diablo,Guatemala,5
5074,2021-07-21,Puerta del Diablo,Nicaragua,27
5075,2024-02-17,Sunset Park,España,42
5076,2023-02-03,Balboa,Nicaragua,18
5077,2024-10-25,Sunset Park,Canada,13
5078,2023-08-15,Sunset Park,Guatemala,26
5079,2022-06-19,Amulapa,Canada,38
5080,2022-11-03,Cerro Verde,Honduras,46
5081,2021-10-09,Puerta del Diablo,Mexico,58
5082,2023-04-06,Amulapa,Nicaragua,49
5083,2024-03-25,Puerta del Diablo,Nicaragua,18
5084,2024-08-22,Apulo,Estados Unidos,17
5085,2022-01-29,Puerta del Diablo,Guatemala,55
5086,2024-07-12,Balboa,Costa Rica,22
5087,2023-06-16,Sunset Park,Mexico,53
5088,2023-11-23,Balboa,Estados Unidos,7
5089,2024-08-31,Apulo,Honduras,68
5090,2024-07-19,Puerta del Diablo,Costa Rica,20
5091,2022-12-07,Apulo,Nicaragua,32
5092,2021-08-19,Cerro Verde,Estados Unidos,72
5093,2022-06-06,Cerro Verde,España,71
5094,2021-10-19,Apulo,Costa Rica,59
5095,2022-12-20,Apulo,Honduras,20
5096,2023-08-09,Puerta del Diablo,Mexico,66
5097,2021-02-23,Balboa,Costa Rica,66
5098,2023-11-21,Puerta del Diablo,Estados Unidos,74
5099,2021-10-09,Apulo,España,53
5100,2021-05-20,Sunset Park,Costa Rica,51
5101,2021-12-24,Apulo,Guatemala,26
5102,2024-04-13,Cerro Verde,Guatemala,28
5103,2022-01-15,Cerro Verde,Estados Unidos,13
5104,2021-10-12,Sunset Park,Canada,59
5105,2022-07-17,Amulapa,Costa Rica,18
5106,2024-12-04,Puerta del Diablo,Guatemala,45
5107,2021-01-18,Amulapa,Honduras,45
5108,2021-11-05,Cerro Verde,Estados Unidos,20
5109,2022-03-13,Cerro Verde,Mexico,59
5110,2021-08-12,Balboa,Nicaragua,26
5111,2023-05-03,Sunset Park,Nicaragua,53
5112,2022-07-25,Cerro Verde,Estados Unidos,30
5113,2023-11-11,Cerro Verde,Costa Rica,38
5114,2022-02-02,Amulapa,España,44
5115,2023-04-30,Cerro Verde,Estados Unidos,51
5116,2024-04-24,Puerta del Diablo,España,30
5117,2023-03-08,Sunset Park,Honduras,37
5118,2023-05-17,Balboa,Costa Rica,23
5119,2024-09-30,Amulapa,Honduras,19
5120,2022-12-08,Cerro Verde,España,24
5121,2022-07-31,Amulapa,Costa Rica,9
5122,2024-07-28,Balboa,Estados Unidos,49
5123,2024-01-23,Balboa,Guatemala,68
5124,2024-03-10,Balboa,Canada,28
5125,2022-09-08,Sunset Park,Mexico,39
5126,2021-04-21,Sunset Park,Mexico,35
5127,2021-08-23,Sunset Park,Costa Rica,18
5128,2022-09-11,Amulapa,Honduras,43
5129,2023-05-11,Apulo,España,54
5130,2022-06-16,Balboa,España,50
5131,2023-05-24,Apulo,Costa Rica,12
5132,2024-02-11,Puerta del Diablo,España,7
5133,2023-09-17,Balboa,Guatemala,46
5134,2023-10-30,Cerro Verde,Honduras,13
5135,2022-06-24,Balboa,Canada,67
5136,2022-06-22,Sunset Park,España,68
5137,2023-09-14,Balboa,España,15
5138,2021-07-22,Amulapa,Estados Unidos,11
5139,2023-02-17,Puerta del Diablo,España,24
5140,2023-01-13,Sunset Park,Estados Unidos,51
5141,2024-01-28,Sunset Park,Mexico,16
5142,2023-09-06,Sunset Park,Estados Unidos,53
5143,2021-04-01,Amulapa,Estados Unidos,40
5144,2022-02-09,Cerro Verde,Guatemala,25
5145,2021-11-07,Amulapa,Costa Rica,23
5146,2023-08-08,Puerta del Diablo,Estados Unidos,58
5147,2022-12-25,Amulapa,Mexico,50
5148,2023-07-22,Apulo,Nicaragua,31
5149,2022-07-13,Cerro Verde,Mexico,25
5150,2023-11-04,Amulapa,Canada,58
5151,2021-03-05,Apulo,Guatemala,18
5152,2021-02-08,Amulapa,Estados Unidos,76
5153,2023-06-01,Sunset Park,Estados Unidos,62
5154,2024-01-29,Sunset Park,Estados Unidos,9
5155,2021-05-04,Apulo,Costa Rica,11
5156,2023-09-21,Balboa,Canada,26
5157,2022-03-17,Puerta del Diablo,Honduras,46
5158,2024-11-21,Balboa,Honduras,72
5159,2022-04-15,Sunset Park,Nicaragua,32
5160,2021-01-08,Apulo,Costa Rica,17
5161,2023-11-03,Cerro Verde,Costa Rica,45
5162,2021-06-13,Sunset Park,Honduras,37
5163,2024-04-22,Sunset Park,Honduras,7
5164,2024-10-16,Cerro Verde,Canada,10
5165,2024-07-12,Balboa,Guatemala,68
5166,2022-12-28,Balboa,Mexico,58
5167,2024-03-12,Amulapa,Mexico,56
5168,2024-07-04,Amulapa,España,44
5169,2022-04-12,Balboa,Nicaragua,67
5170,2023-02-08,Sunset Park,Guatemala,68
5171,2022-03-22,Puerta del Diablo,Costa Rica,8
5172,2024-01-30,Apulo,Canada,42
5173,2022-01-25,Amulapa,Costa Rica,42
5174,2021-09-14,Apulo,España,11
5175,2022-01-09,Puerta del Diablo,Costa Rica,28
5176,2024-03-16,Balboa,Canada,40
5177,2024-09-27,Apulo,Estados Unidos,49
5178,2023-06-03,Balboa,España,28
5179,2022-04-01,Sunset Park,España,58
5180,2021-03-20,Puerta del Diablo,Canada,40
5181,2021-02-07,Apulo,Canada,23
5182,2022-03-26,Sunset Park,Nicaragua,27
5183,2022-01-21,Puerta del Diablo,Canada,25
5184,2021-09-30,Sunset Park,España,26
5185,2023-09-03,Amulapa,Mexico,51
5186,2023-09-11,Sunset Park,Mexico,79
5187,2023-03-31,Cerro Verde,Costa Rica,15
5188,2021-12-10,Balboa,Canada,57
5189,2021-08-10,Apulo,Canada,74
5190,2022-12-19,Sunset Park,Costa Rica,26
5191,2021-06-28,Sunset Park,Costa Rica,6
5192,2024-11-07,Sunset Park,Costa Rica,37
5193,2022-05-05,Puerta del Diablo,Mexico,30
5194,2022-04-12,Amulapa,Estados Unidos,61
5195,2022-07-30,Cerro Verde,Canada,10
5196,2023-01-15,Amulapa,Mexico,73
5197,2021-11-10,Apulo,Guatemala,62
5198,2024-07-29,Amulapa,Nicaragua,22
5199,2024-04-01,Balboa,Honduras,51
5200,2023-10-23,Cerro Verde,España,59
5201,2024-08-10,Amulapa,Honduras,73
5202,2022-08-03,Puerta del Diablo,Costa Rica,58
5203,2022-07-10,Cerro Verde,Costa Rica,36
5204,2022-07-16,Puerta del Diablo,Mexico,77
5205,2024-10-22,Puerta del Diablo,Costa Rica,15
5206,2022-10-27,Cerro Verde,Honduras,40
5207,2023-02-28,Apulo,España,54
5208,2021-11-23,Puerta del Diablo,Honduras,5
5209,2023-12-02,Balboa,España,76
5210,2023-08-04,Apulo,Mexico,20
5211,2023-07-04,Sunset Park,Mexico,6
5212,2024-11-21,Apulo,España,36
5213,2021-09-29,Sunset Park,Honduras,66
5214,2023-01-06,Apulo,Costa Rica,51
5215,2022-10-26,Apulo,Honduras,69
5216,2023-03-31,Cerro Verde,Estados Unidos,72
5217,2021-11-09,Apulo,Estados Unidos,33
5218,2021-08-22,Apulo,España,58
5219,2021-08-04,Cerro Verde,Canada,54
5220,2021-12-31,Sunset Park,Mexico,8
5221,2022-12-30,Balboa,Estados Unidos,73
5222,2022-07-05,Apulo,Honduras,23
5223,2022-04-08,Sunset Park,Nicaragua,46
5224,2022-10-06,Sunset Park,Mexico,16
5225,2023-02-28,Sunset Park,Mexico,52
5226,2021-02-01,Cerro Verde,Canada,63
5227,2023-08-06,Balboa,Mexico,64
5228,2023-02-09,Balboa,Estados Unidos,57
5229,2023-04-21,Sunset Park,Honduras,57
5230,2023-11-24,Balboa,Honduras,24
5231,2021-02-01,Balboa,Canada,41
5232,2022-06-19,Amulapa,Honduras,8
5233,2021-10-28,Apulo,Mexico,15
5234,2022-03-08,Cerro Verde,Estados Unidos,26
5235,2021-08-19,Apulo,Canada,15
5236,2021-12-05,Cerro Verde,Canada,61
5237,2022-04-13,Sunset Park,Nicaragua,56
5238,2024-07-02,Puerta del Diablo,Honduras,77
5239,2023-02-11,Amulapa,Estados Unidos,39
5240,2022-04-25,Apulo,Costa Rica,34
5241,2024-07-23,Balboa,España,5
5242,2024-10-01,Amulapa,Honduras,8
5243,2024-09-05,Apulo,España,31
5244,2021-06-26,Puerta del Diablo,Canada,51
5245,2022-07-28,Amulapa,Mexico,21
5246,2022-09-06,Amulapa,Estados Unidos,58
5247,2023-03-13,Puerta del Diablo,Costa Rica,47
5248,2023-04-10,Cerro Verde,Estados Unidos,51
5249,2024-01-29,Amulapa,España,17
5250,2022-08-06,Balboa,España,44
5251,2023-02-16,Amulapa,Guatemala,31
5252,2023-12-08,Balboa,Honduras,46
5253,2023-03-10,Amulapa,España,36
5254,2021-06-17,Balboa,Canada,47
5255,2021-12-14,Amulapa,Estados Unidos,14
5256,2024-01-13,Puerta del Diablo,Mexico,41
5257,2023-09-23,Cerro Verde,Guatemala,11
5258,2022-10-08,Sunset Park,Honduras,15
5259,2024-11-10,Cerro Verde,Mexico,61
5260,2021-04-21,Sunset Park,Estados Unidos,5
5261,2023-08-16,Puerta del Diablo,Honduras,21
5262,2022-12-03,Apulo,Guatemala,70
5263,2024-05-06,Sunset Park,Costa Rica,33
5264,2022-03-26,Apulo,Canada,66
5265,2021-04-12,Apulo,Estados Unidos,62
5266,2024-12-11,Cerro Verde,Costa Rica,52
5267,2021-10-15,Cerro Verde,Estados Unidos,67
5268,2022-09-30,Sunset Park,Guatemala,5
5269,2023-08-22,Apulo,Costa Rica,64
5270,2024-07-20,Puerta del Diablo,Honduras,43
5271,2023-08-06,Amulapa,España,45
5272,2022-05-16,Cerro Verde,Nicaragua,73
5273,2023-07-24,Balboa,Costa Rica,47
5274,2021-11-28,Puerta del Diablo,España,51
5275,2023-02-14,Puerta del Diablo,Mexico,21
5276,2023-08-22,Sunset Park,Costa Rica,21
5277,2021-06-14,Amulapa,Canada,34
5278,2022-02-12,Balboa,Estados Unidos,15
5279,2022-04-12,Balboa,Guatemala,58
5280,2021-02-16,Amulapa,Costa Rica,24
5281,2022-01-11,Balboa,España,44
5282,2022-05-29,Cerro Verde,España,10
5283,2021-07-02,Balboa,Mexico,7
5284,2024-06-02,Puerta del Diablo,Canada,10
5285,2023-05-10,Amulapa,Canada,45
5286,2023-02-06,Sunset Park,Guatemala,53
5287,2021-10-26,Cerro Verde,Estados Unidos,26
5288,2022-03-19,Apulo,Canada,6
5289,2021-05-10,Balboa,Estados Unidos,25
5290,2024-05-22,Cerro Verde,Estados Unidos,13
5291,2023-07-03,Sunset Park,Nicaragua,66
5292,2023-06-02,Apulo,Canada,21
5293,2021-04-15,Puerta del Diablo,Costa Rica,56
5294,2022-09-08,Balboa,Canada,7
5295,2023-12-15,Balboa,Nicaragua,39
5296,2021-11-04,Sunset Park,Costa Rica,64
5297,2024-03-13,Cerro Verde,Honduras,23
5298,2021-10-25,Amulapa,Canada,73
5299,2021-08-08,Cerro Verde,Estados Unidos,28
5300,2021-02-06,Apulo,Canada,78
5301,2021-12-30,Balboa,Mexico,35
5302,2024-10-14,Sunset Park,España,50
5303,2024-09-27,Cerro Verde,Honduras,52
5304,2024-11-16,Balboa,Honduras,27
5305,2024-07-10,Amulapa,Honduras,27
5306,2023-01-21,Cerro Verde,Nicaragua,13
5307,2021-09-23,Amulapa,Mexico,29
5308,2024-12-18,Puerta del Diablo,España,33
5309,2022-11-05,Amulapa,Mexico,51
5310,2021-01-07,Puerta del Diablo,Mexico,18
5311,2024-03-21,Balboa,Costa Rica,72
5312,2024-03-09,Balboa,Canada,46
5313,2021-03-13,Balboa,Canada,9
5314,2023-03-20,Amulapa,Costa Rica,5
5315,2023-09-05,Apulo,Honduras,34
5316,2021-08-11,Amulapa,Estados Unidos,31
5317,2022-09-11,Sunset Park,Canada,58
5318,2022-06-16,Apulo,España,25
5319,2023-07-05,Puerta del Diablo,Guatemala,31
5320,2021-04-23,Puerta del Diablo,Nicaragua,43
5321,2021-03-11,Puerta del Diablo,Estados Unidos,15
5322,2021-11-19,Cerro Verde,Honduras,64
5323,2021-10-13,Puerta del Diablo,Honduras,56
5324,2021-02-24,Amulapa,España,46
5325,2024-04-14,Puerta del Diablo,España,49
5326,2022-11-20,Cerro Verde,Guatemala,69
5327,2021-06-06,Balboa,Costa Rica,41
5328,2021-06-06,Sunset Park,Estados Unidos,42
5329,2021-05-05,Cerro Verde,Mexico,31
5330,2021-04-15,Apulo,Canada,72
5331,2023-07-24,Puerta del Diablo,Nicaragua,70
5332,2021-06-10,Sunset Park,Guatemala,70
5333,2022-08-07,Cerro Verde,Mexico,49
5334,2022-06-09,Cerro Verde,Costa Rica,34
5335,2024-10-17,Sunset Park,Canada,64
5336,2023-10-13,Sunset Park,Costa Rica,37
5337,2023-11-18,Sunset Park,Honduras,25
5338,2024-07-03,Apulo,Guatemala,56
5339,2024-10-23,Puerta del Diablo,Mexico,9
5340,2024-11-19,Amulapa,Estados Unidos,18
5341,2022-08-23,Cerro Verde,Honduras,6
5342,2024-12-11,Cerro Verde,España,59
5343,2023-01-23,Amulapa,Canada,75
5344,2024-07-16,Sunset Park,Costa Rica,23
5345,2024-09-07,Amulapa,Guatemala,65
5346,2024-12-28,Sunset Park,Canada,15
5347,2021-10-09,Sunset Park,Estados Unidos,7
5348,2022-07-26,Puerta del Diablo,Nicaragua,22
5349,2024-01-22,Balboa,España,50
5350,2021-09-12,Amulapa,Honduras,53
5351,2023-06-27,Apulo,Mexico,9
5352,2022-01-22,Amulapa,Guatemala,70
5353,2022-11-25,Amulapa,Costa Rica,33
5354,2024-02-02,Apulo,Guatemala,31
5355,2024-04-16,Cerro Verde,Costa Rica,78
5356,2024-05-30,Balboa,Guatemala,57
5357,2022-09-07,Puerta del Diablo,Honduras,77
5358,2024-10-17,Apulo,Guatemala,67
5359,2021-08-15,Sunset Park,Honduras,22
5360,2023-01-23,Sunset Park,España,43
5361,2024-02-08,Cerro Verde,Mexico,61
5362,2024-08-14,Apulo,Honduras,71
5363,2024-08-13,Apulo,Canada,18
5364,2021-08-30,Apulo,Honduras,15
5365,2023-12-24,Amulapa,Honduras,59
5366,2021-06-26,Cerro Verde,España,24
5367,2021-07-31,Cerro Verde,España,53
5368,2021-04-22,Cerro Verde,España,44
5369,2024-09-17,Puerta del Diablo,Honduras,29
5370,2022-01-21,Cerro Verde,Guatemala,36
5371,2023-09-02,Apulo,Nicaragua,64
5372,2023-04-04,Apulo,Honduras,74
5373,2021-03-02,Puerta del Diablo,Honduras,54
5374,2021-10-17,Sunset Park,España,42
5375,2024-04-06,Apulo,Guatemala,25
5376,2022-01-08,Sunset Park,Guatemala,69
5377,2021-10-31,Cerro Verde,Costa Rica,5
5378,2022-10-23,Sunset Park,Honduras,8
5379,2022-01-07,Amulapa,España,78
5380,2021-11-29,Amulapa,Canada,46
5381,2023-12-09,Apulo,Nicaragua,79
5382,2021-12-28,Puerta del Diablo,Nicaragua,8
5383,2021-05-10,Amulapa,Guatemala,30
5384,2022-06-16,Balboa,España,76
5385,2021-05-27,Sunset Park,Estados Unidos,66
5386,2021-05-06,Sunset Park,Nicaragua,51
5387,2021-03-30,Balboa,Canada,67
5388,2023-10-06,Sunset Park,Estados Unidos,53
5389,2023-02-27,Sunset Park,España,10
5390,2024-08-03,Sunset Park,Honduras,27
5391,2023-10-07,Cerro Verde,Guatemala,8
5392,2024-05-23,Cerro Verde,Canada,65
5393,2022-01-04,Sunset Park,Mexico,30
5394,2022-01-22,Balboa,Estados Unidos,31
5395,2023-06-02,Sunset Park,Estados Unidos,76
5396,2022-04-15,Sunset Park,Estados Unidos,26
5397,2024-03-08,Balboa,Guatemala,42
5398,2021-11-11,Apulo,Guatemala,12
5399,2021-02-25,Amulapa,Mexico,67
5400,2022-01-04,Cerro Verde,Mexico,27
5401,2021-02-24,Balboa,Costa Rica,16
5402,2023-07-12,Puerta del Diablo,Honduras,23
5403,2024-05-07,Sunset Park,Mexico,24
5404,2024-03-02,Sunset Park,Nicaragua,37
5405,2022-12-25,Puerta del Diablo,España,14
5406,2024-12-28,Apulo,Canada,79
5407,2024-07-07,Balboa,Canada,75
5408,2021-11-30,Amulapa,Nicaragua,24
5409,2023-09-29,Apulo,Estados Unidos,10
5410,2021-02-10,Amulapa,Guatemala,25
5411,2021-05-27,Puerta del Diablo,Canada,54
5412,2021-10-08,Sunset Park,Mexico,38
5413,2021-09-20,Sunset Park,Costa Rica,32
5414,2022-05-03,Puerta del Diablo,Costa Rica,57
5415,2021-07-07,Puerta del Diablo,Costa Rica,16
5416,2021-04-20,Amulapa,Nicaragua,62
5417,2023-07-13,Amulapa,Guatemala,58
5418,2024-11-25,Puerta del Diablo,Mexico,69
5419,2022-09-21,Amulapa,Costa Rica,55
5420,2024-11-20,Apulo,Honduras,18
5421,2024-05-26,Sunset Park,Nicaragua,41
5422,2022-12-07,Amulapa,España,32
5423,2023-04-28,Cerro Verde,Mexico,74
5424,2024-04-18,Balboa,Guatemala,11
5425,2024-09-02,Sunset Park,Estados Unidos,35
5426,2024-02-25,Cerro Verde,Costa Rica,8
5427,2024-02-16,Puerta del Diablo,Mexico,31
5428,2024-03-11,Balboa,Costa Rica,43
5429,2023-04-21,Sunset Park,Costa Rica,28
5430,2022-09-29,Balboa,España,38
5431,2024-01-07,Amulapa,España,5
5432,2021-03-08,Apulo,Mexico,60
5433,2024-06-19,Balboa,Honduras,44
5434,2022-06-01,Sunset Park,Nicaragua,79
5435,2023-04-11,Puerta del Diablo,Guatemala,64
5436,2021-02-28,Puerta del Diablo,Costa Rica,65
5437,2023-04-06,Balboa,Canada,28
5438,2021-06-30,Amulapa,Estados Unidos,28
5439,2022-12-14,Sunset Park,España,61
5440,2022-09-28,Puerta del Diablo,Costa Rica,55
5441,2022-07-10,Balboa,Honduras,76
5442,2022-09-07,Sunset Park,Nicaragua,11
5443,2022-09-16,Puerta del Diablo,Mexico,78
5444,2022-01-04,Apulo,Costa Rica,68
5445,2024-01-01,Cerro Verde,Canada,59
5446,2023-08-28,Amulapa,Honduras,22
5447,2023-07-12,Balboa,España,52
5448,2022-06-10,Sunset Park,Honduras,73
5449,2021-04-17,Sunset Park,España,12
5450,2021-09-20,Puerta del Diablo,Estados Unidos,76
5451,2024-02-15,Apulo,España,13
5452,2024-09-05,Amulapa,Estados Unidos,15
5453,2021-12-20,Balboa,Mexico,12
5454,2023-03-11,Cerro Verde,España,34
5455,2022-02-20,Puerta del Diablo,Costa Rica,48
5456,2024-05-30,Balboa,Estados Unidos,31
5457,2022-02-07,Balboa,Costa Rica,6
5458,2021-11-28,Balboa,Guatemala,28
5459,2023-04-02,Sunset Park,Honduras,35
5460,2021-09-30,Apulo,Guatemala,57
5461,2023-03-28,Amulapa,Estados Unidos,78
5462,2023-02-18,Sunset Park,Guatemala,63
5463,2022-08-26,Amulapa,Costa Rica,22
5464,2021-05-30,Puerta del Diablo,Canada,75
5465,2021-01-25,Cerro Verde,España,21
5466,2023-10-19,Balboa,España,77
5467,2024-12-23,Puerta del Diablo,Honduras,55
5468,2023-03-16,Amulapa,Estados Unidos,49
5469,2023-02-18,Apulo,España,65
5470,2021-02-13,Sunset Park,Estados Unidos,5
5471,2021-08-16,Apulo,Estados Unidos,34
5472,2021-12-23,Apulo,Mexico,32
5473,2024-04-08,Puerta del Diablo,Honduras,34
5474,2023-03-06,Puerta del Diablo,Guatemala,40
5475,2022-08-01,Puerta del Diablo,Costa Rica,27
5476,2022-12-23,Apulo,Canada,52
5477,2023-11-23,Amulapa,Canada,52
5478,2021-01-02,Balboa,Nicaragua,56
5479,2024-02-15,Puerta del Diablo,Canada,38
5480,2021-08-10,Sunset Park,Costa Rica,36
5481,2022-10-12,Puerta del Diablo,Nicaragua,68
5482,2022-06-29,Sunset Park,Canada,41
5483,2021-03-10,Puerta del Diablo,Nicaragua,59
5484,2021-04-20,Amulapa,Mexico,9
5485,2023-01-09,Amulapa,Canada,8
5486,2022-06-20,Puerta del Diablo,España,50
5487,2022-04-11,Cerro Verde,Costa Rica,34
5488,2022-08-07,Balboa,Estados Unidos,14
5489,2023-12-25,Apulo,Honduras,62
5490,2021-01-31,Sunset Park,España,13
5491,2022-06-22,Balboa,España,11
5492,2022-08-16,Cerro Verde,Canada,65
5493,2023-09-16,Amulapa,Costa Rica,62
5494,2022-08-26,Cerro Verde,Canada,25
5495,2024-05-20,Puerta del Diablo,Honduras,67
5496,2024-06-09,Sunset Park,Estados Unidos,20
5497,2022-07-13,Balboa,Nicaragua,22
5498,2021-04-25,Sunset Park,Guatemala,54
5499,2021-12-14,Amulapa,Honduras,18
5500,2023-07-28,Sunset Park,Estados Unidos,66
5501,2023-11-02,Amulapa,Nicaragua,26
5502,2021-09-27,Apulo,Mexico,16
5503,2021-03-29,Puerta del Diablo,Costa Rica,52
5504,2021-04-05,Amulapa,Mexico,61
5505,2021-04-28,Cerro Verde,Nicaragua,64
5506,2023-11-22,Apulo,Nicaragua,23
5507,2021-12-03,Cerro Verde,Nicaragua,29
5508,2023-09-12,Balboa,Estados Unidos,71
5509,2024-07-11,Apulo,Guatemala,33
5510,2021-12-29,Cerro Verde,Guatemala,50
5511,2024-03-19,Sunset Park,Guatemala,70
5512,2021-11-19,Sunset Park,Estados Unidos,39
5513,2022-04-24,Puerta del Diablo,Mexico,32
5514,2024-08-19,Amulapa,Canada,68
5515,2023-11-28,Cerro Verde,Estados Unidos,27
5516,2021-02-18,Apulo,Costa Rica,51
5517,2022-07-27,Balboa,Estados Unidos,36
5518,2023-02-07,Sunset Park,Estados Unidos,73
5519,2021-02-19,Apulo,Nicaragua,49
5520,2023-01-03,Amulapa,Costa Rica,15
5521,2024-05-10,Puerta del Diablo,Nicaragua,63
5522,2021-03-16,Puerta del Diablo,Mexico,78
5523,2024-02-28,Balboa,Honduras,61
5524,2021-07-24,Sunset Park,Guatemala,46
5525,2022-04-08,Amulapa,Mexico,66
5526,2023-12-06,Cerro Verde,Mexico,26
5527,2023-12-02,Amulapa,Canada,21
5528,2023-06-01,Cerro Verde,España,15
5529,2023-02-16,Sunset Park,Costa Rica,7
5530,2023-10-01,Balboa,Honduras,62
5531,2024-08-08,Balboa,Nicaragua,73
5532,2021-06-15,Puerta del Diablo,Costa Rica,69
5533,2024-11-02,Cerro Verde,España,50
5534,2022-02-24,Puerta del Diablo,Honduras,10
5535,2024-01-27,Cerro Verde,Honduras,78
5536,2023-10-05,Apulo,Mexico,17
5537,2021-06-29,Apulo,Mexico,14
5538,2023-04-30,Balboa,Estados Unidos,21
5539,2022-05-23,Amulapa,Guatemala,14
5540,2024-11-25,Cerro Verde,Mexico,76
5541,2021-08-27,Balboa,Canada,19
5542,2022-07-26,Puerta del Diablo,España,30
5543,2021-10-02,Amulapa,Mexico,70
5544,2021-11-02,Amulapa,Honduras,25
5545,2022-05-07,Puerta del Diablo,Canada,76
5546,2022-04-16,Puerta del Diablo,Mexico,21
5547,2022-01-10,Puerta del Diablo,Nicaragua,25
5548,2022-11-08,Apulo,Costa Rica,69
5549,2022-04-01,Balboa,Canada,64
5550,2021-07-10,Cerro Verde,Mexico,7
5551,2022-07-31,Amulapa,Costa Rica,58
5552,2023-12-13,Cerro Verde,Estados Unidos,37
5553,2022-07-25,Amulapa,España,32
5554,2024-08-16,Balboa,Honduras,46
5555,2023-04-22,Balboa,Mexico,33
5556,2021-01-03,Balboa,Costa Rica,66
5557,2024-05-23,Balboa,Mexico,60
5558,2024-09-02,Amulapa,Costa Rica,7
5559,2021-04-07,Puerta del Diablo,Costa Rica,28
5560,2021-04-12,Sunset Park,Mexico,30
5561,2022-10-29,Cerro Verde,Canada,28
5562,2023-02-15,Amulapa,Canada,18
5563,2022-07-30,Amulapa,Canada,79
5564,2023-07-08,Cerro Verde,Honduras,72
5565,2022-07-06,Cerro Verde,Mexico,57
5566,2024-03-23,Cerro Verde,Mexico,71
5567,2024-08-25,Apulo,Canada,63
5568,2022-12-04,Amulapa,Canada,16
5569,2024-02-13,Apulo,Honduras,5
5570,2022-03-31,Balboa,Honduras,28
5571,2021-08-31,Balboa,Guatemala,9
5572,2022-12-28,Amulapa,Nicaragua,39
5573,2021-06-29,Apulo,Estados Unidos,49
5574,2022-09-09,Puerta del Diablo,Nicaragua,41
5575,2021-02-06,Balboa,Guatemala,56
5576,2024-09-03,Puerta del Diablo,Canada,33
5577,2024-02-28,Apulo,España,25
5578,2024-05-22,Puerta del Diablo,Honduras,31
5579,2024-05-17,Puerta del Diablo,Canada,25
5580,2021-01-05,Puerta del Diablo,Nicaragua,62
5581,2024-05-23,Balboa,Nicaragua,26
5582,2022-08-25,Puerta del Diablo,Estados Unidos,38
5583,2023-11-27,Balboa,Honduras,6
5584,2021-08-26,Sunset Park,España,6
5585,2021-06-29,Puerta del Diablo,Canada,34
5586,2021-08-18,Sunset Park,Guatemala,56
5587,2022-10-11,Puerta del Diablo,Nicaragua,17
5588,2022-06-10,Sunset Park,España,19
5589,2021-04-06,Apulo,Costa Rica,7
5590,2022-03-11,Sunset Park,Canada,37
5591,2023-09-29,Sunset Park,Canada,79
5592,2023-12-28,Cerro Verde,Canada,15
5593,2023-10-01,Amulapa,Costa Rica,59
5594,2023-09-10,Amulapa,Costa Rica,25
5595,2023-12-20,Amulapa,Costa Rica,43
5596,2023-08-25,Sunset Park,Honduras,68
5597,2024-11-10,Sunset Park,Honduras,43
5598,2022-01-23,Amulapa,Guatemala,53
5599,2022-04-03,Balboa,Nicaragua,59
5600,2024-09-29,Puerta del Diablo,Nicaragua,54
5601,2021-11-03,Amulapa,España,51
5602,2022-03-12,Cerro Verde,Costa Rica,46
5603,2023-10-18,Balboa,Estados Unidos,7
5604,2022-06-24,Cerro Verde,España,50
5605,2022-12-21,Puerta del Diablo,Estados Unidos,45
5606,2022-07-18,Sunset Park,Guatemala,41
5607,2021-05-27,Puerta del Diablo,Estados Unidos,66
5608,2024-11-27,Sunset Park,Nicaragua,32
5609,2021-02-13,Cerro Verde,España,11
5610,2022-10-28,Amulapa,Costa Rica,46
5611,2022-02-09,Sunset Park,España,78
5612,2024-01-15,Amulapa,Guatemala,56
5613,2023-07-25,Puerta del Diablo,Nicaragua,17
5614,2024-07-18,Sunset Park,Nicaragua,25
5615,2021-03-13,Puerta del Diablo,Honduras,49
5616,2021-11-08,Puerta del Diablo,Estados Unidos,6
5617,2024-10-13,Balboa,Nicaragua,55
5618,2024-02-08,Amulapa,Canada,16
5619,2021-11-10,Puerta del Diablo,Canada,22
5620,2021-06-28,Amulapa,Honduras,10
5621,2022-12-12,Balboa,Mexico,48
5622,2024-07-06,Apulo,Guatemala,11
5623,2024-04-15,Amulapa,Estados Unidos,35
5624,2024-08-21,Balboa,Honduras,10
5625,2024-11-16,Sunset Park,Estados Unidos,58
5626,2023-03-02,Apulo,Honduras,46
5627,2024-12-25,Balboa,Nicaragua,20
5628,2023-07-07,Amulapa,Canada,9
5629,2022-07-27,Balboa,Nicaragua,23
5630,2024-06-26,Cerro Verde,Estados Unidos,55
5631,2023-09-07,Balboa,Canada,39
5632,2022-01-22,Apulo,Honduras,11
5633,2023-02-07,Amulapa,Nicaragua,72
5634,2022-07-15,Sunset Park,Nicaragua,32
5635,2024-02-22,Balboa,Estados Unidos,60
5636,2024-04-04,Amulapa,Estados Unidos,65
5637,2021-08-18,Sunset Park,Guatemala,68
5638,2022-12-01,Puerta del Diablo,Honduras,55
5639,2022-08-18,Amulapa,Canada,31
5640,2024-04-21,Balboa,Canada,57
5641,2023-03-08,Sunset Park,España,63
5642,2024-03-09,Puerta del Diablo,Guatemala,44
5643,2021-07-25,Amulapa,Mexico,72
5644,2024-02-10,Amulapa,Nicaragua,24
5645,2024-02-08,Apulo,Canada,64
5646,2023-02-25,Puerta del Diablo,Honduras,76
5647,2024-02-06,Puerta del Diablo,Canada,16
5648,2024-05-13,Balboa,Guatemala,24
5649,2022-08-18,Balboa,España,46
5650,2023-04-09,Sunset Park,Costa Rica,19
5651,2023-09-13,Puerta del Diablo,Mexico,55
5652,2022-11-27,Amulapa,España,21
5653,2024-09-09,Puerta del Diablo,Estados Unidos,76
5654,2021-08-14,Puerta del Diablo,Mexico,67
5655,2024-11-02,Cerro Verde,Honduras,34
5656,2021-04-30,Sunset Park,España,28
5657,2022-03-17,Balboa,Costa Rica,54
5658,2021-03-10,Amulapa,Canada,68
5659,2024-03-13,Apulo,Canada,40
5660,2023-09-12,Amulapa,Honduras,45
5661,2022-12-01,Puerta del Diablo,Mexico,48
5662,2021-08-01,Amulapa,Guatemala,55
5663,2021-09-12,Amulapa,Estados Unidos,57
5664,2021-07-16,Apulo,Costa Rica,8
5665,2024-01-07,Apulo,Nicaragua,47
5666,2021-01-30,Balboa,Nicaragua,31
5667,2021-12-12,Sunset Park,Nicaragua,70
5668,2021-08-16,Cerro Verde,Canada,9
5669,2022-04-28,Sunset Park,Nicaragua,61
5670,2023-10-08,Apulo,Estados Unidos,41
5671,2023-02-28,Sunset Park,Canada,39
5672,2023-06-20,Amulapa,Costa Rica,20
5673,2021-08-08,Cerro Verde,Canada,13
5674,2023-04-30,Cerro Verde,Honduras,26
5675,2024-01-08,Cerro Verde,Nicaragua,73
5676,2024-08-07,Apulo,Canada,28
5677,2024-02-19,Sunset Park,Costa Rica,18
5678,2021-04-29,Balboa,España,10
5679,2023-07-16,Cerro Verde,Canada,52
5680,2024-12-18,Balboa,Canada,43
5681,2021-06-21,Balboa,Honduras,24
5682,2022-08-13,Apulo,Costa Rica,26
5683,2023-08-28,Cerro Verde,Estados Unidos,62
5684,2022-09-06,Apulo,Nicaragua,38
5685,2023-09-04,Apulo,Mexico,36
5686,2021-12-28,Sunset Park,Honduras,72
5687,2021-12-15,Apulo,Estados Unidos,51
5688,2023-07-06,Sunset Park,Costa Rica,22
5689,2022-03-07,Sunset Park,Costa Rica,45
5690,2023-05-27,Cerro Verde,Estados Unidos,25
5691,2022-01-21,Amulapa,Guatemala,76
5692,2024-09-03,Balboa,Guatemala,27
5693,2023-11-05,Cerro Verde,Canada,62
5694,2024-05-26,Amulapa,Honduras,21
5695,2022-03-17,Amulapa,Nicaragua,65
5696,2023-04-17,Sunset Park,Costa Rica,64
5697,2024-06-01,Puerta del Diablo,Costa Rica,13
5698,2021-01-17,Balboa,Canada,48
5699,2024-05-27,Balboa,Guatemala,36
5700,2021-07-11,Puerta del Diablo,España,45
5701,2022-10-16,Cerro Verde,Costa Rica,35
5702,2024-02-16,Puerta del Diablo,Honduras,5
5703,2024-10-18,Puerta del Diablo,Nicaragua,29
5704,2024-10-28,Cerro Verde,Guatemala,16
5705,2024-11-26,Puerta del Diablo,Honduras,45
5706,2022-04-26,Puerta del Diablo,Canada,35
5707,2021-10-20,Sunset Park,Estados Unidos,79
5708,2023-12-14,Apulo,Costa Rica,69
5709,2022-02-19,Cerro Verde,Honduras,10
5710,2021-03-23,Amulapa,Costa Rica,73
5711,2023-12-12,Sunset Park,Canada,60
5712,2022-11-29,Cerro Verde,Mexico,73
5713,2024-09-15,Amulapa,Guatemala,15
5714,2022-10-19,Puerta del Diablo,Nicaragua,33
5715,2023-06-16,Sunset Park,España,11
5716,2021-11-21,Amulapa,Mexico,32
5717,2021-08-09,Amulapa,Nicaragua,24
5718,2023-06-10,Amulapa,España,61
5719,2024-04-11,Amulapa,Canada,18
5720,2021-06-07,Balboa,Costa Rica,46
5721,2021-08-21,Amulapa,Estados Unidos,36
5722,2022-08-07,Balboa,Estados Unidos,21
5723,2024-10-10,Puerta del Diablo,Mexico,49
5724,2021-05-11,Amulapa,Canada,32
5725,2023-12-25,Balboa,Canada,79
5726,2022-09-01,Puerta del Diablo,España,50
5727,2023-02-11,Apulo,Guatemala,29
5728,2022-08-29,Sunset Park,Estados Unidos,63
5729,2024-11-23,Amulapa,Mexico,50
5730,2021-12-24,Cerro Verde,Nicaragua,26
5731,2024-09-11,Amulapa,Mexico,35
5732,2024-06-11,Amulapa,Canada,74
5733,2021-02-04,Apulo,Mexico,37
5734,2024-06-03,Puerta del Diablo,Canada,36
5735,2022-06-23,Amulapa,Mexico,23
5736,2023-04-25,Balboa,Nicaragua,7
5737,2022-11-12,Cerro Verde,Guatemala,30
5738,2021-06-17,Sunset Park,Canada,44
5739,2023-06-12,Puerta del Diablo,Guatemala,53
5740,2024-10-04,Sunset Park,Guatemala,59
5741,2023-04-06,Cerro Verde,Canada,46
5742,2023-11-27,Sunset Park,Nicaragua,51
5743,2022-03-18,Amulapa,Mexico,37
5744,2024-12-21,Balboa,Mexico,26
5745,2022-03-05,Cerro Verde,Estados Unidos,52
5746,2021-05-20,Cerro Verde,Guatemala,38
5747,2021-02-28,Puerta del Diablo,España,56
5748,2023-07-11,Apulo,Canada,19
5749,2024-10-01,Balboa,Canada,63
5750,2024-11-18,Puerta del Diablo,Honduras,60
5751,2024-12-27,Cerro Verde,España,16
5752,2021-09-16,Balboa,Canada,68
5753,2024-11-01,Cerro Verde,Mexico,49
5754,2021-03-05,Cerro Verde,Canada,15
5755,2023-02-13,Puerta del Diablo,España,58
5756,2022-11-26,Balboa,Canada,39
5757,2021-07-13,Sunset Park,Estados Unidos,38
5758,2022-12-20,Cerro Verde,España,55
5759,2022-10-04,Cerro Verde,Canada,33
5760,2023-03-10,Amulapa,Guatemala,41
5761,2021-06-20,Puerta del Diablo,Guatemala,53
5762,2021-11-17,Sunset Park,Guatemala,24
5763,2022-08-10,Balboa,Honduras,48
5764,2022-08-17,Sunset Park,Costa Rica,52
5765,2022-09-07,Balboa,Honduras,41
5766,2021-11-17,Balboa,Mexico,64
5767,2021-10-08,Sunset Park,Nicaragua,69
5768,2023-09-21,Puerta del Diablo,Canada,14
5769,2023-08-21,Sunset Park,Mexico,5
5770,2021-10-22,Puerta del Diablo,España,58
5771,2021-06-18,Puerta del Diablo,Guatemala,32
5772,2022-01-02,Sunset Park,Costa Rica,47
5773,2021-04-05,Cerro Verde,Canada,69
5774,2022-01-10,Apulo,Costa Rica,11
5775,2024-04-16,Puerta del Diablo,Mexico,14
5776,2023-12-17,Puerta del Diablo,Costa Rica,22
5777,2022-09-30,Balboa,Honduras,17
5778,2024-11-27,Cerro Verde,Honduras,31
5779,2023-03-27,Balboa,Canada,27
5780,2024-07-31,Sunset Park,Nicaragua,33
5781,2023-12-02,Cerro Verde,Mexico,18
5782,2022-11-07,Sunset Park,Mexico,16
5783,2022-10-10,Sunset Park,Nicaragua,69
5784,2024-04-29,Cerro Verde,Guatemala,54
5785,2023-10-30,Sunset Park,España,27
5786,2022-04-12,Sunset Park,Nicaragua,52
5787,2021-04-03,Amulapa,Costa Rica,41
5788,2021-05-14,Amulapa,Nicaragua,41
5789,2024-04-07,Apulo,España,64
5790,2024-11-04,Cerro Verde,España,23
5791,2022-09-11,Apulo,Nicaragua,29
5792,2024-02-09,Sunset Park,Honduras,48
5793,2021-11-12,Cerro Verde,Nicaragua,73
5794,2022-04-25,Apulo,Mexico,37
5795,2023-10-25,Amulapa,Costa Rica,15
5796,2022-01-16,Puerta del Diablo,España,65
5797,2023-11-04,Amulapa,Canada,41
5798,2024-03-28,Amulapa,España,18
5799,2024-07-28,Cerro Verde,España,73
5800,2021-06-05,Sunset Park,Mexico,28
5801,2022-03-24,Sunset Park,Honduras,71
5802,2022-08-12,Amulapa,Honduras,60
5803,2022-05-07,Cerro Verde,Estados Unidos,7
5804,2022-06-20,Cerro Verde,España,22
5805,2023-10-03,Amulapa,Guatemala,22
5806,2023-08-14,Puerta del Diablo,Canada,54
5807,2023-11-05,Amulapa,Honduras,23
5808,2024-09-26,Apulo,Canada,6
5809,2022-07-20,Sunset Park,España,64
5810,2022-08-23,Amulapa,Estados Unidos,10
5811,2022-08-14,Apulo,Costa Rica,49
5812,2023-10-26,Puerta del Diablo,Costa Rica,29
5813,2023-11-29,Sunset Park,Canada,51
5814,2024-04-29,Amulapa,Nicaragua,62
5815,2024-05-08,Cerro Verde,Estados Unidos,74
5816,2022-08-11,Sunset Park,Estados Unidos,66
5817,2024-01-07,Sunset Park,Estados Unidos,24
5818,2022-01-20,Balboa,España,22
5819,2022-01-15,Amulapa,Estados Unidos,69
5820,2022-10-22,Amulapa,Nicaragua,30
5821,2021-04-02,Balboa,Guatemala,43
5822,2024-04-15,Puerta del Diablo,Mexico,39
5823,2021-03-31,Balboa,Estados Unidos,29
5824,2023-11-08,Cerro Verde,Nicaragua,51
5825,2022-06-19,Puerta del Diablo,Mexico,7
5826,2024-02-04,Apulo,Estados Unidos,23
5827,2022-02-06,Amulapa,España,18
5828,2022-04-01,Apulo,Mexico,66
5829,2024-12-29,Amulapa,Guatemala,17
5830,2023-04-08,Sunset Park,España,66
5831,2024-02-14,Sunset Park,Estados Unidos,40
5832,2022-02-12,Apulo,Mexico,49
5833,2021-02-19,Cerro Verde,Estados Unidos,11
5834,2022-08-19,Balboa,Mexico,28
5835,2021-02-06,Sunset Park,Estados Unidos,28
5836,2022-11-28,Amulapa,Nicaragua,63
5837,2024-03-27,Puerta del Diablo,España,30
5838,2022-02-09,Apulo,Estados Unidos,68
5839,2024-11-23,Balboa,Costa Rica,76
5840,2024-09-30,Sunset Park,Honduras,48
5841,2023-08-25,Cerro Verde,Honduras,37
5842,2023-07-17,Balboa,Honduras,6
5843,2023-09-10,Cerro Verde,Canada,43
5844,2021-04-25,Puerta del Diablo,Canada,18
5845,2023-12-07,Cerro Verde,Canada,51
5846,2022-03-02,Amulapa,Canada,54
5847,2023-09-30,Apulo,Nicaragua,33
5848,2021-04-01,Apulo,Honduras,19
5849,2022-06-01,Sunset Park,Honduras,35
5850,2022-04-14,Amulapa,Guatemala,44
5851,2022-04-16,Balboa,Estados Unidos,54
5852,2023-06-01,Sunset Park,Mexico,40
5853,2024-01-31,Amulapa,Guatemala,39
5854,2024-07-24,Puerta del Diablo,Mexico,35
5855,2024-06-02,Amulapa,Guatemala,79
5856,2024-05-09,Sunset Park,Canada,9
5857,2023-07-10,Cerro Verde,Canada,75
5858,2021-06-22,Balboa,Canada,41
5859,2023-03-25,Apulo,Guatemala,24
5860,2023-05-01,Apulo,España,62
5861,2021-11-16,Sunset Park,Mexico,10
5862,2023-05-30,Balboa,Guatemala,63
5863,2023-03-13,Amulapa,Canada,42
5864,2024-05-04,Apulo,Canada,60
5865,2022-11-22,Apulo,España,18
5866,2023-10-05,Puerta del Diablo,Costa Rica,10
5867,2021-11-29,Apulo,Canada,39
5868,2024-11-23,Amulapa,España,44
5869,2021-11-19,Cerro Verde,Mexico,64
5870,2023-12-17,Sunset Park,Estados Unidos,33
5871,2021-03-10,Amulapa,Costa Rica,63
5872,2022-06-06,Balboa,España,71
5873,2023-07-03,Cerro Verde,Canada,73
5874,2021-05-04,Puerta del Diablo,España,13
5875,2024-07-11,Puerta del Diablo,Estados Unidos,24
5876,2021-09-29,Puerta del Diablo,Nicaragua,40
5877,2023-04-20,Amulapa,España,40
5878,2022-10-06,Cerro Verde,Estados Unidos,19
5879,2022-12-29,Balboa,Estados Unidos,11
5880,2024-11-28,Balboa,Costa Rica,79
5881,2021-01-30,Cerro Verde,España,23
5882,2023-07-17,Amulapa,Estados Unidos,30
5883,2024-03-22,Puerta del Diablo,Guatemala,25
5884,2022-04-24,Balboa,Mexico,25
5885,2021-02-18,Cerro Verde,Guatemala,64
5886,2023-05-30,Apulo,Guatemala,30
5887,2022-08-24,Amulapa,Canada,68
5888,2024-02-28,Balboa,Nicaragua,22
5889,2022-12-01,Sunset Park,Honduras,54
5890,2023-02-05,Puerta del Diablo,Estados Unidos,10
5891,2023-08-21,Amulapa,Nicaragua,14
5892,2022-04-14,Apulo,Guatemala,20
5893,2022-06-26,Puerta del Diablo,Costa Rica,65
5894,2024-09-21,Apulo,España,37
5895,2023-05-27,Balboa,Guatemala,46
5896,2021-09-13,Apulo,España,60
5897,2021-04-02,Sunset Park,Estados Unidos,6
5898,2022-06-13,Balboa,Guatemala,47
5899,2024-06-08,Puerta del Diablo,Mexico,68
5900,2024-01-11,Balboa,Mexico,54
5901,2021-02-07,Puerta del Diablo,Estados Unidos,47
5902,2021-11-12,Apulo,Nicaragua,30
5903,2023-01-14,Amulapa,Estados Unidos,75
5904,2021-02-25,Sunset Park,Mexico,32
5905,2022-10-30,Cerro Verde,Canada,64
5906,2022-01-02,Apulo,España,41
5907,2022-10-09,Amulapa,Estados Unidos,47
5908,2023-08-04,Balboa,Honduras,27
5909,2022-05-05,Amulapa,Estados Unidos,57
5910,2024-08-15,Amulapa,Guatemala,73
5911,2023-11-25,Apulo,Costa Rica,18
5912,2023-10-29,Balboa,Canada,39
5913,2024-10-28,Apulo,España,72
5914,2024-04-21,Apulo,España,51
5915,2022-02-05,Sunset Park,Nicaragua,67
5916,2021-01-21,Balboa,Honduras,22
5917,2022-04-20,Sunset Park,Honduras,36
5918,2021-08-19,Apulo,Guatemala,36
5919,2021-05-31,Apulo,Mexico,30
5920,2024-06-15,Balboa,Canada,23
5921,2021-07-14,Amulapa,España,41
5922,2021-01-31,Sunset Park,Mexico,16
5923,2023-12-04,Cerro Verde,Honduras,40
5924,2021-03-13,Sunset Park,Costa Rica,42
5925,2024-01-07,Apulo,Canada,75
5926,2022-10-29,Puerta del Diablo,Nicaragua,79
5927,2024-02-20,Amulapa,Nicaragua,5
5928,2024-08-21,Sunset Park,Canada,19
5929,2024-03-22,Cerro Verde,Estados Unidos,79
5930,2022-09-04,Amulapa,Honduras,7
5931,2022-03-20,Puerta del Diablo,Estados Unidos,60
5932,2024-05-24,Sunset Park,Estados Unidos,55
5933,2021-02-11,Puerta del Diablo,España,30
5934,2021-12-12,Apulo,Estados Unidos,15
5935,2024-02-05,Amulapa,Nicaragua,65
5936,2021-01-31,Amulapa,Guatemala,45
5937,2023-06-05,Apulo,Estados Unidos,71
5938,2023-07-28,Cerro Verde,Costa Rica,71
5939,2024-12-06,Balboa,Canada,22
5940,2021-01-31,Puerta del Diablo,España,18
5941,2021-11-27,Cerro Verde,Guatemala,52
5942,2024-01-23,Sunset Park,Canada,57
5943,2024-08-27,Apulo,Guatemala,73
5944,2021-01-13,Sunset Park,Canada,11
5945,2022-08-29,Balboa,Estados Unidos,76
5946,2021-05-17,Puerta del Diablo,Honduras,45
5947,2023-12-03,Cerro Verde,Estados Unidos,6
5948,2022-11-19,Balboa,Costa Rica,74
5949,2023-03-28,Puerta del Diablo,Mexico,46
5950,2023-03-18,Apulo,Estados Unidos,55
5951,2022-05-27,Balboa,Guatemala,8
5952,2024-07-07,Sunset Park,Honduras,71
5953,2021-01-13,Cerro Verde,Guatemala,68
5954,2023-09-04,Amulapa,Costa Rica,24
5955,2023-12-04,Cerro Verde,Canada,31
5956,2021-02-22,Cerro Verde,Honduras,51
5957,2021-01-10,Balboa,España,69
5958,2024-05-02,Balboa,Estados Unidos,35
5959,2022-12-16,Apulo,Canada,50
5960,2022-01-22,Balboa,Guatemala,7
5961,2022-08-07,Amulapa,Canada,21
5962,2021-10-30,Sunset Park,Nicaragua,46
5963,2021-01-09,Amulapa,Costa Rica,26
5964,2023-03-25,Sunset Park,Costa Rica,45
5965,2021-10-10,Sunset Park,Guatemala,47
5966,2024-02-22,Apulo,Estados Unidos,63
5967,2023-09-09,Amulapa,Estados Unidos,16
5968,2024-09-04,Puerta del Diablo,Nicaragua,73
5969,2023-02-06,Cerro Verde,España,27
5970,2021-06-15,Puerta del Diablo,Costa Rica,13
5971,2023-12-20,Sunset Park,Costa Rica,11
5972,2024-05-06,Balboa,Nicaragua,56
5973,2024-08-16,Cerro Verde,España,11
5974,2024-12-12,Apulo,Guatemala,22
5975,2023-12-12,Balboa,Guatemala,68
5976,2023-12-07,Puerta del Diablo,Guatemala,5
5977,2024-07-19,Puerta del Diablo,Mexico,50
5978,2023-11-24,Sunset Park,Honduras,6
5979,2021-08-14,Apulo,Guatemala,18
5980,2023-06-22,Sunset Park,Canada,68
5981,2024-05-09,Apulo,Guatemala,53
5982,2023-01-27,Apulo,Nicaragua,7
5983,2022-07-23,Cerro Verde,España,25
5984,2021-05-07,Amulapa,Guatemala,38
5985,2023-08-28,Apulo,Honduras,56
5986,2024-04-16,Amulapa,Mexico,59
5987,2021-06-17,Amulapa,Costa Rica,24
5988,2021-06-06,Puerta del Diablo,Nicaragua,42
5989,2024-11-22,Puerta del Diablo,Canada,77
5990,2022-02-02,Puerta del Diablo,Estados Unidos,52
5991,2022-03-21,Puerta del Diablo,Costa Rica,19
5992,2022-07-04,Balboa,Nicaragua,60
5993,2021-01-08,Cerro Verde,Canada,13
5994,2022-08-09,Sunset Park,Honduras,17
5995,2021-06-06,Sunset Park,Canada,36
5996,2023-09-06,Balboa,Mexico,24
5997,2024-12-17,Sunset Park,Guatemala,25
5998,2022-05-25,Balboa,Estados Unidos,31
5999,2022-11-23,Sunset Park,Mexico,64
6000,2024-06-23,Sunset Park,Mexico,79
6001,2022-11-20,Cerro Verde,España,19
6002,2023-02-25,Apulo,Canada,12
6003,2023-11-21,Apulo,Estados Unidos,64
6004,2023-01-18,Balboa,Costa Rica,77
6005,2021-03-01,Puerta del Diablo,Costa Rica,41
6006,2023-06-29,Cerro Verde,Honduras,24
6007,2021-10-28,Amulapa,Costa Rica,56
6008,2021-03-29,Puerta del Diablo,Costa Rica,14
6009,2021-07-09,Cerro Verde,Nicaragua,23
6010,2023-01-03,Puerta del Diablo,Guatemala,14
6011,2023-09-21,Balboa,Costa Rica,26
6012,2023-04-17,Balboa,Mexico,52
6013,2021-03-12,Cerro Verde,Nicaragua,29
6014,2024-02-13,Sunset Park,Mexico,28
6015,2022-01-02,Cerro Verde,Canada,30
6016,2022-04-10,Balboa,Mexico,19
6017,2023-06-14,Apulo,Costa Rica,39
6018,2022-10-03,Sunset Park,Guatemala,68
6019,2023-07-17,Puerta del Diablo,España,11
6020,2022-12-08,Sunset Park,Nicaragua,58
6021,2021-05-08,Cerro Verde,Nicaragua,64
6022,2024-10-03,Apulo,Honduras,9
6023,2021-08-23,Cerro Verde,Nicaragua,8
6024,2022-11-26,Amulapa,Honduras,15
6025,2022-02-03,Sunset Park,Canada,33
6026,2022-07-05,Apulo,España,12
6027,2022-06-18,Puerta del Diablo,Mexico,53
6028,2024-04-27,Cerro Verde,Costa Rica,47
6029,2022-11-21,Puerta del Diablo,Estados Unidos,22
6030,2023-01-02,Sunset Park,Nicaragua,61
6031,2021-10-01,Amulapa,Estados Unidos,53
6032,2023-04-09,Cerro Verde,Nicaragua,22
6033,2023-02-18,Cerro Verde,Costa Rica,28
6034,2022-11-10,Cerro Verde,Guatemala,39
6035,2022-03-26,Apulo,Nicaragua,66
6036,2022-11-16,Cerro Verde,Canada,49
6037,2024-08-07,Amulapa,Guatemala,33
6038,2022-09-07,Apulo,Estados Unidos,69
6039,2024-05-31,Balboa,Costa Rica,21
6040,2023-11-21,Cerro Verde,España,68
6041,2022-04-03,Balboa,Nicaragua,59
6042,2024-06-13,Puerta del Diablo,Canada,71
6043,2024-07-21,Sunset Park,Honduras,41
6044,2021-08-11,Amulapa,Nicaragua,60
6045,2024-09-06,Cerro Verde,Guatemala,26
6046,2024-10-01,Puerta del Diablo,Estados Unidos,61
6047,2022-11-20,Balboa,Estados Unidos,66
6048,2022-07-30,Apulo,Mexico,6
6049,2024-07-10,Apulo,Costa Rica,37
6050,2021-11-09,Balboa,Nicaragua,49
6051,2024-02-23,Puerta del Diablo,Nicaragua,35
6052,2024-09-25,Cerro Verde,España,63
6053,2022-07-15,Puerta del Diablo,Guatemala,16
6054,2021-01-21,Apulo,España,21
6055,2023-02-19,Cerro Verde,Canada,70
6056,2023-08-31,Balboa,Honduras,37
6057,2024-05-11,Balboa,Estados Unidos,19
6058,2022-12-19,Sunset Park,España,77
6059,2024-06-23,Balboa,Estados Unidos,16
6060,2023-10-15,Sunset Park,Canada,48
6061,2022-05-19,Balboa,Honduras,56
6062,2021-06-08,Apulo,Honduras,9
6063,2022-10-05,Amulapa,Guatemala,70
6064,2024-06-22,Apulo,Mexico,49
6065,2024-08-15,Sunset Park,Costa Rica,57
6066,2022-11-19,Cerro Verde,Guatemala,32
6067,2021-01-23,Sunset Park,Honduras,25
6068,2023-08-15,Puerta del Diablo,Costa Rica,18
6069,2021-09-28,Puerta del Diablo,Guatemala,5
6070,2023-03-25,Sunset Park,Costa Rica,26
6071,2023-02-01,Amulapa,Honduras,8
6072,2022-03-16,Sunset Park,Honduras,12
6073,2021-12-17,Cerro Verde,Canada,70
6074,2023-10-02,Balboa,Mexico,20
6075,2021-01-14,Amulapa,Mexico,20
6076,2023-09-17,Apulo,Estados Unidos,48
6077,2021-02-17,Balboa,Costa Rica,40
6078,2021-06-01,Sunset Park,Nicaragua,53
6079,2023-08-07,Apulo,Estados Unidos,63
6080,2022-07-13,Apulo,Costa Rica,16
6081,2022-10-02,Sunset Park,Honduras,68
6082,2021-12-04,Apulo,Mexico,48
6083,2024-11-03,Balboa,Guatemala,30
6084,2023-12-23,Apulo,España,63
6085,2022-04-04,Balboa,Costa Rica,11
6086,2022-02-13,Amulapa,Costa Rica,64
6087,2021-10-22,Balboa,Mexico,76
6088,2021-01-12,Puerta del Diablo,Canada,35
6089,2023-01-22,Amulapa,Canada,76
6090,2024-01-14,Apulo,Guatemala,79
6091,2021-11-26,Sunset Park,Costa Rica,41
6092,2024-10-20,Cerro Verde,Mexico,66
6093,2023-07-08,Puerta del Diablo,Canada,50
6094,2023-05-15,Balboa,Costa Rica,70
6095,2021-12-23,Amulapa,Honduras,73
6096,2024-09-26,Puerta del Diablo,Honduras,7
6097,2021-08-02,Puerta del Diablo,Nicaragua,51
6098,2022-02-05,Amulapa,Nicaragua,34
6099,2022-01-12,Cerro Verde,Honduras,53
6100,2023-10-01,Sunset Park,Guatemala,68
6101,2024-06-28,Cerro Verde,Estados Unidos,49
6102,2022-09-04,Balboa,Mexico,52
6103,2022-06-24,Sunset Park,Mexico,36
6104,2023-03-22,Sunset Park,Guatemala,21
6105,2024-02-15,Amulapa,España,39
6106,2024-12-22,Puerta del Diablo,Canada,20
6107,2022-11-28,Puerta del Diablo,Canada,73
6108,2022-06-10,Apulo,Mexico,57
6109,2023-07-12,Sunset Park,Nicaragua,36
6110,2023-12-16,Cerro Verde,Nicaragua,71
6111,2022-01-10,Cerro Verde,Mexico,30
6112,2024-05-31,Amulapa,Estados Unidos,63
6113,2024-04-13,Puerta del Diablo,Mexico,25
6114,2023-06-27,Apulo,Costa Rica,15
6115,2022-09-15,Sunset Park,España,70
6116,2024-01-15,Puerta del Diablo,Honduras,70
6117,2024-01-01,Sunset Park,Costa Rica,8
6118,2021-01-16,Puerta del Diablo,Nicaragua,31
6119,2022-10-27,Amulapa,Estados Unidos,65
6120,2023-09-17,Apulo,Honduras,71
6121,2022-01-05,Sunset Park,Canada,40
6122,2024-04-11,Puerta del Diablo,Canada,29
6123,2022-11-21,Amulapa,Nicaragua,54
6124,2024-05-19,Apulo,Costa Rica,45
6125,2024-10-04,Balboa,Honduras,65
6126,2021-05-01,Cerro Verde,Canada,37
6127,2023-05-02,Apulo,Mexico,73
6128,2021-10-16,Apulo,Nicaragua,54
6129,2024-05-01,Sunset Park,Costa Rica,8
6130,2023-11-22,Amulapa,Nicaragua,40
6131,2023-03-08,Sunset Park,España,43
6132,2024-10-13,Balboa,Honduras,28
6133,2023-03-02,Cerro Verde,Estados Unidos,33
6134,2024-05-10,Cerro Verde,Canada,24
6135,2023-06-27,Apulo,Mexico,47
6136,2022-04-28,Cerro Verde,Honduras,15
6137,2021-06-24,Balboa,España,39
6138,2022-04-02,Amulapa,Honduras,78
6139,2024-01-04,Amulapa,Costa Rica,15
6140,2023-06-26,Puerta del Diablo,Honduras,10
6141,2022-02-26,Puerta del Diablo,Nicaragua,43
6142,2022-01-14,Sunset Park,Guatemala,38
6143,2022-12-09,Puerta del Diablo,España,15
6144,2022-04-12,Balboa,Nicaragua,27
6145,2021-01-06,Apulo,Mexico,73
6146,2024-09-28,Sunset Park,Guatemala,10
6147,2024-09-12,Amulapa,España,73
6148,2021-04-19,Balboa,Costa Rica,43
6149,2024-06-08,Puerta del Diablo,España,53
6150,2023-02-22,Balboa,Canada,61
6151,2024-07-12,Sunset Park,Mexico,20
6152,2024-01-15,Apulo,España,30
6153,2024-11-19,Apulo,Guatemala,53
6154,2023-11-07,Apulo,Honduras,42
6155,2021-11-25,Cerro Verde,Nicaragua,36
6156,2024-08-18,Balboa,Estados Unidos,17
6157,2021-12-05,Balboa,Guatemala,69
6158,2024-10-05,Cerro Verde,Mexico,64
6159,2022-04-15,Sunset Park,Nicaragua,64
6160,2022-10-14,Sunset Park,España,60
6161,2021-04-10,Puerta del Diablo,Guatemala,19
6162,2024-07-10,Sunset Park,España,14
6163,2023-06-05,Amulapa,Honduras,68
6164,2023-09-28,Sunset Park,Canada,6
6165,2022-08-26,Apulo,Estados Unidos,74
6166,2023-08-04,Amulapa,Guatemala,49
6167,2023-10-22,Amulapa,Mexico,64
6168,2022-08-13,Balboa,España,19
6169,2023-03-28,Apulo,Estados Unidos,76
6170,2024-05-02,Balboa,Guatemala,62
6171,2021-12-09,Balboa,Honduras,63
6172,2022-10-28,Balboa,Honduras,40
6173,2023-07-10,Puerta del Diablo,Costa Rica,38
6174,2022-12-20,Apulo,Guatemala,74
6175,2023-07-14,Cerro Verde,Canada,29
6176,2022-05-20,Amulapa,España,59
6177,2023-08-18,Cerro Verde,Costa Rica,64
6178,2023-07-13,Puerta del Diablo,España,28
6179,2021-06-16,Apulo,Costa Rica,8
6180,2024-09-09,Puerta del Diablo,Estados Unidos,25
6181,2024-05-30,Puerta del Diablo,Estados Unidos,25
6182,2021-11-13,Amulapa,España,20
6183,2022-01-29,Apulo,Guatemala,9
6184,2022-05-05,Amulapa,Nicaragua,23
6185,2022-06-06,Amulapa,Costa Rica,47
6186,2024-06-26,Sunset Park,Estados Unidos,48
6187,2024-09-27,Cerro Verde,Costa Rica,34
6188,2022-04-09,Cerro Verde,Canada,52
6189,2024-06-08,Balboa,Canada,39
6190,2023-02-05,Balboa,Canada,61
6191,2021-09-08,Cerro Verde,Nicaragua,78
6192,2022-02-28,Amulapa,Costa Rica,7
6193,2021-06-20,Apulo,Mexico,77
6194,2021-01-13,Puerta del Diablo,Guatemala,57
6195,2022-11-02,Puerta del Diablo,Honduras,48
6196,2024-10-14,Puerta del Diablo,Canada,15
6197,2024-07-30,Apulo,Honduras,65
6198,2021-07-09,Apulo,Guatemala,56
6199,2023-04-05,Apulo,Estados Unidos,58
6200,2022-01-23,Apulo,Honduras,7
6201,2022-05-11,Amulapa,Costa Rica,46
6202,2023-05-17,Apulo,Nicaragua,43
6203,2021-10-22,Apulo,Mexico,39
6204,2022-10-03,Balboa,Nicaragua,21
6205,2024-05-22,Apulo,Nicaragua,13
6206,2021-01-22,Cerro Verde,Nicaragua,64
6207,2024-01-07,Balboa,España,76
6208,2021-05-11,Balboa,España,20
6209,2022-07-04,Amulapa,Canada,36
6210,2024-11-01,Balboa,Honduras,71
6211,2022-07-20,Apulo,Costa Rica,22
6212,2023-04-21,Puerta del Diablo,Mexico,76
6213,2024-08-14,Sunset Park,España,63
6214,2024-04-01,Apulo,Guatemala,6
6215,2021-07-08,Sunset Park,Guatemala,71
6216,2022-07-08,Cerro Verde,Costa Rica,19
6217,2023-11-10,Apulo,Canada,43
6218,2024-07-24,Amulapa,Costa Rica,78
6219,2024-11-14,Apulo,España,60
6220,2021-01-22,Sunset Park,Estados Unidos,73
6221,2024-06-06,Cerro Verde,Mexico,76
6222,2023-05-05,Balboa,Honduras,69
6223,2023-06-07,Balboa,España,16
6224,2023-11-17,Cerro Verde,Canada,43
6225,2022-09-03,Balboa,Mexico,43
6226,2023-08-04,Sunset Park,Canada,11
6227,2021-05-20,Sunset Park,Costa Rica,59
6228,2021-04-20,Cerro Verde,Costa Rica,10
6229,2021-09-13,Amulapa,Estados Unidos,15
6230,2024-08-13,Balboa,Canada,11
6231,2024-04-17,Balboa,Canada,14
6232,2021-04-08,Apulo,España,40
6233,2022-12-21,Balboa,Mexico,75
6234,2021-12-22,Puerta del Diablo,Costa Rica,12
6235,2024-02-13,Apulo,Estados Unidos,35
6236,2021-08-30,Amulapa,Honduras,39
6237,2021-10-08,Puerta del Diablo,Honduras,46
6238,2023-05-28,Amulapa,Costa Rica,22
6239,2022-04-19,Puerta del Diablo,Guatemala,66
6240,2021-05-25,Puerta del Diablo,Nicaragua,25
6241,2022-02-26,Amulapa,Costa Rica,25
6242,2022-05-01,Cerro Verde,Canada,31
6243,2023-02-05,Balboa,España,14
6244,2022-09-13,Apulo,Mexico,39
6245,2022-12-18,Sunset Park,Nicaragua,33
6246,2022-07-12,Cerro Verde,Nicaragua,69
6247,2023-04-03,Amulapa,Honduras,41
6248,2021-12-12,Apulo,Costa Rica,6
6249,2024-08-06,Amulapa,Honduras,26
6250,2021-09-17,Puerta del Diablo,Estados Unidos,69
6251,2023-02-09,Cerro Verde,Canada,47
6252,2021-11-10,Amulapa,España,22
6253,2023-05-18,Apulo,España,44
6254,2021-05-21,Amulapa,Canada,43
6255,2021-09-11,Balboa,Mexico,18
6256,2024-08-09,Balboa,Mexico,77
6257,2022-01-28,Cerro Verde,Costa Rica,28
6258,2021-05-16,Balboa,Guatemala,58
6259,2023-08-04,Balboa,Guatemala,53
6260,2024-04-28,Puerta del Diablo,Honduras,39
6261,2021-04-07,Cerro Verde,Nicaragua,64
6262,2021-10-13,Sunset Park,Mexico,29
6263,2022-08-16,Cerro Verde,España,21
6264,2022-09-28,Puerta del Diablo,Nicaragua,27
6265,2021-08-15,Cerro Verde,Mexico,57
6266,2022-05-17,Apulo,Guatemala,54
6267,2024-12-02,Cerro Verde,Canada,42
6268,2022-09-13,Cerro Verde,España,59
6269,2023-11-12,Puerta del Diablo,Nicaragua,70
6270,2021-11-20,Cerro Verde,Canada,10
6271,2021-06-28,Apulo,Nicaragua,48
6272,2023-01-28,Amulapa,Costa Rica,76
6273,2024-05-09,Cerro Verde,Costa Rica,8
6274,2022-09-20,Amulapa,Costa Rica,70
6275,2024-11-24,Balboa,Guatemala,68
6276,2022-07-19,Apulo,Canada,52
6277,2022-11-19,Cerro Verde,Mexico,7
6278,2021-07-06,Sunset Park,Canada,36
6279,2021-10-28,Amulapa,Costa Rica,31
6280,2022-03-21,Cerro Verde,Mexico,48
6281,2021-03-23,Balboa,Honduras,62
6282,2024-06-01,Balboa,Estados Unidos,67
6283,2024-01-04,Balboa,Canada,30
6284,2024-01-23,Apulo,Canada,6
6285,2022-04-17,Sunset Park,Nicaragua,58
6286,2022-02-15,Apulo,Honduras,47
6287,2023-11-21,Cerro Verde,Mexico,59
6288,2024-05-06,Sunset Park,Guatemala,6
6289,2024-05-27,Puerta del Diablo,Costa Rica,45
6290,2022-08-14,Amulapa,Nicaragua,30
6291,2022-07-23,Amulapa,Estados Unidos,70
6292,2022-06-09,Cerro Verde,Guatemala,19
6293,2022-11-27,Amulapa,Nicaragua,69
6294,2022-05-27,Apulo,Nicaragua,36
6295,2022-11-10,Puerta del Diablo,España,54
6296,2021-04-06,Cerro Verde,Estados Unidos,23
6297,2024-08-23,Cerro Verde,Guatemala,18
6298,2023-05-02,Sunset Park,Mexico,65
6299,2022-01-02,Apulo,Guatemala,67
6300,2023-10-21,Balboa,Nicaragua,58
6301,2024-01-11,Amulapa,España,52
6302,2021-05-05,Amulapa,Honduras,76
6303,2023-10-20,Puerta del Diablo,Estados Unidos,16
6304,2021-01-14,Apulo,Costa Rica,19
6305,2021-02-25,Balboa,Nicaragua,54
6306,2022-02-06,Amulapa,Honduras,64
6307,2021-04-07,Amulapa,Honduras,48
6308,2023-01-21,Puerta del Diablo,Honduras,38
6309,2022-07-20,Cerro Verde,Canada,10
6310,2024-08-25,Puerta del Diablo,Guatemala,31
6311,2023-07-28,Apulo,Canada,61
6312,2024-01-23,Sunset Park,Guatemala,31
6313,2023-11-08,Sunset Park,Estados Unidos,65
6314,2022-01-22,Puerta del Diablo,Estados Unidos,42
6315,2024-12-30,Sunset Park,Mexico,78
6316,2024-03-29,Apulo,España,56
6317,2022-01-21,Balboa,España,52
6318,2022-01-07,Sunset Park,Guatemala,41
6319,2021-05-19,Apulo,Canada,61
6320,2022-05-29,Puerta del Diablo,Honduras,49
6321,2023-05-13,Puerta del Diablo,Mexico,13
6322,2022-04-28,Apulo,Honduras,35
6323,2024-12-07,Apulo,Costa Rica,64
6324,2024-05-29,Sunset Park,España,8
6325,2021-04-07,Balboa,España,54
6326,2023-06-18,Puerta del Diablo,Nicaragua,37
6327,2021-11-12,Apulo,Guatemala,5
6328,2024-02-27,Balboa,Guatemala,20
6329,2023-02-01,Puerta del Diablo,Costa Rica,6
6330,2021-04-22,Apulo,Canada,77
6331,2021-05-13,Balboa,Estados Unidos,56
6332,2023-01-20,Sunset Park,Canada,10
6333,2024-04-18,Puerta del Diablo,Mexico,53
6334,2022-04-26,Cerro Verde,Estados Unidos,16
6335,2023-01-11,Apulo,Nicaragua,76
6336,2021-11-10,Cerro Verde,Costa Rica,59
6337,2024-03-27,Amulapa,Estados Unidos,45
6338,2022-06-14,Puerta del Diablo,España,5
6339,2021-06-13,Sunset Park,Canada,78
6340,2022-07-21,Puerta del Diablo,Costa Rica,5
6341,2023-04-22,Sunset Park,Honduras,68
6342,2024-08-28,Puerta del Diablo,España,47
6343,2022-07-26,Balboa,Nicaragua,10
6344,2024-01-23,Cerro Verde,Nicaragua,6
6345,2022-08-13,Balboa,Nicaragua,7
6346,2021-12-07,Puerta del Diablo,Honduras,48
6347,2021-08-03,Balboa,España,22
6348,2021-05-29,Amulapa,Costa Rica,67
6349,2023-07-17,Puerta del Diablo,Honduras,62
6350,2024-03-27,Puerta del Diablo,Costa Rica,25
6351,2023-07-26,Puerta del Diablo,España,28
6352,2021-02-27,Sunset Park,Guatemala,78
6353,2021-07-09,Sunset Park,Guatemala,66
6354,2023-07-26,Apulo,Honduras,74
6355,2022-02-06,Sunset Park,Estados Unidos,21
6356,2022-02-26,Cerro Verde,Estados Unidos,68
6357,2022-02-10,Puerta del Diablo,Honduras,41
6358,2023-12-05,Puerta del Diablo,Canada,70
6359,2021-02-24,Amulapa,Guatemala,64
6360,2022-02-27,Amulapa,Costa Rica,19
6361,2021-04-18,Sunset Park,Mexico,75
6362,2021-01-16,Sunset Park,Guatemala,40
6363,2024-10-09,Cerro Verde,Nicaragua,51
6364,2023-04-10,Amulapa,España,52
6365,2022-04-03,Puerta del Diablo,Canada,60
6366,2021-07-23,Balboa,Estados Unidos,73
6367,2023-06-23,Sunset Park,Costa Rica,54
6368,2022-02-23,Balboa,España,50
6369,2024-12-10,Cerro Verde,Costa Rica,34
6370,2022-08-24,Sunset Park,Estados Unidos,34
6371,2024-04-10,Cerro Verde,Costa Rica,11
6372,2021-08-21,Cerro Verde,Canada,54
6373,2024-05-27,Sunset Park,Estados Unidos,55
6374,2023-10-16,Balboa,Estados Unidos,21
6375,2023-12-16,Puerta del Diablo,Estados Unidos,9
6376,2023-05-01,Puerta del Diablo,Mexico,68
6377,2023-05-13,Puerta del Diablo,Mexico,13
6378,2022-10-10,Balboa,Mexico,63
6379,2023-06-03,Apulo,Costa Rica,69
6380,2023-02-08,Balboa,Canada,23
6381,2024-01-21,Balboa,Canada,37
6382,2024-04-09,Puerta del Diablo,España,54
6383,2023-06-04,Cerro Verde,Canada,63
6384,2022-01-04,Puerta del Diablo,Estados Unidos,22
6385,2024-01-19,Balboa,Nicaragua,76
6386,2022-07-31,Balboa,Mexico,6
6387,2023-12-19,Apulo,Canada,74
6388,2022-04-22,Apulo,Nicaragua,42
6389,2021-10-24,Cerro Verde,Guatemala,33
6390,2023-09-12,Apulo,Costa Rica,8
6391,2024-11-18,Apulo,Mexico,50
6392,2022-02-25,Cerro Verde,Honduras,64
6393,2023-07-02,Sunset Park,España,11
6394,2023-06-03,Sunset Park,Mexico,48
6395,2021-01-14,Balboa,Estados Unidos,69
6396,2024-01-13,Sunset Park,Guatemala,59
6397,2022-06-12,Balboa,Guatemala,21
6398,2021-01-18,Balboa,Estados Unidos,46
6399,2021-08-25,Apulo,Nicaragua,63
6400,2024-12-17,Apulo,Honduras,44
6401,2021-01-04,Sunset Park,Canada,63
6402,2024-05-26,Amulapa,Honduras,65
6403,2022-10-15,Cerro Verde,Canada,48
6404,2021-02-23,Cerro Verde,Mexico,12
6405,2022-12-30,Balboa,Guatemala,57
6406,2024-07-24,Cerro Verde,Estados Unidos,42
6407,2022-02-01,Apulo,Canada,47
6408,2021-12-01,Balboa,Guatemala,24
6409,2023-03-10,Cerro Verde,Costa Rica,36
6410,2022-06-01,Balboa,Mexico,21
6411,2021-12-07,Puerta del Diablo,Honduras,55
6412,2024-09-26,Puerta del Diablo,Estados Unidos,34
6413,2021-09-22,Balboa,Canada,55
6414,2023-10-07,Puerta del Diablo,Honduras,52
6415,2023-12-05,Cerro Verde,Mexico,25
6416,2022-05-26,Apulo,Canada,27
6417,2024-11-17,Apulo,Costa Rica,30
6418,2021-05-17,Puerta del Diablo,Honduras,17
6419,2021-07-25,Balboa,España,71
6420,2021-01-22,Apulo,Estados Unidos,69
6421,2022-05-31,Cerro Verde,Guatemala,54
6422,2023-07-28,Puerta del Diablo,Nicaragua,24
6423,2024-03-26,Amulapa,Estados Unidos,23
6424,2024-03-13,Apulo,Guatemala,69
6425,2021-01-15,Amulapa,España,43
6426,2023-02-15,Cerro Verde,Canada,27
6427,2021-11-26,Amulapa,Canada,29
6428,2024-07-18,Balboa,Honduras,49
6429,2024-02-08,Puerta del Diablo,Costa Rica,44
6430,2022-04-01,Sunset Park,Costa Rica,46
6431,2022-07-07,Sunset Park,Honduras,40
6432,2023-05-10,Cerro Verde,Costa Rica,41
6433,2024-05-21,Puerta del Diablo,Estados Unidos,20
6434,2022-05-04,Cerro Verde,Costa Rica,65
6435,2021-11-29,Balboa,Canada,77
6436,2024-04-25,Balboa,España,39
6437,2024-08-05,Apulo,Guatemala,36
6438,2021-08-02,Amulapa,Honduras,61
6439,2024-07-18,Apulo,Mexico,61
6440,2022-04-15,Apulo,Guatemala,78
6441,2022-06-15,Apulo,Costa Rica,6
6442,2024-04-12,Sunset Park,Guatemala,28
6443,2022-04-05,Apulo,Nicaragua,38
6444,2022-09-16,Sunset Park,Guatemala,33
6445,2023-01-27,Balboa,Mexico,66
6446,2022-04-18,Amulapa,España,35
6447,2021-08-06,Cerro Verde,Honduras,66
6448,2024-09-30,Apulo,Estados Unidos,42
6449,2024-05-27,Apulo,España,62
6450,2021-08-19,Puerta del Diablo,Costa Rica,79
6451,2022-04-23,Balboa,Guatemala,47
6452,2023-05-05,Balboa,España,10
6453,2022-01-21,Puerta del Diablo,España,22
6454,2024-12-18,Amulapa,Nicaragua,49
6455,2023-03-18,Puerta del Diablo,Guatemala,11
6456,2021-02-19,Balboa,Nicaragua,60
6457,2022-10-08,Sunset Park,Estados Unidos,33
6458,2024-12-06,Sunset Park,Nicaragua,8
6459,2024-11-20,Sunset Park,Estados Unidos,33
6460,2024-10-04,Sunset Park,Costa Rica,20
6461,2021-08-14,Balboa,Costa Rica,64
6462,2021-10-31,Puerta del Diablo,Costa Rica,67
6463,2021-11-08,Cerro Verde,Canada,20
6464,2021-07-29,Apulo,Guatemala,54
6465,2022-11-04,Puerta del Diablo,Costa Rica,9
6466,2023-06-25,Puerta del Diablo,Guatemala,22
6467,2022-10-11,Sunset Park,Estados Unidos,69
6468,2023-09-25,Balboa,Nicaragua,46
6469,2021-05-30,Puerta del Diablo,Guatemala,47
6470,2024-04-15,Apulo,Guatemala,74
6471,2023-06-07,Sunset Park,Estados Unidos,72
6472,2024-05-13,Apulo,Mexico,8
6473,2024-05-16,Puerta del Diablo,Canada,5
6474,2021-08-16,Apulo,Costa Rica,7
6475,2021-03-02,Amulapa,Nicaragua,64
6476,2022-05-12,Amulapa,Honduras,62
6477,2021-01-31,Puerta del Diablo,Nicaragua,56
6478,2022-09-17,Cerro Verde,Estados Unidos,11
6479,2023-10-28,Apulo,Nicaragua,27
6480,2024-05-30,Apulo,Nicaragua,69
6481,2022-09-23,Sunset Park,Guatemala,61
6482,2024-06-24,Amulapa,Canada,70
6483,2021-01-21,Cerro Verde,Honduras,79
6484,2021-10-30,Amulapa,Costa Rica,5
6485,2022-05-18,Puerta del Diablo,Nicaragua,6
6486,2023-04-14,Amulapa,Estados Unidos,36
6487,2022-09-10,Amulapa,Guatemala,20
6488,2023-09-16,Amulapa,Honduras,47
6489,2024-04-27,Apulo,Estados Unidos,41
6490,2021-03-26,Apulo,Honduras,34
6491,2021-05-25,Cerro Verde,Mexico,5
6492,2021-05-31,Sunset Park,Honduras,79
6493,2021-02-19,Amulapa,Honduras,33
6494,2022-12-21,Puerta del Diablo,Mexico,50
6495,2022-03-29,Amulapa,Mexico,22
6496,2024-09-05,Cerro Verde,Canada,42
6497,2023-12-08,Cerro Verde,Canada,15
6498,2022-05-14,Amulapa,Estados Unidos,22
6499,2021-01-13,Puerta del Diablo,Mexico,30
6500,2021-05-25,Puerta del Diablo,Guatemala,57
6501,2023-08-18,Balboa,Estados Unidos,65
6502,2022-08-09,Cerro Verde,Honduras,27
6503,2024-10-06,Sunset Park,Estados Unidos,39
6504,2021-01-25,Puerta del Diablo,España,14
6505,2023-02-27,Sunset Park,Mexico,62
6506,2023-06-06,Balboa,Canada,27
6507,2024-06-07,Amulapa,Nicaragua,50
6508,2022-07-25,Amulapa,España,61
6509,2023-01-07,Puerta del Diablo,Estados Unidos,62
6510,2023-11-11,Balboa,Estados Unidos,22
6511,2024-05-10,Puerta del Diablo,Nicaragua,36
6512,2024-11-07,Sunset Park,Canada,11
6513,2024-01-13,Cerro Verde,Guatemala,48
6514,2021-08-30,Sunset Park,Guatemala,37
6515,2024-08-05,Cerro Verde,Nicaragua,18
6516,2023-09-01,Balboa,Costa Rica,6
6517,2022-08-29,Cerro Verde,Costa Rica,57
6518,2023-04-04,Cerro Verde,Nicaragua,31
6519,2023-11-02,Apulo,España,75
6520,2024-04-23,Amulapa,Estados Unidos,78
6521,2023-09-07,Balboa,España,74
6522,2021-11-09,Cerro Verde,Canada,7
6523,2021-12-21,Cerro Verde,Mexico,50
6524,2024-10-03,Balboa,Costa Rica,38
6525,2023-08-22,Puerta del Diablo,Costa Rica,44
6526,2023-09-12,Cerro Verde,Mexico,58
6527,2023-10-17,Sunset Park,Costa Rica,63
6528,2022-05-13,Sunset Park,Guatemala,56
6529,2021-03-16,Apulo,Canada,54
6530,2024-03-24,Puerta del Diablo,Honduras,40
6531,2023-02-12,Balboa,Canada,7
6532,2022-04-10,Amulapa,Guatemala,48
6533,2023-01-03,Balboa,Mexico,71
6534,2021-07-14,Puerta del Diablo,Costa Rica,71
6535,2021-05-12,Apulo,España,48
6536,2022-08-18,Balboa,Canada,32
6537,2023-10-07,Puerta del Diablo,Estados Unidos,32
6538,2021-12-23,Amulapa,España,30
6539,2022-06-09,Cerro Verde,Estados Unidos,20
6540,2022-05-30,Cerro Verde,Guatemala,15
6541,2023-04-19,Puerta del Diablo,España,36
6542,2023-09-24,Sunset Park,Honduras,30
6543,2021-09-28,Sunset Park,Nicaragua,11
6544,2021-08-29,Balboa,Canada,50
6545,2022-04-25,Apulo,Guatemala,39
6546,2023-02-22,Balboa,Estados Unidos,49
6547,2021-04-17,Amulapa,Estados Unidos,38
6548,2024-05-17,Puerta del Diablo,Mexico,32
6549,2024-04-20,Sunset Park,Mexico,63
6550,2021-11-07,Apulo,España,73
6551,2022-07-24,Apulo,Nicaragua,21
6552,2024-01-10,Balboa,Guatemala,29
6553,2021-07-03,Apulo,Honduras,17
6554,2022-01-02,Cerro Verde,Guatemala,12
6555,2022-03-23,Cerro Verde,Mexico,10
6556,2023-08-18,Cerro Verde,Honduras,28
6557,2024-04-01,Puerta del Diablo,Estados Unidos,59
6558,2024-02-07,Puerta del Diablo,Guatemala,19
6559,2024-08-03,Sunset Park,Guatemala,36
6560,2024-06-20,Cerro Verde,Estados Unidos,68
6561,2021-12-18,Apulo,Mexico,57
6562,2024-10-27,Apulo,Honduras,49
6563,2022-08-19,Cerro Verde,Honduras,37
6564,2022-03-13,Amulapa,Mexico,30
6565,2021-07-15,Balboa,Nicaragua,47
6566,2024-02-09,Apulo,España,40
6567,2024-11-17,Cerro Verde,Nicaragua,15
6568,2024-01-29,Balboa,Canada,40
6569,2022-09-01,Puerta del Diablo,Costa Rica,32
6570,2022-06-19,Apulo,Guatemala,18
6571,2023-04-25,Puerta del Diablo,Mexico,35
6572,2021-08-12,Balboa,Nicaragua,58
6573,2021-08-04,Sunset Park,Costa Rica,70
6574,2021-07-04,Amulapa,Costa Rica,48
6575,2022-02-24,Sunset Park,Estados Unidos,21
6576,2022-06-22,Cerro Verde,Estados Unidos,77
6577,2023-03-06,Balboa,Honduras,5
6578,2022-11-07,Amulapa,Canada,69
6579,2022-06-28,Amulapa,Estados Unidos,68
6580,2022-02-15,Cerro Verde,Mexico,10
6581,2022-04-08,Balboa,Costa Rica,58
6582,2024-11-06,Sunset Park,Nicaragua,26
6583,2021-12-24,Balboa,Nicaragua,69
6584,2022-04-20,Amulapa,Nicaragua,8
6585,2024-01-18,Apulo,Canada,20
6586,2024-08-02,Sunset Park,Costa Rica,51
6587,2024-02-26,Balboa,Guatemala,32
6588,2022-11-04,Balboa,Honduras,24
6589,2022-09-23,Sunset Park,España,19
6590,2022-01-27,Puerta del Diablo,Estados Unidos,25
6591,2021-11-21,Puerta del Diablo,España,38
6592,2021-01-14,Amulapa,Estados Unidos,48
6593,2021-08-13,Cerro Verde,Mexico,13
6594,2024-10-24,Cerro Verde,Guatemala,78
6595,2023-11-11,Apulo,Mexico,8
6596,2023-01-07,Amulapa,Honduras,42
6597,2022-06-25,Sunset Park,España,48
6598,2022-08-08,Amulapa,Honduras,61
6599,2021-12-28,Amulapa,Nicaragua,27
6600,2024-01-20,Balboa,Estados Unidos,73
6601,2023-09-17,Puerta del Diablo,Estados Unidos,28
6602,2024-03-06,Puerta del Diablo,Mexico,29
6603,2024-01-25,Amulapa,Costa Rica,27
6604,2021-12-27,Cerro Verde,Nicaragua,15
6605,2022-03-22,Cerro Verde,Nicaragua,60
6606,2021-01-28,Balboa,Estados Unidos,39
6607,2021-01-29,Cerro Verde,Honduras,59
6608,2021-08-23,Apulo,Mexico,59
6609,2023-09-30,Sunset Park,Estados Unidos,78
6610,2021-07-06,Balboa,Estados Unidos,7
6611,2023-05-15,Amulapa,Honduras,59
6612,2023-03-02,Apulo,Mexico,14
6613,2023-04-22,Cerro Verde,España,14
6614,2022-09-23,Sunset Park,Costa Rica,5
6615,2022-04-25,Puerta del Diablo,Costa Rica,77
6616,2023-07-03,Puerta del Diablo,Guatemala,31
6617,2022-06-29,Puerta del Diablo,Estados Unidos,35
6618,2024-08-27,Cerro Verde,Nicaragua,11
6619,2024-09-23,Amulapa,Guatemala,43
6620,2021-10-13,Amulapa,Guatemala,7
6621,2023-10-24,Cerro Verde,Nicaragua,38
6622,2024-03-19,Amulapa,Estados Unidos,58
6623,2024-06-28,Apulo,España,8
6624,2023-07-01,Apulo,Costa Rica,43
6625,2022-10-11,Balboa,España,37
6626,2021-08-08,Cerro Verde,Honduras,50
6627,2023-11-29,Amulapa,Nicaragua,26
6628,2024-02-24,Puerta del Diablo,Honduras,28
6629,2022-04-12,Puerta del Diablo,Mexico,51
6630,2021-09-11,Sunset Park,Honduras,79
6631,2024-06-05,Amulapa,Honduras,12
6632,2021-03-04,Amulapa,Mexico,65
6633,2023-05-19,Apulo,España,55
6634,2021-05-05,Cerro Verde,Nicaragua,67
6635,2021-05-03,Balboa,Canada,43
6636,2023-06-03,Balboa,Costa Rica,39
6637,2022-11-04,Puerta del Diablo,España,69
6638,2024-11-23,Apulo,Nicaragua,26
6639,2021-10-08,Sunset Park,Canada,32
6640,2023-11-21,Puerta del Diablo,Honduras,51
6641,2024-04-10,Apulo,Costa Rica,26
6642,2021-02-19,Balboa,Estados Unidos,60
6643,2023-09-29,Puerta del Diablo,Mexico,6
6644,2024-07-02,Cerro Verde,Canada,74
6645,2024-09-14,Sunset Park,Guatemala,34
6646,2024-05-06,Amulapa,Estados Unidos,17
6647,2022-03-10,Cerro Verde,Estados Unidos,42
6648,2024-08-02,Apulo,Canada,54
6649,2023-11-30,Apulo,España,57
6650,2022-05-22,Balboa,Estados Unidos,34
6651,2024-01-06,Apulo,Nicaragua,51
6652,2024-11-09,Apulo,Mexico,38
6653,2024-08-14,Apulo,Mexico,60
6654,2022-12-18,Balboa,Costa Rica,41
6655,2022-07-01,Apulo,Costa Rica,40
6656,2022-09-01,Sunset Park,Mexico,11
6657,2021-02-15,Apulo,Honduras,53
6658,2024-07-21,Apulo,Honduras,44
6659,2024-01-08,Apulo,Costa Rica,47
6660,2021-07-05,Balboa,España,33
6661,2021-04-12,Puerta del Diablo,Mexico,52
6662,2022-04-08,Balboa,Canada,41
6663,2021-07-11,Apulo,Guatemala,74
6664,2024-10-21,Sunset Park,España,60
6665,2022-01-27,Sunset Park,Canada,29
6666,2022-05-06,Sunset Park,Estados Unidos,57
6667,2021-10-14,Balboa,Canada,56
6668,2022-06-10,Apulo,Nicaragua,28
6669,2021-11-23,Sunset Park,Canada,47
6670,2023-04-03,Apulo,Canada,39
6671,2022-11-07,Sunset Park,Costa Rica,44
6672,2022-09-15,Apulo,Honduras,34
6673,2023-07-24,Apulo,Nicaragua,52
6674,2021-06-03,Puerta del Diablo,Mexico,38
6675,2021-06-13,Puerta del Diablo,Mexico,51
6676,2021-07-26,Amulapa,Estados Unidos,29
6677,2021-08-22,Cerro Verde,Honduras,78
6678,2024-09-01,Balboa,Estados Unidos,65
6679,2021-10-09,Puerta del Diablo,Guatemala,16
6680,2021-10-16,Amulapa,Nicaragua,75
6681,2022-05-10,Cerro Verde,España,35
6682,2023-05-14,Balboa,Costa Rica,38
6683,2022-02-04,Cerro Verde,Costa Rica,17
6684,2023-08-19,Cerro Verde,Canada,29
6685,2023-05-27,Balboa,Honduras,36
6686,2022-01-19,Sunset Park,Nicaragua,29
6687,2023-08-16,Sunset Park,Costa Rica,78
6688,2024-05-21,Cerro Verde,Honduras,51
6689,2024-07-18,Amulapa,España,56
6690,2021-06-12,Apulo,Honduras,62
6691,2021-01-06,Amulapa,Canada,27
6692,2022-10-09,Amulapa,Estados Unidos,38
6693,2023-08-04,Apulo,Costa Rica,52
6694,2022-04-30,Cerro Verde,Mexico,6
6695,2021-10-20,Puerta del Diablo,Guatemala,32
6696,2024-12-09,Puerta del Diablo,Mexico,63
6697,2021-01-07,Apulo,Nicaragua,12
6698,2023-07-23,Puerta del Diablo,Honduras,41
6699,2021-08-21,Cerro Verde,Guatemala,9
6700,2024-04-07,Puerta del Diablo,Mexico,33
6701,2021-08-27,Apulo,Honduras,22
6702,2024-10-03,Amulapa,Nicaragua,54
6703,2023-12-01,Sunset Park,Canada,63
6704,2021-12-24,Apulo,Guatemala,57
6705,2022-03-19,Amulapa,Costa Rica,23
6706,2024-06-26,Sunset Park,Estados Unidos,57
6707,2023-06-28,Apulo,Honduras,71
6708,2021-01-12,Puerta del Diablo,Costa Rica,53
6709,2024-03-23,Puerta del Diablo,Canada,10
6710,2021-07-30,Apulo,Mexico,12
6711,2021-07-01,Sunset Park,Nicaragua,14
6712,2023-01-17,Cerro Verde,Estados Unidos,41
6713,2024-06-25,Puerta del Diablo,Mexico,13
6714,2022-03-06,Amulapa,España,53
6715,2021-06-11,Apulo,Guatemala,65
6716,2022-04-24,Cerro Verde,Costa Rica,66
6717,2024-02-07,Apulo,Estados Unidos,18
6718,2021-12-03,Puerta del Diablo,Nicaragua,38
6719,2024-04-23,Balboa,España,64
6720,2021-02-04,Sunset Park,Honduras,59
6721,2022-06-13,Sunset Park,Nicaragua,52
6722,2024-12-11,Puerta del Diablo,Honduras,12
6723,2021-02-24,Sunset Park,Mexico,9
6724,2023-01-08,Apulo,Nicaragua,75
6725,2022-11-05,Cerro Verde,Nicaragua,69
6726,2023-01-08,Amulapa,Nicaragua,20
6727,2023-05-07,Amulapa,Mexico,30
6728,2022-01-25,Cerro Verde,Costa Rica,77
6729,2023-10-11,Cerro Verde,Costa Rica,33
6730,2022-05-05,Apulo,Costa Rica,31
6731,2024-10-25,Apulo,Nicaragua,46
6732,2024-04-28,Balboa,Honduras,50
6733,2021-04-12,Sunset Park,Costa Rica,78
6734,2022-03-21,Cerro Verde,España,11
6735,2023-07-07,Puerta del Diablo,España,24
6736,2023-07-05,Apulo,Costa Rica,48
6737,2021-08-05,Puerta del Diablo,Mexico,58
6738,2022-04-10,Apulo,España,45
6739,2024-05-16,Puerta del Diablo,Nicaragua,6
6740,2024-06-04,Sunset Park,Estados Unidos,70
6741,2021-03-06,Cerro Verde,Canada,64
6742,2022-09-20,Sunset Park,Honduras,21
6743,2021-12-06,Puerta del Diablo,Costa Rica,78
6744,2023-05-11,Apulo,España,36
6745,2022-04-11,Apulo,Costa Rica,55
6746,2023-07-13,Puerta del Diablo,Guatemala,65
6747,2022-02-04,Apulo,Honduras,75
6748,2024-05-16,Apulo,Canada,26
6749,2022-03-20,Amulapa,Estados Unidos,19
6750,2022-03-17,Amulapa,Estados Unidos,42
6751,2024-01-04,Cerro Verde,España,62
6752,2022-06-11,Cerro Verde,Costa Rica,64
6753,2021-05-29,Sunset Park,Nicaragua,50
6754,2021-02-17,Amulapa,Mexico,5
6755,2021-08-26,Balboa,Guatemala,47
6756,2022-02-19,Amulapa,Honduras,34
6757,2024-10-12,Apulo,Canada,49
6758,2023-08-18,Amulapa,Honduras,13
6759,2024-04-25,Balboa,Nicaragua,59
6760,2024-06-01,Apulo,Costa Rica,28
6761,2021-03-19,Balboa,Estados Unidos,45
6762,2022-07-04,Cerro Verde,Nicaragua,12
6763,2022-12-24,Puerta del Diablo,España,15
6764,2021-06-14,Sunset Park,Canada,33
6765,2022-02-02,Amulapa,Honduras,30
6766,2021-03-03,Sunset Park,Canada,75
6767,2022-12-11,Cerro Verde,Mexico,44
6768,2023-12-07,Sunset Park,Nicaragua,14
6769,2022-10-02,Cerro Verde,Costa Rica,72
6770,2023-01-06,Puerta del Diablo,Honduras,39
6771,2021-03-11,Sunset Park,Honduras,58
6772,2023-03-18,Apulo,España,28
6773,2023-04-19,Sunset Park,Estados Unidos,64
6774,2022-05-26,Balboa,Costa Rica,62
6775,2023-05-31,Sunset Park,Canada,30
6776,2024-09-22,Amulapa,España,63
6777,2023-12-05,Balboa,Mexico,31
6778,2021-02-03,Apulo,Mexico,63
6779,2021-02-16,Balboa,Nicaragua,34
6780,2023-10-01,Apulo,Honduras,36
6781,2021-02-06,Puerta del Diablo,Estados Unidos,63
6782,2023-01-11,Sunset Park,Guatemala,30
6783,2021-05-11,Balboa,Honduras,46
6784,2023-04-25,Puerta del Diablo,Estados Unidos,28
6785,2022-10-23,Puerta del Diablo,Honduras,38
6786,2022-08-14,Amulapa,Mexico,5
6787,2022-04-12,Balboa,Guatemala,54
6788,2021-03-13,Sunset Park,Mexico,26
6789,2024-02-16,Cerro Verde,Canada,29
6790,2021-11-07,Puerta del Diablo,España,33
6791,2024-06-15,Puerta del Diablo,Honduras,75
6792,2022-12-23,Balboa,Nicaragua,68
6793,2021-09-15,Apulo,Estados Unidos,55
6794,2024-08-05,Apulo,Mexico,30
6795,2022-07-31,Cerro Verde,Honduras,53
6796,2024-05-01,Cerro Verde,España,40
6797,2024-09-01,Sunset Park,Canada,74
6798,2023-11-07,Cerro Verde,Costa Rica,43
6799,2024-01-26,Amulapa,Honduras,45
6800,2021-04-01,Apulo,Mexico,8
6801,2024-08-30,Apulo,Honduras,18
6802,2023-07-16,Sunset Park,España,50
6803,2024-01-25,Balboa,España,29
6804,2023-10-27,Puerta del Diablo,Costa Rica,57
6805,2024-11-07,Balboa,España,35
6806,2023-08-04,Sunset Park,Mexico,9
6807,2022-12-08,Balboa,Nicaragua,45
6808,2024-01-22,Amulapa,Costa Rica,67
6809,2023-04-04,Amulapa,Costa Rica,32
6810,2024-03-08,Apulo,Mexico,77
6811,2021-08-06,Amulapa,Guatemala,49
6812,2023-05-18,Sunset Park,Nicaragua,52
6813,2023-10-28,Sunset Park,Estados Unidos,67
6814,2022-03-10,Cerro Verde,Nicaragua,35
6815,2023-10-20,Balboa,Canada,68
6816,2022-11-29,Apulo,Costa Rica,70
6817,2021-02-03,Puerta del Diablo,Estados Unidos,64
6818,2021-05-10,Apulo,Mexico,13
6819,2022-11-06,Puerta del Diablo,España,46
6820,2024-08-08,Amulapa,España,39
6821,2024-12-05,Cerro Verde,Nicaragua,78
6822,2022-09-12,Balboa,Guatemala,30
6823,2022-10-28,Apulo,Estados Unidos,77
6824,2024-07-10,Puerta del Diablo,Nicaragua,6
6825,2022-10-10,Amulapa,Mexico,52
6826,2021-05-03,Cerro Verde,Nicaragua,52
6827,2023-10-22,Apulo,Estados Unidos,78
6828,2022-04-10,Puerta del Diablo,Honduras,73
6829,2024-02-02,Balboa,Costa Rica,28
6830,2022-01-09,Puerta del Diablo,Nicaragua,54
6831,2022-08-21,Apulo,Estados Unidos,57
6832,2021-02-01,Amulapa,Estados Unidos,78
6833,2021-10-11,Apulo,España,62
6834,2021-02-21,Sunset Park,Nicaragua,49
6835,2024-03-30,Puerta del Diablo,Canada,28
6836,2022-09-07,Apulo,Mexico,41
6837,2023-02-25,Apulo,Mexico,30
6838,2023-05-05,Amulapa,Honduras,24
6839,2024-10-15,Cerro Verde,Honduras,17
6840,2022-01-01,Balboa,España,25
6841,2021-08-22,Apulo,Costa Rica,72
6842,2024-12-28,Apulo,Honduras,12
6843,2021-09-04,Puerta del Diablo,Costa Rica,61
6844,2022-02-02,Puerta del Diablo,Guatemala,37
6845,2021-05-01,Apulo,Honduras,79
6846,2021-06-19,Sunset Park,Mexico,75
6847,2021-07-28,Balboa,Costa Rica,79
6848,2021-07-17,Puerta del Diablo,España,7
6849,2021-04-13,Amulapa,Nicaragua,72
6850,2023-06-03,Amulapa,Canada,14
6851,2021-08-31,Apulo,Costa Rica,16
6852,2023-03-21,Apulo,Nicaragua,56
6853,2024-01-07,Amulapa,Guatemala,38
6854,2021-06-06,Cerro Verde,España,25
6855,2021-02-18,Sunset Park,Estados Unidos,20
6856,2023-02-20,Balboa,Mexico,32
6857,2024-12-14,Puerta del Diablo,Honduras,66
6858,2022-07-06,Apulo,Canada,33
6859,2021-04-25,Amulapa,Nicaragua,41
6860,2024-11-30,Apulo,Canada,74
6861,2023-02-26,Balboa,Guatemala,63
6862,2022-08-01,Puerta del Diablo,Costa Rica,31
6863,2021-02-13,Apulo,Mexico,26
6864,2024-04-22,Apulo,Mexico,6
6865,2023-09-07,Amulapa,Canada,22
6866,2021-09-06,Balboa,Canada,10
6867,2021-05-31,Balboa,Honduras,27
6868,2021-10-06,Cerro Verde,España,18
6869,2024-04-24,Sunset Park,Mexico,63
6870,2021-12-09,Cerro Verde,España,72
6871,2022-05-11,Amulapa,Estados Unidos,25
6872,2021-06-22,Sunset Park,Guatemala,29
6873,2023-02-27,Amulapa,Canada,44
6874,2023-09-15,Sunset Park,Mexico,66
6875,2021-12-19,Puerta del Diablo,Honduras,26
6876,2023-09-15,Cerro Verde,Honduras,32
6877,2022-09-15,Puerta del Diablo,Canada,13
6878,2021-09-16,Balboa,Honduras,21
6879,2022-12-31,Amulapa,España,38
6880,2021-07-15,Balboa,Costa Rica,9
6881,2022-11-19,Sunset Park,Mexico,11
6882,2023-04-05,Apulo,Estados Unidos,35
6883,2022-04-11,Sunset Park,Guatemala,75
6884,2022-12-16,Sunset Park,Mexico,76
6885,2023-05-22,Puerta del Diablo,Guatemala,54
6886,2024-09-13,Sunset Park,Nicaragua,38
6887,2021-04-23,Balboa,Mexico,8
6888,2022-05-31,Cerro Verde,Costa Rica,50
6889,2021-12-25,Sunset Park,Canada,28
6890,2021-09-30,Amulapa,Guatemala,62
6891,2023-11-11,Balboa,España,35
6892,2023-08-26,Sunset Park,Costa Rica,16
6893,2024-02-25,Apulo,Guatemala,61
6894,2023-08-23,Balboa,Canada,56
6895,2024-12-30,Sunset Park,Costa Rica,63
6896,2023-11-28,Apulo,Nicaragua,77
6897,2023-11-25,Puerta del Diablo,Estados Unidos,9
6898,2024-09-02,Balboa,Nicaragua,37
6899,2022-07-16,Apulo,Costa Rica,59
6900,2021-07-14,Balboa,Estados Unidos,49
6901,2024-10-16,Balboa,Nicaragua,73
6902,2022-07-11,Puerta del Diablo,Costa Rica,11
6903,2024-03-12,Sunset Park,España,76
6904,2022-08-28,Amulapa,Mexico,40
6905,2024-06-03,Puerta del Diablo,Estados Unidos,18
6906,2024-08-02,Balboa,Mexico,8
6907,2024-02-15,Puerta del Diablo,Nicaragua,28
6908,2023-04-30,Apulo,España,40
6909,2022-09-23,Sunset Park,Costa Rica,65
6910,2024-10-19,Sunset Park,Guatemala,12
6911,2024-02-05,Sunset Park,Canada,37
6912,2023-11-16,Balboa,Canada,66
6913,2021-09-10,Balboa,Estados Unidos,27
6914,2022-12-09,Sunset Park,Nicaragua,20
6915,2021-01-13,Amulapa,Guatemala,22
6916,2021-04-20,Amulapa,Mexico,45
6917,2021-06-28,Puerta del Diablo,Mexico,24
6918,2024-12-02,Sunset Park,Nicaragua,11
6919,2021-12-12,Balboa,Honduras,5
6920,2024-01-23,Amulapa,Canada,45
6921,2024-10-26,Puerta del Diablo,España,45
6922,2023-07-17,Cerro Verde,Estados Unidos,72
6923,2024-04-01,Puerta del Diablo,Costa Rica,39
6924,2023-12-09,Balboa,Guatemala,9
6925,2021-12-17,Puerta del Diablo,Nicaragua,20
6926,2021-06-29,Apulo,Honduras,47
6927,2024-02-13,Balboa,España,32
6928,2024-02-21,Sunset Park,Guatemala,6
6929,2023-03-22,Balboa,España,18
6930,2021-07-07,Puerta del Diablo,Nicaragua,32
6931,2022-04-11,Cerro Verde,Honduras,57
6932,2023-04-22,Sunset Park,España,68
6933,2024-10-31,Puerta del Diablo,Honduras,68
6934,2024-04-17,Amulapa,Guatemala,43
6935,2021-10-09,Puerta del Diablo,Estados Unidos,49
6936,2021-08-04,Puerta del Diablo,Costa Rica,57
6937,2023-11-02,Puerta del Diablo,Canada,18
6938,2021-09-11,Amulapa,España,43
6939,2022-01-07,Amulapa,Nicaragua,30
6940,2024-01-25,Cerro Verde,Costa Rica,60
6941,2023-01-24,Balboa,Mexico,34
6942,2021-03-10,Cerro Verde,Costa Rica,60
6943,2023-02-05,Amulapa,España,48
6944,2021-07-12,Amulapa,Canada,59
6945,2022-12-27,Balboa,Costa Rica,40
6946,2022-09-04,Sunset Park,Honduras,17
6947,2023-11-06,Puerta del Diablo,Nicaragua,46
6948,2021-09-19,Amulapa,Honduras,38
6949,2024-12-16,Puerta del Diablo,Canada,57
6950,2023-07-29,Puerta del Diablo,Guatemala,6
6951,2022-07-05,Amulapa,Canada,30
6952,2024-01-03,Amulapa,Nicaragua,32
6953,2023-10-13,Apulo,España,63
6954,2022-04-02,Puerta del Diablo,Costa Rica,49
6955,2021-03-07,Apulo,Canada,69
6956,2024-11-15,Cerro Verde,Mexico,57
6957,2024-05-02,Balboa,Guatemala,57
6958,2021-03-29,Apulo,Costa Rica,75
6959,2022-01-10,Cerro Verde,Guatemala,7
6960,2023-08-31,Sunset Park,Mexico,53
6961,2022-08-19,Balboa,Honduras,71
6962,2024-01-09,Apulo,España,45
6963,2023-07-30,Cerro Verde,España,19
6964,2021-11-27,Sunset Park,Nicaragua,39
6965,2021-09-21,Balboa,Mexico,67
6966,2022-03-09,Apulo,Canada,19
6967,2021-12-06,Balboa,Costa Rica,6
6968,2024-12-30,Amulapa,España,50
6969,2021-12-29,Balboa,Guatemala,65
6970,2022-05-05,Amulapa,Estados Unidos,28
6971,2023-10-08,Amulapa,Guatemala,48
6972,2022-02-20,Sunset Park,Honduras,9
6973,2021-05-21,Apulo,España,60
6974,2024-12-21,Sunset Park,Mexico,58
6975,2024-01-07,Sunset Park,Nicaragua,28
6976,2023-07-07,Balboa,Canada,52
6977,2024-11-17,Amulapa,Canada,26
6978,2023-07-13,Puerta del Diablo,Costa Rica,23
6979,2022-10-24,Amulapa,Canada,18
6980,2023-11-08,Puerta del Diablo,Costa Rica,26
6981,2021-06-03,Sunset Park,Honduras,15
6982,2024-10-24,Apulo,Costa Rica,46
6983,2022-03-28,Balboa,Honduras,38
6984,2021-07-28,Amulapa,España,57
6985,2022-04-01,Sunset Park,Guatemala,5
6986,2024-02-17,Apulo,España,18
6987,2021-10-01,Puerta del Diablo,Canada,62
6988,2024-12-13,Sunset Park,Honduras,15
6989,2023-03-03,Cerro Verde,Estados Unidos,54
6990,2024-07-17,Sunset Park,Mexico,7
6991,2022-08-17,Apulo,Guatemala,16
6992,2023-01-16,Apulo,España,45
6993,2024-12-28,Sunset Park,Canada,74
6994,2023-12-30,Cerro Verde,Nicaragua,10
6995,2022-09-11,Amulapa,Guatemala,19
6996,2024-03-31,Amulapa,España,15
6997,2023-06-13,Puerta del Diablo,Guatemala,14
6998,2022-10-27,Cerro Verde,Canada,51
6999,2021-08-13,Amulapa,Guatemala,72
7000,2023-03-24,Cerro Verde,Nicaragua,26
7001,2021-01-01,Apulo,Costa Rica,32
7002,2021-02-27,Sunset Park,Nicaragua,27
7003,2024-05-25,Cerro Verde,Estados Unidos,37
7004,2024-04-14,Sunset Park,Nicaragua,12
7005,2024-11-25,Amulapa,Costa Rica,40
7006,2022-04-20,Cerro Verde,Canada,70
7007,2023-11-27,Balboa,Costa Rica,35
7008,2021-07-11,Apulo,Costa Rica,33
7009,2023-01-12,Cerro Verde,Mexico,9
7010,2022-02-08,Balboa,Costa Rica,73
7011,2023-06-18,Apulo,Honduras,27
7012,2024-09-15,Amulapa,Nicaragua,41
7013,2021-07-03,Apulo,España,77
7014,2023-11-24,Sunset Park,España,42
7015,2021-01-23,Amulapa,Guatemala,57
7016,2022-11-14,Cerro Verde,Mexico,40
7017,2024-08-04,Sunset Park,Mexico,67
7018,2021-02-27,Cerro Verde,Guatemala,74
7019,2022-04-22,Balboa,Estados Unidos,54
7020,2022-01-07,Cerro Verde,Canada,66
7021,2024-11-01,Balboa,Nicaragua,66
7022,2022-02-27,Cerro Verde,Canada,33
7023,2022-03-17,Balboa,Nicaragua,28
7024,2022-06-13,Sunset Park,España,40
7025,2024-12-13,Cerro Verde,Estados Unidos,14
7026,2022-05-29,Sunset Park,Estados Unidos,11
7027,2022-05-20,Amulapa,Guatemala,42
7028,2021-05-26,Apulo,Nicaragua,53
7029,2021-03-12,Puerta del Diablo,Honduras,9
7030,2024-03-25,Cerro Verde,Costa Rica,53
7031,2024-12-24,Balboa,España,54
7032,2021-04-08,Sunset Park,Nicaragua,51
7033,2021-01-19,Balboa,Mexico,13
7034,2021-01-28,Sunset Park,Nicaragua,7
7035,2023-01-30,Puerta del Diablo,Costa Rica,12
7036,2021-10-17,Amulapa,Honduras,62
7037,2022-06-01,Apulo,España,24
7038,2024-06-06,Puerta del Diablo,Mexico,78
7039,2024-03-27,Balboa,Canada,20
7040,2021-06-01,Cerro Verde,Costa Rica,16
7041,2024-10-12,Amulapa,Honduras,6
7042,2023-09-06,Amulapa,Canada,58
7043,2021-10-02,Apulo,Canada,71
7044,2022-06-16,Sunset Park,Guatemala,29
7045,2023-12-11,Apulo,Mexico,13
7046,2023-01-23,Cerro Verde,Estados Unidos,50
7047,2023-01-31,Cerro Verde,Estados Unidos,35
7048,2021-12-14,Balboa,España,25
7049,2024-12-18,Puerta del Diablo,Honduras,75
7050,2023-02-04,Sunset Park,España,47
7051,2023-02-07,Apulo,Mexico,41
7052,2021-08-04,Cerro Verde,Canada,34
7053,2024-05-16,Amulapa,Guatemala,51
7054,2024-02-06,Puerta del Diablo,Mexico,38
7055,2021-09-30,Balboa,Costa Rica,8
7056,2023-10-19,Balboa,Nicaragua,10
7057,2024-02-29,Amulapa,Guatemala,44
7058,2024-11-06,Sunset Park,Guatemala,23
7059,2021-09-27,Puerta del Diablo,Nicaragua,14
7060,2023-09-30,Balboa,Nicaragua,38
7061,2024-02-29,Sunset Park,España,20
7062,2023-05-26,Cerro Verde,Guatemala,71
7063,2021-09-20,Amulapa,Costa Rica,20
7064,2021-04-13,Apulo,España,35
7065,2023-03-04,Sunset Park,Mexico,27
7066,2023-06-08,Puerta del Diablo,Costa Rica,42
7067,2024-02-12,Cerro Verde,Nicaragua,73
7068,2022-12-17,Apulo,Canada,29
7069,2023-06-06,Puerta del Diablo,Costa Rica,79
7070,2023-04-19,Balboa,España,77
7071,2022-08-27,Puerta del Diablo,Estados Unidos,73
7072,2024-03-31,Apulo,España,56
7073,2021-06-26,Apulo,Costa Rica,70
7074,2022-01-06,Puerta del Diablo,Estados Unidos,70
7075,2024-07-30,Apulo,Nicaragua,72
7076,2024-04-26,Amulapa,Mexico,38
7077,2021-10-18,Puerta del Diablo,Nicaragua,76
7078,2022-08-04,Cerro Verde,Guatemala,70
7079,2024-07-11,Apulo,Estados Unidos,19
7080,2024-07-17,Apulo,Mexico,76
7081,2023-10-03,Cerro Verde,Canada,68
7082,2024-08-07,Amulapa,Costa Rica,37
7083,2021-04-21,Cerro Verde,Guatemala,5
7084,2022-04-15,Sunset Park,Nicaragua,52
7085,2021-07-11,Balboa,Mexico,72
7086,2023-08-22,Puerta del Diablo,España,6
7087,2023-06-27,Apulo,Estados Unidos,9
7088,2021-08-06,Apulo,Canada,74
7089,2024-04-23,Amulapa,Costa Rica,61
7090,2022-02-22,Cerro Verde,Mexico,31
7091,2022-02-23,Puerta del Diablo,España,53
7092,2021-06-06,Balboa,Nicaragua,36
7093,2021-04-08,Puerta del Diablo,España,21
7094,2022-06-23,Amulapa,Honduras,40
7095,2021-11-29,Sunset Park,Estados Unidos,21
7096,2021-10-25,Cerro Verde,Canada,66
7097,2023-11-10,Cerro Verde,Costa Rica,19
7098,2024-02-06,Balboa,Costa Rica,18
7099,2022-05-30,Sunset Park,Honduras,65
7100,2022-01-11,Sunset Park,Canada,70
7101,2022-02-05,Apulo,España,32
7102,2022-06-12,Puerta del Diablo,Estados Unidos,64
7103,2023-11-28,Cerro Verde,Mexico,10
7104,2024-11-27,Apulo,Canada,46
7105,2022-07-30,Balboa,Nicaragua,8
7106,2021-03-08,Balboa,Guatemala,13
7107,2021-10-19,Cerro Verde,Canada,22
7108,2021-01-08,Balboa,Costa Rica,8
7109,2024-08-11,Puerta del Diablo,Costa Rica,9
7110,2024-05-29,Sunset Park,Guatemala,67
7111,2022-12-08,Apulo,Nicaragua,70
7112,2021-02-02,Cerro Verde,España,72
7113,2022-08-21,Apulo,Estados Unidos,44
7114,2024-04-14,Amulapa,Nicaragua,60
7115,2024-12-24,Sunset Park,Costa Rica,58
7116,2022-02-21,Balboa,Honduras,72
7117,2021-09-29,Apulo,Costa Rica,36
7118,2024-04-03,Puerta del Diablo,España,70
7119,2021-08-09,Balboa,España,76
7120,2022-04-09,Balboa,Mexico,40
7121,2024-01-31,Puerta del Diablo,Honduras,62
7122,2024-02-12,Apulo,Honduras,76
7123,2021-11-17,Balboa,Canada,28
7124,2021-10-27,Sunset Park,Estados Unidos,44
7125,2024-07-22,Amulapa,España,73
7126,2023-03-25,Puerta del Diablo,España,78
7127,2023-06-09,Balboa,Nicaragua,18
7128,2022-08-28,Balboa,España,45
7129,2024-07-09,Puerta del Diablo,Mexico,29
7130,2024-09-20,Balboa,España,57
7131,2023-08-02,Amulapa,Estados Unidos,52
7132,2021-11-17,Sunset Park,España,29
7133,2021-10-15,Puerta del Diablo,Nicaragua,48
7134,2024-11-19,Cerro Verde,Guatemala,50
7135,2021-01-18,Apulo,Guatemala,65
7136,2021-05-17,Balboa,España,72
7137,2022-03-21,Amulapa,Estados Unidos,23
7138,2021-05-10,Puerta del Diablo,Estados Unidos,24
7139,2022-06-25,Apulo,Honduras,31
7140,2021-05-25,Apulo,Mexico,27
7141,2022-04-22,Cerro Verde,Mexico,43
7142,2022-01-04,Cerro Verde,Nicaragua,51
7143,2023-11-15,Sunset Park,Nicaragua,48
7144,2023-06-14,Apulo,Nicaragua,51
7145,2021-09-02,Amulapa,Guatemala,43
7146,2024-03-05,Cerro Verde,Honduras,66
7147,2022-11-24,Puerta del Diablo,Estados Unidos,46
7148,2022-11-05,Sunset Park,Nicaragua,52
7149,2022-06-07,Apulo,Nicaragua,62
7150,2022-04-25,Balboa,Costa Rica,30
7151,2024-09-01,Puerta del Diablo,España,11
7152,2023-12-08,Amulapa,Honduras,69
7153,2024-12-06,Puerta del Diablo,Costa Rica,77
7154,2021-02-24,Puerta del Diablo,España,76
7155,2023-04-11,Sunset Park,Costa Rica,59
7156,2022-11-28,Sunset Park,Mexico,67
7157,2023-12-14,Amulapa,Nicaragua,22
7158,2021-10-05,Balboa,Mexico,58
7159,2022-03-09,Balboa,Mexico,65
7160,2023-04-23,Cerro Verde,Nicaragua,60
7161,2024-09-08,Balboa,Mexico,30
7162,2022-12-17,Amulapa,Nicaragua,40
7163,2023-11-22,Cerro Verde,Estados Unidos,11
7164,2023-07-27,Puerta del Diablo,Honduras,77
7165,2024-09-10,Apulo,Nicaragua,35
7166,2024-02-07,Cerro Verde,Costa Rica,26
7167,2023-06-25,Puerta del Diablo,Nicaragua,67
7168,2024-08-12,Balboa,Nicaragua,47
7169,2023-08-08,Puerta del Diablo,Mexico,44
7170,2023-10-29,Puerta del Diablo,Canada,6
7171,2021-03-13,Puerta del Diablo,Estados Unidos,57
7172,2022-06-21,Apulo,Estados Unidos,36
7173,2021-09-19,Apulo,Guatemala,5
7174,2021-06-18,Cerro Verde,Costa Rica,72
7175,2021-10-14,Amulapa,Estados Unidos,42
7176,2021-04-09,Cerro Verde,España,49
7177,2022-03-12,Cerro Verde,Guatemala,8
7178,2024-11-02,Amulapa,España,77
7179,2023-09-06,Apulo,Honduras,45
7180,2021-12-25,Cerro Verde,España,52
7181,2024-09-18,Amulapa,España,15
7182,2021-01-22,Balboa,Guatemala,65
7183,2024-02-09,Cerro Verde,Costa Rica,74
7184,2022-02-09,Sunset Park,Guatemala,12
7185,2023-10-24,Puerta del Diablo,Costa Rica,23
7186,2022-04-03,Apulo,Estados Unidos,9
7187,2021-12-31,Puerta del Diablo,Canada,29
7188,2021-07-16,Balboa,Guatemala,13
7189,2022-05-09,Apulo,Estados Unidos,69
7190,2022-06-02,Amulapa,Canada,51
7191,2024-08-27,Amulapa,Nicaragua,70
7192,2021-10-12,Balboa,Estados Unidos,48
7193,2024-01-05,Sunset Park,Nicaragua,46
7194,2022-08-07,Apulo,Canada,29
7195,2023-12-26,Cerro Verde,Guatemala,16
7196,2022-06-04,Puerta del Diablo,Guatemala,33
7197,2024-08-15,Puerta del Diablo,Costa Rica,16
7198,2024-04-28,Puerta del Diablo,Guatemala,79
7199,2021-03-18,Balboa,Mexico,75
7200,2021-04-29,Apulo,Honduras,43
7201,2021-12-27,Puerta del Diablo,España,59
7202,2024-12-14,Amulapa,Canada,77
7203,2024-03-12,Balboa,Canada,43
7204,2021-07-07,Sunset Park,Estados Unidos,56
7205,2023-05-06,Cerro Verde,Honduras,33
7206,2021-06-08,Apulo,Guatemala,46
7207,2022-06-16,Cerro Verde,Canada,16
7208,2022-02-05,Apulo,Costa Rica,35
7209,2021-08-25,Amulapa,Estados Unidos,42
7210,2023-11-02,Puerta del Diablo,Costa Rica,39
7211,2024-02-19,Sunset Park,Estados Unidos,65
7212,2024-02-28,Cerro Verde,Guatemala,59
7213,2024-04-16,Apulo,Honduras,19
7214,2022-07-10,Sunset Park,Nicaragua,20
7215,2024-05-27,Amulapa,Honduras,23
7216,2022-11-27,Balboa,España,62
7217,2024-11-16,Cerro Verde,España,33
7218,2021-04-02,Puerta del Diablo,Honduras,34
7219,2024-04-01,Puerta del Diablo,España,60
7220,2022-10-16,Amulapa,Nicaragua,57
7221,2022-04-28,Balboa,Nicaragua,29
7222,2022-04-29,Balboa,Nicaragua,76
7223,2024-10-21,Cerro Verde,Guatemala,18
7224,2023-02-25,Balboa,Canada,22
7225,2024-10-16,Cerro Verde,España,12
7226,2023-03-01,Amulapa,Mexico,36
7227,2024-06-27,Sunset Park,Guatemala,59
7228,2021-11-14,Apulo,España,19
7229,2022-10-05,Balboa,España,22
7230,2021-11-10,Amulapa,Mexico,16
7231,2024-01-31,Sunset Park,España,18
7232,2021-11-13,Balboa,Honduras,62
7233,2022-11-25,Sunset Park,Honduras,23
7234,2021-03-26,Sunset Park,Honduras,42
7235,2022-05-02,Cerro Verde,Canada,68
7236,2024-11-30,Puerta del Diablo,España,51
7237,2023-06-15,Sunset Park,España,72
7238,2021-10-11,Cerro Verde,España,32
7239,2022-05-20,Balboa,Costa Rica,25
7240,2021-03-18,Balboa,España,40
7241,2024-10-14,Balboa,Nicaragua,6
7242,2023-11-22,Apulo,Canada,21
7243,2021-08-23,Apulo,España,69
7244,2024-08-22,Apulo,Estados Unidos,31
7245,2023-05-02,Balboa,Estados Unidos,46
7246,2022-12-22,Balboa,Nicaragua,11
7247,2024-03-27,Apulo,Canada,70
7248,2022-07-07,Cerro Verde,Nicaragua,69
7249,2024-02-14,Balboa,Honduras,48
7250,2022-04-02,Balboa,Mexico,22
7251,2023-10-08,Cerro Verde,Costa Rica,35
7252,2023-05-14,Puerta del Diablo,Estados Unidos,58
7253,2022-11-24,Puerta del Diablo,Costa Rica,46
7254,2024-08-30,Amulapa,Guatemala,79
7255,2023-10-13,Apulo,Nicaragua,70
7256,2024-03-28,Cerro Verde,Guatemala,14
7257,2024-03-17,Cerro Verde,Costa Rica,12
7258,2022-08-07,Apulo,Nicaragua,75
7259,2022-05-09,Apulo,Estados Unidos,9
7260,2023-03-17,Balboa,Mexico,77
7261,2022-07-22,Puerta del Diablo,Canada,14
7262,2023-03-17,Cerro Verde,Estados Unidos,29
7263,2024-01-23,Cerro Verde,Honduras,12
7264,2022-12-31,Sunset Park,Guatemala,59
7265,2024-01-04,Balboa,Honduras,34
7266,2022-04-15,Puerta del Diablo,Guatemala,55
7267,2023-06-29,Puerta del Diablo,Costa Rica,34
7268,2022-12-26,Sunset Park,Canada,14
7269,2022-07-26,Balboa,Estados Unidos,48
7270,2021-01-18,Puerta del Diablo,Costa Rica,15
7271,2022-10-21,Apulo,Nicaragua,50
7272,2021-11-26,Balboa,Guatemala,49
7273,2023-09-03,Amulapa,Canada,43
7274,2022-02-21,Puerta del Diablo,Honduras,55
7275,2024-08-03,Apulo,Guatemala,70
7276,2022-04-08,Amulapa,Guatemala,67
7277,2022-04-23,Sunset Park,Canada,27
7278,2023-09-15,Puerta del Diablo,Canada,9
7279,2023-10-27,Balboa,Mexico,69
7280,2022-01-25,Cerro Verde,Canada,36
7281,2022-03-11,Amulapa,Costa Rica,51
7282,2022-03-07,Sunset Park,Guatemala,53
7283,2024-12-18,Cerro Verde,Costa Rica,13
7284,2021-07-20,Balboa,Guatemala,59
7285,2022-08-01,Amulapa,Guatemala,16
7286,2023-08-17,Puerta del Diablo,Mexico,67
7287,2022-11-08,Amulapa,Nicaragua,11
7288,2024-04-04,Puerta del Diablo,Canada,33
7289,2024-07-26,Balboa,Canada,47
7290,2021-03-10,Balboa,Mexico,12
7291,2021-03-16,Sunset Park,Guatemala,72
7292,2021-07-08,Balboa,Mexico,68
7293,2023-10-24,Balboa,Estados Unidos,59
7294,2021-06-10,Puerta del Diablo,Estados Unidos,33
7295,2024-02-19,Sunset Park,Mexico,52
7296,2024-07-24,Amulapa,Honduras,43
7297,2023-06-02,Puerta del Diablo,Guatemala,53
7298,2022-11-25,Sunset Park,España,16
7299,2021-12-05,Cerro Verde,Guatemala,72
7300,2022-03-24,Cerro Verde,Guatemala,59
7301,2021-08-07,Apulo,Canada,54
7302,2023-02-27,Balboa,Estados Unidos,24
7303,2023-09-22,Amulapa,Costa Rica,10
7304,2024-10-17,Puerta del Diablo,Nicaragua,55
7305,2021-03-17,Sunset Park,Guatemala,41
7306,2023-09-23,Apulo,Costa Rica,36
7307,2023-01-18,Cerro Verde,Estados Unidos,75
7308,2022-07-16,Apulo,España,64
7309,2021-09-26,Puerta del Diablo,Costa Rica,45
7310,2023-01-31,Apulo,Canada,34
7311,2021-06-18,Apulo,España,23
7312,2022-08-16,Cerro Verde,Canada,26
7313,2022-11-11,Amulapa,Guatemala,64
7314,2024-08-09,Apulo,Mexico,33
7315,2023-04-24,Apulo,Nicaragua,46
7316,2024-06-16,Sunset Park,Estados Unidos,58
7317,2021-03-17,Cerro Verde,Costa Rica,54
7318,2022-04-04,Puerta del Diablo,Costa Rica,22
7319,2023-12-13,Balboa,Honduras,12
7320,2021-04-05,Puerta del Diablo,Costa Rica,11
7321,2022-04-19,Cerro Verde,Estados Unidos,61
7322,2022-11-07,Apulo,Estados Unidos,41
7323,2021-09-02,Cerro Verde,Nicaragua,38
7324,2021-08-25,Balboa,Nicaragua,78
7325,2023-03-31,Amulapa,Canada,44
7326,2023-05-05,Balboa,España,39
7327,2024-10-29,Cerro Verde,Estados Unidos,9
7328,2021-12-02,Apulo,Nicaragua,75
7329,2024-03-05,Balboa,Nicaragua,11
7330,2023-09-18,Puerta del Diablo,Mexico,16
7331,2024-06-01,Cerro Verde,Estados Unidos,44
7332,2023-07-08,Cerro Verde,Estados Unidos,67
7333,2023-01-06,Puerta del Diablo,Estados Unidos,46
7334,2024-03-26,Amulapa,Canada,52
7335,2023-02-19,Balboa,Guatemala,10
7336,2022-09-05,Balboa,Guatemala,12
7337,2023-05-12,Amulapa,Guatemala,13
7338,2021-09-11,Puerta del Diablo,Guatemala,5
7339,2022-08-02,Sunset Park,Canada,60
7340,2024-07-04,Balboa,Estados Unidos,43
7341,2023-08-07,Amulapa,Mexico,77
7342,2023-03-14,Puerta del Diablo,Estados Unidos,37
7343,2021-03-06,Cerro Verde,Honduras,75
7344,2024-02-20,Amulapa,Nicaragua,66
7345,2022-09-11,Apulo,Estados Unidos,18
7346,2023-05-22,Sunset Park,Estados Unidos,21
7347,2021-12-16,Apulo,Mexico,55
7348,2024-06-30,Sunset Park,España,10
7349,2023-04-18,Apulo,Honduras,19
7350,2024-10-12,Sunset Park,España,68
7351,2022-02-13,Sunset Park,Mexico,35
7352,2022-09-14,Sunset Park,Honduras,43
7353,2023-01-21,Puerta del Diablo,Costa Rica,52
7354,2022-10-02,Amulapa,España,9
7355,2023-07-12,Puerta del Diablo,Mexico,42
7356,2023-06-20,Cerro Verde,España,33
7357,2023-04-14,Cerro Verde,Canada,12
7358,2021-11-14,Apulo,España,44
7359,2023-05-13,Puerta del Diablo,España,35
7360,2021-12-28,Puerta del Diablo,Guatemala,34
7361,2021-10-23,Puerta del Diablo,Nicaragua,36
7362,2023-06-01,Cerro Verde,Nicaragua,68
7363,2022-08-29,Balboa,España,43
7364,2022-07-19,Amulapa,Canada,5
7365,2021-08-25,Apulo,Guatemala,54
7366,2022-07-05,Sunset Park,Costa Rica,24
7367,2022-08-18,Amulapa,Honduras,46
7368,2023-10-25,Cerro Verde,Honduras,59
7369,2024-10-02,Sunset Park,Estados Unidos,19
7370,2022-01-28,Apulo,Estados Unidos,7
7371,2024-01-22,Puerta del Diablo,Nicaragua,8
7372,2023-12-02,Apulo,Mexico,22
7373,2022-05-15,Puerta del Diablo,Canada,16
7374,2022-10-07,Sunset Park,Honduras,17
7375,2024-08-03,Amulapa,España,23
7376,2023-05-21,Cerro Verde,Canada,55
7377,2024-06-03,Apulo,Honduras,39
7378,2021-10-24,Amulapa,Nicaragua,62
7379,2023-06-12,Amulapa,Mexico,77
7380,2022-04-13,Amulapa,Honduras,71
7381,2022-06-25,Balboa,Costa Rica,8
7382,2021-07-23,Apulo,Costa Rica,14
7383,2023-05-22,Apulo,España,78
7384,2021-10-21,Amulapa,Costa Rica,50
7385,2021-06-05,Amulapa,Canada,34
7386,2022-08-10,Balboa,Costa Rica,65
7387,2023-02-16,Apulo,Honduras,75
7388,2023-07-16,Sunset Park,Nicaragua,30
7389,2021-08-18,Sunset Park,Nicaragua,49
7390,2023-10-10,Apulo,Honduras,46
7391,2021-05-21,Puerta del Diablo,España,54
7392,2021-05-30,Cerro Verde,Honduras,74
7393,2021-05-06,Cerro Verde,Mexico,15
7394,2021-12-06,Cerro Verde,Guatemala,46
7395,2023-03-21,Cerro Verde,Honduras,27
7396,2021-09-13,Puerta del Diablo,Nicaragua,61
7397,2024-09-17,Puerta del Diablo,Estados Unidos,49
7398,2024-10-12,Amulapa,Guatemala,61
7399,2021-06-14,Puerta del Diablo,Canada,45
7400,2022-05-15,Apulo,Canada,31
7401,2022-09-08,Apulo,Canada,22
7402,2024-07-14,Apulo,España,55
7403,2022-12-19,Cerro Verde,Estados Unidos,35
7404,2021-09-10,Cerro Verde,España,73
7405,2022-12-28,Apulo,Guatemala,68
7406,2022-10-18,Cerro Verde,Estados Unidos,36
7407,2023-01-05,Puerta del Diablo,Nicaragua,34
7408,2024-07-24,Sunset Park,Honduras,13
7409,2022-05-23,Puerta del Diablo,España,67
7410,2024-05-21,Balboa,Estados Unidos,70
7411,2021-04-13,Puerta del Diablo,Nicaragua,79
7412,2023-05-06,Apulo,Guatemala,20
7413,2021-09-09,Amulapa,Nicaragua,11
7414,2022-04-20,Puerta del Diablo,Canada,54
7415,2023-05-20,Balboa,Nicaragua,31
7416,2024-07-12,Balboa,Canada,48
7417,2023-10-05,Puerta del Diablo,España,67
7418,2021-10-23,Amulapa,Guatemala,44
7419,2024-08-23,Apulo,Estados Unidos,48
7420,2022-12-11,Sunset Park,Guatemala,16
7421,2021-08-28,Puerta del Diablo,Guatemala,42
7422,2024-09-23,Cerro Verde,Mexico,39
7423,2022-02-10,Cerro Verde,Guatemala,25
7424,2022-09-13,Sunset Park,España,40
7425,2021-06-01,Apulo,Estados Unidos,51
7426,2024-12-09,Cerro Verde,Mexico,11
7427,2023-07-27,Puerta del Diablo,Nicaragua,56
7428,2021-07-02,Balboa,España,30
7429,2023-02-09,Sunset Park,Guatemala,47
7430,2022-12-13,Puerta del Diablo,Mexico,68
7431,2023-08-04,Apulo,Honduras,16
7432,2023-05-28,Cerro Verde,Nicaragua,66
7433,2021-11-22,Sunset Park,Honduras,49
7434,2021-09-12,Cerro Verde,Mexico,28
7435,2024-06-05,Balboa,Guatemala,20
7436,2022-02-11,Balboa,Estados Unidos,28
7437,2023-03-19,Sunset Park,España,61
7438,2021-12-19,Apulo,Nicaragua,10
7439,2022-04-09,Amulapa,Mexico,29
7440,2024-04-02,Amulapa,Guatemala,23
7441,2023-03-07,Sunset Park,Mexico,31
7442,2021-06-01,Sunset Park,Estados Unidos,43
7443,2024-10-18,Apulo,Nicaragua,10
7444,2024-04-21,Balboa,Mexico,22
7445,2023-03-28,Cerro Verde,España,69
7446,2024-11-12,Balboa,Canada,59
7447,2022-09-20,Cerro Verde,Guatemala,43
7448,2023-11-03,Cerro Verde,Guatemala,64
7449,2022-11-15,Sunset Park,Costa Rica,79
7450,2024-01-21,Sunset Park,Mexico,77
7451,2023-01-04,Sunset Park,Estados Unidos,70
7452,2023-03-01,Cerro Verde,España,76
7453,2023-05-13,Puerta del Diablo,Guatemala,74
7454,2021-01-07,Cerro Verde,Estados Unidos,74
7455,2021-07-24,Sunset Park,Canada,32
7456,2024-10-14,Amulapa,Guatemala,74
7457,2022-02-17,Puerta del Diablo,Honduras,72
7458,2022-07-04,Puerta del Diablo,España,29
7459,2024-01-21,Balboa,Estados Unidos,61
7460,2024-07-27,Sunset Park,Estados Unidos,22
7461,2023-06-29,Sunset Park,Nicaragua,77
7462,2023-10-07,Puerta del Diablo,Mexico,19
7463,2021-11-17,Amulapa,España,33
7464,2021-08-29,Amulapa,España,39
7465,2022-05-20,Sunset Park,Costa Rica,41
7466,2022-03-12,Cerro Verde,Mexico,27
7467,2023-06-20,Apulo,Costa Rica,48
7468,2024-11-19,Apulo,Estados Unidos,57
7469,2022-06-17,Sunset Park,Nicaragua,44
7470,2021-05-21,Puerta del Diablo,Costa Rica,46
7471,2022-11-05,Puerta del Diablo,España,60
7472,2023-01-05,Apulo,Honduras,34
7473,2024-03-18,Apulo,España,52
7474,2023-12-18,Sunset Park,Nicaragua,49
7475,2024-03-04,Balboa,Guatemala,47
7476,2024-10-06,Puerta del Diablo,Mexico,66
7477,2021-06-29,Amulapa,Canada,16
7478,2024-05-23,Sunset Park,Canada,11
7479,2021-02-28,Cerro Verde,Nicaragua,47
7480,2024-08-17,Puerta del Diablo,Mexico,13
7481,2023-09-18,Sunset Park,España,74
7482,2022-02-21,Puerta del Diablo,Nicaragua,56
7483,2022-08-03,Balboa,Guatemala,65
7484,2022-04-28,Balboa,España,72
7485,2022-07-01,Puerta del Diablo,Estados Unidos,55
7486,2024-09-15,Puerta del Diablo,Estados Unidos,19
7487,2021-09-09,Cerro Verde,España,7
7488,2022-07-13,Cerro Verde,Canada,70
7489,2021-11-29,Sunset Park,España,46
7490,2022-05-10,Cerro Verde,España,54
7491,2023-05-01,Sunset Park,Guatemala,23
7492,2023-01-08,Sunset Park,Canada,49
7493,2023-10-13,Cerro Verde,Estados Unidos,79
7494,2024-12-17,Puerta del Diablo,Canada,25
7495,2021-04-18,Apulo,Costa Rica,60
7496,2021-12-14,Sunset Park,Costa Rica,60
7497,2023-11-18,Cerro Verde,Nicaragua,54
7498,2021-10-03,Cerro Verde,Canada,42
7499,2024-07-25,Puerta del Diablo,España,12
7500,2024-02-28,Puerta del Diablo,Mexico,44
7501,2022-08-02,Balboa,Guatemala,36
7502,2023-07-01,Balboa,Mexico,59
7503,2023-03-19,Cerro Verde,Nicaragua,48
7504,2023-07-12,Cerro Verde,Guatemala,38
7505,2024-05-16,Amulapa,Mexico,25
7506,2024-09-14,Apulo,Nicaragua,24
7507,2023-03-11,Amulapa,Nicaragua,31
7508,2021-09-16,Amulapa,Estados Unidos,54
7509,2021-03-29,Apulo,Nicaragua,60
7510,2024-04-27,Puerta del Diablo,Honduras,27
7511,2021-09-03,Cerro Verde,Canada,67
7512,2021-01-04,Cerro Verde,España,62
7513,2022-05-10,Cerro Verde,Mexico,11
7514,2022-03-25,Apulo,Costa Rica,33
7515,2023-01-01,Sunset Park,Nicaragua,53
7516,2023-02-25,Sunset Park,Guatemala,40
7517,2021-02-06,Balboa,Nicaragua,34
7518,2024-09-25,Sunset Park,Costa Rica,38
7519,2024-08-02,Amulapa,Canada,57
7520,2021-08-28,Balboa,Guatemala,53
7521,2021-08-14,Sunset Park,Costa Rica,32
7522,2021-11-21,Balboa,España,7
7523,2022-11-23,Puerta del Diablo,España,28
7524,2024-05-17,Puerta del Diablo,Canada,24
7525,2023-08-18,Apulo,Costa Rica,12
7526,2021-03-25,Apulo,Estados Unidos,22
7527,2022-10-19,Cerro Verde,Costa Rica,53
7528,2021-03-25,Amulapa,España,21
7529,2021-09-24,Puerta del Diablo,Estados Unidos,68
7530,2023-05-13,Apulo,Nicaragua,8
7531,2021-01-24,Balboa,Honduras,27
7532,2023-06-01,Puerta del Diablo,Estados Unidos,54
7533,2022-09-25,Puerta del Diablo,Costa Rica,38
7534,2021-01-26,Balboa,Honduras,54
7535,2024-04-20,Balboa,Estados Unidos,5
7536,2022-02-03,Puerta del Diablo,Costa Rica,39
7537,2024-12-06,Amulapa,Mexico,25
7538,2021-02-10,Amulapa,Canada,39
7539,2023-12-22,Cerro Verde,Mexico,27
7540,2023-03-14,Puerta del Diablo,Honduras,63
7541,2024-12-21,Puerta del Diablo,Costa Rica,69
7542,2024-08-13,Cerro Verde,Canada,35
7543,2023-08-10,Puerta del Diablo,Guatemala,31
7544,2022-09-23,Balboa,Guatemala,36
7545,2022-10-01,Sunset Park,Guatemala,32
7546,2022-11-04,Balboa,Canada,26
7547,2022-03-14,Cerro Verde,Costa Rica,9
7548,2021-05-24,Cerro Verde,España,7
7549,2022-08-12,Cerro Verde,España,66
7550,2023-03-30,Puerta del Diablo,Mexico,55
7551,2024-03-18,Amulapa,Costa Rica,79
7552,2022-02-06,Cerro Verde,Canada,77
7553,2022-10-16,Balboa,Nicaragua,52
7554,2021-10-02,Balboa,Nicaragua,71
7555,2021-08-10,Cerro Verde,Honduras,27
7556,2021-04-28,Sunset Park,Estados Unidos,63
7557,2022-08-04,Cerro Verde,España,11
7558,2023-10-05,Balboa,Canada,55
7559,2021-04-02,Amulapa,Nicaragua,15
7560,2023-08-18,Puerta del Diablo,Mexico,62
7561,2024-08-23,Apulo,Honduras,45
7562,2021-06-15,Apulo,Estados Unidos,51
7563,2023-08-27,Sunset Park,España,61
7564,2024-12-12,Balboa,Canada,46
7565,2021-11-27,Cerro Verde,Nicaragua,78
7566,2023-11-14,Balboa,Guatemala,32
7567,2022-12-27,Puerta del Diablo,Honduras,50
7568,2021-06-30,Apulo,Nicaragua,77
7569,2021-06-17,Amulapa,Costa Rica,73
7570,2024-05-21,Amulapa,Estados Unidos,19
7571,2022-03-25,Amulapa,Nicaragua,52
7572,2022-05-25,Puerta del Diablo,Nicaragua,65
7573,2023-03-24,Balboa,España,54
7574,2024-10-20,Apulo,España,50
7575,2021-04-24,Cerro Verde,Nicaragua,57
7576,2021-05-08,Balboa,Estados Unidos,31
7577,2024-11-28,Cerro Verde,Mexico,69
7578,2022-02-19,Apulo,Nicaragua,58
7579,2023-02-16,Balboa,Mexico,32
7580,2022-10-15,Apulo,Honduras,8
7581,2021-07-16,Apulo,Guatemala,17
7582,2022-04-20,Balboa,España,64
7583,2023-07-04,Sunset Park,Estados Unidos,63
7584,2024-08-14,Puerta del Diablo,España,67
7585,2023-11-05,Cerro Verde,Estados Unidos,48
7586,2021-03-24,Apulo,Guatemala,16
7587,2024-10-04,Apulo,Estados Unidos,49
7588,2021-06-05,Balboa,España,16
7589,2024-05-14,Cerro Verde,Estados Unidos,36
7590,2024-12-28,Puerta del Diablo,Honduras,57
7591,2022-05-13,Sunset Park,Canada,68
7592,2024-01-07,Apulo,Guatemala,35
7593,2024-07-18,Balboa,Mexico,22
7594,2022-06-15,Apulo,Guatemala,10
7595,2022-12-21,Apulo,Canada,7
7596,2023-07-20,Sunset Park,Costa Rica,17
7597,2022-02-21,Amulapa,Honduras,65
7598,2022-11-08,Cerro Verde,Nicaragua,74
7599,2021-06-26,Sunset Park,España,16
7600,2021-12-06,Sunset Park,Costa Rica,11
7601,2022-10-26,Puerta del Diablo,Costa Rica,58
7602,2024-08-11,Apulo,Costa Rica,8
7603,2023-11-15,Sunset Park,Costa Rica,16
7604,2024-09-01,Amulapa,España,65
7605,2021-03-05,Amulapa,España,75
7606,2021-12-10,Amulapa,Nicaragua,47
7607,2022-07-22,Amulapa,Honduras,34
7608,2023-02-24,Apulo,Honduras,55
7609,2024-08-14,Amulapa,Honduras,23
7610,2023-10-21,Cerro Verde,Canada,33
7611,2023-03-26,Balboa,Honduras,49
7612,2021-11-30,Amulapa,Mexico,25
7613,2022-08-15,Apulo,Guatemala,71
7614,2024-10-01,Cerro Verde,Costa Rica,27
7615,2022-03-01,Cerro Verde,Canada,67
7616,2022-03-31,Apulo,Nicaragua,65
7617,2024-07-07,Amulapa,Guatemala,65
7618,2021-04-30,Amulapa,Honduras,22
7619,2022-06-21,Amulapa,Guatemala,49
7620,2024-10-16,Puerta del Diablo,Mexico,30
7621,2022-02-18,Sunset Park,Costa Rica,21
7622,2024-05-02,Sunset Park,Costa Rica,23
7623,2023-08-01,Sunset Park,España,21
7624,2021-03-23,Amulapa,Canada,77
7625,2024-08-11,Puerta del Diablo,Honduras,16
7626,2021-09-01,Apulo,Estados Unidos,45
7627,2024-08-28,Sunset Park,Costa Rica,11
7628,2021-12-30,Apulo,Canada,70
7629,2023-09-11,Puerta del Diablo,Costa Rica,7
7630,2024-04-25,Balboa,Mexico,57
7631,2024-05-29,Puerta del Diablo,Guatemala,40
7632,2023-06-10,Amulapa,Guatemala,77
7633,2024-04-07,Puerta del Diablo,España,58
7634,2023-01-18,Cerro Verde,Estados Unidos,44
7635,2022-05-06,Balboa,Estados Unidos,73
7636,2021-02-04,Cerro Verde,Honduras,27
7637,2023-04-28,Cerro Verde,Nicaragua,10
7638,2022-08-13,Apulo,España,45
7639,2022-09-10,Sunset Park,España,39
7640,2024-11-06,Sunset Park,Costa Rica,37
7641,2021-03-15,Cerro Verde,Mexico,26
7642,2021-10-04,Puerta del Diablo,Nicaragua,8
7643,2021-08-08,Apulo,Guatemala,40
7644,2021-09-03,Cerro Verde,Estados Unidos,63
7645,2024-05-04,Apulo,Estados Unidos,41
7646,2024-11-16,Puerta del Diablo,España,62
7647,2023-09-27,Puerta del Diablo,Estados Unidos,36
7648,2024-12-30,Puerta del Diablo,Mexico,19
7649,2023-11-20,Apulo,Costa Rica,64
7650,2021-06-10,Balboa,Honduras,24
7651,2023-12-14,Puerta del Diablo,Canada,27
7652,2023-10-09,Balboa,España,26
7653,2024-10-18,Amulapa,Guatemala,12
7654,2023-11-22,Cerro Verde,Estados Unidos,13
7655,2021-04-09,Balboa,Guatemala,71
7656,2022-06-29,Apulo,Estados Unidos,47
7657,2021-09-12,Amulapa,Guatemala,23
7658,2021-10-20,Amulapa,Costa Rica,17
7659,2022-03-02,Balboa,Nicaragua,43
7660,2022-02-25,Apulo,Canada,32
7661,2022-08-17,Sunset Park,Mexico,39
7662,2021-10-12,Puerta del Diablo,España,60
7663,2023-06-10,Balboa,Guatemala,63
7664,2023-06-07,Puerta del Diablo,Canada,29
7665,2022-08-08,Amulapa,Canada,68
7666,2024-11-11,Cerro Verde,Mexico,49
7667,2023-07-17,Balboa,Canada,38
7668,2022-08-11,Sunset Park,Nicaragua,48
7669,2021-06-23,Amulapa,Costa Rica,79
7670,2021-04-05,Cerro Verde,Guatemala,57
7671,2021-08-13,Amulapa,Mexico,11
7672,2023-10-22,Sunset Park,Estados Unidos,19
7673,2022-04-26,Cerro Verde,Costa Rica,47
7674,2021-10-30,Apulo,España,42
7675,2021-11-17,Amulapa,Canada,78
7676,2021-12-21,Apulo,Estados Unidos,45
7677,2024-08-02,Amulapa,Guatemala,32
7678,2021-05-20,Apulo,España,20
7679,2023-11-24,Puerta del Diablo,Mexico,27
7680,2024-09-15,Apulo,España,57
7681,2023-09-14,Puerta del Diablo,Canada,28
7682,2022-01-23,Balboa,Honduras,56
7683,2024-12-16,Cerro Verde,Honduras,55
7684,2023-10-18,Sunset Park,Costa Rica,5
7685,2023-07-25,Cerro Verde,Nicaragua,74
7686,2024-09-19,Cerro Verde,España,12
7687,2024-12-08,Balboa,Canada,34
7688,2023-05-27,Amulapa,Estados Unidos,42
7689,2023-10-04,Amulapa,Nicaragua,76
7690,2021-11-04,Apulo,Honduras,44
7691,2022-01-20,Puerta del Diablo,Honduras,66
7692,2023-01-19,Cerro Verde,España,25
7693,2023-07-15,Cerro Verde,Mexico,9
7694,2023-08-12,Cerro Verde,Guatemala,69
7695,2021-08-09,Amulapa,Canada,63
7696,2021-05-03,Amulapa,Estados Unidos,78
7697,2021-07-15,Sunset Park,Canada,7
7698,2023-09-01,Puerta del Diablo,Nicaragua,66
7699,2023-06-20,Cerro Verde,Estados Unidos,10
7700,2021-04-08,Sunset Park,Honduras,37
7701,2022-10-16,Balboa,Estados Unidos,67
7702,2024-02-10,Apulo,Honduras,38
7703,2023-06-22,Balboa,España,62
7704,2024-09-14,Puerta del Diablo,Canada,32
7705,2022-08-08,Cerro Verde,Estados Unidos,10
7706,2024-01-15,Cerro Verde,Mexico,76
7707,2024-05-03,Sunset Park,Honduras,16
7708,2021-03-14,Cerro Verde,Guatemala,40
7709,2022-08-13,Cerro Verde,Mexico,9
7710,2021-03-03,Cerro Verde,Estados Unidos,70
7711,2024-06-23,Apulo,Canada,37
7712,2024-08-07,Apulo,Estados Unidos,71
7713,2024-07-09,Amulapa,Mexico,14
7714,2021-07-16,Puerta del Diablo,Canada,19
7715,2021-01-21,Puerta del Diablo,Guatemala,74
7716,2021-08-15,Amulapa,Nicaragua,51
7717,2022-11-11,Apulo,Nicaragua,26
7718,2022-01-12,Apulo,Guatemala,42
7719,2024-08-13,Balboa,Nicaragua,21
7720,2022-06-14,Puerta del Diablo,Estados Unidos,28
7721,2023-04-06,Sunset Park,España,66
7722,2024-08-07,Apulo,Nicaragua,79
7723,2021-06-16,Amulapa,Costa Rica,51
7724,2024-12-31,Apulo,Mexico,78
7725,2023-08-05,Cerro Verde,Mexico,52
7726,2022-02-28,Puerta del Diablo,Nicaragua,66
7727,2023-08-06,Apulo,Nicaragua,55
7728,2022-05-30,Amulapa,Honduras,63
7729,2024-03-06,Puerta del Diablo,Nicaragua,35
7730,2021-06-02,Amulapa,Guatemala,54
7731,2022-06-16,Cerro Verde,Canada,60
7732,2024-11-17,Amulapa,España,37
7733,2022-06-05,Puerta del Diablo,Estados Unidos,6
7734,2022-06-11,Puerta del Diablo,Guatemala,66
7735,2022-02-18,Puerta del Diablo,España,9
7736,2024-12-31,Puerta del Diablo,Nicaragua,77
7737,2022-09-04,Sunset Park,Nicaragua,18
7738,2021-05-31,Amulapa,Nicaragua,62
7739,2023-07-03,Puerta del Diablo,Nicaragua,29
7740,2022-08-18,Sunset Park,España,36
7741,2024-10-05,Apulo,Estados Unidos,57
7742,2024-03-02,Apulo,Guatemala,14
7743,2024-08-04,Sunset Park,Estados Unidos,25
7744,2024-10-02,Apulo,Costa Rica,59
7745,2022-08-16,Balboa,Honduras,12
7746,2024-10-19,Amulapa,Nicaragua,38
7747,2023-03-28,Cerro Verde,Guatemala,55
7748,2024-01-16,Cerro Verde,España,29
7749,2021-01-04,Cerro Verde,Costa Rica,60
7750,2021-09-30,Cerro Verde,España,22
7751,2024-05-03,Apulo,Canada,24
7752,2024-11-12,Cerro Verde,Mexico,18
7753,2023-04-12,Puerta del Diablo,Canada,56
7754,2021-10-26,Sunset Park,Estados Unidos,42
7755,2023-05-28,Apulo,Estados Unidos,15
7756,2023-05-30,Amulapa,Nicaragua,32
7757,2024-06-05,Cerro Verde,Costa Rica,34
7758,2023-12-29,Apulo,Mexico,9
7759,2024-12-23,Cerro Verde,Estados Unidos,72
7760,2021-11-08,Amulapa,Canada,75
7761,2021-11-28,Balboa,Mexico,43
7762,2021-02-19,Balboa,Canada,44
7763,2021-11-27,Apulo,Estados Unidos,39
7764,2022-07-10,Balboa,Mexico,7
7765,2023-11-14,Puerta del Diablo,Honduras,41
7766,2024-04-23,Puerta del Diablo,Honduras,72
7767,2022-08-30,Sunset Park,Canada,62
7768,2021-12-19,Amulapa,Mexico,15
7769,2021-08-12,Balboa,Estados Unidos,8
7770,2024-04-03,Apulo,Estados Unidos,72
7771,2024-08-24,Apulo,Honduras,48
7772,2024-03-25,Balboa,Nicaragua,54
7773,2022-05-03,Sunset Park,Mexico,77
7774,2021-04-09,Cerro Verde,Mexico,56
7775,2024-10-13,Amulapa,Mexico,31
7776,2024-06-01,Cerro Verde,España,13
7777,2022-06-19,Cerro Verde,España,22
7778,2022-07-11,Sunset Park,Guatemala,14
7779,2024-12-21,Balboa,Honduras,42
7780,2022-09-27,Apulo,Estados Unidos,40
7781,2021-11-01,Sunset Park,Mexico,42
7782,2024-08-11,Sunset Park,Nicaragua,45
7783,2024-05-14,Amulapa,Estados Unidos,14
7784,2024-06-09,Puerta del Diablo,Nicaragua,11
7785,2022-09-12,Puerta del Diablo,Costa Rica,15
7786,2022-10-10,Balboa,Nicaragua,68
7787,2021-12-21,Apulo,Canada,47
7788,2023-09-12,Cerro Verde,Mexico,14
7789,2023-09-15,Cerro Verde,Estados Unidos,9
7790,2023-03-01,Cerro Verde,España,36
7791,2022-03-10,Cerro Verde,Guatemala,45
7792,2023-08-28,Balboa,Mexico,76
7793,2021-03-08,Balboa,Canada,55
7794,2021-06-05,Puerta del Diablo,Honduras,15
7795,2024-03-09,Cerro Verde,Guatemala,6
7796,2022-12-07,Cerro Verde,España,50
7797,2024-11-22,Apulo,Estados Unidos,66
7798,2023-05-23,Cerro Verde,Nicaragua,21
7799,2022-11-12,Amulapa,Guatemala,14
7800,2022-11-15,Balboa,Honduras,16
7801,2022-03-31,Puerta del Diablo,Nicaragua,47
7802,2024-04-11,Sunset Park,Canada,54
7803,2024-02-20,Amulapa,Honduras,41
7804,2023-10-08,Cerro Verde,España,40
7805,2021-01-17,Cerro Verde,Honduras,49
7806,2023-03-09,Sunset Park,Nicaragua,50
7807,2021-02-13,Amulapa,Mexico,40
7808,2022-03-27,Amulapa,Estados Unidos,46
7809,2024-02-24,Sunset Park,Honduras,25
7810,2021-03-02,Apulo,Canada,9
7811,2022-10-27,Amulapa,Estados Unidos,47
7812,2022-09-21,Balboa,Costa Rica,52
7813,2024-10-16,Cerro Verde,Guatemala,58
7814,2024-12-27,Sunset Park,Costa Rica,19
7815,2021-02-04,Puerta del Diablo,Nicaragua,35
7816,2024-12-13,Sunset Park,España,23
7817,2023-10-09,Amulapa,Canada,68
7818,2021-06-28,Sunset Park,Guatemala,78
7819,2024-04-15,Balboa,Honduras,77
7820,2021-07-18,Cerro Verde,Estados Unidos,15
7821,2023-10-06,Amulapa,Mexico,28
7822,2024-08-14,Sunset Park,Nicaragua,72
7823,2022-06-18,Sunset Park,Nicaragua,66
7824,2023-04-02,Cerro Verde,España,52
7825,2022-08-21,Balboa,España,54
7826,2023-05-09,Cerro Verde,Honduras,28
7827,2021-11-27,Balboa,Nicaragua,70
7828,2022-03-22,Apulo,España,10
7829,2021-07-11,Cerro Verde,Mexico,37
7830,2024-11-08,Apulo,Estados Unidos,60
7831,2022-02-01,Balboa,Costa Rica,55
7832,2023-10-19,Sunset Park,España,71
7833,2024-03-15,Puerta del Diablo,España,40
7834,2022-10-07,Balboa,Mexico,37
7835,2022-10-28,Sunset Park,Guatemala,8
7836,2023-07-20,Puerta del Diablo,Estados Unidos,42
7837,2021-09-10,Apulo,Guatemala,11
7838,2021-05-15,Sunset Park,Costa Rica,45
7839,2022-01-26,Cerro Verde,Canada,74
7840,2024-03-17,Cerro Verde,Guatemala,76
7841,2023-01-27,Cerro Verde,Costa Rica,15
7842,2021-01-11,Sunset Park,Costa Rica,9
7843,2023-02-18,Balboa,Estados Unidos,35
7844,2024-12-30,Amulapa,Nicaragua,19
7845,2023-01-10,Apulo,Estados Unidos,69
7846,2021-03-08,Sunset Park,Canada,57
7847,2021-02-14,Puerta del Diablo,Estados Unidos,38
7848,2021-07-14,Amulapa,Costa Rica,10
7849,2021-10-30,Sunset Park,Honduras,63
7850,2023-03-05,Sunset Park,España,43
7851,2022-06-26,Amulapa,Estados Unidos,74
7852,2022-12-01,Apulo,Honduras,48
7853,2021-02-13,Balboa,Canada,22
7854,2024-06-26,Balboa,Estados Unidos,54
7855,2024-11-22,Balboa,España,48
7856,2021-05-03,Balboa,España,62
7857,2021-06-29,Apulo,Nicaragua,21
7858,2024-06-04,Puerta del Diablo,Mexico,59
7859,2021-05-07,Sunset Park,Mexico,53
7860,2024-11-04,Cerro Verde,Estados Unidos,40
7861,2024-11-17,Balboa,Nicaragua,53
7862,2022-07-23,Apulo,Estados Unidos,60
7863,2023-04-23,Sunset Park,Estados Unidos,49
7864,2023-02-14,Balboa,Mexico,64
7865,2022-05-16,Amulapa,Estados Unidos,7
7866,2024-09-05,Balboa,Honduras,50
7867,2024-03-05,Amulapa,Costa Rica,64
7868,2024-09-28,Amulapa,Estados Unidos,37
7869,2023-08-25,Amulapa,Nicaragua,30
7870,2022-08-27,Sunset Park,España,17
7871,2023-04-03,Apulo,Estados Unidos,34
7872,2022-01-06,Balboa,España,72
7873,2024-06-03,Puerta del Diablo,Canada,76
7874,2021-11-26,Sunset Park,Nicaragua,64
7875,2022-01-31,Sunset Park,Costa Rica,12
7876,2021-05-04,Apulo,Nicaragua,72
7877,2022-03-09,Apulo,Costa Rica,38
7878,2024-08-18,Amulapa,Costa Rica,62
7879,2021-07-07,Balboa,Honduras,37
7880,2022-10-21,Sunset Park,Canada,44
7881,2024-11-03,Sunset Park,Honduras,54
7882,2024-07-29,Sunset Park,España,54
7883,2022-03-07,Sunset Park,Estados Unidos,57
7884,2024-11-03,Apulo,España,19
7885,2022-06-03,Apulo,Costa Rica,8
7886,2024-07-02,Apulo,Canada,74
7887,2022-05-20,Amulapa,Costa Rica,32
7888,2023-07-08,Sunset Park,Guatemala,45
7889,2021-03-21,Sunset Park,Costa Rica,9
7890,2024-02-17,Amulapa,Costa Rica,74
7891,2024-07-08,Amulapa,Guatemala,19
7892,2022-01-01,Sunset Park,Nicaragua,37
7893,2021-07-28,Puerta del Diablo,Estados Unidos,73
7894,2022-01-25,Apulo,España,42
7895,2023-11-15,Amulapa,Mexico,20
7896,2023-04-03,Apulo,Nicaragua,69
7897,2021-10-15,Cerro Verde,Canada,75
7898,2021-09-06,Cerro Verde,Canada,72
7899,2022-09-18,Apulo,Mexico,26
7900,2023-12-20,Cerro Verde,Costa Rica,52
7901,2022-12-21,Puerta del Diablo,Guatemala,57
7902,2022-11-06,Amulapa,Honduras,50
7903,2024-07-17,Balboa,Mexico,8
7904,2024-10-09,Apulo,Canada,15
7905,2024-04-14,Amulapa,Costa Rica,21
7906,2022-10-17,Amulapa,Nicaragua,13
7907,2023-06-05,Sunset Park,Estados Unidos,19
7908,2021-11-12,Amulapa,Guatemala,9
7909,2024-06-11,Puerta del Diablo,Guatemala,75
7910,2024-10-13,Cerro Verde,Mexico,78
7911,2021-07-11,Puerta del Diablo,Mexico,59
7912,2022-09-06,Amulapa,Guatemala,35
7913,2023-09-18,Puerta del Diablo,Mexico,72
7914,2024-12-15,Apulo,Nicaragua,46
7915,2024-11-12,Puerta del Diablo,Guatemala,36
7916,2022-04-22,Puerta del Diablo,Mexico,6
7917,2023-11-03,Cerro Verde,Mexico,49
7918,2022-12-15,Puerta del Diablo,Canada,11
7919,2023-01-29,Balboa,Honduras,22
7920,2021-06-17,Balboa,Canada,6
7921,2022-01-13,Puerta del Diablo,España,41
7922,2023-08-02,Cerro Verde,Mexico,41
7923,2021-08-17,Cerro Verde,España,16
7924,2023-01-08,Amulapa,Mexico,11
7925,2024-12-21,Apulo,Canada,16
7926,2022-07-14,Amulapa,Costa Rica,28
7927,2021-11-25,Balboa,España,56
7928,2024-11-07,Sunset Park,Guatemala,78
7929,2021-08-14,Amulapa,Costa Rica,50
7930,2021-06-22,Sunset Park,Guatemala,74
7931,2023-11-22,Balboa,Nicaragua,32
7932,2022-07-29,Balboa,España,69
7933,2021-07-12,Cerro Verde,España,42
7934,2023-12-02,Balboa,Canada,44
7935,2022-03-08,Amulapa,Estados Unidos,7
7936,2024-09-22,Cerro Verde,España,54
7937,2024-10-11,Amulapa,Mexico,40
7938,2022-05-21,Cerro Verde,Honduras,54
7939,2024-10-26,Sunset Park,Canada,74
7940,2023-12-16,Apulo,Canada,66
7941,2023-11-01,Balboa,Estados Unidos,8
7942,2024-08-15,Apulo,Canada,60
7943,2024-02-28,Puerta del Diablo,Honduras,31
7944,2024-07-01,Sunset Park,España,30
7945,2022-10-29,Balboa,Canada,31
7946,2022-09-22,Amulapa,Canada,52
7947,2021-09-05,Balboa,Costa Rica,60
7948,2021-03-11,Apulo,Canada,36
7949,2021-05-09,Puerta del Diablo,Honduras,49
7950,2024-12-17,Cerro Verde,Costa Rica,24
7951,2023-09-05,Apulo,Guatemala,59
7952,2021-11-12,Sunset Park,Estados Unidos,17
7953,2024-12-29,Puerta del Diablo,España,39
7954,2023-02-26,Apulo,Canada,43
7955,2021-10-29,Balboa,Costa Rica,55
7956,2022-08-31,Apulo,Costa Rica,63
7957,2023-06-06,Sunset Park,Honduras,79
7958,2022-01-18,Sunset Park,Costa Rica,9
7959,2021-03-19,Sunset Park,Nicaragua,13
7960,2023-10-17,Apulo,Nicaragua,10
7961,2023-07-02,Sunset Park,Honduras,45
7962,2021-01-09,Amulapa,Costa Rica,27
7963,2023-11-29,Cerro Verde,Estados Unidos,30
7964,2022-06-07,Sunset Park,Costa Rica,26
7965,2021-09-24,Puerta del Diablo,Costa Rica,74
7966,2023-03-05,Balboa,Costa Rica,27
7967,2024-03-06,Apulo,Estados Unidos,22
7968,2023-08-23,Apulo,Mexico,67
7969,2024-05-05,Sunset Park,Nicaragua,50
7970,2023-02-22,Apulo,Guatemala,43
7971,2024-10-12,Apulo,Mexico,22
7972,2024-12-12,Puerta del Diablo,Estados Unidos,37
7973,2024-10-03,Apulo,España,74
7974,2022-05-28,Balboa,Costa Rica,41
7975,2021-01-14,Apulo,Mexico,48
7976,2021-09-06,Puerta del Diablo,Honduras,72
7977,2022-10-29,Amulapa,España,41
7978,2024-11-15,Cerro Verde,Honduras,11
7979,2021-02-21,Cerro Verde,Nicaragua,38
7980,2024-02-25,Apulo,Canada,49
7981,2024-07-19,Puerta del Diablo,Estados Unidos,78
7982,2024-04-08,Cerro Verde,Honduras,67
7983,2022-05-06,Puerta del Diablo,Costa Rica,13
7984,2021-09-15,Cerro Verde,España,75
7985,2024-09-08,Amulapa,España,73
7986,2022-10-04,Puerta del Diablo,Honduras,43
7987,2023-09-22,Apulo,Nicaragua,32
7988,2024-03-03,Cerro Verde,Estados Unidos,44
7989,2023-08-23,Sunset Park,Guatemala,62
7990,2023-01-17,Apulo,España,44
7991,2021-05-19,Apulo,Mexico,11
7992,2024-09-23,Puerta del Diablo,Nicaragua,39
7993,2022-02-07,Apulo,Nicaragua,36
7994,2022-11-18,Cerro Verde,Costa Rica,52
7995,2023-12-29,Apulo,Canada,62
7996,2021-07-19,Apulo,Nicaragua,56
7997,2023-09-14,Amulapa,Estados Unidos,63
7998,2024-04-16,Puerta del Diablo,Nicaragua,18
7999,2024-07-06,Apulo,Guatemala,25
8000,2023-06-19,Balboa,España,60
8001,2022-02-28,Balboa,Honduras,5
8002,2022-07-03,Cerro Verde,Guatemala,63
8003,2021-04-08,Puerta del Diablo,Canada,50
8004,2021-10-09,Cerro Verde,Mexico,55
8005,2024-02-26,Apulo,Costa Rica,50
8006,2022-01-31,Puerta del Diablo,Mexico,6
8007,2022-03-12,Sunset Park,Canada,39
8008,2022-08-09,Puerta del Diablo,Nicaragua,42
8009,2021-02-12,Apulo,Costa Rica,32
8010,2024-02-27,Balboa,Guatemala,30
8011,2021-01-18,Apulo,Costa Rica,75
8012,2021-08-27,Balboa,Mexico,24
8013,2024-03-03,Puerta del Diablo,Guatemala,38
8014,2024-05-07,Apulo,Honduras,49
8015,2023-08-10,Cerro Verde,Honduras,56
8016,2024-09-11,Puerta del Diablo,Nicaragua,21
8017,2021-09-18,Apulo,España,20
8018,2022-05-04,Amulapa,Guatemala,51
8019,2021-04-21,Puerta del Diablo,España,6
8020,2023-01-25,Puerta del Diablo,Costa Rica,35
8021,2021-07-14,Amulapa,Estados Unidos,44
8022,2024-09-25,Apulo,Costa Rica,28
8023,2023-04-17,Amulapa,Costa Rica,72
8024,2024-02-15,Puerta del Diablo,Costa Rica,36
8025,2022-03-18,Sunset Park,Costa Rica,14
8026,2023-06-10,Apulo,España,26
8027,2023-02-01,Sunset Park,Costa Rica,58
8028,2022-12-06,Balboa,España,33
8029,2023-09-25,Puerta del Diablo,Costa Rica,24
8030,2024-12-13,Balboa,Costa Rica,15
8031,2021-05-12,Balboa,Honduras,47
8032,2022-12-10,Balboa,Costa Rica,66
8033,2023-08-26,Puerta del Diablo,Estados Unidos,41
8034,2021-08-16,Balboa,Estados Unidos,73
8035,2022-08-23,Amulapa,Nicaragua,22
8036,2024-12-01,Amulapa,Guatemala,21
8037,2022-04-03,Balboa,Estados Unidos,57
8038,2024-01-11,Amulapa,Costa Rica,21
8039,2024-10-28,Apulo,España,18
8040,2022-05-03,Balboa,España,39
8041,2021-09-01,Amulapa,España,77
8042,2022-10-13,Cerro Verde,Honduras,78
8043,2024-01-14,Puerta del Diablo,Nicaragua,37
8044,2022-12-16,Apulo,Honduras,31
8045,2022-06-26,Sunset Park,Honduras,11
8046,2024-10-15,Cerro Verde,Mexico,29
8047,2024-10-12,Amulapa,Guatemala,75
8048,2024-03-17,Amulapa,España,52
8049,2023-11-09,Sunset Park,Estados Unidos,28
8050,2023-06-23,Cerro Verde,Honduras,23
8051,2023-07-22,Apulo,Honduras,14
8052,2021-08-23,Cerro Verde,Nicaragua,65
8053,2021-07-02,Puerta del Diablo,Costa Rica,76
8054,2023-03-04,Puerta del Diablo,Canada,56
8055,2023-12-01,Puerta del Diablo,Costa Rica,59
8056,2022-05-31,Cerro Verde,Guatemala,64
8057,2021-05-31,Apulo,Costa Rica,38
8058,2021-06-02,Amulapa,Mexico,74
8059,2022-12-19,Balboa,Guatemala,36
8060,2023-11-29,Apulo,Guatemala,68
8061,2022-06-17,Apulo,Mexico,51
8062,2024-10-05,Sunset Park,Costa Rica,36
8063,2024-01-19,Amulapa,Canada,58
8064,2023-10-10,Apulo,Mexico,12
8065,2021-04-10,Balboa,Honduras,25
8066,2024-01-21,Cerro Verde,Guatemala,68
8067,2022-02-26,Cerro Verde,Nicaragua,76
8068,2023-06-27,Balboa,Honduras,30
8069,2023-10-04,Cerro Verde,Mexico,77
8070,2021-12-21,Puerta del Diablo,Canada,35
8071,2022-12-16,Cerro Verde,Costa Rica,47
8072,2024-07-08,Puerta del Diablo,Estados Unidos,15
8073,2024-12-25,Balboa,Costa Rica,64
8074,2024-10-17,Balboa,Canada,25
8075,2022-07-12,Apulo,Honduras,35
8076,2023-07-19,Cerro Verde,Guatemala,8
8077,2022-12-26,Sunset Park,Mexico,69
8078,2024-09-18,Amulapa,Honduras,17
8079,2024-01-26,Cerro Verde,Costa Rica,59
8080,2024-03-03,Apulo,Costa Rica,19
8081,2024-06-05,Cerro Verde,Costa Rica,45
8082,2022-10-25,Sunset Park,Honduras,65
8083,2024-10-16,Cerro Verde,España,52
8084,2023-10-19,Sunset Park,Costa Rica,42
8085,2024-11-12,Sunset Park,Estados Unidos,71
8086,2023-06-17,Apulo,Costa Rica,31
8087,2023-05-27,Sunset Park,Honduras,64
8088,2021-10-09,Balboa,Mexico,9
8089,2023-08-07,Sunset Park,Costa Rica,23
8090,2021-01-29,Balboa,Nicaragua,68
8091,2022-02-13,Balboa,Guatemala,25
8092,2024-02-17,Puerta del Diablo,Canada,40
8093,2022-07-01,Puerta del Diablo,Guatemala,55
8094,2021-01-12,Balboa,Guatemala,21
8095,2022-04-20,Sunset Park,Canada,27
8096,2021-09-12,Sunset Park,Honduras,67
8097,2022-09-16,Sunset Park,Guatemala,68
8098,2023-08-06,Puerta del Diablo,Guatemala,52
8099,2021-11-15,Puerta del Diablo,Estados Unidos,43
8100,2024-02-01,Amulapa,Mexico,70
8101,2021-04-17,Balboa,Honduras,30
8102,2024-07-27,Sunset Park,Mexico,21
8103,2021-05-05,Cerro Verde,Canada,39
8104,2023-06-05,Balboa,Nicaragua,71
8105,2024-01-19,Amulapa,Estados Unidos,76
8106,2021-01-12,Apulo,Nicaragua,26
8107,2024-06-23,Amulapa,Canada,7
8108,2024-10-25,Balboa,Estados Unidos,10
8109,2023-09-11,Amulapa,Nicaragua,55
8110,2023-08-28,Puerta del Diablo,Estados Unidos,69
8111,2023-01-06,Balboa,Honduras,71
8112,2024-02-02,Amulapa,Guatemala,18
8113,2021-01-24,Sunset Park,Guatemala,33
8114,2021-12-11,Amulapa,Canada,64
8115,2021-09-09,Puerta del Diablo,Guatemala,14
8116,2023-05-30,Puerta del Diablo,España,43
8117,2023-02-28,Amulapa,Estados Unidos,25
8118,2024-11-05,Cerro Verde,Guatemala,37
8119,2021-12-08,Sunset Park,Nicaragua,53
8120,2021-02-10,Sunset Park,España,17
8121,2022-11-27,Apulo,Honduras,70
8122,2023-09-24,Cerro Verde,Costa Rica,40
8123,2021-10-11,Amulapa,Canada,17
8124,2023-01-10,Cerro Verde,Honduras,6
8125,2024-05-01,Apulo,Nicaragua,6
8126,2024-12-04,Balboa,Mexico,77
8127,2021-11-23,Apulo,Nicaragua,34
8128,2021-11-21,Apulo,Canada,38
8129,2023-05-08,Sunset Park,España,40
8130,2023-02-20,Sunset Park,Canada,43
8131,2021-08-07,Balboa,Guatemala,30
8132,2022-02-05,Cerro Verde,Estados Unidos,60
8133,2024-11-18,Sunset Park,Canada,67
8134,2022-06-09,Cerro Verde,Estados Unidos,36
8135,2023-06-09,Balboa,Costa Rica,56
8136,2024-07-25,Balboa,Estados Unidos,32
8137,2022-04-03,Sunset Park,Honduras,16
8138,2024-04-23,Puerta del Diablo,Estados Unidos,20
8139,2021-10-01,Amulapa,Guatemala,50
8140,2022-07-01,Amulapa,España,70
8141,2021-11-06,Amulapa,Honduras,20
8142,2022-06-01,Apulo,Honduras,79
8143,2023-10-04,Cerro Verde,Mexico,6
8144,2021-06-18,Apulo,Canada,43
8145,2024-04-26,Balboa,Honduras,18
8146,2021-09-23,Puerta del Diablo,Guatemala,78
8147,2021-05-22,Cerro Verde,España,24
8148,2023-12-11,Puerta del Diablo,Costa Rica,35
8149,2021-08-02,Cerro Verde,Canada,18
8150,2023-05-03,Amulapa,España,63
8151,2021-10-30,Apulo,Guatemala,45
8152,2023-10-14,Cerro Verde,España,54
8153,2021-12-07,Puerta del Diablo,Nicaragua,78
8154,2024-11-28,Puerta del Diablo,Honduras,21
8155,2023-11-10,Balboa,Honduras,61
8156,2022-04-19,Cerro Verde,Canada,32
8157,2021-02-11,Amulapa,Guatemala,38
8158,2021-08-05,Apulo,Canada,12
8159,2021-05-05,Sunset Park,España,50
8160,2024-03-06,Cerro Verde,Canada,14
8161,2022-04-08,Sunset Park,Honduras,26
8162,2024-06-02,Sunset Park,España,48
8163,2022-11-23,Amulapa,Estados Unidos,68
8164,2023-08-28,Amulapa,Canada,30
8165,2021-01-10,Balboa,Mexico,43
8166,2021-03-31,Cerro Verde,Honduras,30
8167,2022-02-27,Sunset Park,Estados Unidos,28
8168,2024-07-15,Balboa,Nicaragua,54
8169,2022-02-17,Amulapa,Nicaragua,44
8170,2022-04-17,Amulapa,Nicaragua,49
8171,2021-07-04,Balboa,España,56
8172,2021-12-27,Amulapa,Mexico,44
8173,2021-01-20,Sunset Park,Honduras,34
8174,2023-06-26,Amulapa,Honduras,56
8175,2023-09-28,Apulo,España,20
8176,2022-08-15,Apulo,Guatemala,60
8177,2024-08-08,Amulapa,Canada,45
8178,2024-03-19,Sunset Park,Estados Unidos,42
8179,2022-03-21,Amulapa,España,11
8180,2022-10-22,Puerta del Diablo,Estados Unidos,39
8181,2024-08-11,Cerro Verde,Mexico,74
8182,2022-07-22,Sunset Park,Costa Rica,44
8183,2021-08-24,Cerro Verde,Estados Unidos,15
8184,2024-12-17,Puerta del Diablo,Nicaragua,35
8185,2024-07-14,Apulo,Guatemala,62
8186,2022-08-23,Balboa,Guatemala,34
8187,2023-01-30,Amulapa,Costa Rica,34
8188,2024-09-29,Sunset Park,Costa Rica,14
8189,2023-05-21,Apulo,Mexico,6
8190,2024-10-18,Cerro Verde,Guatemala,21
8191,2024-06-30,Balboa,Costa Rica,64
8192,2022-08-19,Cerro Verde,España,5
8193,2023-09-10,Balboa,Estados Unidos,62
8194,2024-12-07,Cerro Verde,Mexico,49
8195,2021-07-26,Balboa,España,63
8196,2023-09-07,Cerro Verde,Estados Unidos,36
8197,2022-01-16,Balboa,España,42
8198,2023-11-02,Amulapa,Estados Unidos,64
8199,2022-11-23,Sunset Park,Costa Rica,48
8200,2021-08-03,Balboa,Guatemala,72
8201,2023-07-04,Balboa,Guatemala,63
8202,2021-02-02,Amulapa,España,7
8203,2024-12-03,Sunset Park,Nicaragua,41
8204,2021-05-25,Sunset Park,España,33
8205,2021-06-09,Sunset Park,Nicaragua,61
8206,2021-03-27,Cerro Verde,Costa Rica,76
8207,2023-11-24,Balboa,Estados Unidos,51
8208,2021-12-24,Amulapa,Mexico,34
8209,2022-01-20,Apulo,Canada,49
8210,2024-09-20,Sunset Park,Honduras,45
8211,2024-04-27,Cerro Verde,Costa Rica,72
8212,2022-09-13,Cerro Verde,Honduras,20
8213,2024-11-02,Amulapa,España,28
8214,2021-02-06,Balboa,Honduras,50
8215,2021-11-17,Sunset Park,Guatemala,33
8216,2024-02-28,Balboa,Estados Unidos,50
8217,2021-04-10,Puerta del Diablo,Mexico,17
8218,2022-11-26,Sunset Park,Canada,39
8219,2021-03-30,Apulo,Guatemala,70
8220,2021-02-12,Cerro Verde,España,14
8221,2024-01-13,Cerro Verde,Costa Rica,20
8222,2023-02-07,Sunset Park,Honduras,9
8223,2022-10-20,Puerta del Diablo,Guatemala,36
8224,2021-06-10,Apulo,Canada,79
8225,2022-05-21,Amulapa,Guatemala,42
8226,2024-06-29,Cerro Verde,Costa Rica,38
8227,2024-11-23,Balboa,Mexico,34
8228,2021-08-07,Balboa,Canada,31
8229,2023-01-15,Balboa,Canada,65
8230,2024-04-24,Cerro Verde,Canada,49
8231,2022-02-14,Balboa,Mexico,20
8232,2024-08-08,Cerro Verde,Costa Rica,69
8233,2023-10-09,Sunset Park,Honduras,6
8234,2024-02-28,Balboa,Mexico,22
8235,2021-08-25,Balboa,Estados Unidos,18
8236,2021-03-27,Cerro Verde,Nicaragua,57
8237,2021-04-24,Amulapa,Guatemala,61
8238,2021-06-24,Cerro Verde,Estados Unidos,53
8239,2024-12-02,Cerro Verde,Estados Unidos,22
8240,2021-04-01,Apulo,España,58
8241,2023-04-20,Sunset Park,Mexico,63
8242,2021-11-29,Balboa,Guatemala,36
8243,2021-07-11,Cerro Verde,Nicaragua,50
8244,2021-07-24,Cerro Verde,Nicaragua,73
8245,2024-09-14,Cerro Verde,Costa Rica,24
8246,2022-11-07,Balboa,Guatemala,54
8247,2023-11-12,Cerro Verde,Nicaragua,22
8248,2023-12-01,Apulo,Canada,26
8249,2022-09-06,Apulo,Guatemala,9
8250,2023-08-13,Cerro Verde,Estados Unidos,73
8251,2023-11-26,Sunset Park,España,53
8252,2021-08-13,Apulo,España,78
8253,2021-07-11,Balboa,España,37
8254,2023-03-20,Puerta del Diablo,Canada,45
8255,2023-03-14,Puerta del Diablo,Honduras,12
8256,2022-12-03,Apulo,Honduras,15
8257,2022-05-30,Sunset Park,España,78
8258,2021-07-15,Apulo,Honduras,78
8259,2021-07-21,Balboa,Canada,35
8260,2024-12-28,Sunset Park,España,59
8261,2024-06-21,Balboa,Costa Rica,55
8262,2023-02-09,Cerro Verde,Mexico,66
8263,2021-03-10,Cerro Verde,Guatemala,25
8264,2023-10-08,Cerro Verde,Canada,30
8265,2023-02-03,Cerro Verde,Costa Rica,17
8266,2023-10-07,Cerro Verde,España,71
8267,2023-06-09,Sunset Park,Nicaragua,48
8268,2024-09-22,Balboa,Guatemala,7
8269,2022-07-26,Sunset Park,Costa Rica,24
8270,2023-09-08,Amulapa,Guatemala,10
8271,2023-08-30,Apulo,Canada,8
8272,2023-10-11,Sunset Park,España,27
8273,2024-01-24,Cerro Verde,Mexico,9
8274,2024-06-28,Cerro Verde,España,16
8275,2023-04-23,Puerta del Diablo,Guatemala,64
8276,2021-11-12,Sunset Park,Canada,30
8277,2021-09-13,Balboa,Canada,63
8278,2022-01-29,Amulapa,España,17
8279,2024-01-27,Amulapa,Mexico,13
8280,2021-10-25,Puerta del Diablo,Honduras,77
8281,2024-11-18,Sunset Park,Guatemala,47
8282,2023-02-13,Balboa,Canada,27
8283,2021-03-22,Puerta del Diablo,Honduras,26
8284,2023-08-31,Puerta del Diablo,España,46
8285,2024-04-10,Puerta del Diablo,Mexico,53
8286,2023-05-09,Sunset Park,Estados Unidos,36
8287,2021-07-14,Puerta del Diablo,Costa Rica,12
8288,2024-03-02,Cerro Verde,Guatemala,25
8289,2022-08-07,Sunset Park,Nicaragua,69
8290,2022-01-11,Puerta del Diablo,España,31
8291,2024-01-21,Apulo,Honduras,22
8292,2021-04-23,Balboa,Mexico,49
8293,2022-03-27,Balboa,España,78
8294,2022-04-17,Amulapa,Nicaragua,53
8295,2021-01-09,Puerta del Diablo,Honduras,53
8296,2023-09-02,Apulo,Guatemala,9
8297,2022-02-17,Balboa,Mexico,69
8298,2021-08-31,Amulapa,Honduras,52
8299,2023-07-05,Apulo,Mexico,62
8300,2024-04-18,Cerro Verde,Mexico,27
8301,2024-08-31,Sunset Park,Costa Rica,47
8302,2023-11-24,Apulo,Guatemala,52
8303,2023-04-05,Puerta del Diablo,Canada,16
8304,2022-08-11,Puerta del Diablo,Nicaragua,37
8305,2023-12-01,Puerta del Diablo,Costa Rica,76
8306,2024-11-05,Apulo,España,12
8307,2023-02-02,Balboa,Costa Rica,15
8308,2021-08-22,Sunset Park,Costa Rica,78
8309,2024-06-24,Apulo,Estados Unidos,22
8310,2022-07-29,Balboa,Costa Rica,63
8311,2022-12-29,Cerro Verde,Mexico,38
8312,2023-08-05,Cerro Verde,Nicaragua,19
8313,2021-02-19,Amulapa,Guatemala,64
8314,2021-06-13,Apulo,España,72
8315,2023-12-25,Sunset Park,Nicaragua,52
8316,2024-09-12,Sunset Park,Guatemala,60
8317,2024-03-05,Balboa,España,66
8318,2023-03-08,Apulo,Mexico,36
8319,2024-03-19,Amulapa,Mexico,77
8320,2023-10-02,Sunset Park,Honduras,48
8321,2022-09-28,Puerta del Diablo,Guatemala,9
8322,2022-06-08,Puerta del Diablo,Nicaragua,63
8323,2023-09-14,Amulapa,Honduras,41
8324,2022-01-04,Apulo,Mexico,30
8325,2022-06-14,Amulapa,Estados Unidos,24
8326,2022-05-14,Amulapa,Costa Rica,52
8327,2024-07-03,Puerta del Diablo,Honduras,22
8328,2021-04-12,Cerro Verde,Nicaragua,41
8329,2021-03-15,Apulo,España,74
8330,2024-11-02,Sunset Park,Estados Unidos,18
8331,2021-10-15,Puerta del Diablo,Costa Rica,76
8332,2021-10-05,Amulapa,España,18
8333,2024-01-06,Amulapa,Estados Unidos,30
8334,2023-01-12,Cerro Verde,Mexico,26
8335,2024-02-18,Balboa,Honduras,44
8336,2023-12-01,Apulo,Mexico,5
8337,2023-12-15,Sunset Park,Nicaragua,79
8338,2021-08-07,Apulo,Guatemala,19
8339,2024-03-20,Apulo,Guatemala,22
8340,2022-03-11,Apulo,Honduras,33
8341,2021-05-10,Cerro Verde,Costa Rica,11
8342,2022-01-15,Amulapa,Honduras,7
8343,2024-07-19,Apulo,Guatemala,19
8344,2024-03-24,Puerta del Diablo,España,6
8345,2022-08-06,Balboa,España,38
8346,2022-04-09,Amulapa,Estados Unidos,40
8347,2021-05-19,Apulo,Mexico,57
8348,2024-03-11,Cerro Verde,Mexico,75
8349,2021-07-18,Balboa,Costa Rica,49
8350,2024-03-08,Amulapa,Canada,52
8351,2022-06-29,Puerta del Diablo,Honduras,77
8352,2024-06-01,Sunset Park,Canada,36
8353,2021-12-27,Balboa,Honduras,61
8354,2024-02-14,Apulo,Nicaragua,45
8355,2021-01-20,Sunset Park,Mexico,35
8356,2021-11-20,Cerro Verde,Guatemala,6
8357,2023-11-27,Puerta del Diablo,Costa Rica,15
8358,2024-11-04,Sunset Park,Estados Unidos,70
8359,2022-02-21,Sunset Park,España,76
8360,2021-04-18,Apulo,Mexico,65
8361,2024-01-15,Balboa,Costa Rica,66
8362,2024-08-08,Apulo,Nicaragua,7
8363,2023-06-16,Cerro Verde,Costa Rica,77
8364,2024-12-20,Balboa,Canada,79
8365,2024-11-15,Amulapa,Honduras,32
8366,2021-03-13,Sunset Park,España,30
8367,2021-07-19,Sunset Park,Costa Rica,65
8368,2021-03-31,Apulo,Costa Rica,62
8369,2023-07-12,Balboa,Honduras,41
8370,2021-07-07,Amulapa,Honduras,47
8371,2023-08-29,Apulo,Nicaragua,17
8372,2021-04-05,Amulapa,Guatemala,24
8373,2023-05-21,Balboa,Guatemala,35
8374,2023-07-23,Apulo,Estados Unidos,54
8375,2021-01-18,Apulo,Guatemala,56
8376,2022-10-21,Balboa,Canada,57
8377,2022-06-19,Amulapa,Estados Unidos,54
8378,2024-08-15,Sunset Park,España,70
8379,2024-05-26,Apulo,España,66
8380,2022-06-04,Amulapa,Guatemala,7
8381,2023-08-13,Cerro Verde,Nicaragua,52
8382,2023-09-02,Puerta del Diablo,Honduras,54
8383,2022-07-26,Sunset Park,Mexico,49
8384,2024-12-24,Sunset Park,Canada,5
8385,2021-05-21,Amulapa,Canada,5
8386,2021-07-02,Puerta del Diablo,Mexico,70
8387,2024-11-11,Puerta del Diablo,Nicaragua,32
8388,2024-09-17,Sunset Park,Costa Rica,31
8389,2022-06-18,Balboa,Mexico,61
8390,2021-10-18,Puerta del Diablo,Nicaragua,76
8391,2023-03-31,Sunset Park,Canada,29
8392,2023-12-03,Cerro Verde,Guatemala,17
8393,2022-05-17,Amulapa,España,8
8394,2024-01-20,Puerta del Diablo,Nicaragua,74
8395,2021-01-26,Apulo,Honduras,65
8396,2023-08-04,Sunset Park,Estados Unidos,39
8397,2022-09-25,Puerta del Diablo,Mexico,17
8398,2023-05-12,Cerro Verde,Canada,76
8399,2022-01-08,Apulo,Costa Rica,39
8400,2024-04-18,Cerro Verde,Honduras,62
8401,2021-12-16,Cerro Verde,Nicaragua,66
8402,2023-03-22,Puerta del Diablo,Mexico,46
8403,2023-06-03,Balboa,Mexico,33
8404,2024-07-31,Amulapa,Nicaragua,10
8405,2021-10-31,Puerta del Diablo,Nicaragua,20
8406,2022-11-23,Apulo,Honduras,63
8407,2023-04-27,Balboa,Mexico,27
8408,2024-11-05,Apulo,Mexico,43
8409,2022-02-25,Amulapa,Estados Unidos,44
8410,2024-03-20,Sunset Park,Estados Unidos,36
8411,2022-11-25,Apulo,España,7
8412,2023-09-04,Apulo,Costa Rica,77
8413,2022-08-03,Apulo,Nicaragua,10
8414,2023-02-07,Apulo,Guatemala,8
8415,2021-04-27,Puerta del Diablo,Guatemala,24
8416,2021-12-05,Apulo,Estados Unidos,9
8417,2023-03-15,Balboa,Honduras,46
8418,2022-11-14,Amulapa,Honduras,18
8419,2022-07-20,Puerta del Diablo,Canada,7
8420,2022-08-20,Cerro Verde,Canada,23
8421,2022-06-03,Puerta del Diablo,Nicaragua,70
8422,2022-04-19,Balboa,Estados Unidos,70
8423,2024-05-20,Puerta del Diablo,Mexico,19
8424,2023-05-07,Sunset Park,España,76
8425,2023-01-20,Amulapa,Honduras,34
8426,2021-07-17,Sunset Park,Honduras,53
8427,2021-01-30,Cerro Verde,España,59
8428,2023-05-15,Apulo,Costa Rica,61
8429,2022-10-30,Amulapa,Mexico,37
8430,2024-10-05,Puerta del Diablo,Estados Unidos,72
8431,2022-10-01,Balboa,Honduras,14
8432,2022-11-27,Cerro Verde,Canada,5
8433,2022-05-08,Puerta del Diablo,Honduras,30
8434,2022-03-24,Cerro Verde,Guatemala,43
8435,2022-12-24,Puerta del Diablo,Honduras,55
8436,2022-04-05,Balboa,Costa Rica,32
8437,2024-06-04,Sunset Park,Canada,63
8438,2022-07-24,Puerta del Diablo,Costa Rica,65
8439,2021-08-06,Apulo,España,13
8440,2023-02-14,Amulapa,Mexico,46
8441,2023-07-28,Sunset Park,Honduras,74
8442,2023-12-27,Apulo,Estados Unidos,23
8443,2021-08-31,Balboa,Costa Rica,34
8444,2023-07-21,Amulapa,Canada,79
8445,2022-09-09,Amulapa,Guatemala,67
8446,2023-01-18,Cerro Verde,Mexico,78
8447,2021-10-15,Amulapa,Canada,11
8448,2022-03-07,Sunset Park,Canada,36
8449,2023-10-09,Balboa,Honduras,13
8450,2022-07-13,Sunset Park,Mexico,58
8451,2024-04-27,Apulo,Estados Unidos,69
8452,2021-03-21,Puerta del Diablo,Estados Unidos,7
8453,2023-08-05,Sunset Park,Costa Rica,26
8454,2022-03-16,Amulapa,España,73
8455,2021-09-07,Cerro Verde,Canada,75
8456,2021-02-05,Amulapa,Honduras,38
8457,2024-12-21,Apulo,España,50
8458,2021-05-31,Cerro Verde,Honduras,52
8459,2024-10-26,Puerta del Diablo,Costa Rica,25
8460,2021-05-21,Amulapa,Mexico,45
8461,2021-02-14,Amulapa,Mexico,18
8462,2024-12-28,Puerta del Diablo,Honduras,34
8463,2024-05-22,Puerta del Diablo,Estados Unidos,27
8464,2024-12-09,Cerro Verde,Costa Rica,8
8465,2022-02-26,Cerro Verde,Nicaragua,28
8466,2021-04-21,Sunset Park,Nicaragua,76
8467,2024-10-27,Puerta del Diablo,Guatemala,8
8468,2023-08-23,Amulapa,Estados Unidos,36
8469,2022-02-19,Apulo,Estados Unidos,45
8470,2021-07-20,Amulapa,Estados Unidos,16
8471,2022-06-04,Puerta del Diablo,Costa Rica,9
8472,2021-09-25,Balboa,Costa Rica,31
8473,2023-08-23,Cerro Verde,Canada,15
8474,2023-08-09,Amulapa,Canada,77
8475,2023-11-22,Puerta del Diablo,Guatemala,68
8476,2022-02-14,Cerro Verde,Honduras,21
8477,2022-01-31,Sunset Park,Canada,11
8478,2024-01-26,Apulo,Mexico,44
8479,2024-11-17,Sunset Park,España,12
8480,2024-06-27,Balboa,Guatemala,30
8481,2024-02-27,Cerro Verde,Honduras,71
8482,2021-05-23,Amulapa,Mexico,22
8483,2022-04-27,Balboa,Costa Rica,77
8484,2021-04-01,Cerro Verde,España,54
8485,2021-01-08,Cerro Verde,Honduras,49
8486,2024-11-30,Amulapa,Honduras,11
8487,2023-01-29,Balboa,Nicaragua,73
8488,2023-09-28,Amulapa,Estados Unidos,41
8489,2024-12-18,Balboa,España,78
8490,2023-07-21,Sunset Park,Nicaragua,12
8491,2022-11-18,Puerta del Diablo,España,5
8492,2024-01-06,Sunset Park,Guatemala,44
8493,2023-04-23,Cerro Verde,España,21
8494,2023-08-31,Balboa,Mexico,34
8495,2021-09-01,Sunset Park,Nicaragua,25
8496,2021-07-18,Apulo,Nicaragua,58
8497,2023-05-27,Sunset Park,Costa Rica,77
8498,2024-11-07,Apulo,Costa Rica,16
8499,2024-09-09,Puerta del Diablo,Canada,70
8500,2023-01-22,Sunset Park,Honduras,72
8501,2022-07-21,Apulo,Nicaragua,7
8502,2021-12-22,Apulo,Costa Rica,33
8503,2024-05-07,Amulapa,Guatemala,17
8504,2023-03-17,Balboa,Estados Unidos,22
8505,2023-04-03,Apulo,Nicaragua,26
8506,2024-10-08,Puerta del Diablo,Mexico,67
8507,2023-08-29,Puerta del Diablo,Mexico,79
8508,2024-10-03,Apulo,Honduras,68
8509,2023-02-23,Sunset Park,Costa Rica,35
8510,2023-03-03,Sunset Park,Nicaragua,60
8511,2024-12-30,Sunset Park,Guatemala,28
8512,2021-12-12,Amulapa,España,9
8513,2024-07-25,Amulapa,Costa Rica,12
8514,2021-07-30,Cerro Verde,Mexico,48
8515,2023-04-02,Cerro Verde,Guatemala,18
8516,2024-05-11,Amulapa,Nicaragua,78
8517,2023-12-24,Apulo,Estados Unidos,27
8518,2023-10-22,Puerta del Diablo,España,17
8519,2024-06-04,Amulapa,Costa Rica,7
8520,2022-12-19,Puerta del Diablo,Nicaragua,14
8521,2021-04-19,Apulo,España,30
8522,2021-04-27,Balboa,Mexico,63
8523,2022-01-16,Puerta del Diablo,España,32
8524,2021-06-29,Amulapa,Mexico,50
8525,2022-08-09,Amulapa,Honduras,46
8526,2024-11-11,Apulo,España,15
8527,2023-02-17,Amulapa,Nicaragua,24
8528,2024-04-08,Puerta del Diablo,Nicaragua,28
8529,2023-03-05,Amulapa,España,26
8530,2021-10-05,Cerro Verde,Mexico,13
8531,2021-01-31,Amulapa,Costa Rica,57
8532,2024-04-02,Apulo,Honduras,54
8533,2024-05-07,Amulapa,Nicaragua,26
8534,2021-03-13,Balboa,Estados Unidos,35
8535,2022-05-10,Apulo,Canada,24
8536,2023-03-08,Sunset Park,Honduras,53
8537,2023-08-24,Balboa,Estados Unidos,65
8538,2023-01-27,Balboa,Guatemala,56
8539,2021-04-29,Amulapa,Nicaragua,13
8540,2024-01-18,Puerta del Diablo,Costa Rica,41
8541,2022-11-13,Balboa,Nicaragua,41
8542,2022-11-27,Puerta del Diablo,Estados Unidos,65
8543,2021-02-06,Apulo,Canada,14
8544,2021-12-14,Cerro Verde,España,61
8545,2021-06-09,Amulapa,España,78
8546,2021-06-12,Sunset Park,Honduras,69
8547,2022-04-06,Balboa,Guatemala,68
8548,2024-02-10,Cerro Verde,Nicaragua,25
8549,2024-10-30,Cerro Verde,Guatemala,60
8550,2022-09-24,Puerta del Diablo,Estados Unidos,61
8551,2021-09-09,Puerta del Diablo,Mexico,36
8552,2024-11-18,Sunset Park,Honduras,38
8553,2023-05-09,Apulo,Honduras,11
8554,2021-03-11,Amulapa,Honduras,7
8555,2023-08-13,Puerta del Diablo,Guatemala,78
8556,2022-10-09,Apulo,España,55
8557,2021-10-27,Apulo,Nicaragua,24
8558,2023-07-03,Amulapa,Honduras,22
8559,2022-08-12,Amulapa,Costa Rica,72
8560,2023-06-28,Cerro Verde,Estados Unidos,37
8561,2023-06-09,Balboa,Nicaragua,70
8562,2024-11-24,Cerro Verde,Estados Unidos,20
8563,2022-06-14,Sunset Park,Nicaragua,58
8564,2024-04-28,Amulapa,Canada,76
8565,2024-02-06,Amulapa,Guatemala,41
8566,2021-04-04,Balboa,Mexico,57
8567,2022-06-09,Amulapa,Honduras,11
8568,2023-10-19,Cerro Verde,Estados Unidos,21
8569,2024-03-20,Sunset Park,Costa Rica,47
8570,2024-07-22,Amulapa,Estados Unidos,12
8571,2024-01-01,Amulapa,Guatemala,23
8572,2022-04-10,Balboa,Guatemala,32
8573,2023-03-15,Amulapa,Canada,17
8574,2024-11-16,Amulapa,Mexico,41
8575,2023-05-16,Apulo,Estados Unidos,71
8576,2021-06-07,Sunset Park,España,77
8577,2023-10-27,Apulo,Costa Rica,52
8578,2023-09-27,Balboa,Canada,46
8579,2022-01-17,Sunset Park,España,18
8580,2021-08-23,Amulapa,Nicaragua,15
8581,2023-10-03,Sunset Park,Mexico,30
8582,2023-10-24,Amulapa,Estados Unidos,63
8583,2024-03-21,Cerro Verde,Nicaragua,36
8584,2024-01-21,Apulo,España,40
8585,2023-03-03,Apulo,Mexico,31
8586,2022-06-08,Sunset Park,Canada,16
8587,2022-04-12,Sunset Park,Honduras,40
8588,2023-12-08,Puerta del Diablo,Nicaragua,59
8589,2022-05-14,Cerro Verde,Estados Unidos,7
8590,2023-03-16,Apulo,Mexico,23
8591,2021-06-16,Apulo,Honduras,22
8592,2023-04-12,Sunset Park,Guatemala,55
8593,2021-12-04,Apulo,Canada,40
8594,2022-01-22,Amulapa,Guatemala,62
8595,2024-09-14,Balboa,Canada,72
8596,2021-08-26,Sunset Park,Mexico,5
8597,2023-08-05,Apulo,España,50
8598,2022-02-26,Amulapa,Honduras,72
8599,2022-12-26,Balboa,Mexico,69
8600,2023-02-22,Sunset Park,Canada,23
8601,2021-04-22,Amulapa,Costa Rica,47
8602,2021-03-16,Puerta del Diablo,Honduras,27
8603,2024-01-20,Apulo,Canada,37
8604,2024-02-23,Cerro Verde,Honduras,21
8605,2021-10-17,Balboa,España,63
8606,2023-08-09,Sunset Park,España,37
8607,2023-11-26,Apulo,Guatemala,79
8608,2023-01-27,Amulapa,Nicaragua,42
8609,2023-02-13,Apulo,Mexico,43
8610,2022-06-08,Apulo,Costa Rica,75
8611,2021-09-27,Puerta del Diablo,Honduras,25
8612,2024-09-20,Amulapa,Estados Unidos,29
8613,2023-05-14,Apulo,Guatemala,12
8614,2022-03-23,Cerro Verde,Estados Unidos,34
8615,2022-03-03,Cerro Verde,Honduras,76
8616,2024-10-05,Puerta del Diablo,Costa Rica,24
8617,2021-09-01,Puerta del Diablo,Honduras,39
8618,2021-10-22,Balboa,Nicaragua,71
8619,2024-07-15,Apulo,Guatemala,29
8620,2021-04-20,Apulo,Canada,49
8621,2022-04-26,Sunset Park,Guatemala,51
8622,2024-03-11,Amulapa,Costa Rica,72
8623,2021-08-11,Balboa,Guatemala,8
8624,2022-02-25,Puerta del Diablo,Mexico,66
8625,2023-08-06,Amulapa,Guatemala,19
8626,2024-04-16,Sunset Park,Nicaragua,10
8627,2024-10-05,Puerta del Diablo,Costa Rica,11
8628,2023-11-16,Cerro Verde,España,7
8629,2023-03-16,Amulapa,Mexico,39
8630,2022-02-06,Cerro Verde,Estados Unidos,23
8631,2023-07-20,Puerta del Diablo,Costa Rica,73
8632,2024-06-17,Cerro Verde,Costa Rica,56
8633,2021-04-24,Cerro Verde,Costa Rica,18
8634,2022-10-20,Sunset Park,España,9
8635,2022-10-03,Puerta del Diablo,Mexico,66
8636,2022-03-05,Sunset Park,Estados Unidos,47
8637,2023-02-10,Amulapa,Honduras,11
8638,2023-03-24,Balboa,Estados Unidos,49
8639,2023-01-16,Cerro Verde,Costa Rica,41
8640,2022-08-05,Puerta del Diablo,Guatemala,36
8641,2022-10-24,Sunset Park,Estados Unidos,46
8642,2022-08-28,Amulapa,Guatemala,9
8643,2023-05-22,Cerro Verde,España,14
8644,2021-12-13,Balboa,España,48
8645,2023-09-10,Apulo,España,14
8646,2023-02-24,Balboa,Costa Rica,22
8647,2022-09-12,Balboa,Mexico,67
8648,2023-11-27,Cerro Verde,Estados Unidos,79
8649,2022-05-16,Apulo,Costa Rica,47
8650,2023-01-12,Cerro Verde,Honduras,77
8651,2024-11-27,Puerta del Diablo,Guatemala,58
8652,2022-04-11,Cerro Verde,Costa Rica,64
8653,2022-04-29,Puerta del Diablo,Estados Unidos,15
8654,2023-06-26,Sunset Park,Mexico,42
8655,2024-09-29,Cerro Verde,Guatemala,58
8656,2024-09-19,Balboa,Estados Unidos,61
8657,2024-06-18,Cerro Verde,Guatemala,78
8658,2021-05-19,Apulo,Costa Rica,12
8659,2022-06-26,Balboa,Nicaragua,28
8660,2022-10-02,Cerro Verde,España,37
8661,2022-07-01,Balboa,Nicaragua,51
8662,2024-12-07,Amulapa,Mexico,47
8663,2023-05-09,Puerta del Diablo,Honduras,45
8664,2023-03-30,Puerta del Diablo,España,79
8665,2021-09-18,Apulo,España,76
8666,2023-12-29,Amulapa,Canada,10
8667,2024-05-23,Cerro Verde,Nicaragua,18
8668,2024-07-25,Amulapa,Costa Rica,26
8669,2024-07-31,Balboa,Mexico,69
8670,2022-01-23,Puerta del Diablo,Nicaragua,22
8671,2022-11-04,Apulo,Mexico,26
8672,2024-10-02,Apulo,España,28
8673,2021-05-02,Balboa,Honduras,52
8674,2024-03-20,Amulapa,Nicaragua,44
8675,2024-04-19,Puerta del Diablo,Nicaragua,51
8676,2022-12-04,Apulo,Estados Unidos,10
8677,2021-09-17,Sunset Park,Mexico,21
8678,2023-07-22,Balboa,Guatemala,38
8679,2023-06-05,Cerro Verde,Mexico,57
8680,2023-06-04,Sunset Park,Canada,72
8681,2022-08-28,Balboa,Canada,28
8682,2024-11-09,Apulo,Mexico,15
8683,2022-03-27,Apulo,Nicaragua,47
8684,2021-05-12,Cerro Verde,Nicaragua,26
8685,2024-04-12,Puerta del Diablo,Mexico,53
8686,2023-10-28,Amulapa,Mexico,60
8687,2023-02-08,Amulapa,Mexico,33
8688,2023-01-03,Cerro Verde,Canada,15
8689,2023-12-17,Puerta del Diablo,Costa Rica,70
8690,2021-01-13,Sunset Park,Costa Rica,68
8691,2021-03-31,Amulapa,Costa Rica,16
8692,2021-06-01,Sunset Park,Honduras,64
8693,2023-11-18,Apulo,Nicaragua,66
8694,2022-11-23,Cerro Verde,Guatemala,9
8695,2023-04-18,Balboa,España,41
8696,2023-09-24,Amulapa,Guatemala,7
8697,2023-11-17,Balboa,Guatemala,69
8698,2024-01-30,Amulapa,Guatemala,12
8699,2022-03-14,Balboa,Guatemala,12
8700,2022-02-19,Balboa,Costa Rica,40
8701,2022-03-04,Amulapa,España,15
8702,2023-01-26,Apulo,Guatemala,14
8703,2023-05-02,Amulapa,Honduras,21
8704,2022-08-20,Balboa,Estados Unidos,40
8705,2021-08-20,Apulo,Guatemala,45
8706,2024-09-09,Balboa,Honduras,34
8707,2023-06-28,Apulo,Honduras,78
8708,2021-06-13,Cerro Verde,Canada,49
8709,2024-08-17,Sunset Park,Honduras,7
8710,2023-10-18,Apulo,Guatemala,22
8711,2023-01-30,Amulapa,Nicaragua,40
8712,2022-10-12,Amulapa,Estados Unidos,23
8713,2022-10-23,Amulapa,Estados Unidos,40
8714,2022-05-13,Apulo,Estados Unidos,8
8715,2022-09-13,Sunset Park,Costa Rica,73
8716,2024-02-10,Apulo,Costa Rica,49
8717,2022-05-17,Cerro Verde,Guatemala,50
8718,2021-06-30,Puerta del Diablo,Guatemala,75
8719,2023-01-05,Sunset Park,Canada,12
8720,2022-11-27,Apulo,Mexico,71
8721,2024-01-07,Amulapa,España,63
8722,2023-02-04,Cerro Verde,Canada,56
8723,2022-12-04,Balboa,Honduras,40
8724,2024-07-21,Amulapa,Guatemala,62
8725,2022-01-16,Sunset Park,Estados Unidos,24
8726,2022-12-20,Balboa,Estados Unidos,79
8727,2024-05-01,Cerro Verde,Guatemala,43
8728,2024-12-11,Amulapa,Costa Rica,6
8729,2022-05-12,Sunset Park,Guatemala,51
8730,2024-08-04,Amulapa,Nicaragua,69
8731,2021-04-12,Apulo,Canada,50
8732,2022-12-21,Puerta del Diablo,Mexico,75
8733,2021-04-28,Puerta del Diablo,Guatemala,18
8734,2022-01-23,Apulo,Canada,71
8735,2022-11-21,Cerro Verde,Guatemala,64
8736,2022-01-11,Balboa,Mexico,60
8737,2022-02-02,Cerro Verde,Mexico,53
8738,2024-06-10,Sunset Park,Estados Unidos,62
8739,2024-08-07,Puerta del Diablo,Canada,20
8740,2024-10-28,Amulapa,Honduras,70
8741,2022-11-17,Puerta del Diablo,España,25
8742,2023-02-15,Apulo,Canada,52
8743,2021-04-20,Sunset Park,Guatemala,14
8744,2023-03-18,Sunset Park,Guatemala,77
8745,2024-08-20,Puerta del Diablo,Nicaragua,20
8746,2021-08-14,Balboa,Nicaragua,33
8747,2023-01-28,Sunset Park,Mexico,68
8748,2022-03-19,Amulapa,Mexico,64
8749,2021-09-14,Cerro Verde,Mexico,21
8750,2021-02-17,Apulo,España,42
8751,2023-11-20,Cerro Verde,Estados Unidos,13
8752,2021-01-16,Sunset Park,Mexico,68
8753,2021-09-12,Apulo,Nicaragua,54
8754,2023-03-03,Puerta del Diablo,Costa Rica,57
8755,2021-08-23,Cerro Verde,Canada,62
8756,2021-12-22,Cerro Verde,Estados Unidos,50
8757,2024-02-12,Cerro Verde,Honduras,15
8758,2022-06-07,Amulapa,España,10
8759,2023-08-31,Cerro Verde,Costa Rica,26
8760,2021-08-09,Apulo,Costa Rica,30
8761,2021-10-02,Balboa,Estados Unidos,44
8762,2021-08-22,Apulo,Nicaragua,48
8763,2023-09-02,Sunset Park,Estados Unidos,14
8764,2021-01-19,Balboa,España,74
8765,2021-09-25,Cerro Verde,Costa Rica,53
8766,2022-08-05,Puerta del Diablo,Canada,57
8767,2024-01-31,Puerta del Diablo,Guatemala,73
8768,2021-10-25,Puerta del Diablo,Costa Rica,70
8769,2021-09-07,Apulo,Guatemala,30
8770,2023-12-16,Sunset Park,Guatemala,19
8771,2023-04-01,Sunset Park,Estados Unidos,57
8772,2023-09-10,Balboa,Honduras,30
8773,2024-05-16,Puerta del Diablo,Estados Unidos,45
8774,2022-02-05,Puerta del Diablo,Canada,28
8775,2021-05-26,Balboa,Honduras,43
8776,2023-10-25,Cerro Verde,Nicaragua,68
8777,2024-10-04,Puerta del Diablo,Costa Rica,55
8778,2021-09-08,Amulapa,Canada,31
8779,2022-03-11,Cerro Verde,Honduras,42
8780,2022-02-08,Apulo,Costa Rica,17
8781,2022-03-27,Cerro Verde,Canada,76
8782,2024-06-09,Balboa,Costa Rica,73
8783,2022-07-23,Cerro Verde,Costa Rica,62
8784,2024-11-22,Apulo,Nicaragua,37
8785,2023-05-30,Balboa,Nicaragua,77
8786,2024-02-04,Puerta del Diablo,Honduras,34
8787,2023-06-14,Amulapa,Nicaragua,64
8788,2024-11-10,Puerta del Diablo,Canada,78
8789,2023-07-23,Amulapa,Costa Rica,64
8790,2023-04-26,Sunset Park,Costa Rica,29
8791,2021-01-06,Sunset Park,Nicaragua,27
8792,2022-08-23,Puerta del Diablo,Costa Rica,23
8793,2021-03-22,Apulo,Costa Rica,78
8794,2021-01-28,Amulapa,España,10
8795,2023-05-28,Apulo,Nicaragua,35
8796,2022-03-26,Puerta del Diablo,Guatemala,26
8797,2021-09-12,Apulo,Canada,65
8798,2023-07-24,Balboa,Mexico,64
8799,2023-01-26,Cerro Verde,Canada,73
8800,2024-11-11,Amulapa,Estados Unidos,23
8801,2022-05-20,Balboa,Nicaragua,25
8802,2021-08-26,Balboa,Costa Rica,69
8803,2024-08-07,Apulo,Honduras,15
8804,2021-02-04,Puerta del Diablo,Estados Unidos,50
8805,2024-04-28,Puerta del Diablo,Guatemala,56
8806,2022-02-04,Puerta del Diablo,España,24
8807,2024-05-01,Cerro Verde,Canada,16
8808,2024-11-10,Amulapa,Mexico,64
8809,2023-02-09,Puerta del Diablo,Canada,51
8810,2021-11-11,Puerta del Diablo,Costa Rica,52
8811,2021-02-11,Apulo,Mexico,47
8812,2023-01-09,Sunset Park,Mexico,35
8813,2024-03-29,Sunset Park,Mexico,47
8814,2022-10-18,Apulo,España,33
8815,2021-12-31,Puerta del Diablo,Honduras,67
8816,2024-08-21,Sunset Park,Mexico,73
8817,2023-10-15,Puerta del Diablo,Nicaragua,68
8818,2024-09-07,Balboa,Nicaragua,45
8819,2023-11-27,Amulapa,Honduras,14
8820,2022-03-13,Cerro Verde,España,34
8821,2024-12-29,Puerta del Diablo,Canada,27
8822,2023-04-14,Apulo,Costa Rica,43
8823,2021-05-10,Apulo,Honduras,46
8824,2021-05-10,Apulo,Estados Unidos,30
8825,2022-02-17,Cerro Verde,Costa Rica,14
8826,2024-09-07,Amulapa,Costa Rica,7
8827,2024-07-18,Puerta del Diablo,Guatemala,76
8828,2024-06-11,Sunset Park,Costa Rica,5
8829,2022-05-01,Amulapa,Costa Rica,12
8830,2024-02-13,Balboa,España,55
8831,2023-05-03,Puerta del Diablo,Canada,66
8832,2021-12-02,Cerro Verde,España,74
8833,2024-06-29,Puerta del Diablo,España,74
8834,2023-09-06,Amulapa,Nicaragua,21
8835,2022-11-04,Balboa,Estados Unidos,32
8836,2022-08-23,Cerro Verde,Estados Unidos,43
8837,2024-12-29,Sunset Park,Nicaragua,7
8838,2024-10-24,Puerta del Diablo,Costa Rica,30
8839,2021-09-18,Cerro Verde,Nicaragua,25
8840,2023-07-22,Puerta del Diablo,Mexico,51
8841,2023-09-12,Cerro Verde,Estados Unidos,57
8842,2021-09-16,Balboa,Nicaragua,31
8843,2021-12-14,Apulo,España,8
8844,2022-08-25,Amulapa,Guatemala,48
8845,2021-05-19,Puerta del Diablo,Guatemala,22
8846,2023-02-18,Cerro Verde,España,65
8847,2022-06-03,Cerro Verde,Nicaragua,31
8848,2021-12-12,Cerro Verde,España,75
8849,2024-09-09,Balboa,Nicaragua,62
8850,2024-07-22,Apulo,España,18
8851,2022-10-12,Puerta del Diablo,Mexico,47
8852,2021-05-10,Cerro Verde,Nicaragua,45
8853,2022-03-31,Amulapa,España,49
8854,2024-02-06,Puerta del Diablo,Nicaragua,75
8855,2021-10-15,Puerta del Diablo,Honduras,43
8856,2023-02-05,Cerro Verde,Honduras,78
8857,2024-07-18,Sunset Park,Estados Unidos,51
8858,2024-04-29,Apulo,Honduras,59
8859,2022-09-15,Cerro Verde,España,42
8860,2023-10-01,Balboa,Canada,41
8861,2023-04-25,Puerta del Diablo,Mexico,28
8862,2024-08-15,Puerta del Diablo,Guatemala,18
8863,2022-12-13,Puerta del Diablo,Nicaragua,7
8864,2023-05-03,Balboa,Canada,6
8865,2022-06-23,Cerro Verde,España,50
8866,2021-07-02,Amulapa,Nicaragua,35
8867,2021-07-28,Apulo,Mexico,50
8868,2024-05-08,Cerro Verde,Canada,77
8869,2021-05-03,Sunset Park,Canada,76
8870,2021-10-15,Balboa,Canada,40
8871,2023-02-17,Apulo,Honduras,55
8872,2023-07-20,Apulo,Nicaragua,44
8873,2022-01-10,Sunset Park,Canada,46
8874,2021-04-02,Sunset Park,Costa Rica,75
8875,2023-09-19,Balboa,Costa Rica,69
8876,2022-05-25,Cerro Verde,Canada,8
8877,2023-03-18,Puerta del Diablo,Estados Unidos,67
8878,2021-06-20,Puerta del Diablo,Estados Unidos,12
8879,2023-11-08,Apulo,España,23
8880,2023-11-22,Sunset Park,Canada,61
8881,2023-10-11,Apulo,Nicaragua,17
8882,2024-08-11,Balboa,España,43
8883,2023-04-25,Amulapa,Mexico,18
8884,2022-12-27,Apulo,Honduras,55
8885,2024-03-24,Cerro Verde,Costa Rica,72
8886,2021-02-22,Cerro Verde,Honduras,62
8887,2024-07-12,Puerta del Diablo,Guatemala,52
8888,2022-04-20,Balboa,Canada,8
8889,2022-10-14,Sunset Park,Estados Unidos,32
8890,2022-09-24,Puerta del Diablo,Honduras,49
8891,2022-04-21,Apulo,Guatemala,77
8892,2021-10-13,Apulo,Nicaragua,23
8893,2024-10-07,Cerro Verde,Canada,12
8894,2024-08-30,Amulapa,Mexico,58
8895,2023-08-07,Apulo,Guatemala,68
8896,2021-08-18,Sunset Park,Canada,14
8897,2024-06-09,Cerro Verde,Nicaragua,69
8898,2022-06-02,Puerta del Diablo,España,36
8899,2024-02-27,Sunset Park,Nicaragua,45
8900,2021-10-26,Cerro Verde,Estados Unidos,67
8901,2021-01-21,Amulapa,Guatemala,16
8902,2022-06-08,Cerro Verde,España,30
8903,2022-01-11,Amulapa,Canada,55
8904,2024-06-06,Apulo,Canada,36
8905,2021-06-23,Amulapa,Estados Unidos,72
8906,2023-07-23,Amulapa,Guatemala,41
8907,2021-06-28,Puerta del Diablo,España,78
8908,2023-04-28,Balboa,Guatemala,12
8909,2022-04-05,Cerro Verde,Estados Unidos,14
8910,2023-07-30,Amulapa,España,54
8911,2023-06-29,Sunset Park,Honduras,37
8912,2021-05-17,Apulo,Estados Unidos,10
8913,2021-09-15,Amulapa,Mexico,12
8914,2021-06-06,Apulo,Estados Unidos,45
8915,2023-04-09,Amulapa,Estados Unidos,25
8916,2022-07-01,Puerta del Diablo,Guatemala,30
8917,2024-01-15,Sunset Park,Estados Unidos,76
8918,2023-07-29,Amulapa,Canada,12
8919,2024-08-27,Apulo,España,70
8920,2023-02-14,Sunset Park,Honduras,70
8921,2021-07-30,Apulo,Estados Unidos,16
8922,2022-01-28,Balboa,Costa Rica,42
8923,2021-11-04,Sunset Park,España,12
8924,2022-09-15,Sunset Park,España,29
8925,2022-04-29,Cerro Verde,Mexico,44
8926,2023-07-29,Sunset Park,Costa Rica,63
8927,2023-06-08,Amulapa,España,44
8928,2024-03-23,Amulapa,Honduras,8
8929,2024-02-09,Apulo,Canada,54
8930,2023-02-18,Cerro Verde,Nicaragua,57
8931,2022-11-14,Cerro Verde,España,46
8932,2023-03-07,Sunset Park,Estados Unidos,50
8933,2022-07-06,Cerro Verde,Guatemala,34
8934,2024-10-30,Sunset Park,Canada,58
8935,2023-11-01,Sunset Park,Honduras,45
8936,2023-02-19,Cerro Verde,Nicaragua,57
8937,2024-12-20,Apulo,España,52
8938,2024-10-02,Cerro Verde,Mexico,25
8939,2024-09-17,Puerta del Diablo,Mexico,67
8940,2021-02-02,Amulapa,Honduras,7
8941,2021-01-05,Sunset Park,Costa Rica,14
8942,2024-07-24,Amulapa,Nicaragua,12
8943,2023-11-20,Balboa,Mexico,34
8944,2024-12-11,Balboa,Honduras,68
8945,2022-08-09,Amulapa,Costa Rica,7
8946,2022-05-28,Amulapa,España,63
8947,2024-09-12,Balboa,Honduras,18
8948,2022-07-17,Amulapa,Guatemala,20
8949,2021-12-19,Balboa,Guatemala,9
8950,2021-07-12,Sunset Park,Estados Unidos,63
8951,2021-02-17,Sunset Park,Honduras,19
8952,2024-12-11,Amulapa,Mexico,16
8953,2021-08-11,Cerro Verde,Costa Rica,42
8954,2022-12-07,Cerro Verde,Estados Unidos,59
8955,2023-07-03,Balboa,Costa Rica,7
8956,2021-04-14,Sunset Park,Estados Unidos,64
8957,2023-02-25,Amulapa,Costa Rica,65
8958,2022-12-29,Cerro Verde,España,47
8959,2023-01-06,Cerro Verde,Mexico,72
8960,2022-12-14,Cerro Verde,Mexico,26
8961,2021-10-10,Amulapa,Honduras,47
8962,2021-07-06,Sunset Park,Estados Unidos,70
8963,2022-05-02,Puerta del Diablo,España,61
8964,2023-04-17,Balboa,Nicaragua,77
8965,2022-11-06,Cerro Verde,Nicaragua,62
8966,2022-06-06,Amulapa,Honduras,40
8967,2022-04-03,Cerro Verde,Honduras,55
8968,2023-02-03,Balboa,España,36
8969,2023-03-31,Sunset Park,Mexico,42
8970,2023-10-24,Amulapa,Costa Rica,27
8971,2022-04-06,Apulo,Mexico,22
8972,2022-11-05,Balboa,España,7
8973,2021-02-23,Balboa,Honduras,32
8974,2022-01-08,Apulo,Canada,33
8975,2022-06-06,Apulo,España,15
8976,2024-10-19,Balboa,Nicaragua,35
8977,2024-03-17,Cerro Verde,Costa Rica,54
8978,2024-10-18,Apulo,Canada,46
8979,2021-12-02,Puerta del Diablo,Estados Unidos,23
8980,2023-12-07,Amulapa,España,55
8981,2021-08-17,Puerta del Diablo,Guatemala,47
8982,2023-05-16,Amulapa,Estados Unidos,30
8983,2022-09-11,Balboa,Guatemala,7
8984,2022-07-28,Cerro Verde,España,31
8985,2021-05-16,Apulo,Guatemala,60
8986,2023-06-30,Balboa,Nicaragua,38
8987,2021-05-21,Apulo,Costa Rica,78
8988,2024-07-28,Amulapa,Nicaragua,62
8989,2021-02-14,Amulapa,Costa Rica,36
8990,2024-08-14,Puerta del Diablo,Costa Rica,10
8991,2021-10-11,Cerro Verde,Estados Unidos,30
8992,2024-04-05,Amulapa,Costa Rica,45
8993,2022-05-15,Puerta del Diablo,Honduras,21
8994,2023-01-10,Sunset Park,Nicaragua,44
8995,2024-04-04,Puerta del Diablo,Estados Unidos,49
8996,2023-10-31,Amulapa,Canada,36
8997,2024-08-24,Apulo,Mexico,36
8998,2024-05-13,Amulapa,Costa Rica,33
8999,2022-04-23,Sunset Park,Costa Rica,65
9000,2023-11-03,Puerta del Diablo,Nicaragua,8
9001,2022-10-27,Sunset Park,España,79
9002,2022-09-09,Puerta del Diablo,Nicaragua,55
9003,2023-08-09,Cerro Verde,Canada,28
9004,2023-02-24,Amulapa,Mexico,29
9005,2024-07-09,Puerta del Diablo,Mexico,13
9006,2022-10-23,Puerta del Diablo,Canada,65
9007,2024-07-03,Puerta del Diablo,Costa Rica,34
9008,2021-10-04,Cerro Verde,Canada,21
9009,2022-02-16,Cerro Verde,Costa Rica,64
9010,2021-11-24,Puerta del Diablo,Guatemala,14
9011,2023-05-19,Apulo,España,23
9012,2024-05-19,Cerro Verde,España,42
9013,2022-05-10,Sunset Park,Canada,32
9014,2022-03-23,Sunset Park,Guatemala,12
9015,2021-03-23,Apulo,Canada,72
9016,2021-01-20,Amulapa,Guatemala,59
9017,2024-05-12,Puerta del Diablo,España,66
9018,2022-10-07,Cerro Verde,Estados Unidos,45
9019,2022-10-25,Apulo,España,36
9020,2021-05-17,Puerta del Diablo,Costa Rica,60
9021,2024-09-28,Balboa,España,48
9022,2022-10-02,Amulapa,Guatemala,69
9023,2023-10-30,Sunset Park,Costa Rica,13
9024,2021-04-14,Apulo,Guatemala,36
9025,2022-03-12,Cerro Verde,España,24
9026,2023-07-14,Balboa,Nicaragua,63
9027,2024-04-03,Amulapa,España,71
9028,2024-08-02,Balboa,Mexico,66
9029,2021-04-01,Amulapa,Estados Unidos,57
9030,2023-11-07,Amulapa,Costa Rica,10
9031,2021-06-27,Amulapa,Mexico,25
9032,2024-11-12,Balboa,España,39
9033,2024-05-03,Puerta del Diablo,Canada,6
9034,2024-11-03,Amulapa,España,5
9035,2023-01-19,Sunset Park,Guatemala,40
9036,2021-10-29,Cerro Verde,Costa Rica,59
9037,2023-10-01,Cerro Verde,Costa Rica,70
9038,2024-01-01,Puerta del Diablo,Canada,42
9039,2023-12-26,Apulo,Honduras,12
9040,2023-12-12,Puerta del Diablo,Guatemala,21
9041,2024-06-25,Puerta del Diablo,Guatemala,72
9042,2023-01-09,Puerta del Diablo,Costa Rica,19
9043,2021-07-28,Balboa,Guatemala,61
9044,2021-09-12,Balboa,Guatemala,36
9045,2023-07-29,Balboa,España,20
9046,2024-07-03,Puerta del Diablo,Mexico,17
9047,2023-11-21,Balboa,Costa Rica,38
9048,2024-07-13,Puerta del Diablo,Estados Unidos,67
9049,2021-03-15,Amulapa,Nicaragua,62
9050,2021-03-23,Sunset Park,Nicaragua,49
9051,2024-04-20,Balboa,Guatemala,29
9052,2024-12-30,Apulo,Guatemala,24
9053,2021-11-10,Sunset Park,Costa Rica,74
9054,2021-07-17,Amulapa,Honduras,42
9055,2024-04-24,Cerro Verde,España,36
9056,2021-06-13,Apulo,Honduras,75
9057,2024-07-17,Apulo,Costa Rica,64
9058,2024-01-12,Balboa,Costa Rica,39
9059,2021-07-21,Balboa,Canada,40
9060,2022-08-22,Puerta del Diablo,Nicaragua,63
9061,2021-05-16,Cerro Verde,Canada,65
9062,2021-08-04,Amulapa,Estados Unidos,16
9063,2024-01-20,Apulo,Guatemala,44
9064,2023-12-03,Balboa,Mexico,27
9065,2022-11-01,Apulo,Canada,20
9066,2021-06-24,Apulo,España,51
9067,2021-09-07,Puerta del Diablo,España,39
9068,2024-11-11,Sunset Park,Costa Rica,9
9069,2024-11-18,Puerta del Diablo,Nicaragua,63
9070,2022-08-12,Amulapa,Honduras,39
9071,2024-11-25,Apulo,Estados Unidos,8
9072,2022-09-29,Sunset Park,Mexico,72
9073,2024-05-12,Amulapa,Estados Unidos,37
9074,2023-04-28,Amulapa,España,71
9075,2023-04-08,Amulapa,Costa Rica,16
9076,2024-07-17,Sunset Park,Estados Unidos,47
9077,2021-09-23,Cerro Verde,Costa Rica,20
9078,2023-02-24,Balboa,Nicaragua,24
9079,2023-07-04,Sunset Park,Estados Unidos,67
9080,2021-06-23,Sunset Park,Honduras,67
9081,2022-11-30,Amulapa,Estados Unidos,9
9082,2022-12-11,Amulapa,Estados Unidos,12
9083,2022-01-18,Balboa,Guatemala,22
9084,2024-04-14,Cerro Verde,Honduras,26
9085,2022-10-07,Sunset Park,Nicaragua,35
9086,2021-03-04,Cerro Verde,Honduras,31
9087,2023-03-07,Cerro Verde,Canada,19
9088,2024-08-15,Sunset Park,Mexico,45
9089,2022-06-04,Balboa,España,44
9090,2024-02-20,Amulapa,España,64
9091,2022-02-22,Cerro Verde,Canada,9
9092,2022-05-21,Balboa,España,66
9093,2021-07-27,Apulo,Costa Rica,34
9094,2024-12-19,Sunset Park,Estados Unidos,8
9095,2024-01-07,Amulapa,Costa Rica,36
9096,2021-06-29,Puerta del Diablo,Guatemala,65
9097,2024-03-14,Sunset Park,Estados Unidos,76
9098,2024-06-18,Amulapa,Guatemala,36
9099,2023-06-20,Balboa,Guatemala,57
9100,2022-02-17,Sunset Park,Guatemala,59
9101,2021-05-27,Apulo,Mexico,76
9102,2024-02-17,Amulapa,Canada,61
9103,2021-06-03,Cerro Verde,España,64
9104,2023-06-10,Puerta del Diablo,Nicaragua,57
9105,2021-11-27,Balboa,Honduras,76
9106,2023-11-15,Balboa,Canada,51
9107,2024-05-29,Puerta del Diablo,Nicaragua,48
9108,2023-11-29,Sunset Park,Guatemala,69
9109,2022-05-03,Puerta del Diablo,Costa Rica,64
9110,2023-10-16,Balboa,Honduras,73
9111,2024-03-27,Amulapa,Nicaragua,5
9112,2021-12-08,Sunset Park,Estados Unidos,14
9113,2021-07-05,Amulapa,Mexico,69
9114,2023-11-25,Balboa,Estados Unidos,25
9115,2022-04-22,Balboa,España,38
9116,2024-06-16,Apulo,España,21
9117,2021-02-23,Cerro Verde,Costa Rica,15
9118,2021-08-20,Cerro Verde,Nicaragua,29
9119,2024-02-03,Puerta del Diablo,Honduras,5
9120,2024-09-27,Sunset Park,Estados Unidos,27
9121,2022-01-02,Balboa,Mexico,61
9122,2022-05-09,Cerro Verde,Estados Unidos,71
9123,2021-11-16,Puerta del Diablo,Honduras,29
9124,2023-08-02,Sunset Park,España,33
9125,2021-07-20,Amulapa,Canada,70
9126,2021-02-08,Sunset Park,Honduras,74
9127,2024-07-14,Sunset Park,Mexico,57
9128,2021-09-24,Puerta del Diablo,Honduras,19
9129,2022-10-16,Balboa,Guatemala,58
9130,2024-11-24,Puerta del Diablo,Costa Rica,67
9131,2022-11-04,Puerta del Diablo,Mexico,12
9132,2023-05-07,Apulo,Canada,51
9133,2022-01-26,Apulo,Canada,70
9134,2021-04-24,Sunset Park,Mexico,59
9135,2022-06-15,Amulapa,España,69
9136,2022-05-30,Apulo,Honduras,18
9137,2023-08-28,Amulapa,Costa Rica,39
9138,2021-06-08,Amulapa,Nicaragua,52
9139,2023-08-01,Balboa,Guatemala,61
9140,2023-11-03,Balboa,España,33
9141,2021-04-05,Apulo,Honduras,59
9142,2022-11-14,Cerro Verde,Mexico,43
9143,2022-10-21,Sunset Park,Canada,52
9144,2024-12-12,Amulapa,Costa Rica,41
9145,2023-01-10,Sunset Park,Nicaragua,45
9146,2023-02-26,Sunset Park,Guatemala,24
9147,2024-09-06,Sunset Park,Nicaragua,50
9148,2024-01-22,Balboa,Canada,68
9149,2023-06-27,Amulapa,Canada,63
9150,2023-01-14,Balboa,Costa Rica,64
9151,2024-09-11,Sunset Park,Estados Unidos,52
9152,2024-12-04,Cerro Verde,Honduras,38
9153,2021-02-07,Puerta del Diablo,Guatemala,68
9154,2024-07-28,Amulapa,Canada,34
9155,2024-05-17,Sunset Park,España,38
9156,2021-03-04,Balboa,Canada,59
9157,2021-06-17,Balboa,Nicaragua,21
9158,2023-07-13,Amulapa,Guatemala,77
9159,2022-10-08,Amulapa,Mexico,25
9160,2024-10-23,Amulapa,Mexico,53
9161,2022-03-12,Puerta del Diablo,Honduras,47
9162,2022-10-25,Puerta del Diablo,Mexico,57
9163,2024-05-31,Cerro Verde,Costa Rica,27
9164,2021-05-10,Balboa,Canada,66
9165,2023-09-20,Puerta del Diablo,Canada,66
9166,2024-05-09,Amulapa,Guatemala,6
9167,2024-03-23,Amulapa,Guatemala,66
9168,2022-10-19,Balboa,Canada,23
9169,2024-01-10,Cerro Verde,Guatemala,74
9170,2021-04-19,Balboa,Estados Unidos,48
9171,2023-03-09,Apulo,Honduras,75
9172,2023-10-03,Puerta del Diablo,Estados Unidos,57
9173,2023-06-03,Puerta del Diablo,Guatemala,44
9174,2023-12-20,Cerro Verde,Estados Unidos,36
9175,2023-09-03,Cerro Verde,Honduras,79
9176,2022-01-06,Cerro Verde,Mexico,59
9177,2022-06-17,Puerta del Diablo,Estados Unidos,48
9178,2021-05-02,Puerta del Diablo,Canada,6
9179,2021-10-01,Apulo,Costa Rica,33
9180,2023-03-06,Puerta del Diablo,Honduras,75
9181,2021-07-16,Balboa,Canada,33
9182,2024-09-18,Amulapa,Guatemala,59
9183,2022-03-21,Puerta del Diablo,Canada,9
9184,2021-03-25,Puerta del Diablo,España,6
9185,2022-06-01,Cerro Verde,España,46
9186,2023-02-20,Puerta del Diablo,Canada,25
9187,2023-04-06,Apulo,Costa Rica,16
9188,2022-02-25,Balboa,Honduras,30
9189,2022-07-14,Apulo,Mexico,24
9190,2024-04-11,Sunset Park,Estados Unidos,9
9191,2021-02-25,Amulapa,España,72
9192,2021-03-31,Balboa,Honduras,45
9193,2024-07-18,Sunset Park,Canada,78
9194,2022-12-14,Puerta del Diablo,Nicaragua,16
9195,2021-10-06,Cerro Verde,Estados Unidos,68
9196,2022-05-20,Apulo,Canada,55
9197,2022-05-08,Balboa,Estados Unidos,50
9198,2022-03-11,Balboa,Estados Unidos,73
9199,2023-07-19,Cerro Verde,Canada,79
9200,2023-08-20,Apulo,España,34
9201,2021-07-29,Cerro Verde,Estados Unidos,31
9202,2022-10-29,Amulapa,Mexico,50
9203,2023-02-08,Amulapa,Guatemala,29
9204,2024-09-25,Sunset Park,Estados Unidos,70
9205,2022-03-13,Amulapa,Nicaragua,79
9206,2021-08-03,Puerta del Diablo,España,5
9207,2024-04-04,Sunset Park,España,26
9208,2024-02-12,Cerro Verde,Canada,69
9209,2024-04-05,Balboa,España,48
9210,2021-10-11,Apulo,Nicaragua,61
9211,2023-06-04,Balboa,España,58
9212,2024-06-16,Cerro Verde,Nicaragua,14
9213,2024-12-07,Cerro Verde,Mexico,36
9214,2024-12-11,Balboa,Honduras,62
9215,2023-01-23,Balboa,Estados Unidos,10
9216,2022-06-30,Balboa,Nicaragua,13
9217,2023-06-23,Amulapa,Guatemala,13
9218,2023-01-20,Apulo,Nicaragua,35
9219,2021-02-04,Puerta del Diablo,Honduras,47
9220,2024-11-27,Puerta del Diablo,Costa Rica,72
9221,2022-07-24,Cerro Verde,Guatemala,42
9222,2024-02-23,Apulo,Estados Unidos,43
9223,2024-08-14,Balboa,Costa Rica,42
9224,2024-04-28,Puerta del Diablo,Canada,44
9225,2022-11-01,Apulo,Nicaragua,38
9226,2023-12-25,Balboa,Guatemala,48
9227,2021-04-29,Apulo,Estados Unidos,47
9228,2023-03-26,Apulo,Canada,40
9229,2021-09-04,Sunset Park,España,26
9230,2021-09-23,Apulo,Mexico,25
9231,2022-12-04,Amulapa,Nicaragua,22
9232,2024-09-03,Amulapa,Nicaragua,51
9233,2023-01-04,Sunset Park,Costa Rica,18
9234,2021-07-19,Cerro Verde,Mexico,32
9235,2024-03-30,Amulapa,Nicaragua,66
9236,2021-11-09,Apulo,Costa Rica,22
9237,2023-12-17,Amulapa,España,32
9238,2024-07-16,Puerta del Diablo,Nicaragua,38
9239,2022-02-10,Apulo,Estados Unidos,24
9240,2024-08-15,Puerta del Diablo,España,41
9241,2021-03-15,Balboa,Canada,40
9242,2024-10-01,Puerta del Diablo,Guatemala,54
9243,2022-07-06,Cerro Verde,Nicaragua,55
9244,2022-06-21,Apulo,Canada,75
9245,2023-05-19,Sunset Park,Estados Unidos,22
9246,2021-06-18,Amulapa,Canada,68
9247,2023-08-07,Apulo,Nicaragua,78
9248,2024-12-28,Sunset Park,Costa Rica,66
9249,2021-09-08,Sunset Park,Canada,71
9250,2024-07-06,Apulo,Honduras,74
9251,2022-08-28,Puerta del Diablo,Honduras,63
9252,2023-10-21,Balboa,Costa Rica,34
9253,2023-08-22,Puerta del Diablo,Estados Unidos,19
9254,2023-10-04,Puerta del Diablo,Nicaragua,6
9255,2024-02-03,Cerro Verde,Estados Unidos,7
9256,2023-10-11,Balboa,Nicaragua,14
9257,2023-10-12,Puerta del Diablo,España,63
9258,2021-12-08,Amulapa,España,24
9259,2022-12-19,Balboa,Estados Unidos,78
9260,2021-11-17,Sunset Park,España,20
9261,2022-07-02,Amulapa,Canada,8
9262,2022-02-12,Apulo,Nicaragua,28
9263,2021-07-20,Apulo,Honduras,60
9264,2024-07-11,Apulo,Estados Unidos,53
9265,2023-11-20,Amulapa,España,10
9266,2023-03-09,Balboa,Costa Rica,13
9267,2024-08-16,Puerta del Diablo,Estados Unidos,6
9268,2022-03-25,Balboa,Honduras,20
9269,2021-06-15,Apulo,Guatemala,14
9270,2023-06-02,Amulapa,Canada,52
9271,2024-02-18,Puerta del Diablo,Estados Unidos,7
9272,2023-02-08,Cerro Verde,España,25
9273,2021-10-14,Apulo,Honduras,48
9274,2021-10-19,Puerta del Diablo,Nicaragua,79
9275,2022-10-11,Amulapa,Costa Rica,79
9276,2024-07-06,Puerta del Diablo,Estados Unidos,72
9277,2023-08-09,Sunset Park,Guatemala,57
9278,2022-10-25,Amulapa,Canada,15
9279,2023-04-03,Cerro Verde,España,38
9280,2021-09-21,Cerro Verde,Guatemala,5
9281,2024-11-22,Amulapa,Honduras,39
9282,2021-08-18,Sunset Park,España,10
9283,2022-09-26,Amulapa,Honduras,22
9284,2021-08-25,Puerta del Diablo,Mexico,77
9285,2023-06-28,Cerro Verde,Canada,27
9286,2024-03-09,Amulapa,Canada,29
9287,2024-05-11,Cerro Verde,Estados Unidos,46
9288,2022-10-14,Balboa,Canada,21
9289,2024-01-07,Puerta del Diablo,Guatemala,13
9290,2022-12-17,Sunset Park,España,54
9291,2023-12-22,Apulo,España,42
9292,2023-02-16,Sunset Park,Honduras,45
9293,2021-05-05,Balboa,Nicaragua,17
9294,2021-10-06,Balboa,Guatemala,61
9295,2024-04-14,Apulo,Mexico,22
9296,2024-07-30,Puerta del Diablo,Costa Rica,14
9297,2023-09-21,Amulapa,Mexico,73
9298,2023-05-18,Cerro Verde,España,40
9299,2023-12-14,Sunset Park,Guatemala,9
9300,2022-01-21,Sunset Park,Mexico,41
9301,2022-07-12,Apulo,Nicaragua,12
9302,2023-07-06,Puerta del Diablo,Nicaragua,24
9303,2021-08-24,Puerta del Diablo,España,38
9304,2021-07-04,Cerro Verde,Estados Unidos,55
9305,2021-09-26,Sunset Park,España,51
9306,2024-04-29,Amulapa,Costa Rica,46
9307,2021-09-04,Sunset Park,España,29
9308,2021-08-30,Apulo,España,13
9309,2021-10-08,Sunset Park,Guatemala,41
9310,2024-06-11,Amulapa,Guatemala,39
9311,2022-02-28,Puerta del Diablo,Nicaragua,56
9312,2021-05-30,Amulapa,Guatemala,8
9313,2023-01-03,Puerta del Diablo,Mexico,15
9314,2024-03-13,Cerro Verde,Honduras,43
9315,2022-01-09,Apulo,Honduras,9
9316,2024-04-21,Sunset Park,Honduras,24
9317,2021-04-02,Cerro Verde,Guatemala,62
9318,2021-08-02,Amulapa,España,63
9319,2024-06-07,Amulapa,Costa Rica,27
9320,2022-12-23,Puerta del Diablo,Nicaragua,41
9321,2022-11-12,Puerta del Diablo,Guatemala,71
9322,2022-06-25,Cerro Verde,Mexico,55
9323,2024-11-29,Balboa,Mexico,17
9324,2022-05-07,Balboa,España,37
9325,2022-05-19,Apulo,Guatemala,24
9326,2024-12-05,Puerta del Diablo,Mexico,62
9327,2021-09-13,Amulapa,Canada,64
9328,2022-09-13,Cerro Verde,Honduras,37
9329,2021-08-21,Amulapa,España,10
9330,2024-07-02,Balboa,Guatemala,52
9331,2023-08-23,Amulapa,Guatemala,59
9332,2022-01-28,Apulo,Mexico,78
9333,2021-11-07,Puerta del Diablo,Estados Unidos,39
9334,2022-09-30,Cerro Verde,Canada,36
9335,2024-04-21,Apulo,Nicaragua,7
9336,2024-12-30,Sunset Park,Nicaragua,20
9337,2024-05-16,Sunset Park,Canada,40
9338,2021-12-05,Apulo,Estados Unidos,35
9339,2023-08-21,Amulapa,Costa Rica,38
9340,2022-09-08,Balboa,Canada,9
9341,2023-06-23,Apulo,Guatemala,79
9342,2024-12-20,Balboa,España,23
9343,2022-10-19,Balboa,Canada,18
9344,2024-01-04,Cerro Verde,Mexico,66
9345,2023-03-20,Puerta del Diablo,Mexico,38
9346,2022-06-29,Cerro Verde,Honduras,18
9347,2024-10-24,Puerta del Diablo,España,72
9348,2022-08-26,Puerta del Diablo,Nicaragua,40
9349,2021-08-11,Cerro Verde,Canada,32
9350,2024-12-23,Puerta del Diablo,Costa Rica,16
9351,2022-01-28,Balboa,Honduras,69
9352,2023-02-26,Sunset Park,Nicaragua,23
9353,2022-08-24,Balboa,Estados Unidos,57
9354,2021-10-26,Amulapa,España,39
9355,2024-01-03,Apulo,Guatemala,68
9356,2024-04-04,Puerta del Diablo,Costa Rica,75
9357,2024-01-01,Amulapa,Mexico,11
9358,2023-12-20,Cerro Verde,Estados Unidos,9
9359,2024-03-18,Sunset Park,Mexico,75
9360,2021-09-17,Cerro Verde,Mexico,57
9361,2022-05-14,Puerta del Diablo,España,58
9362,2023-04-30,Sunset Park,Nicaragua,49
9363,2021-11-30,Puerta del Diablo,Estados Unidos,38
9364,2024-02-21,Puerta del Diablo,Guatemala,60
9365,2024-03-17,Puerta del Diablo,Estados Unidos,25
9366,2023-03-27,Apulo,Costa Rica,76
9367,2023-03-15,Sunset Park,Honduras,27
9368,2022-03-08,Amulapa,Guatemala,58
9369,2021-07-26,Amulapa,Nicaragua,40
9370,2023-05-07,Apulo,Estados Unidos,15
9371,2023-07-15,Balboa,España,14
9372,2021-12-21,Apulo,España,42
9373,2024-11-16,Balboa,Estados Unidos,56
9374,2024-05-25,Sunset Park,Costa Rica,58
9375,2024-09-12,Cerro Verde,Honduras,6
9376,2021-03-22,Sunset Park,Estados Unidos,67
9377,2023-01-06,Balboa,Nicaragua,71
9378,2022-01-07,Sunset Park,Costa Rica,79
9379,2022-07-04,Sunset Park,Canada,48
9380,2023-12-20,Apulo,Mexico,30
9381,2024-07-25,Puerta del Diablo,Guatemala,28
9382,2021-06-15,Puerta del Diablo,Nicaragua,55
9383,2021-11-22,Puerta del Diablo,Honduras,48
9384,2024-05-12,Apulo,Estados Unidos,41
9385,2024-05-30,Apulo,Honduras,18
9386,2022-04-25,Balboa,Nicaragua,31
9387,2022-09-19,Balboa,Costa Rica,11
9388,2021-05-06,Amulapa,España,6
9389,2022-05-27,Amulapa,Mexico,74
9390,2021-06-26,Amulapa,Mexico,73
9391,2022-11-25,Puerta del Diablo,Guatemala,58
9392,2021-01-21,Puerta del Diablo,Nicaragua,33
9393,2022-04-29,Apulo,Honduras,55
9394,2024-07-09,Sunset Park,Nicaragua,38
9395,2021-05-30,Amulapa,Nicaragua,76
9396,2023-04-28,Apulo,Estados Unidos,19
9397,2022-12-23,Cerro Verde,Guatemala,20
9398,2022-11-03,Puerta del Diablo,Guatemala,30
9399,2023-07-02,Amulapa,Nicaragua,22
9400,2023-10-06,Apulo,Canada,40
9401,2024-02-02,Balboa,Honduras,11
9402,2022-05-25,Amulapa,Guatemala,33
9403,2022-11-11,Apulo,España,71
9404,2022-01-18,Amulapa,Costa Rica,12
9405,2024-02-13,Amulapa,Honduras,25
9406,2021-02-09,Cerro Verde,Nicaragua,11
9407,2023-06-04,Cerro Verde,Guatemala,36
9408,2024-02-05,Puerta del Diablo,Honduras,52
9409,2021-06-21,Puerta del Diablo,Guatemala,38
9410,2022-09-27,Amulapa,Estados Unidos,23
9411,2024-08-28,Cerro Verde,España,28
9412,2021-09-30,Balboa,Nicaragua,68
9413,2022-06-13,Sunset Park,Honduras,71
9414,2021-07-28,Balboa,Guatemala,30
9415,2024-05-22,Amulapa,Nicaragua,5
9416,2023-07-31,Puerta del Diablo,Costa Rica,28
9417,2021-05-23,Puerta del Diablo,Nicaragua,10
9418,2024-11-01,Apulo,Nicaragua,8
9419,2023-07-07,Sunset Park,Canada,62
9420,2023-07-06,Sunset Park,Mexico,33
9421,2024-09-16,Balboa,Mexico,77
9422,2023-01-11,Amulapa,Canada,72
9423,2021-03-11,Balboa,Nicaragua,8
9424,2022-01-20,Apulo,Honduras,51
9425,2024-07-20,Amulapa,Costa Rica,26
9426,2023-11-12,Amulapa,Nicaragua,34
9427,2022-04-16,Puerta del Diablo,Mexico,70
9428,2022-06-02,Balboa,Honduras,54
9429,2023-05-01,Amulapa,Honduras,32
9430,2022-08-29,Apulo,España,32
9431,2024-12-18,Cerro Verde,Canada,8
9432,2023-05-28,Cerro Verde,España,5
9433,2023-09-04,Amulapa,España,63
9434,2023-08-17,Apulo,Nicaragua,52
9435,2022-12-05,Cerro Verde,Costa Rica,50
9436,2021-10-12,Cerro Verde,Costa Rica,22
9437,2024-04-14,Amulapa,España,41
9438,2022-03-07,Cerro Verde,España,65
9439,2022-03-04,Puerta del Diablo,Costa Rica,63
9440,2021-11-28,Apulo,Honduras,10
9441,2022-03-20,Sunset Park,Guatemala,6
9442,2024-05-21,Puerta del Diablo,Estados Unidos,15
9443,2022-03-19,Balboa,Costa Rica,13
9444,2024-04-29,Cerro Verde,Estados Unidos,79
9445,2022-04-23,Amulapa,Canada,75
9446,2022-05-20,Cerro Verde,Nicaragua,26
9447,2021-05-29,Puerta del Diablo,Guatemala,45
9448,2021-09-06,Cerro Verde,Nicaragua,59
9449,2022-08-27,Balboa,Mexico,53
9450,2022-10-22,Balboa,Estados Unidos,8
9451,2021-08-31,Cerro Verde,Costa Rica,74
9452,2024-02-23,Sunset Park,Guatemala,11
9453,2024-09-29,Apulo,Nicaragua,19
9454,2021-09-24,Cerro Verde,Estados Unidos,72
9455,2024-12-04,Puerta del Diablo,Nicaragua,30
9456,2023-04-29,Apulo,Canada,36
9457,2021-10-23,Apulo,España,35
9458,2024-09-01,Balboa,Canada,32
9459,2023-07-11,Amulapa,Honduras,65
9460,2022-07-11,Cerro Verde,Honduras,13
9461,2024-01-31,Puerta del Diablo,Costa Rica,52
9462,2021-01-15,Puerta del Diablo,Canada,32
9463,2024-07-16,Apulo,Honduras,64
9464,2021-12-03,Apulo,Estados Unidos,14
9465,2021-07-25,Puerta del Diablo,Honduras,36
9466,2022-02-15,Cerro Verde,Mexico,41
9467,2024-01-07,Cerro Verde,Guatemala,63
9468,2021-11-18,Cerro Verde,Estados Unidos,25
9469,2024-11-15,Apulo,Guatemala,30
9470,2022-08-20,Sunset Park,Nicaragua,61
9471,2022-07-19,Amulapa,Nicaragua,29
9472,2022-07-07,Amulapa,España,32
9473,2023-03-18,Sunset Park,España,11
9474,2023-08-23,Cerro Verde,Costa Rica,35
9475,2022-05-16,Apulo,Estados Unidos,50
9476,2021-11-16,Apulo,Costa Rica,58
9477,2024-03-08,Apulo,Estados Unidos,21
9478,2023-01-23,Apulo,Costa Rica,22
9479,2022-02-23,Sunset Park,Mexico,23
9480,2022-05-27,Sunset Park,Honduras,60
9481,2021-06-04,Amulapa,España,9
9482,2022-10-03,Cerro Verde,Mexico,18
9483,2022-11-26,Apulo,Guatemala,11
9484,2024-02-13,Amulapa,Mexico,37
9485,2023-08-03,Amulapa,Canada,23
9486,2021-01-09,Sunset Park,Honduras,73
9487,2024-06-24,Balboa,Estados Unidos,14
9488,2022-04-29,Amulapa,Costa Rica,60
9489,2021-12-30,Amulapa,Guatemala,19
9490,2021-07-17,Puerta del Diablo,Canada,7
9491,2021-12-29,Amulapa,Honduras,77
9492,2021-01-11,Balboa,Honduras,35
9493,2022-06-02,Balboa,España,75
9494,2021-08-16,Balboa,Estados Unidos,27
9495,2022-09-16,Balboa,Canada,52
9496,2021-11-19,Amulapa,Honduras,63
9497,2022-10-30,Balboa,Nicaragua,79
9498,2024-03-05,Sunset Park,Honduras,59
9499,2022-04-17,Cerro Verde,Mexico,70
9500,2022-11-18,Puerta del Diablo,Nicaragua,56
9501,2021-05-23,Sunset Park,Honduras,74
9502,2021-09-05,Amulapa,Guatemala,6
9503,2021-02-21,Cerro Verde,Estados Unidos,26
9504,2023-11-18,Balboa,Nicaragua,73
9505,2023-11-23,Balboa,Costa Rica,23
9506,2023-06-02,Sunset Park,Nicaragua,8
9507,2022-12-09,Sunset Park,Nicaragua,71
9508,2023-07-16,Cerro Verde,España,38
9509,2021-05-21,Balboa,Honduras,11
9510,2021-06-03,Amulapa,Mexico,77
9511,2021-10-18,Puerta del Diablo,Honduras,5
9512,2024-11-15,Sunset Park,Costa Rica,53
9513,2023-06-24,Cerro Verde,Nicaragua,32
9514,2024-07-20,Puerta del Diablo,Estados Unidos,76
9515,2023-10-04,Puerta del Diablo,Nicaragua,50
9516,2024-06-10,Puerta del Diablo,Nicaragua,14
9517,2024-08-27,Sunset Park,Guatemala,51
9518,2023-09-08,Cerro Verde,Guatemala,31
9519,2023-11-19,Balboa,Mexico,7
9520,2023-11-06,Amulapa,Canada,40
9521,2023-11-26,Amulapa,Costa Rica,20
9522,2024-07-11,Balboa,Guatemala,39
9523,2021-08-01,Cerro Verde,Estados Unidos,25
9524,2021-07-08,Sunset Park,Mexico,49
9525,2023-01-12,Sunset Park,Canada,44
9526,2024-02-04,Puerta del Diablo,Honduras,8
9527,2023-12-31,Cerro Verde,Nicaragua,35
9528,2024-11-21,Sunset Park,Costa Rica,44
9529,2022-02-09,Puerta del Diablo,Mexico,24
9530,2023-06-20,Apulo,Nicaragua,34
9531,2021-06-18,Balboa,Guatemala,62
9532,2022-09-01,Balboa,Honduras,60
9533,2021-02-28,Apulo,Mexico,31
9534,2023-07-28,Apulo,Guatemala,24
9535,2023-04-04,Amulapa,Guatemala,58
9536,2022-07-03,Balboa,Canada,8
9537,2024-10-11,Sunset Park,Costa Rica,72
9538,2022-05-01,Balboa,Honduras,60
9539,2021-10-23,Sunset Park,Mexico,15
9540,2021-08-15,Balboa,Nicaragua,39
9541,2024-12-10,Puerta del Diablo,Estados Unidos,56
9542,2024-02-20,Sunset Park,España,40
9543,2021-10-16,Puerta del Diablo,Estados Unidos,29
9544,2021-04-28,Puerta del Diablo,Costa Rica,66
9545,2023-02-01,Puerta del Diablo,Honduras,47
9546,2022-03-10,Puerta del Diablo,Costa Rica,38
9547,2023-12-20,Balboa,España,65
9548,2024-06-09,Amulapa,Costa Rica,74
9549,2021-12-19,Apulo,Nicaragua,49
9550,2023-09-23,Cerro Verde,Guatemala,15
9551,2024-01-17,Puerta del Diablo,Canada,33
9552,2022-07-08,Balboa,Costa Rica,46
9553,2023-02-24,Cerro Verde,Costa Rica,32
9554,2021-02-23,Balboa,Estados Unidos,70
9555,2024-07-14,Puerta del Diablo,Mexico,39
9556,2024-06-03,Balboa,Nicaragua,46
9557,2024-02-17,Cerro Verde,Guatemala,71
9558,2022-07-18,Apulo,Guatemala,70
9559,2021-10-22,Amulapa,España,10
9560,2024-02-25,Puerta del Diablo,Estados Unidos,45
9561,2024-10-09,Puerta del Diablo,España,32
9562,2022-08-02,Puerta del Diablo,Estados Unidos,50
9563,2024-04-27,Amulapa,Canada,18
9564,2023-07-25,Amulapa,Honduras,27
9565,2023-07-11,Balboa,Guatemala,32
9566,2021-07-09,Sunset Park,Mexico,78
9567,2024-08-12,Puerta del Diablo,Nicaragua,75
9568,2021-12-13,Puerta del Diablo,Estados Unidos,12
9569,2024-09-08,Balboa,Guatemala,59
9570,2021-03-12,Balboa,Costa Rica,45
9571,2022-09-28,Puerta del Diablo,Canada,33
9572,2023-05-03,Sunset Park,Canada,23
9573,2024-06-20,Balboa,Estados Unidos,46
9574,2023-07-03,Balboa,Honduras,68
9575,2022-07-10,Amulapa,Estados Unidos,45
9576,2022-08-26,Amulapa,Nicaragua,71
9577,2021-03-15,Puerta del Diablo,Nicaragua,10
9578,2024-07-06,Sunset Park,Honduras,50
9579,2024-09-30,Cerro Verde,España,76
9580,2022-02-18,Amulapa,Mexico,19
9581,2024-06-03,Cerro Verde,Canada,11
9582,2024-01-02,Amulapa,Costa Rica,16
9583,2021-03-10,Puerta del Diablo,España,69
9584,2021-08-04,Sunset Park,Honduras,55
9585,2024-11-15,Amulapa,Costa Rica,20
9586,2023-04-08,Sunset Park,Estados Unidos,32
9587,2022-11-19,Balboa,Honduras,54
9588,2021-12-31,Puerta del Diablo,Nicaragua,24
9589,2021-05-21,Cerro Verde,Canada,47
9590,2024-09-09,Balboa,Mexico,57
9591,2022-09-22,Amulapa,Canada,75
9592,2023-07-28,Puerta del Diablo,Costa Rica,29
9593,2021-06-04,Balboa,Honduras,59
9594,2021-06-01,Puerta del Diablo,Canada,17
9595,2021-03-19,Balboa,Canada,51
9596,2022-12-17,Balboa,España,22
9597,2023-06-24,Sunset Park,Guatemala,20
9598,2022-08-12,Amulapa,Canada,57
9599,2023-01-01,Apulo,España,50
9600,2022-12-13,Puerta del Diablo,España,40
9601,2023-04-22,Sunset Park,España,24
9602,2021-07-10,Puerta del Diablo,Costa Rica,36
9603,2023-07-29,Sunset Park,Canada,79
9604,2023-09-20,Cerro Verde,Costa Rica,34
9605,2024-08-23,Sunset Park,Estados Unidos,37
9606,2021-03-17,Cerro Verde,Mexico,17
9607,2023-09-19,Amulapa,España,45
9608,2024-09-05,Amulapa,Estados Unidos,7
9609,2021-04-21,Amulapa,Mexico,9
9610,2023-02-16,Cerro Verde,Estados Unidos,30
9611,2022-05-23,Balboa,Guatemala,11
9612,2024-10-20,Apulo,España,22
9613,2022-07-17,Puerta del Diablo,España,43
9614,2021-11-03,Cerro Verde,Canada,49
9615,2023-08-25,Puerta del Diablo,Costa Rica,60
9616,2023-06-07,Amulapa,España,69
9617,2023-03-17,Balboa,Mexico,39
9618,2021-03-02,Apulo,Estados Unidos,27
9619,2022-10-04,Balboa,Nicaragua,24
9620,2022-11-29,Amulapa,Honduras,50
9621,2022-08-09,Apulo,España,49
9622,2022-04-30,Cerro Verde,Nicaragua,10
9623,2024-09-29,Sunset Park,Nicaragua,17
9624,2021-10-22,Apulo,Guatemala,27
9625,2022-01-10,Balboa,Canada,62
9626,2023-11-26,Amulapa,Estados Unidos,8
9627,2023-12-27,Puerta del Diablo,Costa Rica,40
9628,2024-02-29,Cerro Verde,Nicaragua,66
9629,2024-11-24,Amulapa,Nicaragua,19
9630,2024-04-08,Apulo,Honduras,15
9631,2022-02-18,Amulapa,Mexico,57
9632,2023-01-08,Cerro Verde,Guatemala,26
9633,2021-08-15,Cerro Verde,Estados Unidos,34
9634,2024-12-08,Apulo,España,22
9635,2023-11-18,Puerta del Diablo,España,54
9636,2023-05-14,Cerro Verde,Canada,78
9637,2023-01-21,Cerro Verde,Costa Rica,73
9638,2022-09-28,Balboa,España,37
9639,2024-11-28,Cerro Verde,Guatemala,60
9640,2021-04-13,Amulapa,Guatemala,22
9641,2021-07-15,Cerro Verde,Estados Unidos,62
9642,2023-09-03,Cerro Verde,Mexico,58
9643,2022-07-01,Cerro Verde,Nicaragua,75
9644,2023-07-05,Puerta del Diablo,Guatemala,25
9645,2023-07-21,Sunset Park,Estados Unidos,20
9646,2023-07-23,Sunset Park,Mexico,17
9647,2021-01-28,Sunset Park,Honduras,17
9648,2024-03-11,Cerro Verde,España,46
9649,2022-06-24,Sunset Park,Nicaragua,29
9650,2022-05-11,Amulapa,Guatemala,22
9651,2022-12-20,Puerta del Diablo,Guatemala,57
9652,2021-01-25,Balboa,Estados Unidos,53
9653,2022-10-09,Apulo,Mexico,31
9654,2021-01-24,Cerro Verde,Canada,78
9655,2021-11-27,Cerro Verde,Mexico,28
9656,2022-09-17,Cerro Verde,España,28
9657,2024-06-05,Balboa,Guatemala,69
9658,2022-12-20,Balboa,Guatemala,36
9659,2023-02-17,Amulapa,Costa Rica,77
9660,2022-08-28,Sunset Park,Canada,9
9661,2023-02-19,Amulapa,Guatemala,26
9662,2023-10-11,Apulo,Guatemala,58
9663,2024-05-07,Puerta del Diablo,Mexico,60
9664,2021-06-06,Apulo,España,28
9665,2024-11-04,Puerta del Diablo,Costa Rica,34
9666,2024-09-26,Amulapa,Honduras,16
9667,2024-12-07,Apulo,Canada,16
9668,2023-02-06,Amulapa,Canada,25
9669,2021-04-15,Apulo,Canada,15
9670,2023-07-22,Apulo,Mexico,6
9671,2021-10-02,Balboa,Guatemala,46
9672,2022-05-16,Balboa,Honduras,29
9673,2023-01-31,Apulo,Guatemala,79
9674,2024-05-30,Cerro Verde,Honduras,21
9675,2022-02-13,Apulo,Costa Rica,60
9676,2022-06-26,Sunset Park,España,68
9677,2024-02-15,Sunset Park,Canada,57
9678,2024-03-28,Cerro Verde,Costa Rica,19
9679,2022-10-25,Apulo,España,5
9680,2023-06-25,Amulapa,Mexico,45
9681,2021-04-29,Cerro Verde,Estados Unidos,60
9682,2022-07-24,Balboa,Mexico,36
9683,2022-10-10,Cerro Verde,Honduras,23
9684,2023-08-02,Cerro Verde,Mexico,44
9685,2022-07-18,Sunset Park,Mexico,54
9686,2023-10-27,Sunset Park,Guatemala,25
9687,2021-03-07,Puerta del Diablo,Honduras,12
9688,2023-02-04,Puerta del Diablo,España,23
9689,2021-02-25,Balboa,Estados Unidos,62
9690,2021-01-15,Cerro Verde,España,25
9691,2024-12-15,Sunset Park,Estados Unidos,59
9692,2023-11-15,Cerro Verde,Guatemala,39
9693,2024-04-20,Puerta del Diablo,Mexico,55
9694,2023-04-06,Amulapa,Guatemala,71
9695,2023-02-15,Cerro Verde,Nicaragua,34
9696,2021-05-15,Amulapa,Costa Rica,7
9697,2024-02-22,Cerro Verde,Canada,34
9698,2024-11-24,Sunset Park,Costa Rica,50
9699,2023-09-10,Cerro Verde,Costa Rica,46
9700,2024-06-03,Sunset Park,Estados Unidos,65
9701,2024-07-06,Puerta del Diablo,Estados Unidos,8
9702,2021-09-15,Amulapa,Guatemala,67
9703,2023-11-20,Apulo,Nicaragua,52
9704,2021-01-29,Amulapa,Mexico,31
9705,2021-07-04,Puerta del Diablo,Mexico,9
9706,2024-04-30,Cerro Verde,Costa Rica,57
9707,2023-07-29,Puerta del Diablo,Mexico,54
9708,2022-01-28,Apulo,Nicaragua,77
9709,2023-03-14,Cerro Verde,España,51
9710,2023-05-24,Cerro Verde,Costa Rica,28
9711,2022-01-03,Cerro Verde,Canada,16
9712,2022-12-01,Amulapa,Guatemala,6
9713,2022-03-26,Amulapa,Guatemala,46
9714,2021-09-15,Amulapa,Honduras,77
9715,2022-06-15,Sunset Park,Estados Unidos,28
9716,2024-07-14,Cerro Verde,Nicaragua,63
9717,2023-05-06,Cerro Verde,Costa Rica,10
9718,2023-01-24,Cerro Verde,Honduras,73
9719,2021-09-29,Cerro Verde,Costa Rica,68
9720,2022-07-24,Cerro Verde,España,37
9721,2022-08-24,Cerro Verde,Mexico,45
9722,2024-04-19,Cerro Verde,Costa Rica,28
9723,2021-02-20,Amulapa,Guatemala,75
9724,2024-10-15,Amulapa,Nicaragua,69
9725,2021-11-23,Balboa,Mexico,44
9726,2021-01-18,Balboa,Nicaragua,12
9727,2024-07-11,Puerta del Diablo,Canada,37
9728,2022-03-04,Puerta del Diablo,Costa Rica,39
9729,2024-02-13,Cerro Verde,Honduras,28
9730,2024-11-12,Cerro Verde,Mexico,67
9731,2024-05-13,Cerro Verde,Estados Unidos,7
9732,2021-12-10,Puerta del Diablo,Mexico,72
9733,2024-12-28,Sunset Park,Honduras,12
9734,2024-07-09,Puerta del Diablo,España,14
9735,2024-09-26,Cerro Verde,Honduras,63
9736,2021-06-08,Apulo,Estados Unidos,11
9737,2022-09-12,Balboa,Mexico,63
9738,2022-01-14,Apulo,Nicaragua,55
9739,2022-07-24,Puerta del Diablo,Estados Unidos,32
9740,2022-12-06,Amulapa,Guatemala,44
9741,2021-01-19,Sunset Park,Costa Rica,75
9742,2021-05-10,Apulo,Honduras,42
9743,2021-07-31,Amulapa,Costa Rica,42
9744,2021-11-07,Apulo,Costa Rica,8
9745,2022-08-04,Balboa,Estados Unidos,24
9746,2024-04-27,Puerta del Diablo,Estados Unidos,39
9747,2021-01-12,Sunset Park,Nicaragua,6
9748,2021-03-27,Puerta del Diablo,Costa Rica,44
9749,2023-10-02,Puerta del Diablo,Honduras,70
9750,2024-10-15,Sunset Park,Costa Rica,25
9751,2022-12-30,Balboa,Honduras,21
9752,2021-04-11,Cerro Verde,Nicaragua,25
9753,2021-01-30,Apulo,Canada,44
9754,2023-08-03,Amulapa,Honduras,36
9755,2021-10-30,Puerta del Diablo,Honduras,76
9756,2023-02-14,Sunset Park,Honduras,62
9757,2023-03-01,Amulapa,Estados Unidos,27
9758,2023-06-08,Cerro Verde,Mexico,52
9759,2022-08-20,Amulapa,Mexico,75
9760,2021-04-13,Amulapa,Costa Rica,12
9761,2024-01-19,Amulapa,Honduras,54
9762,2023-09-26,Puerta del Diablo,Mexico,37
9763,2021-10-18,Apulo,Mexico,59
9764,2024-11-26,Apulo,España,27
9765,2022-08-17,Puerta del Diablo,Estados Unidos,58
9766,2024-09-05,Puerta del Diablo,Mexico,58
9767,2022-12-22,Cerro Verde,Canada,56
9768,2022-06-22,Apulo,España,47
9769,2021-04-08,Sunset Park,Nicaragua,67
9770,2023-08-05,Puerta del Diablo,España,71
9771,2021-06-23,Sunset Park,España,18
9772,2022-04-30,Cerro Verde,Costa Rica,6
9773,2022-09-03,Puerta del Diablo,Costa Rica,74
9774,2023-08-06,Balboa,Nicaragua,61
9775,2022-12-26,Amulapa,Nicaragua,78
9776,2023-10-16,Balboa,Mexico,38
9777,2022-04-10,Sunset Park,Nicaragua,30
9778,2021-07-25,Puerta del Diablo,Honduras,29
9779,2023-12-21,Sunset Park,España,65
9780,2021-09-14,Apulo,Costa Rica,72
9781,2021-10-24,Cerro Verde,España,63
9782,2023-07-28,Puerta del Diablo,Nicaragua,23
9783,2021-04-21,Amulapa,España,6
9784,2023-04-16,Balboa,Estados Unidos,51
9785,2021-01-10,Sunset Park,Honduras,54
9786,2024-03-26,Balboa,Canada,34
9787,2024-02-28,Sunset Park,Mexico,58
9788,2021-12-20,Balboa,España,20
9789,2024-02-19,Cerro Verde,Estados Unidos,43
9790,2022-08-10,Amulapa,Mexico,77
9791,2021-07-21,Puerta del Diablo,Costa Rica,43
9792,2022-06-29,Apulo,Costa Rica,55
9793,2022-07-15,Amulapa,Guatemala,36
9794,2023-10-03,Cerro Verde,Costa Rica,28
9795,2022-05-31,Amulapa,Costa Rica,45
9796,2021-04-26,Apulo,Canada,13
9797,2024-09-30,Sunset Park,Honduras,61
9798,2024-02-24,Cerro Verde,Honduras,39
9799,2021-08-02,Apulo,Nicaragua,44
9800,2022-12-10,Apulo,Mexico,71
9801,2021-05-06,Amulapa,España,44
9802,2022-03-08,Balboa,Nicaragua,20
9803,2023-10-04,Sunset Park,España,71
9804,2022-03-05,Amulapa,Honduras,31
9805,2022-10-30,Amulapa,Canada,20
9806,2024-09-02,Sunset Park,Guatemala,12
9807,2023-03-25,Balboa,Estados Unidos,72
9808,2024-12-24,Sunset Park,Guatemala,25
9809,2023-08-22,Cerro Verde,Costa Rica,74
9810,2022-12-24,Sunset Park,Nicaragua,11
9811,2024-11-26,Amulapa,Mexico,17
9812,2024-10-20,Balboa,Mexico,77
9813,2024-02-09,Puerta del Diablo,España,44
9814,2021-08-12,Puerta del Diablo,Honduras,50
9815,2023-02-23,Balboa,Estados Unidos,38
9816,2023-12-13,Amulapa,Canada,16
9817,2022-03-17,Cerro Verde,Guatemala,40
9818,2021-08-14,Apulo,Canada,24
9819,2022-05-26,Apulo,Estados Unidos,69
9820,2023-11-24,Balboa,Honduras,22
9821,2022-08-28,Puerta del Diablo,Guatemala,55
9822,2023-03-27,Cerro Verde,España,49
9823,2023-08-07,Apulo,Canada,51
9824,2023-11-15,Sunset Park,Costa Rica,68
9825,2024-09-23,Sunset Park,Canada,7
9826,2021-01-23,Puerta del Diablo,Estados Unidos,45
9827,2024-04-03,Puerta del Diablo,Mexico,33
9828,2023-06-06,Cerro Verde,Honduras,39
9829,2021-05-07,Puerta del Diablo,Mexico,57
9830,2024-03-19,Amulapa,España,78
9831,2023-09-15,Puerta del Diablo,Estados Unidos,75
9832,2022-12-13,Puerta del Diablo,Mexico,18
9833,2023-01-10,Sunset Park,Honduras,37
9834,2024-11-16,Cerro Verde,Estados Unidos,52
9835,2024-11-17,Apulo,Mexico,32
9836,2022-02-14,Apulo,Canada,57
9837,2023-03-09,Apulo,Guatemala,54
9838,2023-07-20,Puerta del Diablo,Nicaragua,28
9839,2022-08-26,Amulapa,Honduras,57
9840,2022-07-28,Amulapa,Canada,37
9841,2022-09-20,Balboa,Mexico,47
9842,2022-05-27,Amulapa,Canada,47
9843,2022-01-27,Cerro Verde,Costa Rica,42
9844,2023-02-01,Balboa,Costa Rica,72
9845,2021-07-17,Apulo,Nicaragua,9
9846,2021-08-30,Sunset Park,Estados Unidos,10
9847,2023-11-28,Sunset Park,Estados Unidos,41
9848,2023-02-15,Balboa,Costa Rica,42
9849,2022-05-12,Puerta del Diablo,España,12
9850,2024-07-15,Balboa,Honduras,5
9851,2024-09-01,Amulapa,Costa Rica,34
9852,2024-10-04,Puerta del Diablo,Canada,26
9853,2022-02-05,Apulo,Guatemala,47
9854,2022-08-05,Puerta del Diablo,Guatemala,32
9855,2021-05-01,Balboa,Estados Unidos,74
9856,2023-07-07,Sunset Park,España,65
9857,2022-08-07,Cerro Verde,Mexico,49
9858,2021-01-05,Apulo,Honduras,78
9859,2023-07-16,Cerro Verde,Nicaragua,21
9860,2021-12-14,Puerta del Diablo,Honduras,20
9861,2024-02-16,Balboa,Mexico,32
9862,2023-08-31,Cerro Verde,Nicaragua,17
9863,2022-03-01,Balboa,Mexico,31
9864,2024-12-19,Puerta del Diablo,Guatemala,21
9865,2023-04-02,Apulo,Mexico,14
9866,2023-02-17,Sunset Park,Mexico,50
9867,2022-01-11,Apulo,Estados Unidos,39
9868,2024-08-19,Sunset Park,Mexico,56
9869,2023-07-04,Cerro Verde,Estados Unidos,42
9870,2023-05-23,Cerro Verde,Estados Unidos,78
9871,2022-04-02,Balboa,Nicaragua,50
9872,2021-10-31,Apulo,Canada,46
9873,2021-11-15,Sunset Park,Canada,41
9874,2023-07-01,Puerta del Diablo,Canada,30
9875,2022-05-02,Sunset Park,Costa Rica,53
9876,2022-01-05,Balboa,España,67
9877,2024-12-26,Balboa,Canada,50
9878,2022-05-16,Puerta del Diablo,Nicaragua,57
9879,2022-09-16,Cerro Verde,Honduras,30
9880,2023-10-14,Cerro Verde,Estados Unidos,36
9881,2024-01-12,Sunset Park,Guatemala,44
9882,2021-06-08,Cerro Verde,Mexico,65
9883,2023-07-17,Sunset Park,España,74
9884,2021-06-28,Puerta del Diablo,España,46
9885,2022-07-11,Sunset Park,Estados Unidos,68
9886,2024-07-06,Puerta del Diablo,España,51
9887,2022-12-27,Puerta del Diablo,Mexico,65
9888,2022-01-03,Balboa,Nicaragua,42
9889,2023-09-29,Balboa,Nicaragua,15
9890,2024-04-19,Sunset Park,Nicaragua,37
9891,2021-03-17,Sunset Park,Mexico,12
9892,2021-05-07,Balboa,Canada,57
9893,2024-05-29,Cerro Verde,Mexico,42
9894,2023-10-25,Balboa,Mexico,76
9895,2024-02-10,Balboa,Mexico,15
9896,2024-05-03,Balboa,Nicaragua,37
9897,2023-07-08,Balboa,Honduras,11
9898,2023-09-16,Balboa,Estados Unidos,13
9899,2024-06-06,Amulapa,Canada,14
9900,2023-06-27,Puerta del Diablo,Estados Unidos,7
9901,2022-05-08,Apulo,Mexico,27
9902,2022-12-27,Balboa,Mexico,32
9903,2023-05-01,Balboa,Mexico,56
9904,2023-04-29,Puerta del Diablo,Honduras,47
9905,2024-12-20,Sunset Park,Nicaragua,12
9906,2022-03-09,Amulapa,Costa Rica,60
9907,2021-12-28,Amulapa,España,45
9908,2023-10-26,Sunset Park,Nicaragua,60
9909,2024-07-18,Cerro Verde,Canada,30
9910,2023-02-01,Cerro Verde,Nicaragua,7
9911,2023-08-17,Apulo,Honduras,30
9912,2022-09-09,Puerta del Diablo,Mexico,27
9913,2022-09-08,Puerta del Diablo,Mexico,37
9914,2022-02-12,Balboa,Guatemala,16
9915,2022-07-09,Apulo,Canada,10
9916,2022-04-13,Puerta del Diablo,Canada,50
9917,2022-09-20,Amulapa,Costa Rica,72
9918,2022-08-26,Apulo,Costa Rica,40
9919,2022-02-24,Cerro Verde,Estados Unidos,79
9920,2021-12-23,Amulapa,España,5
9921,2022-09-02,Cerro Verde,Canada,36
9922,2024-06-13,Balboa,Canada,40
9923,2022-02-14,Balboa,España,37
9924,2021-09-24,Sunset Park,España,56
9925,2024-02-15,Puerta del Diablo,Nicaragua,47
9926,2022-02-08,Puerta del Diablo,Estados Unidos,9
9927,2024-08-24,Amulapa,Mexico,21
9928,2021-02-02,Amulapa,Estados Unidos,68
9929,2023-10-23,Sunset Park,Honduras,18
9930,2022-09-15,Puerta del Diablo,Honduras,14
9931,2022-09-16,Amulapa,Nicaragua,58
9932,2022-09-20,Puerta del Diablo,Guatemala,39
9933,2021-01-19,Balboa,Mexico,62
9934,2021-03-30,Apulo,Nicaragua,27
9935,2023-07-15,Cerro Verde,Estados Unidos,48
9936,2022-12-22,Amulapa,Costa Rica,44
9937,2021-06-02,Cerro Verde,Guatemala,45
9938,2021-03-23,Amulapa,España,23
9939,2023-02-23,Cerro Verde,Canada,40
9940,2022-01-27,Puerta del Diablo,Estados Unidos,31
9941,2021-12-29,Sunset Park,España,7
9942,2023-05-03,Sunset Park,Costa Rica,9
9943,2022-02-03,Cerro Verde,Guatemala,9
9944,2024-11-22,Amulapa,Mexico,74
9945,2024-06-02,Balboa,Mexico,69
9946,2024-02-13,Amulapa,Mexico,35
9947,2023-02-22,Sunset Park,Costa Rica,47
9948,2023-09-11,Balboa,Estados Unidos,47
9949,2021-10-04,Puerta del Diablo,Costa Rica,63
9950,2023-02-25,Puerta del Diablo,Costa Rica,36
9951,2023-04-19,Apulo,Estados Unidos,11
9952,2023-04-05,Puerta del Diablo,Estados Unidos,36
9953,2021-07-29,Puerta del Diablo,Mexico,9
9954,2024-05-18,Balboa,Costa Rica,76
9955,2023-06-16,Sunset Park,Costa Rica,14
9956,2021-07-18,Sunset Park,Mexico,32
9957,2021-11-16,Cerro Verde,España,58
9958,2022-01-18,Balboa,España,32
9959,2021-06-09,Balboa,Mexico,29
9960,2024-02-25,Apulo,Costa Rica,57
9961,2024-11-13,Puerta del Diablo,España,38
9962,2022-03-04,Sunset Park,Mexico,74
9963,2022-10-24,Cerro Verde,Mexico,62
9964,2021-06-09,Apulo,Costa Rica,5
9965,2021-02-11,Apulo,Guatemala,48
9966,2023-08-25,Puerta del Diablo,Canada,25
9967,2023-08-25,Sunset Park,Nicaragua,13
9968,2022-03-11,Cerro Verde,Estados Unidos,77
9969,2023-11-11,Amulapa,Costa Rica,53
9970,2024-04-10,Balboa,Honduras,8
9971,2022-08-08,Puerta del Diablo,Honduras,38
9972,2023-06-09,Cerro Verde,Mexico,69
9973,2024-04-10,Puerta del Diablo,Estados Unidos,60
9974,2024-08-31,Balboa,Mexico,46
9975,2023-10-04,Balboa,Mexico,10
9976,2021-09-28,Cerro Verde,España,72
9977,2022-11-20,Puerta del Diablo,Nicaragua,17
9978,2021-01-26,Balboa,Costa Rica,69
9979,2021-11-24,Apulo,Costa Rica,56
9980,2023-10-23,Amulapa,Estados Unidos,14
9981,2022-12-14,Balboa,Honduras,63
9982,2022-09-04,Amulapa,Canada,10
9983,2021-07-29,Cerro Verde,Costa Rica,54
9984,2023-03-03,Amulapa,Nicaragua,17
9985,2023-10-24,Sunset Park,Nicaragua,73
9986,2024-02-19,Balboa,Estados Unidos,30
9987,2022-03-05,Apulo,Costa Rica,51
9988,2021-05-07,Sunset Park,Canada,55
9989,2021-02-21,Amulapa,Canada,11
9990,2024-07-14,Sunset Park,Mexico,70
9991,2022-12-17,Amulapa,España,45
9992,2023-02-07,Cerro Verde,Costa Rica,67
9993,2021-07-15,Apulo,Canada,45
9994,2021-04-20,Amulapa,Nicaragua,13
9995,2023-02-03,Balboa,Mexico,13
9996,2024-11-16,Balboa,Costa Rica,70
9997,2022-01-05,Apulo,Nicaragua,67
9998,2022-09-08,Balboa,Guatemala,39
9999,2023-12-22,Amulapa,Guatemala,74
10000,2023-03-30,Puerta del Diablo,Costa Rica,11
10001,2024-04-21,Cerro Verde,Mexico,70
10002,2021-08-17,Amulapa,Honduras,10
10003,2023-07-18,Cerro Verde,Estados Unidos,71
10004,2024-03-02,Balboa,España,68
10005,2021-05-14,Cerro Verde,Mexico,66
10006,2024-02-08,Cerro Verde,Honduras,42
10007,2021-09-28,Amulapa,España,51
10008,2021-04-21,Apulo,Nicaragua,31
10009,2024-09-02,Puerta del Diablo,España,50
10010,2024-12-31,Amulapa,Mexico,75
10011,2021-06-30,Apulo,Mexico,76
10012,2024-08-29,Amulapa,España,22
10013,2021-12-16,Apulo,Honduras,48
10014,2021-12-02,Apulo,Canada,75
10015,2021-09-27,Balboa,Guatemala,46
10016,2022-06-17,Amulapa,Nicaragua,74
10017,2022-03-26,Balboa,Guatemala,50
10018,2024-07-23,Apulo,Mexico,56
10019,2023-06-11,Apulo,Costa Rica,20
10020,2024-03-15,Puerta del Diablo,Canada,22
10021,2021-12-27,Amulapa,Nicaragua,47
10022,2022-07-18,Sunset Park,Nicaragua,78
10023,2021-09-30,Apulo,Estados Unidos,67
10024,2021-11-30,Puerta del Diablo,España,59
10025,2021-09-26,Balboa,España,78
10026,2021-01-27,Puerta del Diablo,España,28
10027,2024-06-04,Puerta del Diablo,Mexico,29
10028,2021-10-17,Sunset Park,Costa Rica,79
10029,2021-06-13,Amulapa,Mexico,70
10030,2022-02-10,Sunset Park,Mexico,10
10031,2024-10-19,Amulapa,Mexico,43
10032,2022-08-03,Apulo,Mexico,15
10033,2022-07-29,Sunset Park,Canada,18
10034,2023-01-24,Cerro Verde,Guatemala,38
10035,2022-07-07,Balboa,Costa Rica,34
10036,2021-11-08,Cerro Verde,Estados Unidos,61
10037,2024-08-04,Balboa,Costa Rica,51
10038,2023-08-31,Amulapa,Estados Unidos,79
10039,2023-09-11,Sunset Park,Costa Rica,24
10040,2021-05-24,Balboa,Honduras,29
10041,2021-11-17,Apulo,Honduras,32
10042,2024-10-01,Puerta del Diablo,Mexico,17
10043,2024-11-24,Balboa,Estados Unidos,60
10044,2023-03-24,Sunset Park,Honduras,53
10045,2024-08-20,Cerro Verde,Costa Rica,27
10046,2021-02-12,Cerro Verde,Nicaragua,79
10047,2024-05-28,Sunset Park,Honduras,68
10048,2022-02-08,Sunset Park,Estados Unidos,19
10049,2023-11-22,Balboa,Guatemala,65
10050,2024-05-07,Apulo,Honduras,52
10051,2023-02-26,Balboa,Guatemala,58
10052,2022-01-27,Puerta del Diablo,Estados Unidos,55
10053,2021-12-03,Sunset Park,Guatemala,31
10054,2024-05-19,Sunset Park,Guatemala,54
10055,2021-05-27,Apulo,Guatemala,77
10056,2022-06-05,Balboa,Honduras,69
10057,2024-10-09,Balboa,España,39
10058,2023-07-02,Puerta del Diablo,Mexico,19
10059,2024-02-21,Puerta del Diablo,Canada,76
10060,2023-01-23,Balboa,Estados Unidos,45
10061,2022-10-12,Puerta del Diablo,Estados Unidos,75
10062,2023-02-04,Cerro Verde,Honduras,66
10063,2022-10-25,Apulo,Costa Rica,47
10064,2022-08-22,Cerro Verde,Costa Rica,11
10065,2022-05-09,Balboa,Canada,62
10066,2024-11-16,Apulo,España,10
10067,2021-06-16,Apulo,Estados Unidos,25
10068,2022-02-06,Amulapa,Costa Rica,75
10069,2023-01-03,Amulapa,Nicaragua,29
10070,2021-09-30,Apulo,Estados Unidos,15
10071,2022-11-09,Sunset Park,Guatemala,63
10072,2021-11-22,Balboa,Nicaragua,44
10073,2021-09-11,Cerro Verde,España,49
10074,2022-04-16,Amulapa,Mexico,73
10075,2024-11-16,Apulo,Honduras,45
10076,2022-11-27,Balboa,Mexico,66
10077,2022-09-08,Balboa,Nicaragua,72
10078,2021-06-28,Amulapa,Honduras,70
10079,2022-01-31,Amulapa,Estados Unidos,72
10080,2021-03-22,Amulapa,Nicaragua,30
10081,2023-11-05,Amulapa,Costa Rica,23
10082,2023-07-29,Apulo,Guatemala,79
10083,2023-11-07,Sunset Park,Canada,45
10084,2021-01-27,Amulapa,Canada,49
10085,2024-10-22,Puerta del Diablo,Canada,19
10086,2021-02-04,Sunset Park,Guatemala,21
10087,2024-07-27,Puerta del Diablo,Mexico,54
10088,2023-02-25,Puerta del Diablo,Mexico,72
10089,2024-06-04,Apulo,Canada,43
10090,2021-08-07,Balboa,Canada,73
10091,2021-12-30,Amulapa,España,70
10092,2021-05-22,Balboa,Nicaragua,76
10093,2023-02-05,Puerta del Diablo,Canada,36
10094,2021-01-15,Puerta del Diablo,Mexico,60
10095,2023-04-12,Cerro Verde,Nicaragua,29
10096,2024-07-12,Puerta del Diablo,Estados Unidos,58
10097,2024-06-07,Amulapa,Guatemala,17
10098,2021-12-02,Amulapa,Canada,50
10099,2023-01-27,Balboa,Costa Rica,46
10100,2024-11-24,Apulo,Guatemala,59
10101,2023-03-06,Apulo,Nicaragua,28
10102,2022-08-10,Puerta del Diablo,España,63
10103,2021-10-18,Amulapa,Mexico,31
10104,2024-12-04,Cerro Verde,Estados Unidos,49
10105,2023-06-11,Balboa,Canada,68
10106,2022-11-26,Balboa,Guatemala,12
10107,2022-07-17,Balboa,España,7
10108,2023-08-15,Cerro Verde,Mexico,19
10109,2021-05-18,Cerro Verde,Nicaragua,77
10110,2024-12-26,Puerta del Diablo,Nicaragua,37
10111,2021-12-14,Cerro Verde,Costa Rica,54
10112,2024-08-15,Apulo,Honduras,52
10113,2021-08-16,Balboa,España,68
10114,2023-07-24,Balboa,Mexico,57
10115,2022-06-05,Balboa,Costa Rica,53
10116,2022-12-23,Cerro Verde,Mexico,75
10117,2021-12-03,Amulapa,España,66
10118,2023-03-05,Sunset Park,Honduras,23
10119,2024-01-22,Amulapa,Nicaragua,21
10120,2022-06-18,Amulapa,Canada,61
10121,2023-10-01,Cerro Verde,Mexico,61
10122,2024-11-25,Amulapa,Nicaragua,78
10123,2022-06-15,Puerta del Diablo,Canada,75
10124,2022-02-13,Cerro Verde,España,74
10125,2022-03-29,Apulo,Costa Rica,75
10126,2021-03-03,Apulo,Costa Rica,27
10127,2021-07-14,Balboa,Mexico,8
10128,2024-08-17,Amulapa,Estados Unidos,74
10129,2024-07-20,Apulo,Guatemala,55
10130,2021-02-13,Sunset Park,Mexico,70
10131,2023-09-15,Puerta del Diablo,Honduras,12
10132,2024-01-09,Puerta del Diablo,Honduras,8
10133,2022-03-24,Amulapa,Estados Unidos,49
10134,2021-03-06,Balboa,Guatemala,13
10135,2022-08-07,Balboa,España,50
10136,2022-10-18,Puerta del Diablo,Canada,57
10137,2022-02-10,Amulapa,Canada,35
10138,2024-07-03,Balboa,Nicaragua,7
10139,2022-05-06,Cerro Verde,Estados Unidos,30
10140,2023-08-23,Sunset Park,Guatemala,7
10141,2024-12-10,Cerro Verde,Guatemala,35
10142,2022-11-28,Apulo,Honduras,6
10143,2021-10-10,Apulo,España,58
10144,2023-12-08,Cerro Verde,Nicaragua,61
10145,2022-06-15,Apulo,Guatemala,33
10146,2023-05-03,Sunset Park,Estados Unidos,24
10147,2022-11-16,Balboa,España,65
10148,2021-03-29,Puerta del Diablo,España,7
10149,2022-07-10,Cerro Verde,Costa Rica,40
10150,2024-03-01,Apulo,España,19
10151,2022-10-04,Apulo,Mexico,38
10152,2024-05-25,Amulapa,Costa Rica,59
10153,2021-01-18,Cerro Verde,Estados Unidos,65
10154,2021-10-09,Apulo,Honduras,44
10155,2022-09-03,Amulapa,España,17
10156,2023-03-30,Cerro Verde,Estados Unidos,6
10157,2023-06-18,Apulo,Nicaragua,63
10158,2022-04-23,Puerta del Diablo,Mexico,62
10159,2021-01-07,Balboa,Guatemala,21
10160,2023-03-28,Sunset Park,Nicaragua,72
10161,2024-05-13,Apulo,Estados Unidos,58
10162,2023-09-11,Puerta del Diablo,Honduras,30
10163,2023-10-25,Cerro Verde,Estados Unidos,48
10164,2022-05-17,Apulo,Costa Rica,76
10165,2022-06-14,Sunset Park,Guatemala,29
10166,2024-01-16,Sunset Park,España,14
10167,2023-02-04,Apulo,Estados Unidos,67
10168,2022-12-07,Cerro Verde,Costa Rica,68
10169,2021-03-24,Apulo,Nicaragua,23
10170,2022-02-09,Cerro Verde,Mexico,28
10171,2023-01-23,Cerro Verde,Nicaragua,52
10172,2024-01-24,Apulo,Estados Unidos,77
10173,2024-01-31,Cerro Verde,Guatemala,32
10174,2023-01-12,Balboa,Honduras,42
10175,2021-03-08,Cerro Verde,Mexico,7
10176,2022-11-18,Puerta del Diablo,Costa Rica,45
10177,2023-12-11,Cerro Verde,España,10
10178,2022-02-01,Balboa,Guatemala,40
10179,2021-12-11,Balboa,Estados Unidos,45
10180,2022-02-05,Sunset Park,Nicaragua,6
10181,2024-04-25,Amulapa,Estados Unidos,8
10182,2024-07-08,Balboa,Costa Rica,33
10183,2023-10-17,Apulo,Canada,20
10184,2024-03-07,Amulapa,Estados Unidos,68
10185,2021-08-05,Apulo,Honduras,77
10186,2022-06-06,Cerro Verde,Estados Unidos,20
10187,2024-11-22,Balboa,Canada,70
10188,2024-05-14,Apulo,Costa Rica,12
10189,2021-05-01,Amulapa,Mexico,11
10190,2021-10-17,Balboa,España,72
10191,2024-12-29,Amulapa,Guatemala,46
10192,2021-03-30,Balboa,Guatemala,52
10193,2022-03-10,Sunset Park,Honduras,71
10194,2022-06-29,Apulo,Honduras,32
10195,2023-11-18,Cerro Verde,Nicaragua,36
10196,2023-05-14,Apulo,Costa Rica,48
10197,2021-09-08,Sunset Park,Costa Rica,56
10198,2023-07-14,Cerro Verde,Canada,65
10199,2024-01-26,Cerro Verde,Mexico,60
10200,2021-10-24,Balboa,Honduras,40
10201,2023-06-20,Apulo,Costa Rica,73
10202,2021-07-08,Puerta del Diablo,Honduras,74
10203,2024-04-08,Puerta del Diablo,Estados Unidos,7
10204,2022-10-15,Puerta del Diablo,Canada,30
10205,2023-01-11,Balboa,Canada,66
10206,2021-04-27,Puerta del Diablo,Honduras,38
10207,2024-12-04,Amulapa,Canada,7
10208,2024-09-11,Puerta del Diablo,Guatemala,6
10209,2021-06-14,Cerro Verde,España,49
10210,2021-02-19,Cerro Verde,Canada,5
10211,2023-05-14,Amulapa,Honduras,75
10212,2021-09-12,Puerta del Diablo,Honduras,59
10213,2022-03-02,Balboa,Estados Unidos,61
10214,2022-06-14,Amulapa,España,66
10215,2023-06-16,Sunset Park,Canada,23
10216,2023-12-07,Balboa,Honduras,31
10217,2022-04-27,Sunset Park,Canada,13
10218,2021-07-30,Cerro Verde,Mexico,18
10219,2021-06-25,Puerta del Diablo,Canada,46
10220,2023-10-31,Apulo,Honduras,65
10221,2022-05-20,Sunset Park,Mexico,28
10222,2021-11-17,Amulapa,España,75
10223,2023-11-20,Puerta del Diablo,Honduras,34
10224,2022-03-15,Amulapa,Guatemala,9
10225,2023-12-23,Cerro Verde,Costa Rica,14
10226,2021-07-10,Puerta del Diablo,Canada,15
10227,2022-12-14,Amulapa,España,72
10228,2023-08-27,Puerta del Diablo,Canada,70
10229,2021-03-14,Apulo,Mexico,44
10230,2023-06-19,Sunset Park,España,44
10231,2023-12-22,Puerta del Diablo,Mexico,25
10232,2021-02-08,Amulapa,Guatemala,78
10233,2023-01-07,Sunset Park,Estados Unidos,59
10234,2023-08-17,Sunset Park,Costa Rica,34
10235,2022-12-22,Balboa,Estados Unidos,77
10236,2021-11-25,Apulo,Guatemala,75
10237,2021-06-06,Cerro Verde,Canada,23
10238,2024-12-15,Amulapa,Honduras,20
10239,2024-03-08,Balboa,Honduras,33
10240,2022-02-20,Cerro Verde,Canada,22
10241,2021-02-07,Balboa,Nicaragua,18
10242,2024-02-09,Sunset Park,España,67
10243,2021-03-08,Puerta del Diablo,Guatemala,66
10244,2022-04-04,Amulapa,Canada,65
10245,2021-02-09,Sunset Park,Guatemala,78
10246,2022-01-09,Amulapa,Costa Rica,16
10247,2022-02-11,Puerta del Diablo,Canada,48
10248,2024-08-05,Puerta del Diablo,Costa Rica,39
10249,2022-10-24,Balboa,Costa Rica,25
10250,2022-01-01,Sunset Park,Costa Rica,50
10251,2021-03-18,Apulo,Nicaragua,37
10252,2024-01-05,Balboa,Mexico,14
10253,2023-12-06,Cerro Verde,Estados Unidos,47
10254,2023-05-26,Apulo,Guatemala,26
10255,2022-12-24,Balboa,Guatemala,74
10256,2023-02-12,Cerro Verde,Nicaragua,63
10257,2024-04-27,Cerro Verde,España,66
10258,2021-12-21,Apulo,España,75
10259,2023-03-23,Apulo,Estados Unidos,30
10260,2024-07-07,Balboa,Costa Rica,78
10261,2024-02-11,Puerta del Diablo,Nicaragua,49
10262,2024-03-23,Puerta del Diablo,Nicaragua,40
10263,2023-12-09,Amulapa,Guatemala,63
10264,2023-06-23,Amulapa,Honduras,14
10265,2021-06-05,Sunset Park,Mexico,20
10266,2023-03-07,Cerro Verde,Costa Rica,41
10267,2022-07-19,Balboa,Guatemala,10
10268,2024-04-28,Balboa,Guatemala,46
10269,2021-04-04,Cerro Verde,Estados Unidos,27
10270,2021-08-03,Cerro Verde,España,61
10271,2024-04-11,Amulapa,Canada,58
10272,2024-07-10,Sunset Park,Canada,54
10273,2021-01-10,Cerro Verde,Mexico,23
10274,2024-05-23,Amulapa,Canada,29
10275,2024-07-19,Apulo,Estados Unidos,32
10276,2023-02-14,Puerta del Diablo,Estados Unidos,31
10277,2022-04-02,Sunset Park,Costa Rica,42
10278,2023-07-25,Puerta del Diablo,Guatemala,7
10279,2021-08-13,Balboa,Canada,64
10280,2023-08-28,Cerro Verde,Mexico,43
10281,2021-11-18,Amulapa,Mexico,59
10282,2022-12-28,Cerro Verde,Nicaragua,50
10283,2023-12-08,Puerta del Diablo,Guatemala,63
10284,2022-11-12,Sunset Park,Mexico,49
10285,2024-11-27,Amulapa,Canada,63
10286,2023-01-18,Apulo,España,28
10287,2022-10-05,Balboa,Honduras,43
10288,2021-10-28,Amulapa,Guatemala,7
10289,2023-02-25,Amulapa,Mexico,8
10290,2023-08-03,Puerta del Diablo,Nicaragua,9
10291,2023-12-29,Apulo,España,57
10292,2021-03-11,Puerta del Diablo,Estados Unidos,12
10293,2022-10-08,Cerro Verde,Nicaragua,63
10294,2021-12-24,Sunset Park,Mexico,77
10295,2024-02-12,Balboa,Canada,14
10296,2021-08-01,Apulo,Canada,14
10297,2023-02-17,Sunset Park,Estados Unidos,43
10298,2023-05-20,Amulapa,España,78
10299,2024-10-31,Cerro Verde,Nicaragua,41
10300,2023-11-22,Cerro Verde,Estados Unidos,58
10301,2023-11-15,Amulapa,Nicaragua,62
10302,2023-07-12,Sunset Park,España,45
10303,2022-07-01,Amulapa,Canada,56
10304,2021-12-18,Sunset Park,Mexico,46
10305,2021-10-09,Puerta del Diablo,Honduras,19
10306,2023-06-24,Sunset Park,Estados Unidos,61
10307,2023-10-05,Amulapa,Guatemala,65
10308,2023-06-19,Amulapa,Costa Rica,76
10309,2021-08-09,Amulapa,Canada,43
10310,2024-10-15,Apulo,Canada,70
10311,2022-09-11,Balboa,Guatemala,9
10312,2024-11-25,Amulapa,Honduras,15
10313,2023-10-29,Amulapa,Honduras,44
10314,2022-07-01,Puerta del Diablo,España,25
10315,2024-11-21,Apulo,Guatemala,75
10316,2023-02-05,Sunset Park,Nicaragua,33
10317,2021-09-17,Cerro Verde,Costa Rica,43
10318,2022-03-17,Sunset Park,Estados Unidos,14
10319,2023-07-09,Apulo,Estados Unidos,37
10320,2023-10-06,Balboa,Costa Rica,22
10321,2022-07-05,Balboa,Estados Unidos,35
10322,2022-09-16,Sunset Park,Costa Rica,54
10323,2021-12-24,Sunset Park,Mexico,74
10324,2021-03-11,Balboa,Nicaragua,40
10325,2022-05-16,Cerro Verde,Guatemala,11
10326,2022-07-24,Apulo,Canada,61
10327,2021-01-12,Cerro Verde,España,9
10328,2022-10-31,Balboa,Mexico,38
10329,2021-08-18,Amulapa,Nicaragua,28
10330,2022-06-28,Apulo,Honduras,18
10331,2024-04-15,Puerta del Diablo,Canada,65
10332,2024-07-12,Apulo,Honduras,51
10333,2022-03-04,Cerro Verde,Mexico,33
10334,2024-07-19,Cerro Verde,España,17
10335,2022-07-17,Amulapa,España,51
10336,2023-11-05,Apulo,Estados Unidos,78
10337,2021-05-18,Amulapa,Guatemala,15
10338,2024-08-10,Sunset Park,Guatemala,21
10339,2021-05-05,Apulo,España,52
10340,2023-07-08,Balboa,Honduras,73
10341,2021-06-14,Apulo,Nicaragua,21
10342,2021-11-25,Cerro Verde,Honduras,35
10343,2024-06-10,Sunset Park,Guatemala,41
10344,2022-04-10,Sunset Park,Guatemala,15
10345,2021-10-18,Sunset Park,Nicaragua,78
10346,2022-10-20,Puerta del Diablo,España,28
10347,2024-03-06,Cerro Verde,Mexico,57
10348,2024-10-23,Sunset Park,Honduras,17
10349,2023-07-26,Sunset Park,Mexico,19
10350,2024-02-20,Cerro Verde,Guatemala,20
10351,2022-12-26,Puerta del Diablo,Estados Unidos,38
10352,2022-07-29,Sunset Park,España,63
10353,2023-08-23,Amulapa,Guatemala,47
10354,2021-07-08,Sunset Park,Nicaragua,27
10355,2021-12-31,Cerro Verde,Canada,51
10356,2024-03-26,Cerro Verde,España,70
10357,2023-08-13,Apulo,Honduras,79
10358,2024-08-11,Puerta del Diablo,España,51
10359,2024-08-18,Balboa,Costa Rica,22
10360,2022-07-31,Balboa,Mexico,44
10361,2023-03-05,Balboa,Guatemala,24
10362,2023-07-05,Balboa,Costa Rica,29
10363,2021-07-19,Balboa,Canada,7
10364,2024-09-02,Puerta del Diablo,Guatemala,35
10365,2022-07-18,Amulapa,España,51
10366,2021-04-22,Cerro Verde,Costa Rica,74
10367,2024-12-27,Cerro Verde,Guatemala,35
10368,2023-11-18,Balboa,Costa Rica,32
10369,2021-08-04,Puerta del Diablo,Honduras,61
10370,2023-08-09,Apulo,Canada,51
10371,2021-12-24,Apulo,España,64
10372,2022-09-23,Amulapa,Costa Rica,32
10373,2022-07-10,Apulo,Costa Rica,25
10374,2021-06-22,Amulapa,Estados Unidos,53
10375,2023-10-03,Puerta del Diablo,Honduras,65
10376,2021-03-14,Sunset Park,España,8
10377,2024-04-25,Apulo,Honduras,6
10378,2021-07-09,Cerro Verde,Nicaragua,60
10379,2022-07-06,Balboa,Honduras,35
10380,2023-07-18,Sunset Park,Guatemala,26
10381,2023-04-16,Balboa,Estados Unidos,59
10382,2024-04-24,Cerro Verde,España,27
10383,2021-06-22,Balboa,Mexico,56
10384,2022-08-07,Amulapa,Honduras,15
10385,2022-02-16,Puerta del Diablo,Mexico,64
10386,2023-07-22,Amulapa,España,64
10387,2022-05-07,Puerta del Diablo,Costa Rica,73
10388,2022-09-24,Cerro Verde,España,31
10389,2021-10-06,Apulo,Costa Rica,7
10390,2021-11-20,Apulo,Nicaragua,26
10391,2024-11-27,Balboa,Costa Rica,39
10392,2023-03-12,Cerro Verde,España,47
10393,2021-08-17,Cerro Verde,Estados Unidos,75
10394,2023-08-30,Puerta del Diablo,Nicaragua,71
10395,2021-03-20,Apulo,España,49
10396,2024-04-25,Apulo,Mexico,61
10397,2022-03-31,Sunset Park,Costa Rica,34
10398,2024-10-06,Puerta del Diablo,Estados Unidos,16
10399,2023-11-07,Apulo,Estados Unidos,67
10400,2021-10-06,Apulo,Honduras,52
10401,2021-08-03,Amulapa,Honduras,38
10402,2023-08-21,Balboa,Guatemala,78
10403,2021-09-08,Apulo,España,55
10404,2023-07-30,Balboa,Honduras,31
10405,2024-08-09,Apulo,Honduras,73
10406,2024-11-14,Amulapa,Canada,15
10407,2022-01-07,Amulapa,Honduras,54
10408,2022-04-18,Balboa,Nicaragua,14
10409,2023-08-12,Puerta del Diablo,Mexico,29
10410,2024-02-14,Balboa,Mexico,10
10411,2021-03-05,Apulo,España,79
10412,2021-10-02,Puerta del Diablo,Mexico,24
10413,2022-07-27,Amulapa,Mexico,19
10414,2023-08-06,Cerro Verde,España,8
10415,2023-04-22,Apulo,Canada,72
10416,2024-01-08,Apulo,Estados Unidos,48
10417,2022-11-24,Sunset Park,Guatemala,9
10418,2022-11-05,Sunset Park,Guatemala,22
10419,2022-05-15,Puerta del Diablo,España,29
10420,2021-10-07,Amulapa,Costa Rica,7
10421,2024-03-02,Cerro Verde,España,17
10422,2024-01-20,Balboa,Nicaragua,13
10423,2024-12-03,Amulapa,Costa Rica,32
10424,2023-01-06,Sunset Park,Mexico,12
10425,2021-03-03,Cerro Verde,Guatemala,14
10426,2023-06-01,Cerro Verde,Guatemala,35
10427,2023-04-30,Puerta del Diablo,Canada,67
10428,2022-04-01,Balboa,Costa Rica,48
10429,2024-11-28,Puerta del Diablo,Nicaragua,72
10430,2022-08-29,Cerro Verde,Mexico,20
10431,2023-03-27,Balboa,Honduras,5
10432,2021-11-08,Amulapa,Costa Rica,72
10433,2024-10-16,Apulo,Estados Unidos,54
10434,2024-07-31,Sunset Park,Mexico,34
10435,2021-10-12,Amulapa,Canada,32
10436,2022-06-22,Balboa,Canada,67
10437,2024-11-25,Sunset Park,Costa Rica,18
10438,2022-05-21,Amulapa,Nicaragua,50
10439,2024-08-18,Apulo,España,55
10440,2023-08-26,Amulapa,Estados Unidos,8
10441,2024-10-07,Amulapa,España,69
10442,2024-12-25,Puerta del Diablo,Estados Unidos,63
10443,2023-03-01,Puerta del Diablo,España,26
10444,2023-03-27,Cerro Verde,Guatemala,15
10445,2023-03-11,Puerta del Diablo,España,75
10446,2021-04-28,Balboa,Costa Rica,31
10447,2024-06-19,Sunset Park,Guatemala,65
10448,2021-12-22,Amulapa,Honduras,32
10449,2022-12-20,Balboa,Estados Unidos,7
10450,2021-07-30,Sunset Park,Nicaragua,47
10451,2023-02-01,Apulo,Canada,39
10452,2022-06-13,Sunset Park,Guatemala,55
10453,2021-06-15,Cerro Verde,Honduras,37
10454,2021-12-13,Puerta del Diablo,Nicaragua,44
10455,2023-10-10,Balboa,Guatemala,52
10456,2021-05-17,Amulapa,Honduras,72
10457,2021-03-07,Balboa,Mexico,52
10458,2024-10-24,Amulapa,Costa Rica,71
10459,2024-02-29,Puerta del Diablo,Estados Unidos,55
10460,2021-01-26,Apulo,Honduras,57
10461,2024-06-04,Sunset Park,Costa Rica,77
10462,2024-02-06,Balboa,Guatemala,73
10463,2022-05-28,Amulapa,Costa Rica,23
10464,2024-03-16,Cerro Verde,Estados Unidos,67
10465,2022-09-27,Amulapa,Costa Rica,44
10466,2021-11-10,Balboa,Canada,45
10467,2022-12-01,Amulapa,Honduras,67
10468,2023-05-08,Amulapa,España,28
10469,2021-02-22,Amulapa,Costa Rica,45
10470,2022-08-22,Puerta del Diablo,España,74
10471,2023-01-11,Cerro Verde,Nicaragua,60
10472,2022-06-15,Apulo,Honduras,69
10473,2022-02-16,Balboa,Nicaragua,33
10474,2022-01-22,Sunset Park,Nicaragua,76
10475,2024-07-22,Cerro Verde,Honduras,71
10476,2022-11-27,Balboa,Nicaragua,19
10477,2021-12-13,Sunset Park,Canada,12
10478,2023-05-04,Cerro Verde,Honduras,21
10479,2024-11-16,Sunset Park,Canada,69
10480,2022-04-10,Cerro Verde,Honduras,30
10481,2021-07-25,Sunset Park,Mexico,52
10482,2021-08-11,Sunset Park,Mexico,60
10483,2024-05-18,Balboa,Mexico,67
10484,2023-12-21,Cerro Verde,Costa Rica,18
10485,2022-12-12,Apulo,Estados Unidos,77
10486,2022-07-03,Amulapa,Guatemala,68
10487,2021-07-28,Sunset Park,Nicaragua,31
10488,2024-08-07,Amulapa,Estados Unidos,35
10489,2024-08-17,Balboa,Nicaragua,45
10490,2024-07-06,Balboa,Honduras,53
10491,2021-07-13,Cerro Verde,Guatemala,11
10492,2023-10-24,Amulapa,Honduras,60
10493,2021-08-01,Balboa,Costa Rica,32
10494,2023-10-16,Amulapa,Estados Unidos,34
10495,2022-07-03,Amulapa,Estados Unidos,36
10496,2021-09-24,Puerta del Diablo,España,79
10497,2023-02-02,Sunset Park,Nicaragua,46
10498,2023-02-03,Cerro Verde,Costa Rica,24
10499,2024-03-16,Puerta del Diablo,Honduras,21
10500,2023-12-12,Sunset Park,Canada,22
10501,2021-10-11,Cerro Verde,Mexico,5
10502,2022-08-17,Cerro Verde,Mexico,58
10503,2021-04-17,Apulo,Guatemala,64
10504,2024-08-09,Balboa,Estados Unidos,68
10505,2021-05-27,Cerro Verde,Costa Rica,13
10506,2021-11-30,Balboa,Mexico,79
10507,2024-09-01,Amulapa,Nicaragua,42
10508,2023-02-08,Puerta del Diablo,Guatemala,71
10509,2021-07-02,Balboa,España,44
10510,2022-04-30,Apulo,España,8
10511,2023-12-03,Puerta del Diablo,Mexico,16
10512,2024-09-12,Apulo,Canada,42
10513,2021-04-17,Apulo,Honduras,59
10514,2022-05-23,Puerta del Diablo,Mexico,34
10515,2024-06-17,Apulo,Nicaragua,36
10516,2021-12-14,Amulapa,Mexico,41
10517,2022-06-04,Sunset Park,España,23
10518,2021-08-03,Balboa,Costa Rica,18
10519,2024-07-15,Puerta del Diablo,España,72
10520,2024-01-18,Apulo,España,11
10521,2023-04-21,Puerta del Diablo,Guatemala,8
10522,2023-10-03,Apulo,Costa Rica,40
10523,2022-11-03,Balboa,Mexico,8
10524,2024-11-25,Cerro Verde,España,57
10525,2024-10-25,Balboa,España,5
10526,2021-04-12,Amulapa,España,37
10527,2023-07-29,Apulo,Estados Unidos,40
10528,2021-09-17,Apulo,España,6
10529,2023-04-05,Amulapa,Costa Rica,47
10530,2022-01-05,Amulapa,Nicaragua,8
10531,2023-05-06,Apulo,Costa Rica,41
10532,2023-12-26,Amulapa,Canada,13
10533,2023-09-26,Puerta del Diablo,España,32
10534,2021-09-22,Amulapa,Estados Unidos,15
10535,2022-12-29,Puerta del Diablo,Honduras,50
10536,2022-04-08,Puerta del Diablo,Estados Unidos,70
10537,2022-01-26,Cerro Verde,Honduras,17
10538,2023-04-04,Amulapa,Estados Unidos,7
10539,2022-02-24,Amulapa,Canada,5
10540,2022-04-08,Apulo,España,58
10541,2023-03-19,Sunset Park,Guatemala,58
10542,2022-11-15,Puerta del Diablo,Costa Rica,69
10543,2024-07-12,Puerta del Diablo,Guatemala,48
10544,2023-07-27,Amulapa,Guatemala,34
10545,2024-05-22,Apulo,Honduras,69
10546,2023-11-24,Cerro Verde,Mexico,47
10547,2023-04-07,Sunset Park,España,74
10548,2021-11-17,Puerta del Diablo,Canada,79
10549,2022-01-09,Balboa,España,73
10550,2021-04-04,Sunset Park,Honduras,29
10551,2023-01-02,Sunset Park,Guatemala,46
10552,2024-09-15,Sunset Park,Canada,20
10553,2021-06-05,Sunset Park,Canada,50
10554,2021-01-16,Sunset Park,Nicaragua,26
10555,2022-06-19,Apulo,Guatemala,63
10556,2021-06-12,Sunset Park,Estados Unidos,63
10557,2023-11-14,Sunset Park,Estados Unidos,78
10558,2023-10-10,Balboa,Canada,16
10559,2023-11-11,Cerro Verde,Estados Unidos,33
10560,2024-03-24,Cerro Verde,Guatemala,34
10561,2021-02-14,Puerta del Diablo,Mexico,53
10562,2022-11-08,Puerta del Diablo,Canada,54
10563,2022-06-22,Apulo,Estados Unidos,18
10564,2021-06-27,Sunset Park,Canada,67
10565,2023-06-08,Cerro Verde,Costa Rica,58
10566,2022-02-26,Puerta del Diablo,Nicaragua,8
10567,2022-01-14,Cerro Verde,España,45
10568,2023-11-01,Cerro Verde,Costa Rica,52
10569,2023-02-01,Cerro Verde,Canada,40
10570,2024-06-16,Puerta del Diablo,Canada,68
10571,2023-04-23,Sunset Park,Guatemala,15
10572,2022-10-07,Puerta del Diablo,Canada,73
10573,2024-09-21,Amulapa,Honduras,75
10574,2021-09-27,Cerro Verde,Honduras,48
10575,2023-01-30,Sunset Park,Honduras,22
10576,2022-11-04,Cerro Verde,Costa Rica,43
10577,2024-12-02,Amulapa,Honduras,64
10578,2024-08-18,Cerro Verde,Guatemala,53
10579,2021-03-02,Balboa,Estados Unidos,46
10580,2022-08-11,Puerta del Diablo,Guatemala,43
10581,2024-12-14,Sunset Park,Nicaragua,19
10582,2024-09-12,Apulo,España,58
10583,2022-06-10,Cerro Verde,Nicaragua,70
10584,2023-12-16,Sunset Park,Honduras,78
10585,2021-03-21,Amulapa,Guatemala,78
10586,2021-03-26,Cerro Verde,Canada,49
10587,2021-08-25,Balboa,Costa Rica,71
10588,2022-04-29,Balboa,España,29
10589,2021-02-20,Sunset Park,España,34
10590,2022-05-06,Apulo,Honduras,14
10591,2023-09-30,Puerta del Diablo,Nicaragua,16
10592,2021-10-09,Puerta del Diablo,Estados Unidos,24
10593,2023-10-10,Puerta del Diablo,Guatemala,29
10594,2023-06-10,Balboa,Costa Rica,20
10595,2023-06-14,Apulo,Canada,44
10596,2024-01-06,Apulo,Canada,79
10597,2022-12-17,Balboa,Honduras,50
10598,2021-12-23,Amulapa,Honduras,40
10599,2021-03-25,Puerta del Diablo,Canada,34
10600,2021-06-18,Apulo,Estados Unidos,69
10601,2023-05-06,Amulapa,Canada,60
10602,2023-02-20,Apulo,Guatemala,54
10603,2024-09-15,Balboa,España,13
10604,2024-11-16,Amulapa,Mexico,16
10605,2024-06-22,Puerta del Diablo,Mexico,29
10606,2022-05-08,Puerta del Diablo,Mexico,71
10607,2022-08-26,Balboa,Honduras,66
10608,2023-03-10,Apulo,Costa Rica,23
10609,2023-04-13,Apulo,Honduras,68
10610,2023-03-14,Amulapa,Costa Rica,23
10611,2022-09-24,Sunset Park,Guatemala,60
10612,2022-05-27,Apulo,Guatemala,7
10613,2024-04-10,Balboa,España,66
10614,2023-12-17,Apulo,Guatemala,24
10615,2023-05-04,Puerta del Diablo,Mexico,33
10616,2024-10-24,Puerta del Diablo,Nicaragua,39
10617,2021-09-25,Puerta del Diablo,Estados Unidos,47
10618,2023-09-11,Cerro Verde,Costa Rica,7
10619,2022-10-07,Cerro Verde,Canada,9
10620,2022-12-23,Balboa,Estados Unidos,63
10621,2023-02-01,Apulo,Costa Rica,45
10622,2022-02-14,Puerta del Diablo,España,6
10623,2022-03-31,Puerta del Diablo,Mexico,34
10624,2021-10-02,Cerro Verde,Costa Rica,78
10625,2021-12-01,Amulapa,Nicaragua,34
10626,2023-08-27,Sunset Park,Honduras,41
10627,2022-12-26,Cerro Verde,Mexico,76
10628,2021-04-08,Balboa,Costa Rica,73
10629,2022-10-24,Cerro Verde,Costa Rica,36
10630,2021-01-02,Balboa,Canada,51
10631,2021-03-18,Puerta del Diablo,Estados Unidos,77
10632,2022-05-09,Sunset Park,Nicaragua,21
10633,2021-11-18,Amulapa,Honduras,32
10634,2023-02-06,Amulapa,Guatemala,14
10635,2023-02-25,Amulapa,España,30
10636,2021-01-11,Balboa,Estados Unidos,64
10637,2021-09-28,Amulapa,España,60
10638,2024-12-15,Cerro Verde,España,27
10639,2021-08-29,Puerta del Diablo,Nicaragua,18
10640,2024-04-21,Apulo,Canada,66
10641,2021-02-26,Apulo,Estados Unidos,71
10642,2021-12-22,Apulo,Mexico,34
10643,2022-01-16,Balboa,Mexico,44
10644,2023-11-08,Puerta del Diablo,España,71
10645,2021-03-28,Sunset Park,Honduras,23
10646,2022-07-08,Sunset Park,Mexico,17
10647,2023-06-18,Puerta del Diablo,Canada,71
10648,2022-10-24,Apulo,Costa Rica,76
10649,2021-07-06,Apulo,Guatemala,55
10650,2022-07-14,Apulo,España,51
10651,2023-07-30,Puerta del Diablo,Nicaragua,11
10652,2023-01-03,Sunset Park,Mexico,75
10653,2022-11-10,Balboa,Estados Unidos,72
10654,2023-04-16,Apulo,Honduras,72
10655,2024-10-07,Cerro Verde,Nicaragua,45
10656,2024-05-29,Apulo,España,52
10657,2023-11-04,Apulo,Canada,22
10658,2022-03-31,Sunset Park,Honduras,47
10659,2023-02-17,Apulo,Mexico,40
10660,2022-04-24,Puerta del Diablo,Costa Rica,72
10661,2021-04-17,Cerro Verde,Guatemala,32
10662,2023-11-03,Sunset Park,Estados Unidos,55
10663,2023-09-08,Apulo,Guatemala,8
10664,2024-09-09,Amulapa,Mexico,13
10665,2024-06-15,Puerta del Diablo,Mexico,70
10666,2022-03-28,Amulapa,Nicaragua,56
10667,2021-11-14,Balboa,Estados Unidos,45
10668,2022-10-24,Apulo,Mexico,79
10669,2022-04-08,Amulapa,Mexico,19
10670,2022-10-01,Apulo,Guatemala,71
10671,2024-02-29,Puerta del Diablo,Costa Rica,73
10672,2022-03-13,Amulapa,Guatemala,29
10673,2024-06-05,Sunset Park,Canada,41
10674,2021-12-08,Puerta del Diablo,Guatemala,8
10675,2021-11-06,Balboa,Canada,73
10676,2024-04-07,Cerro Verde,Estados Unidos,19
10677,2024-10-22,Apulo,Costa Rica,57
10678,2023-11-15,Amulapa,Estados Unidos,14
10679,2023-05-02,Balboa,Guatemala,52
10680,2021-02-23,Apulo,Honduras,55
10681,2022-02-08,Puerta del Diablo,Costa Rica,75
10682,2023-04-08,Puerta del Diablo,Canada,41
10683,2022-08-03,Amulapa,Costa Rica,44
10684,2021-04-10,Puerta del Diablo,Guatemala,74
10685,2024-02-14,Amulapa,Estados Unidos,38
10686,2022-11-21,Cerro Verde,Estados Unidos,6
10687,2021-11-10,Cerro Verde,Honduras,17
10688,2023-03-07,Balboa,España,26
10689,2022-04-11,Sunset Park,Canada,51
10690,2023-10-10,Amulapa,Estados Unidos,50
10691,2022-12-16,Amulapa,Honduras,49
10692,2024-07-02,Balboa,Mexico,44
10693,2023-09-29,Amulapa,Honduras,14
10694,2022-05-28,Apulo,Guatemala,32
10695,2021-11-19,Balboa,Estados Unidos,42
10696,2024-02-06,Cerro Verde,Nicaragua,44
10697,2024-07-02,Balboa,Mexico,42
10698,2021-11-20,Puerta del Diablo,Costa Rica,15
10699,2024-04-23,Amulapa,Guatemala,8
10700,2022-07-14,Amulapa,Nicaragua,75
10701,2021-12-24,Sunset Park,Canada,45
10702,2023-02-26,Puerta del Diablo,Mexico,11
10703,2023-04-21,Apulo,Estados Unidos,21
10704,2024-03-21,Puerta del Diablo,Mexico,45
10705,2023-09-18,Amulapa,Costa Rica,38
10706,2021-10-24,Cerro Verde,Estados Unidos,13
10707,2023-09-03,Apulo,Costa Rica,24
10708,2021-02-10,Puerta del Diablo,Honduras,14
10709,2021-11-10,Puerta del Diablo,Nicaragua,27
10710,2024-12-24,Balboa,Canada,7
10711,2024-07-20,Sunset Park,Nicaragua,50
10712,2021-09-21,Puerta del Diablo,España,42
10713,2024-02-13,Sunset Park,Nicaragua,48
10714,2022-06-04,Apulo,España,57
10715,2023-07-19,Sunset Park,Guatemala,26
10716,2021-09-25,Puerta del Diablo,Honduras,22
10717,2024-05-18,Amulapa,Canada,8
10718,2024-04-02,Puerta del Diablo,Mexico,58
10719,2022-06-28,Cerro Verde,Guatemala,9
10720,2022-07-24,Balboa,Guatemala,65
10721,2022-02-18,Sunset Park,Nicaragua,30
10722,2023-07-13,Amulapa,Guatemala,61
10723,2023-02-17,Sunset Park,Costa Rica,45
10724,2024-01-11,Balboa,Guatemala,28
10725,2022-10-05,Sunset Park,Nicaragua,78
10726,2021-05-29,Balboa,Nicaragua,37
10727,2021-10-14,Apulo,Canada,75
10728,2023-05-17,Apulo,Estados Unidos,48
10729,2023-12-27,Sunset Park,Mexico,70
10730,2021-06-14,Cerro Verde,Guatemala,28
10731,2022-01-22,Puerta del Diablo,Guatemala,51
10732,2022-09-01,Sunset Park,Canada,31
10733,2023-01-05,Apulo,Mexico,18
10734,2023-08-30,Amulapa,Estados Unidos,34
10735,2022-12-13,Sunset Park,Honduras,36
10736,2021-06-16,Balboa,Estados Unidos,38
10737,2023-07-31,Balboa,Estados Unidos,78
10738,2021-03-23,Apulo,Honduras,51
10739,2024-07-24,Puerta del Diablo,Nicaragua,50
10740,2024-07-15,Balboa,España,39
10741,2024-12-26,Apulo,Mexico,41
10742,2023-09-30,Cerro Verde,Costa Rica,33
10743,2024-08-20,Apulo,Estados Unidos,78
10744,2022-10-26,Apulo,Canada,61
10745,2022-07-15,Puerta del Diablo,Costa Rica,62
10746,2021-03-24,Puerta del Diablo,Canada,15
10747,2023-05-05,Amulapa,Nicaragua,53
10748,2024-01-17,Puerta del Diablo,Honduras,46
10749,2021-07-31,Amulapa,Mexico,58
10750,2021-10-13,Cerro Verde,Guatemala,53
10751,2024-12-27,Balboa,Honduras,79
10752,2021-12-13,Apulo,Costa Rica,40
10753,2022-04-20,Puerta del Diablo,Nicaragua,62
10754,2023-10-20,Balboa,Canada,5
10755,2022-07-15,Balboa,Canada,13
10756,2024-02-27,Amulapa,Canada,5
10757,2021-12-31,Cerro Verde,Costa Rica,40
10758,2023-06-22,Sunset Park,Costa Rica,13
10759,2021-01-17,Cerro Verde,Estados Unidos,57
10760,2023-07-16,Balboa,Canada,61
10761,2023-09-24,Cerro Verde,Costa Rica,65
10762,2022-10-15,Puerta del Diablo,Guatemala,77
10763,2022-10-30,Amulapa,Estados Unidos,18
10764,2023-06-30,Puerta del Diablo,Canada,55
10765,2021-12-04,Cerro Verde,Estados Unidos,58
10766,2021-11-20,Balboa,España,33
10767,2022-11-25,Puerta del Diablo,Guatemala,65
10768,2024-09-20,Apulo,Costa Rica,73
10769,2022-06-03,Apulo,Nicaragua,9
10770,2024-04-28,Cerro Verde,Costa Rica,17
10771,2021-09-02,Puerta del Diablo,Nicaragua,65
10772,2022-02-12,Amulapa,Honduras,52
10773,2022-09-10,Balboa,Nicaragua,62
10774,2021-12-01,Balboa,Nicaragua,38
10775,2024-09-08,Balboa,Nicaragua,27
10776,2024-04-26,Puerta del Diablo,Estados Unidos,6
10777,2024-12-21,Apulo,Estados Unidos,40
10778,2023-10-23,Sunset Park,Guatemala,7
10779,2023-10-21,Balboa,Mexico,45
10780,2022-11-04,Apulo,Canada,45
10781,2022-07-08,Amulapa,Canada,43
10782,2022-11-30,Balboa,España,77
10783,2024-06-04,Amulapa,Guatemala,44
10784,2023-08-14,Sunset Park,Estados Unidos,36
10785,2023-07-24,Cerro Verde,Mexico,44
10786,2024-05-15,Cerro Verde,Guatemala,22
10787,2022-01-20,Cerro Verde,Nicaragua,28
10788,2021-03-31,Puerta del Diablo,España,22
10789,2022-06-29,Cerro Verde,España,8
10790,2023-03-20,Balboa,Costa Rica,10
10791,2022-01-24,Sunset Park,Guatemala,54
10792,2021-08-05,Sunset Park,Honduras,30
10793,2021-03-29,Puerta del Diablo,Honduras,77
10794,2023-01-06,Sunset Park,Honduras,58
10795,2024-01-02,Amulapa,Estados Unidos,61
10796,2022-08-24,Cerro Verde,Mexico,5
10797,2024-12-15,Puerta del Diablo,Guatemala,77
10798,2021-03-31,Cerro Verde,Mexico,18
10799,2023-05-23,Puerta del Diablo,España,26
10800,2022-12-01,Cerro Verde,Nicaragua,73
10801,2024-12-22,Balboa,Estados Unidos,19
10802,2021-11-17,Amulapa,Honduras,39
10803,2021-04-24,Amulapa,España,35
10804,2023-03-09,Cerro Verde,Guatemala,78
10805,2022-02-16,Amulapa,Nicaragua,42
10806,2022-05-15,Sunset Park,Costa Rica,55
10807,2022-01-10,Apulo,Guatemala,39
10808,2024-02-03,Puerta del Diablo,Costa Rica,62
10809,2024-11-17,Puerta del Diablo,Honduras,58
10810,2024-03-29,Puerta del Diablo,Canada,10
10811,2021-06-11,Apulo,España,50
10812,2023-08-22,Cerro Verde,Estados Unidos,67
10813,2021-10-01,Puerta del Diablo,Costa Rica,76
10814,2021-02-09,Puerta del Diablo,Honduras,41
10815,2024-08-30,Cerro Verde,Nicaragua,66
10816,2023-03-27,Amulapa,Nicaragua,35
10817,2022-10-18,Apulo,Canada,75
10818,2021-11-22,Sunset Park,Estados Unidos,58
10819,2024-04-19,Amulapa,España,68
10820,2021-03-16,Amulapa,Mexico,38
10821,2024-02-01,Sunset Park,Estados Unidos,21
10822,2024-11-11,Balboa,Costa Rica,66
10823,2021-11-16,Amulapa,España,68
10824,2024-04-11,Puerta del Diablo,Canada,74
10825,2022-01-18,Amulapa,Estados Unidos,17
10826,2022-01-10,Puerta del Diablo,Canada,26
10827,2022-07-22,Apulo,Costa Rica,76
10828,2022-08-01,Balboa,Nicaragua,64
10829,2022-06-03,Puerta del Diablo,Canada,15
10830,2021-04-18,Apulo,Honduras,77
10831,2022-07-27,Apulo,Guatemala,57
10832,2022-01-27,Cerro Verde,Estados Unidos,55
10833,2023-09-18,Sunset Park,Costa Rica,55
10834,2021-09-07,Amulapa,Guatemala,14
10835,2023-04-13,Balboa,Canada,71
10836,2022-12-16,Sunset Park,Costa Rica,65
10837,2023-06-15,Amulapa,Canada,36
10838,2022-09-06,Puerta del Diablo,Costa Rica,60
10839,2024-04-27,Puerta del Diablo,Costa Rica,57
10840,2022-10-01,Sunset Park,Costa Rica,35
10841,2024-06-24,Balboa,Nicaragua,50
10842,2023-12-21,Sunset Park,Guatemala,29
10843,2022-06-01,Puerta del Diablo,Mexico,37
10844,2021-10-14,Sunset Park,Guatemala,56
10845,2023-09-06,Amulapa,Nicaragua,40
10846,2021-08-28,Apulo,Guatemala,46
10847,2021-06-25,Amulapa,Mexico,64
10848,2023-09-21,Cerro Verde,Canada,38
10849,2023-02-18,Apulo,Estados Unidos,23
10850,2024-07-14,Balboa,Mexico,76
10851,2021-08-24,Cerro Verde,Estados Unidos,16
10852,2022-04-19,Puerta del Diablo,Mexico,71
10853,2023-02-13,Amulapa,Nicaragua,42
10854,2024-08-04,Sunset Park,España,18
10855,2024-12-31,Sunset Park,Mexico,58
10856,2022-07-23,Sunset Park,Canada,62
10857,2022-06-25,Sunset Park,Nicaragua,66
10858,2024-05-19,Puerta del Diablo,Nicaragua,49
10859,2023-05-26,Sunset Park,Mexico,13
10860,2022-12-29,Balboa,España,72
10861,2024-10-15,Apulo,Guatemala,69
10862,2023-04-12,Sunset Park,Costa Rica,63
10863,2024-02-05,Balboa,Canada,8
10864,2021-08-11,Cerro Verde,Nicaragua,31
10865,2023-03-30,Balboa,Costa Rica,61
10866,2022-01-10,Cerro Verde,Costa Rica,63
10867,2021-03-22,Cerro Verde,España,48
10868,2023-08-07,Amulapa,Canada,6
10869,2021-04-13,Amulapa,Honduras,29
10870,2024-05-08,Sunset Park,Guatemala,58
10871,2024-06-26,Apulo,Canada,38
10872,2022-03-10,Apulo,Guatemala,26
10873,2022-03-08,Amulapa,Mexico,14
10874,2024-09-24,Amulapa,Guatemala,8
10875,2024-08-29,Apulo,España,16
10876,2024-02-09,Puerta del Diablo,España,58
10877,2022-11-06,Cerro Verde,España,30
10878,2023-11-19,Balboa,Honduras,23
10879,2024-05-03,Sunset Park,Mexico,54
10880,2023-04-14,Cerro Verde,Honduras,45
10881,2024-10-07,Apulo,Canada,39
10882,2022-10-17,Puerta del Diablo,Costa Rica,17
10883,2023-09-28,Cerro Verde,Estados Unidos,52
10884,2023-04-25,Apulo,Estados Unidos,70
10885,2021-01-22,Amulapa,España,22
10886,2024-08-03,Puerta del Diablo,Nicaragua,5
10887,2023-04-08,Puerta del Diablo,Canada,40
10888,2021-04-01,Balboa,Guatemala,55
10889,2024-08-09,Sunset Park,Honduras,38
10890,2023-11-22,Amulapa,Mexico,48
10891,2023-07-04,Puerta del Diablo,Estados Unidos,38
10892,2022-01-25,Balboa,Mexico,68
10893,2024-07-08,Sunset Park,Honduras,69
10894,2024-03-23,Apulo,Costa Rica,40
10895,2022-05-23,Cerro Verde,Guatemala,37
10896,2022-08-28,Apulo,Estados Unidos,61
10897,2023-10-27,Cerro Verde,Nicaragua,15
10898,2022-12-16,Apulo,Honduras,36
10899,2021-04-21,Amulapa,Costa Rica,41
10900,2023-02-11,Puerta del Diablo,Mexico,49
10901,2023-06-14,Puerta del Diablo,Guatemala,49
10902,2021-03-03,Sunset Park,Estados Unidos,20
10903,2024-06-02,Apulo,Costa Rica,6
10904,2024-10-04,Amulapa,Honduras,77
10905,2024-06-11,Balboa,España,68
10906,2021-01-21,Apulo,Estados Unidos,11
10907,2021-01-15,Amulapa,Honduras,29
10908,2022-10-12,Apulo,Estados Unidos,14
10909,2023-01-20,Cerro Verde,Estados Unidos,59
10910,2022-06-13,Amulapa,Guatemala,8
10911,2024-09-30,Puerta del Diablo,España,17
10912,2021-01-01,Balboa,Mexico,66
10913,2022-06-26,Sunset Park,Guatemala,63
10914,2024-05-19,Puerta del Diablo,Honduras,19
10915,2024-07-04,Puerta del Diablo,Nicaragua,77
10916,2022-05-12,Cerro Verde,Mexico,29
10917,2022-10-08,Balboa,España,66
10918,2023-12-03,Cerro Verde,Costa Rica,71
10919,2023-09-19,Apulo,España,45
10920,2023-08-05,Balboa,Nicaragua,77
10921,2021-04-10,Amulapa,Estados Unidos,65
10922,2024-06-14,Amulapa,Estados Unidos,54
10923,2024-08-06,Puerta del Diablo,Nicaragua,7
10924,2021-03-04,Puerta del Diablo,Costa Rica,19
10925,2024-03-02,Balboa,Nicaragua,8
10926,2022-06-29,Balboa,Canada,74
10927,2021-06-19,Sunset Park,Mexico,56
10928,2024-05-14,Cerro Verde,Costa Rica,77
10929,2024-05-27,Amulapa,Mexico,24
10930,2022-04-16,Balboa,Canada,54
10931,2024-05-12,Apulo,Canada,7
10932,2022-08-29,Amulapa,Honduras,54
10933,2024-01-17,Apulo,Honduras,73
10934,2023-06-22,Puerta del Diablo,Guatemala,9
10935,2021-07-15,Cerro Verde,Guatemala,58
10936,2022-08-30,Cerro Verde,España,61
10937,2022-06-23,Cerro Verde,Estados Unidos,16
10938,2024-12-03,Puerta del Diablo,Estados Unidos,24
10939,2024-04-01,Sunset Park,Estados Unidos,6
10940,2023-11-24,Apulo,Guatemala,23
10941,2022-11-29,Amulapa,Mexico,9
10942,2022-01-24,Cerro Verde,Nicaragua,10
10943,2022-10-16,Balboa,Costa Rica,17
10944,2022-10-06,Cerro Verde,España,32
10945,2022-09-24,Puerta del Diablo,España,12
10946,2021-02-11,Cerro Verde,Honduras,32
10947,2023-03-01,Apulo,Honduras,5
10948,2023-10-11,Apulo,Guatemala,78
10949,2021-03-08,Sunset Park,Guatemala,49
10950,2023-07-22,Puerta del Diablo,Nicaragua,46
10951,2024-07-03,Puerta del Diablo,Guatemala,31
10952,2024-03-04,Apulo,Honduras,66
10953,2023-01-14,Sunset Park,España,56
10954,2023-05-27,Cerro Verde,Costa Rica,21
10955,2021-04-03,Cerro Verde,España,68
10956,2024-06-14,Apulo,Costa Rica,56
10957,2024-02-07,Amulapa,Guatemala,50
10958,2021-08-01,Puerta del Diablo,España,34
10959,2024-04-03,Sunset Park,España,40
10960,2024-01-13,Sunset Park,Costa Rica,61
10961,2022-03-30,Sunset Park,Honduras,47
10962,2021-09-07,Cerro Verde,España,9
10963,2023-03-24,Amulapa,Canada,39
10964,2021-08-15,Sunset Park,Estados Unidos,55
10965,2024-05-02,Balboa,Canada,43
10966,2024-05-29,Puerta del Diablo,Estados Unidos,59
10967,2022-01-01,Cerro Verde,Nicaragua,26
10968,2023-04-09,Apulo,Costa Rica,13
10969,2023-11-08,Amulapa,Canada,46
10970,2024-12-06,Apulo,Guatemala,16
10971,2021-10-13,Sunset Park,Estados Unidos,13
10972,2022-08-28,Sunset Park,España,58
10973,2024-03-19,Amulapa,Canada,7
10974,2022-01-18,Puerta del Diablo,Honduras,32
10975,2024-02-29,Balboa,Nicaragua,32
10976,2022-11-07,Apulo,Mexico,45
10977,2023-09-24,Cerro Verde,Honduras,34
10978,2023-03-04,Cerro Verde,Mexico,46
10979,2024-04-03,Cerro Verde,Estados Unidos,73
10980,2022-12-05,Puerta del Diablo,Honduras,39
10981,2024-08-18,Sunset Park,Honduras,33
10982,2024-12-26,Balboa,España,30
10983,2021-06-14,Apulo,Mexico,77
10984,2023-09-14,Apulo,Mexico,60
10985,2021-04-12,Sunset Park,Guatemala,28
10986,2024-09-09,Balboa,Guatemala,50
10987,2021-05-14,Balboa,Mexico,42
10988,2021-06-23,Puerta del Diablo,Mexico,51
10989,2023-03-20,Apulo,España,22
10990,2024-11-23,Cerro Verde,Costa Rica,14
10991,2021-10-20,Sunset Park,España,46
10992,2023-11-16,Sunset Park,Mexico,65
10993,2022-05-02,Sunset Park,Mexico,44
10994,2022-07-31,Amulapa,Costa Rica,25
10995,2021-08-26,Puerta del Diablo,Nicaragua,7
10996,2024-03-23,Balboa,Honduras,13
10997,2021-02-19,Cerro Verde,Canada,57
10998,2022-09-23,Puerta del Diablo,Nicaragua,47
10999,2021-03-28,Sunset Park,Costa Rica,68
11000,2024-03-31,Puerta del Diablo,Honduras,66
11001,2021-02-15,Cerro Verde,Estados Unidos,25
11002,2024-06-29,Apulo,Estados Unidos,68
11003,2021-01-19,Amulapa,Mexico,9
11004,2021-07-05,Amulapa,Canada,59
11005,2023-03-10,Sunset Park,Guatemala,61
11006,2024-10-20,Amulapa,Mexico,48
11007,2023-11-19,Amulapa,Nicaragua,15
11008,2023-08-07,Amulapa,Costa Rica,78
11009,2022-04-03,Balboa,Costa Rica,15
11010,2024-11-25,Apulo,Nicaragua,77
11011,2022-06-27,Balboa,Honduras,6
11012,2022-11-23,Amulapa,Honduras,79
11013,2024-04-07,Balboa,Canada,75
11014,2022-04-21,Apulo,Nicaragua,78
11015,2021-04-04,Sunset Park,Honduras,37
11016,2023-04-02,Amulapa,Nicaragua,58
11017,2021-07-24,Cerro Verde,Costa Rica,19
11018,2023-03-06,Puerta del Diablo,Guatemala,11
11019,2024-09-04,Balboa,España,31
11020,2023-11-16,Amulapa,Canada,79
11021,2022-07-21,Amulapa,Guatemala,43
11022,2024-08-16,Balboa,Canada,27
11023,2024-09-15,Cerro Verde,Costa Rica,65
11024,2021-06-22,Amulapa,Canada,8
11025,2024-05-19,Cerro Verde,Costa Rica,56
11026,2024-05-16,Balboa,Costa Rica,25
11027,2022-03-02,Puerta del Diablo,Mexico,39
11028,2024-01-22,Cerro Verde,Costa Rica,41
11029,2021-08-13,Sunset Park,Estados Unidos,58
11030,2022-06-22,Sunset Park,Guatemala,48
11031,2024-06-27,Puerta del Diablo,Nicaragua,79
11032,2023-01-30,Amulapa,Costa Rica,56
11033,2021-01-25,Amulapa,Mexico,36
11034,2022-03-19,Amulapa,Honduras,58
11035,2022-11-10,Puerta del Diablo,Canada,5
11036,2023-07-27,Balboa,Canada,43
11037,2022-10-24,Balboa,Costa Rica,66
11038,2024-11-10,Amulapa,Guatemala,33
11039,2022-11-30,Cerro Verde,España,77
11040,2021-05-19,Balboa,Honduras,66
11041,2023-09-04,Balboa,Estados Unidos,39
11042,2023-07-26,Cerro Verde,Canada,42
11043,2021-08-08,Balboa,Mexico,74
11044,2021-05-12,Sunset Park,Canada,79
11045,2022-10-29,Puerta del Diablo,Honduras,53
11046,2024-12-24,Sunset Park,Nicaragua,10
11047,2021-03-07,Apulo,Honduras,31
11048,2023-09-30,Amulapa,Canada,60
11049,2023-01-10,Amulapa,Guatemala,79
11050,2022-01-24,Sunset Park,Canada,30
11051,2024-12-06,Amulapa,Mexico,48
11052,2021-09-22,Apulo,Costa Rica,71
11053,2022-01-16,Sunset Park,Honduras,68
11054,2024-04-24,Balboa,España,25
11055,2021-09-05,Apulo,Mexico,30
11056,2023-10-17,Cerro Verde,Canada,31
11057,2023-04-01,Cerro Verde,Estados Unidos,24
11058,2021-11-03,Sunset Park,Guatemala,29
11059,2023-08-01,Sunset Park,España,46
11060,2022-03-01,Sunset Park,Honduras,15
11061,2022-02-03,Puerta del Diablo,Guatemala,75
11062,2023-03-26,Puerta del Diablo,Mexico,45
11063,2021-02-01,Balboa,Nicaragua,72
11064,2023-12-17,Sunset Park,Estados Unidos,61
11065,2024-02-11,Puerta del Diablo,España,47
11066,2024-02-19,Amulapa,Estados Unidos,70
11067,2022-07-15,Balboa,Guatemala,18
11068,2023-06-07,Cerro Verde,Canada,71
11069,2024-04-16,Apulo,Honduras,31
11070,2022-12-09,Balboa,Nicaragua,70
11071,2021-10-31,Apulo,España,75
11072,2022-08-13,Apulo,Costa Rica,54
11073,2022-06-02,Apulo,Guatemala,56
11074,2021-11-19,Puerta del Diablo,Nicaragua,53
11075,2024-12-20,Balboa,Honduras,58
11076,2021-05-06,Balboa,Estados Unidos,34
11077,2023-08-30,Cerro Verde,Nicaragua,54
11078,2024-12-03,Balboa,Mexico,73
11079,2021-09-09,Amulapa,Honduras,47
11080,2021-12-13,Sunset Park,Costa Rica,39
11081,2023-01-09,Cerro Verde,Canada,25
11082,2021-06-26,Cerro Verde,Honduras,44
11083,2024-04-01,Cerro Verde,Guatemala,72
11084,2021-05-15,Cerro Verde,Guatemala,30
11085,2024-02-05,Cerro Verde,Mexico,48
11086,2022-10-13,Amulapa,España,63
11087,2024-02-03,Amulapa,Honduras,66
11088,2024-03-04,Balboa,Guatemala,11
11089,2023-08-21,Balboa,Nicaragua,45
11090,2022-04-16,Puerta del Diablo,Estados Unidos,6
11091,2024-05-28,Balboa,Honduras,59
11092,2022-09-20,Puerta del Diablo,Mexico,64
11093,2023-02-11,Puerta del Diablo,Costa Rica,10
11094,2022-05-19,Sunset Park,Nicaragua,74
11095,2023-12-11,Cerro Verde,Honduras,67
11096,2021-10-26,Sunset Park,Estados Unidos,62
11097,2023-12-05,Cerro Verde,Guatemala,34
11098,2023-12-03,Puerta del Diablo,Costa Rica,79
11099,2022-10-10,Puerta del Diablo,Mexico,64
11100,2024-04-16,Balboa,Estados Unidos,66
11101,2024-01-29,Apulo,España,10
11102,2022-03-20,Cerro Verde,Guatemala,76
11103,2024-08-04,Apulo,Estados Unidos,20
11104,2021-02-06,Puerta del Diablo,España,11
11105,2022-05-13,Cerro Verde,Canada,53
11106,2021-12-22,Puerta del Diablo,Honduras,12
11107,2022-01-14,Balboa,Guatemala,13
11108,2021-06-15,Puerta del Diablo,Guatemala,57
11109,2022-09-02,Apulo,Nicaragua,72
11110,2022-04-23,Apulo,Estados Unidos,27
11111,2023-07-12,Balboa,Costa Rica,43
11112,2022-03-11,Balboa,Mexico,63
11113,2021-07-10,Puerta del Diablo,Guatemala,47
11114,2023-05-16,Puerta del Diablo,Guatemala,13
11115,2021-12-01,Apulo,Costa Rica,27
11116,2023-08-07,Balboa,Estados Unidos,62
11117,2021-01-07,Apulo,Nicaragua,78
11118,2024-06-10,Amulapa,Honduras,46
11119,2024-04-13,Balboa,Mexico,46
11120,2023-09-22,Sunset Park,Costa Rica,23
11121,2023-10-29,Sunset Park,Guatemala,49
11122,2021-03-28,Sunset Park,España,14
11123,2024-12-09,Amulapa,Guatemala,68
11124,2022-10-28,Balboa,Nicaragua,38
11125,2024-09-21,Cerro Verde,Mexico,5
11126,2024-08-15,Sunset Park,Estados Unidos,47
11127,2021-02-19,Amulapa,Guatemala,54
11128,2021-07-02,Apulo,Estados Unidos,49
11129,2024-03-18,Sunset Park,Nicaragua,55
11130,2021-11-06,Apulo,Costa Rica,13
11131,2021-02-20,Puerta del Diablo,España,15
11132,2023-02-12,Amulapa,Guatemala,57
11133,2024-08-24,Balboa,Honduras,41
11134,2021-09-14,Puerta del Diablo,Costa Rica,15
11135,2024-07-13,Puerta del Diablo,Guatemala,33
11136,2021-07-25,Sunset Park,España,51
11137,2021-06-17,Apulo,Canada,14
11138,2024-10-17,Amulapa,Canada,48
11139,2021-07-17,Amulapa,Honduras,6
11140,2023-06-08,Sunset Park,España,11
11141,2021-04-16,Amulapa,Estados Unidos,64
11142,2021-03-07,Balboa,España,59
11143,2023-07-02,Apulo,Costa Rica,68
11144,2023-05-07,Amulapa,Estados Unidos,8
11145,2024-08-01,Cerro Verde,Honduras,44
11146,2023-04-23,Apulo,Estados Unidos,74
11147,2023-04-05,Sunset Park,Mexico,58
11148,2024-10-27,Puerta del Diablo,Canada,32
11149,2023-02-16,Amulapa,Canada,6
11150,2021-05-01,Puerta del Diablo,Guatemala,47
11151,2022-11-05,Amulapa,Nicaragua,23
11152,2023-09-21,Cerro Verde,Mexico,50
11153,2024-06-10,Cerro Verde,Mexico,20
11154,2022-02-23,Amulapa,España,37
11155,2022-08-30,Balboa,Canada,32
11156,2022-08-22,Cerro Verde,Nicaragua,35
11157,2023-07-23,Balboa,Costa Rica,65
11158,2023-12-15,Amulapa,Estados Unidos,46
11159,2022-12-06,Balboa,Estados Unidos,75
11160,2021-11-08,Balboa,Nicaragua,32
11161,2022-11-18,Amulapa,Canada,31
11162,2023-12-17,Apulo,Mexico,30
11163,2021-06-12,Apulo,Guatemala,62
11164,2023-12-20,Puerta del Diablo,Canada,65
11165,2021-05-11,Sunset Park,Mexico,14
11166,2024-05-04,Apulo,Costa Rica,30
11167,2024-08-17,Apulo,Guatemala,75
11168,2022-08-02,Sunset Park,España,76
11169,2023-08-21,Puerta del Diablo,Guatemala,41
11170,2024-11-25,Balboa,España,8
11171,2023-11-28,Sunset Park,Estados Unidos,77
11172,2023-03-26,Amulapa,Guatemala,61
11173,2023-08-19,Amulapa,Honduras,26
11174,2022-10-03,Puerta del Diablo,Honduras,49
11175,2021-01-11,Apulo,Mexico,60
11176,2022-07-28,Balboa,Mexico,15
11177,2022-10-07,Balboa,Honduras,23
11178,2023-03-19,Puerta del Diablo,Mexico,22
11179,2021-10-16,Apulo,Estados Unidos,16
11180,2023-07-23,Sunset Park,Canada,27
11181,2023-06-14,Balboa,Honduras,64
11182,2024-10-13,Cerro Verde,España,44
11183,2023-09-06,Balboa,Costa Rica,64
11184,2023-11-20,Cerro Verde,Costa Rica,48
11185,2021-09-10,Balboa,Nicaragua,58
11186,2022-02-21,Amulapa,Costa Rica,58
11187,2024-02-25,Puerta del Diablo,Estados Unidos,71
11188,2022-05-01,Amulapa,Mexico,55
11189,2021-12-07,Apulo,Honduras,22
11190,2022-03-28,Sunset Park,Mexico,10
11191,2023-10-16,Sunset Park,España,55
11192,2023-10-20,Amulapa,España,78
11193,2023-10-10,Puerta del Diablo,Mexico,78
11194,2023-07-07,Apulo,Mexico,41
11195,2023-09-09,Sunset Park,Mexico,12
11196,2023-03-02,Puerta del Diablo,Nicaragua,75
11197,2023-07-07,Balboa,Guatemala,54
11198,2023-08-15,Amulapa,España,65
11199,2021-02-05,Puerta del Diablo,Estados Unidos,51
11200,2023-02-03,Cerro Verde,Nicaragua,24
11201,2021-05-09,Balboa,España,75
11202,2024-09-17,Amulapa,Mexico,5
11203,2023-09-19,Apulo,España,28
11204,2024-09-08,Apulo,Costa Rica,58
11205,2023-09-06,Balboa,Canada,57
11206,2022-08-28,Puerta del Diablo,Canada,57
11207,2021-12-03,Cerro Verde,Honduras,77
11208,2022-03-11,Apulo,Mexico,78
11209,2021-10-05,Sunset Park,España,68
11210,2022-10-10,Puerta del Diablo,Honduras,71
11211,2023-07-28,Sunset Park,Estados Unidos,46
11212,2023-01-14,Apulo,Guatemala,49
11213,2021-07-03,Apulo,Mexico,12
11214,2022-02-09,Apulo,España,51
11215,2022-10-09,Puerta del Diablo,Guatemala,25
11216,2023-12-24,Cerro Verde,Canada,59
11217,2024-06-05,Balboa,Estados Unidos,63
11218,2022-05-13,Puerta del Diablo,Nicaragua,50
11219,2024-11-22,Cerro Verde,Mexico,15
11220,2024-11-24,Sunset Park,Canada,41
11221,2024-03-12,Amulapa,Nicaragua,62
11222,2023-02-12,Puerta del Diablo,España,58
11223,2023-06-20,Cerro Verde,España,24
11224,2023-03-24,Apulo,España,23
11225,2024-10-11,Cerro Verde,Estados Unidos,72
11226,2023-09-14,Amulapa,Nicaragua,7
11227,2023-10-16,Cerro Verde,Canada,53
11228,2022-05-14,Apulo,Nicaragua,60
11229,2024-11-22,Amulapa,Honduras,17
11230,2021-04-20,Balboa,Honduras,75
11231,2021-11-17,Balboa,Costa Rica,11
11232,2022-04-19,Cerro Verde,Canada,67
11233,2022-11-15,Sunset Park,España,68
11234,2024-06-14,Amulapa,Costa Rica,66
11235,2024-08-08,Cerro Verde,Honduras,6
11236,2021-10-01,Sunset Park,España,56
11237,2024-05-23,Apulo,Costa Rica,51
11238,2024-09-13,Balboa,Costa Rica,48
11239,2024-04-16,Apulo,Mexico,59
11240,2021-04-03,Balboa,Canada,25
11241,2021-02-13,Amulapa,Estados Unidos,52
11242,2022-11-29,Balboa,Honduras,76
11243,2021-12-06,Puerta del Diablo,España,53
11244,2024-05-17,Puerta del Diablo,Canada,18
11245,2023-03-23,Puerta del Diablo,Estados Unidos,72
11246,2022-05-28,Apulo,España,8
11247,2023-04-19,Cerro Verde,Costa Rica,28
11248,2024-01-07,Puerta del Diablo,Costa Rica,24
11249,2024-07-05,Sunset Park,Canada,58
11250,2021-09-21,Apulo,Estados Unidos,38
11251,2022-05-23,Amulapa,Estados Unidos,27
11252,2023-01-02,Apulo,Estados Unidos,76
11253,2021-05-18,Puerta del Diablo,Honduras,72
11254,2021-09-22,Balboa,Nicaragua,41
11255,2024-07-10,Puerta del Diablo,Estados Unidos,23
11256,2024-04-01,Amulapa,Mexico,34
11257,2024-04-02,Puerta del Diablo,Mexico,29
11258,2022-04-03,Cerro Verde,Mexico,49
11259,2021-09-15,Cerro Verde,Guatemala,12
11260,2023-11-13,Balboa,Nicaragua,22
11261,2023-01-16,Cerro Verde,España,17
11262,2024-09-25,Cerro Verde,España,64
11263,2022-04-16,Apulo,Estados Unidos,22
11264,2021-08-02,Amulapa,Estados Unidos,30
11265,2023-05-03,Cerro Verde,Honduras,19
11266,2024-10-25,Puerta del Diablo,Costa Rica,50
11267,2024-07-29,Sunset Park,Costa Rica,55
11268,2023-10-20,Puerta del Diablo,Canada,57
11269,2023-10-02,Cerro Verde,Nicaragua,47
11270,2021-12-18,Puerta del Diablo,Nicaragua,12
11271,2024-07-26,Puerta del Diablo,Mexico,30
11272,2022-08-13,Puerta del Diablo,España,16
11273,2022-09-29,Cerro Verde,España,52
11274,2024-08-02,Apulo,Estados Unidos,10
11275,2024-09-04,Apulo,Nicaragua,67
11276,2023-03-10,Sunset Park,España,13
11277,2021-07-30,Sunset Park,Nicaragua,13
11278,2024-12-20,Cerro Verde,Mexico,51
11279,2024-02-20,Apulo,Canada,39
11280,2024-10-29,Amulapa,España,65
11281,2022-08-23,Balboa,Costa Rica,42
11282,2023-05-18,Sunset Park,Canada,34
11283,2022-07-21,Apulo,Canada,25
11284,2023-03-26,Apulo,Estados Unidos,24
11285,2021-04-06,Apulo,Canada,27
11286,2024-02-27,Puerta del Diablo,Costa Rica,28
11287,2021-11-08,Sunset Park,Mexico,79
11288,2021-09-24,Cerro Verde,Mexico,14
11289,2022-08-27,Cerro Verde,Mexico,41
11290,2021-01-25,Cerro Verde,Mexico,18
11291,2022-03-03,Puerta del Diablo,Estados Unidos,68
11292,2022-01-15,Apulo,Honduras,58
11293,2024-06-14,Apulo,Canada,19
11294,2022-02-14,Balboa,Mexico,70
11295,2023-07-11,Puerta del Diablo,Estados Unidos,11
11296,2022-05-04,Sunset Park,España,60
11297,2024-02-12,Sunset Park,España,28
11298,2022-03-28,Sunset Park,Estados Unidos,6
11299,2021-07-06,Amulapa,Nicaragua,29
11300,2023-07-28,Apulo,Nicaragua,45
11301,2024-06-15,Amulapa,Canada,28
11302,2024-04-17,Puerta del Diablo,Honduras,23
11303,2023-07-28,Sunset Park,Canada,31
11304,2023-11-04,Amulapa,Guatemala,50
11305,2021-05-16,Apulo,España,6
11306,2022-07-08,Cerro Verde,España,36
11307,2022-04-16,Apulo,Estados Unidos,25
11308,2024-08-14,Cerro Verde,Honduras,7
11309,2022-11-06,Puerta del Diablo,España,47
11310,2022-07-18,Balboa,Nicaragua,19
11311,2023-03-24,Balboa,España,25
11312,2022-01-06,Sunset Park,Canada,12
11313,2022-12-23,Amulapa,Honduras,79
11314,2021-09-15,Amulapa,Estados Unidos,46
11315,2022-08-12,Cerro Verde,Canada,7
11316,2022-09-08,Cerro Verde,Costa Rica,16
11317,2024-12-26,Sunset Park,España,26
11318,2021-07-12,Puerta del Diablo,Honduras,33
11319,2021-05-17,Balboa,Nicaragua,71
11320,2021-02-17,Amulapa,Canada,34
11321,2023-10-06,Balboa,Nicaragua,16
11322,2021-07-18,Sunset Park,Costa Rica,42
11323,2021-02-19,Puerta del Diablo,Mexico,40
11324,2024-05-03,Balboa,España,35
11325,2023-10-04,Amulapa,Honduras,55
11326,2023-04-17,Amulapa,Guatemala,38
11327,2023-03-04,Cerro Verde,Guatemala,43
11328,2022-11-04,Balboa,España,18
11329,2023-02-01,Sunset Park,Nicaragua,7
11330,2022-10-14,Balboa,Costa Rica,69
11331,2023-07-03,Sunset Park,Honduras,57
11332,2022-01-03,Apulo,Canada,77
11333,2022-03-24,Amulapa,Estados Unidos,8
11334,2022-08-29,Amulapa,Guatemala,72
11335,2023-11-09,Puerta del Diablo,Guatemala,32
11336,2022-04-27,Balboa,Mexico,9
11337,2022-01-19,Apulo,Guatemala,71
11338,2022-02-16,Sunset Park,Costa Rica,41
11339,2024-12-02,Amulapa,Canada,66
11340,2023-01-15,Balboa,Mexico,14
11341,2021-11-16,Balboa,Costa Rica,70
11342,2021-06-26,Apulo,Honduras,64
11343,2022-08-24,Balboa,España,23
11344,2021-11-11,Apulo,Costa Rica,24
11345,2024-01-01,Apulo,Nicaragua,69
11346,2022-06-25,Puerta del Diablo,Nicaragua,25
11347,2023-01-13,Puerta del Diablo,Honduras,27
11348,2024-05-20,Sunset Park,España,19
11349,2024-07-05,Cerro Verde,España,69
11350,2024-09-01,Puerta del Diablo,Costa Rica,20
11351,2021-10-06,Amulapa,Nicaragua,24
11352,2024-08-24,Puerta del Diablo,España,22
11353,2023-10-11,Apulo,Canada,8
11354,2023-07-05,Apulo,Nicaragua,69
11355,2024-08-06,Apulo,Honduras,79
11356,2021-06-09,Cerro Verde,España,29
11357,2021-08-25,Puerta del Diablo,Estados Unidos,7
11358,2022-01-16,Balboa,Guatemala,5
11359,2024-10-29,Puerta del Diablo,Mexico,8
11360,2023-06-08,Sunset Park,Nicaragua,33
11361,2024-07-31,Amulapa,España,79
11362,2022-09-21,Cerro Verde,Honduras,47
11363,2021-06-08,Sunset Park,Estados Unidos,75
11364,2022-10-10,Apulo,Estados Unidos,50
11365,2023-06-27,Amulapa,Guatemala,75
11366,2023-01-08,Balboa,Costa Rica,13
11367,2022-08-06,Cerro Verde,Honduras,29
11368,2024-10-25,Amulapa,Canada,26
11369,2024-10-10,Cerro Verde,Nicaragua,23
11370,2022-11-27,Amulapa,Mexico,46
11371,2024-03-27,Amulapa,España,14
11372,2022-09-04,Balboa,Costa Rica,20
11373,2023-06-30,Amulapa,Canada,37
11374,2023-07-01,Sunset Park,Costa Rica,10
11375,2022-12-17,Puerta del Diablo,Honduras,77
11376,2021-09-03,Sunset Park,Canada,20
11377,2022-03-06,Balboa,Canada,15
11378,2021-05-08,Puerta del Diablo,Costa Rica,36
11379,2021-05-02,Cerro Verde,Mexico,32
11380,2024-02-08,Amulapa,Honduras,63
11381,2024-01-10,Balboa,España,60
11382,2024-04-04,Sunset Park,Guatemala,28
11383,2021-03-03,Balboa,Guatemala,62
11384,2022-11-13,Cerro Verde,Nicaragua,6
11385,2024-10-07,Amulapa,Mexico,46
11386,2021-03-20,Apulo,Costa Rica,56
11387,2021-01-25,Amulapa,España,54
11388,2023-01-10,Cerro Verde,Nicaragua,51
11389,2024-09-28,Cerro Verde,Honduras,56
11390,2022-04-27,Apulo,Estados Unidos,59
11391,2022-12-17,Balboa,Honduras,53
11392,2022-11-03,Apulo,Nicaragua,19
11393,2022-03-23,Cerro Verde,Guatemala,59
11394,2021-01-24,Amulapa,Nicaragua,78
11395,2021-10-06,Amulapa,Guatemala,21
11396,2024-12-17,Puerta del Diablo,Honduras,26
11397,2021-08-14,Puerta del Diablo,Estados Unidos,24
11398,2023-04-08,Sunset Park,Nicaragua,62
11399,2024-03-10,Sunset Park,Nicaragua,59
11400,2021-02-01,Cerro Verde,Costa Rica,23
11401,2024-05-11,Amulapa,Costa Rica,16
11402,2023-05-30,Balboa,Costa Rica,38
11403,2023-04-10,Apulo,Nicaragua,59
11404,2024-08-04,Balboa,Honduras,48
11405,2024-01-12,Balboa,Costa Rica,45
11406,2023-10-13,Apulo,Costa Rica,28
11407,2021-04-12,Puerta del Diablo,Costa Rica,40
11408,2022-09-09,Puerta del Diablo,Canada,24
11409,2024-08-15,Amulapa,Canada,29
11410,2023-03-14,Apulo,Canada,73
11411,2024-09-14,Apulo,España,57
11412,2023-10-21,Amulapa,Nicaragua,41
11413,2021-10-30,Puerta del Diablo,Guatemala,19
11414,2023-05-19,Amulapa,Honduras,25
11415,2021-05-03,Balboa,España,69
11416,2023-06-24,Apulo,España,41
11417,2021-12-01,Puerta del Diablo,Costa Rica,34
11418,2024-03-30,Apulo,Guatemala,64
11419,2021-10-16,Balboa,Estados Unidos,72
11420,2022-05-23,Puerta del Diablo,Costa Rica,40
11421,2024-08-27,Apulo,Estados Unidos,49
11422,2022-02-15,Apulo,Honduras,7
11423,2022-09-14,Cerro Verde,Guatemala,21
11424,2022-09-01,Cerro Verde,Estados Unidos,38
11425,2021-12-10,Balboa,Estados Unidos,16
11426,2022-10-08,Amulapa,Nicaragua,73
11427,2023-08-19,Balboa,Estados Unidos,22
11428,2023-10-21,Apulo,España,9
11429,2021-03-28,Puerta del Diablo,Nicaragua,15
11430,2024-11-16,Balboa,Mexico,75
11431,2022-03-24,Apulo,Nicaragua,9
11432,2023-07-14,Apulo,Mexico,74
11433,2022-06-14,Amulapa,España,38
11434,2024-12-12,Balboa,Costa Rica,15
11435,2023-10-05,Puerta del Diablo,Canada,42
11436,2021-07-19,Balboa,Nicaragua,21
11437,2022-07-23,Balboa,Canada,6
11438,2021-09-23,Amulapa,Estados Unidos,51
11439,2022-07-01,Apulo,Honduras,17
11440,2024-06-27,Balboa,Estados Unidos,44
11441,2024-01-17,Sunset Park,Nicaragua,53
11442,2023-06-23,Balboa,Canada,75
11443,2024-11-19,Amulapa,España,21
11444,2022-01-24,Apulo,Nicaragua,22
11445,2021-10-07,Balboa,Guatemala,18
11446,2021-10-19,Cerro Verde,Mexico,48
11447,2024-06-07,Apulo,España,70
11448,2021-06-07,Cerro Verde,Mexico,16
11449,2021-04-27,Cerro Verde,Guatemala,66
11450,2024-05-11,Puerta del Diablo,Honduras,16
11451,2023-07-23,Balboa,Mexico,65
11452,2022-11-10,Balboa,Canada,24
11453,2023-04-15,Balboa,Estados Unidos,43
11454,2022-09-08,Cerro Verde,Costa Rica,25
11455,2023-01-15,Sunset Park,Honduras,60
11456,2022-02-02,Amulapa,Mexico,19
11457,2024-01-19,Amulapa,Guatemala,21
11458,2024-08-31,Sunset Park,Honduras,77
11459,2024-09-15,Amulapa,Mexico,41
11460,2021-11-20,Sunset Park,Estados Unidos,9
11461,2022-12-18,Puerta del Diablo,Guatemala,55
11462,2024-12-09,Puerta del Diablo,Mexico,71
11463,2024-12-19,Cerro Verde,España,13
11464,2023-11-24,Apulo,Estados Unidos,15
11465,2024-01-18,Amulapa,Canada,39
11466,2021-07-13,Cerro Verde,Honduras,51
11467,2024-09-23,Apulo,Canada,20
11468,2023-04-30,Sunset Park,Nicaragua,70
11469,2023-05-24,Apulo,Honduras,10
11470,2022-04-16,Apulo,España,25
11471,2023-05-03,Amulapa,Costa Rica,6
11472,2021-09-14,Apulo,Nicaragua,54
11473,2022-09-30,Amulapa,Honduras,30
11474,2023-01-30,Balboa,Estados Unidos,48
11475,2021-10-12,Cerro Verde,Guatemala,37
11476,2024-04-29,Amulapa,Nicaragua,17
11477,2024-10-30,Puerta del Diablo,Honduras,8
11478,2022-07-02,Balboa,Honduras,45
11479,2022-04-06,Sunset Park,Costa Rica,54
11480,2023-06-18,Balboa,Canada,5
11481,2021-09-08,Cerro Verde,Honduras,56
11482,2022-04-18,Puerta del Diablo,Guatemala,43
11483,2023-07-21,Amulapa,Canada,75
11484,2021-10-28,Amulapa,Honduras,69
11485,2023-01-27,Amulapa,Mexico,36
11486,2024-03-31,Apulo,Costa Rica,35
11487,2021-01-22,Amulapa,Mexico,62
11488,2024-09-06,Sunset Park,Nicaragua,44
11489,2023-04-10,Sunset Park,España,70
11490,2021-05-03,Amulapa,Honduras,79
11491,2022-07-18,Apulo,Canada,24
11492,2022-06-22,Puerta del Diablo,Nicaragua,56
11493,2024-01-14,Puerta del Diablo,Canada,29
11494,2023-10-27,Cerro Verde,Costa Rica,36
11495,2021-07-05,Amulapa,Costa Rica,77
11496,2022-11-07,Sunset Park,Nicaragua,57
11497,2022-10-23,Cerro Verde,Guatemala,63
11498,2024-04-21,Apulo,Nicaragua,48
11499,2023-03-22,Amulapa,Honduras,36
11500,2021-09-27,Sunset Park,Honduras,6
11501,2023-03-04,Apulo,Costa Rica,6
11502,2021-08-27,Apulo,Estados Unidos,24
11503,2024-12-17,Amulapa,Costa Rica,67
11504,2023-08-21,Balboa,Nicaragua,61
11505,2024-06-08,Sunset Park,Guatemala,21
11506,2023-04-22,Puerta del Diablo,Honduras,67
11507,2022-08-05,Balboa,Nicaragua,41
11508,2022-11-24,Balboa,Honduras,16
11509,2022-10-14,Balboa,Canada,75
11510,2023-08-14,Amulapa,Honduras,73
11511,2022-07-31,Cerro Verde,España,57
11512,2023-08-17,Sunset Park,Guatemala,63
11513,2024-08-03,Cerro Verde,Costa Rica,65
11514,2021-08-02,Puerta del Diablo,España,36
11515,2023-09-21,Puerta del Diablo,Estados Unidos,25
11516,2021-06-24,Sunset Park,Canada,41
11517,2022-07-18,Sunset Park,Costa Rica,47
11518,2021-06-20,Balboa,Mexico,15
11519,2021-01-29,Sunset Park,Guatemala,56
11520,2024-11-30,Sunset Park,Guatemala,38
11521,2023-07-23,Balboa,Honduras,60
11522,2021-11-14,Puerta del Diablo,Estados Unidos,24
11523,2023-06-09,Sunset Park,Estados Unidos,8
11524,2024-05-16,Cerro Verde,Mexico,60
11525,2022-02-23,Puerta del Diablo,Estados Unidos,58
11526,2023-04-03,Puerta del Diablo,Nicaragua,23
11527,2022-04-03,Amulapa,Mexico,30
11528,2024-12-22,Apulo,Mexico,66
11529,2021-09-25,Cerro Verde,Mexico,9
11530,2024-12-11,Sunset Park,Costa Rica,45
11531,2022-07-03,Amulapa,Guatemala,42
11532,2023-05-06,Cerro Verde,Canada,75
11533,2024-08-30,Balboa,Canada,28
11534,2024-04-13,Amulapa,España,37
11535,2023-04-14,Sunset Park,Costa Rica,55
11536,2024-06-24,Puerta del Diablo,Mexico,49
11537,2022-04-11,Puerta del Diablo,Estados Unidos,65
11538,2023-02-27,Sunset Park,Nicaragua,26
11539,2022-05-04,Cerro Verde,Estados Unidos,33
11540,2023-09-05,Sunset Park,Canada,58
11541,2022-05-12,Sunset Park,Guatemala,34
11542,2024-07-28,Sunset Park,Costa Rica,40
11543,2022-04-04,Amulapa,Mexico,55
11544,2022-04-29,Puerta del Diablo,Estados Unidos,60
11545,2023-10-29,Apulo,Mexico,50
11546,2022-08-27,Cerro Verde,Guatemala,16
11547,2023-08-17,Sunset Park,Nicaragua,24
11548,2021-03-02,Apulo,España,30
11549,2023-04-23,Cerro Verde,Guatemala,54
11550,2022-12-25,Cerro Verde,Estados Unidos,29
11551,2024-05-30,Sunset Park,Guatemala,26
11552,2024-03-25,Cerro Verde,Estados Unidos,40
11553,2023-06-03,Apulo,Honduras,78
11554,2023-01-06,Balboa,Canada,12
11555,2021-02-25,Sunset Park,Estados Unidos,78
11556,2022-04-09,Sunset Park,Canada,28
11557,2022-10-07,Cerro Verde,Mexico,32
11558,2023-06-19,Balboa,España,35
11559,2021-03-05,Apulo,Costa Rica,41
11560,2024-11-22,Puerta del Diablo,Honduras,79
11561,2024-07-04,Balboa,Nicaragua,46
11562,2024-01-02,Cerro Verde,Mexico,32
11563,2021-01-31,Apulo,Estados Unidos,41
11564,2022-09-30,Cerro Verde,Honduras,69
11565,2023-06-27,Sunset Park,España,40
11566,2021-05-16,Cerro Verde,Mexico,16
11567,2021-05-31,Sunset Park,Nicaragua,31
11568,2023-08-19,Puerta del Diablo,Guatemala,15
11569,2022-03-25,Cerro Verde,Costa Rica,57
11570,2021-11-30,Amulapa,España,22
11571,2022-11-29,Apulo,España,58
11572,2023-01-13,Cerro Verde,Estados Unidos,63
11573,2023-01-11,Sunset Park,Honduras,70
11574,2023-01-18,Amulapa,Guatemala,53
11575,2021-08-08,Amulapa,Guatemala,67
11576,2024-02-16,Amulapa,Honduras,49
11577,2023-12-22,Amulapa,Costa Rica,76
11578,2024-10-08,Apulo,Honduras,41
11579,2023-10-24,Puerta del Diablo,Costa Rica,17
11580,2022-03-24,Apulo,España,50
11581,2022-05-13,Cerro Verde,Costa Rica,72
11582,2023-05-17,Apulo,Nicaragua,74
11583,2024-09-03,Sunset Park,Honduras,35
11584,2021-01-14,Balboa,Honduras,12
11585,2021-09-07,Amulapa,Guatemala,24
11586,2024-11-08,Balboa,Estados Unidos,54
11587,2024-04-07,Puerta del Diablo,Costa Rica,28
11588,2023-06-04,Puerta del Diablo,Guatemala,34
11589,2024-06-28,Apulo,Guatemala,14
11590,2024-02-17,Puerta del Diablo,Costa Rica,75
11591,2023-02-11,Cerro Verde,Guatemala,42
11592,2024-06-30,Apulo,Guatemala,49
11593,2022-08-06,Sunset Park,Estados Unidos,43
11594,2022-06-23,Sunset Park,España,13
11595,2021-03-10,Sunset Park,España,58
11596,2024-12-18,Apulo,Estados Unidos,63
11597,2023-01-04,Amulapa,Costa Rica,19
11598,2021-10-23,Cerro Verde,Mexico,61
11599,2022-05-04,Apulo,Mexico,33
11600,2022-06-22,Cerro Verde,Mexico,15
11601,2024-05-09,Amulapa,Guatemala,74
11602,2023-08-05,Apulo,Costa Rica,30
11603,2024-08-07,Sunset Park,Canada,12
11604,2022-10-08,Cerro Verde,Canada,17
11605,2023-08-15,Amulapa,España,64
11606,2023-09-12,Apulo,Costa Rica,50
11607,2023-10-07,Puerta del Diablo,Honduras,27
11608,2023-09-30,Balboa,Canada,67
11609,2024-10-19,Cerro Verde,Costa Rica,6
11610,2023-08-28,Amulapa,Costa Rica,56
11611,2021-07-08,Sunset Park,Guatemala,6
11612,2023-02-03,Apulo,Estados Unidos,50
11613,2024-11-27,Apulo,Honduras,12
11614,2023-11-25,Cerro Verde,España,48
11615,2022-09-07,Balboa,Costa Rica,54
11616,2021-06-03,Balboa,Guatemala,61
11617,2023-10-02,Amulapa,Honduras,6
11618,2023-11-25,Sunset Park,Costa Rica,16
11619,2024-04-26,Cerro Verde,Guatemala,41
11620,2024-09-08,Sunset Park,Estados Unidos,29
11621,2022-10-07,Cerro Verde,Canada,49
11622,2022-11-16,Balboa,Canada,71
11623,2022-07-26,Sunset Park,Honduras,5
11624,2022-03-20,Cerro Verde,Nicaragua,39
11625,2023-10-10,Sunset Park,Costa Rica,55
11626,2021-06-21,Amulapa,Honduras,55
11627,2024-06-27,Puerta del Diablo,Guatemala,35
11628,2021-08-14,Sunset Park,Nicaragua,45
11629,2022-08-15,Amulapa,Canada,62
11630,2024-04-20,Cerro Verde,Estados Unidos,18
11631,2022-03-16,Puerta del Diablo,Guatemala,13
11632,2023-08-10,Balboa,Estados Unidos,26
11633,2023-07-07,Puerta del Diablo,Estados Unidos,15
11634,2023-12-07,Amulapa,Honduras,61
11635,2024-12-14,Balboa,Canada,76
11636,2021-08-30,Amulapa,Canada,37
11637,2022-08-21,Apulo,Nicaragua,28
11638,2023-11-24,Sunset Park,Canada,38
11639,2024-06-26,Apulo,Mexico,61
11640,2021-03-30,Sunset Park,Estados Unidos,60
11641,2021-08-08,Balboa,Nicaragua,56
11642,2022-06-30,Balboa,Nicaragua,74
11643,2021-12-07,Balboa,Mexico,72
11644,2022-10-29,Sunset Park,Mexico,62
11645,2024-09-06,Puerta del Diablo,Guatemala,75
11646,2021-10-12,Cerro Verde,Estados Unidos,8
11647,2024-11-21,Cerro Verde,Costa Rica,33
11648,2021-07-24,Puerta del Diablo,Canada,40
11649,2023-02-20,Balboa,Canada,51
11650,2023-12-06,Apulo,Mexico,27
11651,2022-10-07,Amulapa,Mexico,5
11652,2023-06-09,Apulo,Canada,78
11653,2022-07-19,Puerta del Diablo,Costa Rica,42
11654,2024-09-15,Puerta del Diablo,Canada,13
11655,2024-10-22,Amulapa,Honduras,18
11656,2022-06-13,Amulapa,España,9
11657,2022-10-04,Sunset Park,Estados Unidos,24
11658,2022-04-27,Amulapa,Costa Rica,48
11659,2024-12-03,Sunset Park,Guatemala,36
11660,2022-02-22,Apulo,Costa Rica,20
11661,2024-03-23,Balboa,España,31
11662,2023-06-12,Balboa,Nicaragua,25
11663,2024-08-30,Apulo,Estados Unidos,37
11664,2023-06-03,Apulo,España,29
11665,2024-11-28,Sunset Park,Mexico,46
11666,2024-01-02,Apulo,Estados Unidos,7
11667,2023-06-02,Sunset Park,Honduras,11
11668,2024-03-19,Apulo,Mexico,77
11669,2024-11-03,Balboa,Nicaragua,10
11670,2024-01-24,Puerta del Diablo,Guatemala,14
11671,2022-02-05,Amulapa,Honduras,67
11672,2023-08-17,Puerta del Diablo,Honduras,21
11673,2021-04-27,Balboa,Honduras,27
11674,2021-07-13,Balboa,Guatemala,32
11675,2022-10-18,Balboa,Mexico,8
11676,2022-03-15,Puerta del Diablo,Honduras,36
11677,2023-07-28,Sunset Park,España,60
11678,2022-04-03,Cerro Verde,Honduras,5
11679,2021-05-18,Sunset Park,Guatemala,9
11680,2023-08-07,Balboa,Estados Unidos,50
11681,2023-04-08,Puerta del Diablo,Costa Rica,5
11682,2021-03-30,Balboa,Guatemala,74
11683,2022-01-09,Cerro Verde,Canada,72
11684,2023-02-22,Puerta del Diablo,Canada,15
11685,2024-05-19,Cerro Verde,Costa Rica,64
11686,2022-03-07,Amulapa,Costa Rica,42
11687,2021-09-04,Apulo,Nicaragua,32
11688,2023-03-01,Sunset Park,Nicaragua,74
11689,2021-02-05,Puerta del Diablo,Canada,22
11690,2021-01-22,Sunset Park,Mexico,45
11691,2024-01-02,Amulapa,Costa Rica,55
11692,2023-11-01,Balboa,Canada,52
11693,2023-02-07,Apulo,Nicaragua,77
11694,2024-09-27,Cerro Verde,Honduras,30
11695,2022-06-11,Puerta del Diablo,España,9
11696,2021-10-12,Apulo,Canada,69
11697,2021-03-23,Puerta del Diablo,Guatemala,55
11698,2021-11-26,Puerta del Diablo,Nicaragua,74
11699,2024-05-19,Apulo,Honduras,74
11700,2022-09-17,Apulo,Costa Rica,75
11701,2023-08-15,Sunset Park,Mexico,65
11702,2024-09-15,Sunset Park,Guatemala,74
11703,2023-08-11,Balboa,Guatemala,14
11704,2024-10-02,Apulo,Estados Unidos,68
11705,2023-07-07,Cerro Verde,España,47
11706,2024-12-08,Cerro Verde,Costa Rica,24
11707,2022-06-21,Balboa,España,71
11708,2024-05-15,Amulapa,Mexico,17
11709,2021-11-19,Cerro Verde,España,50
11710,2023-07-19,Balboa,Canada,46
11711,2022-04-26,Amulapa,Nicaragua,25
11712,2023-12-24,Sunset Park,Mexico,55
11713,2022-10-25,Amulapa,Canada,73
11714,2021-05-18,Cerro Verde,Nicaragua,46
11715,2023-06-12,Amulapa,Honduras,49
11716,2023-09-21,Amulapa,Guatemala,67
11717,2022-11-17,Puerta del Diablo,Mexico,16
11718,2024-08-23,Cerro Verde,Canada,13
11719,2022-07-05,Cerro Verde,Honduras,77
11720,2021-11-17,Balboa,Honduras,62
11721,2024-10-14,Sunset Park,Honduras,21
11722,2021-03-19,Cerro Verde,Mexico,72
11723,2024-05-12,Sunset Park,Canada,9
11724,2022-03-03,Cerro Verde,Mexico,29
11725,2021-05-06,Amulapa,Costa Rica,62
11726,2023-02-25,Balboa,Mexico,40
11727,2022-06-30,Amulapa,España,73
11728,2024-07-12,Amulapa,Mexico,79
11729,2023-06-17,Sunset Park,Costa Rica,47
11730,2024-11-23,Balboa,Mexico,16
11731,2024-11-17,Sunset Park,Guatemala,32
11732,2021-11-12,Balboa,Costa Rica,48
11733,2022-12-02,Cerro Verde,Estados Unidos,9
11734,2021-05-29,Apulo,Mexico,32
11735,2021-03-06,Amulapa,Guatemala,48
11736,2024-10-01,Balboa,Costa Rica,46
11737,2022-05-15,Cerro Verde,Nicaragua,30
11738,2021-07-20,Amulapa,Nicaragua,50
11739,2022-07-17,Sunset Park,Guatemala,53
11740,2022-04-19,Balboa,Guatemala,18
11741,2021-11-26,Puerta del Diablo,Canada,39
11742,2023-02-22,Apulo,Nicaragua,38
11743,2024-06-19,Cerro Verde,Nicaragua,47
11744,2024-11-27,Puerta del Diablo,Mexico,44
11745,2024-03-21,Balboa,Canada,69
11746,2023-02-20,Amulapa,Costa Rica,71
11747,2021-10-27,Apulo,Costa Rica,48
11748,2024-11-15,Cerro Verde,Estados Unidos,63
11749,2021-04-02,Cerro Verde,Estados Unidos,5
11750,2023-05-18,Amulapa,España,71
11751,2024-11-20,Balboa,España,38
11752,2022-06-24,Amulapa,Honduras,42
11753,2022-06-27,Sunset Park,España,23
11754,2023-04-24,Sunset Park,Nicaragua,15
11755,2021-12-03,Puerta del Diablo,Estados Unidos,74
11756,2024-11-12,Apulo,Canada,38
11757,2023-04-06,Cerro Verde,Costa Rica,54
11758,2023-05-15,Balboa,Estados Unidos,49
11759,2021-07-05,Apulo,Mexico,25
11760,2021-08-03,Puerta del Diablo,Mexico,61
11761,2021-03-16,Cerro Verde,Costa Rica,32
11762,2021-05-08,Puerta del Diablo,Guatemala,19
11763,2021-10-24,Sunset Park,Canada,9
11764,2021-04-16,Balboa,Mexico,47
11765,2024-10-11,Sunset Park,Nicaragua,8
11766,2021-02-18,Puerta del Diablo,España,59
11767,2021-01-31,Apulo,Mexico,52
11768,2021-12-30,Sunset Park,Guatemala,45
11769,2024-09-14,Amulapa,Mexico,39
11770,2024-10-15,Sunset Park,Costa Rica,55
11771,2022-12-25,Apulo,Canada,74
11772,2022-09-29,Puerta del Diablo,Nicaragua,17
11773,2024-08-08,Puerta del Diablo,Canada,38
11774,2021-11-17,Cerro Verde,Costa Rica,10
11775,2021-10-26,Apulo,Costa Rica,43
11776,2024-06-04,Puerta del Diablo,Mexico,66
11777,2021-11-27,Amulapa,Mexico,73
11778,2023-06-11,Apulo,Honduras,9
11779,2021-10-31,Balboa,Mexico,30
11780,2023-08-24,Cerro Verde,Canada,31
11781,2021-08-01,Apulo,Costa Rica,52
11782,2022-09-18,Sunset Park,Honduras,75
11783,2022-08-19,Balboa,Nicaragua,24
11784,2024-09-24,Puerta del Diablo,Guatemala,64
11785,2023-09-13,Cerro Verde,Guatemala,40
11786,2024-09-02,Puerta del Diablo,Estados Unidos,28
11787,2023-06-29,Apulo,España,34
11788,2024-12-02,Sunset Park,Honduras,50
11789,2024-09-08,Amulapa,Canada,74
11790,2023-05-10,Apulo,Costa Rica,39
11791,2023-04-13,Apulo,España,75
11792,2024-10-06,Cerro Verde,Estados Unidos,60
11793,2022-08-10,Sunset Park,Canada,58
11794,2024-01-29,Sunset Park,Honduras,9
11795,2022-02-18,Balboa,Costa Rica,35
11796,2022-02-26,Puerta del Diablo,Costa Rica,12
11797,2024-01-16,Balboa,Nicaragua,24
11798,2024-04-20,Sunset Park,Mexico,15
11799,2024-10-10,Apulo,Costa Rica,33
11800,2021-08-25,Balboa,Honduras,32
11801,2021-11-24,Puerta del Diablo,Honduras,22
11802,2021-04-30,Apulo,Honduras,60
11803,2023-01-01,Sunset Park,Estados Unidos,52
11804,2022-04-20,Sunset Park,Guatemala,23
11805,2024-07-12,Cerro Verde,Guatemala,49
11806,2023-10-16,Sunset Park,Guatemala,69
11807,2023-06-21,Amulapa,Nicaragua,40
11808,2021-05-10,Puerta del Diablo,Costa Rica,72
11809,2021-05-17,Puerta del Diablo,Costa Rica,20
11810,2023-12-09,Amulapa,Honduras,28
11811,2023-01-18,Balboa,Guatemala,53
11812,2023-08-29,Puerta del Diablo,Honduras,37
11813,2021-12-21,Apulo,Canada,71
11814,2023-02-17,Apulo,Mexico,22
11815,2021-06-30,Cerro Verde,Guatemala,60
11816,2021-05-28,Apulo,España,18
11817,2021-04-01,Balboa,Guatemala,53
11818,2023-12-09,Amulapa,Canada,65
11819,2024-01-22,Balboa,Costa Rica,12
11820,2024-01-13,Puerta del Diablo,Guatemala,14
11821,2023-01-21,Sunset Park,Canada,14
11822,2021-03-18,Apulo,Honduras,50
11823,2021-02-24,Balboa,Mexico,55
11824,2022-02-07,Apulo,Nicaragua,18
11825,2024-11-08,Amulapa,Canada,72
11826,2024-06-22,Amulapa,Nicaragua,34
11827,2022-01-11,Apulo,Canada,28
11828,2021-08-21,Puerta del Diablo,Honduras,6
11829,2022-09-01,Puerta del Diablo,España,22
11830,2023-03-28,Balboa,Estados Unidos,20
11831,2021-08-16,Balboa,Guatemala,14
11832,2024-09-08,Sunset Park,Canada,52
11833,2021-05-11,Puerta del Diablo,Guatemala,72
11834,2022-10-03,Balboa,Mexico,69
11835,2022-10-29,Cerro Verde,Honduras,33
11836,2021-09-10,Puerta del Diablo,Guatemala,58
11837,2021-04-13,Puerta del Diablo,Guatemala,9
11838,2024-08-23,Balboa,Honduras,23
11839,2024-05-26,Balboa,Estados Unidos,55
11840,2024-06-17,Apulo,Mexico,26
11841,2024-06-13,Amulapa,Honduras,12
11842,2022-01-18,Balboa,Guatemala,40
11843,2024-12-09,Amulapa,Guatemala,67
11844,2022-02-16,Amulapa,Estados Unidos,23
11845,2022-04-29,Puerta del Diablo,Estados Unidos,52
11846,2021-01-16,Balboa,España,63
11847,2023-01-19,Cerro Verde,Canada,33
11848,2023-11-22,Puerta del Diablo,Costa Rica,63
11849,2021-03-06,Cerro Verde,Mexico,37
11850,2021-12-19,Amulapa,Estados Unidos,62
11851,2023-11-14,Sunset Park,Honduras,65
11852,2022-09-05,Apulo,Estados Unidos,54
11853,2022-03-26,Balboa,Canada,42
11854,2021-08-29,Amulapa,Mexico,50
11855,2021-12-16,Cerro Verde,Nicaragua,7
11856,2024-06-13,Balboa,Nicaragua,26
11857,2021-02-04,Sunset Park,Estados Unidos,21
11858,2021-04-27,Puerta del Diablo,Canada,67
11859,2023-10-23,Puerta del Diablo,Honduras,12
11860,2023-09-29,Sunset Park,España,70
11861,2022-04-17,Apulo,Canada,79
11862,2024-09-24,Balboa,Estados Unidos,73
11863,2023-02-05,Cerro Verde,España,74
11864,2022-06-23,Apulo,Costa Rica,30
11865,2024-03-09,Puerta del Diablo,Guatemala,35
11866,2022-11-10,Amulapa,Canada,54
11867,2023-08-15,Cerro Verde,Estados Unidos,64
11868,2022-07-17,Sunset Park,Canada,33
11869,2022-11-26,Apulo,Canada,61
11870,2021-02-15,Balboa,Costa Rica,5
11871,2021-01-14,Cerro Verde,Mexico,11
11872,2023-01-25,Cerro Verde,España,34
11873,2023-05-12,Puerta del Diablo,Costa Rica,55
11874,2021-03-31,Amulapa,España,54
11875,2024-07-10,Sunset Park,España,9
11876,2022-11-14,Amulapa,Guatemala,66
11877,2023-04-13,Amulapa,Mexico,12
11878,2022-02-09,Puerta del Diablo,España,34
11879,2021-08-06,Balboa,Canada,43
11880,2024-06-26,Apulo,Mexico,60
11881,2023-07-28,Sunset Park,Guatemala,15
11882,2024-10-10,Amulapa,Mexico,28
11883,2021-11-13,Apulo,Estados Unidos,70
11884,2024-08-24,Balboa,Canada,65
11885,2021-02-07,Cerro Verde,Canada,45
11886,2021-10-06,Amulapa,Nicaragua,41
11887,2024-12-14,Sunset Park,Estados Unidos,44
11888,2022-04-04,Sunset Park,Estados Unidos,27
11889,2023-03-29,Sunset Park,Nicaragua,53
11890,2022-06-08,Sunset Park,Mexico,6
11891,2021-10-13,Amulapa,Estados Unidos,26
11892,2021-03-08,Sunset Park,Costa Rica,72
11893,2024-05-23,Sunset Park,Honduras,11
11894,2021-02-15,Puerta del Diablo,España,38
11895,2024-05-10,Cerro Verde,Canada,58
11896,2023-03-05,Puerta del Diablo,Canada,9
11897,2023-11-19,Cerro Verde,Canada,34
11898,2022-03-15,Amulapa,España,68
11899,2021-09-04,Apulo,Nicaragua,54
11900,2022-12-06,Cerro Verde,Mexico,27
11901,2022-08-07,Puerta del Diablo,Nicaragua,69
11902,2022-09-08,Amulapa,Mexico,66
11903,2021-05-08,Amulapa,Nicaragua,62
11904,2022-12-03,Amulapa,Guatemala,40
11905,2024-02-26,Balboa,Costa Rica,46
11906,2023-04-24,Puerta del Diablo,Nicaragua,75
11907,2023-06-06,Balboa,Nicaragua,25
11908,2021-02-21,Balboa,Honduras,22
11909,2024-09-10,Apulo,Nicaragua,75
11910,2023-10-10,Apulo,Estados Unidos,44
11911,2024-03-27,Puerta del Diablo,Canada,48
11912,2021-08-15,Balboa,Canada,57
11913,2022-03-14,Balboa,Mexico,55
11914,2024-06-14,Puerta del Diablo,Honduras,43
11915,2022-08-02,Apulo,Costa Rica,61
11916,2023-02-26,Sunset Park,Guatemala,8
11917,2023-12-29,Apulo,Honduras,24
11918,2024-03-10,Cerro Verde,Canada,9
11919,2023-12-29,Apulo,Estados Unidos,14
11920,2021-10-23,Puerta del Diablo,Costa Rica,45
11921,2022-03-29,Cerro Verde,Mexico,62
11922,2021-08-26,Sunset Park,Honduras,74
11923,2021-08-18,Cerro Verde,Mexico,27
11924,2024-06-16,Cerro Verde,Nicaragua,73
11925,2021-03-06,Amulapa,Guatemala,27
11926,2021-09-23,Amulapa,Guatemala,51
11927,2021-12-25,Balboa,Honduras,14
11928,2022-04-09,Sunset Park,Honduras,9
11929,2021-12-27,Sunset Park,Estados Unidos,58
11930,2022-12-01,Puerta del Diablo,Estados Unidos,30
11931,2024-05-12,Cerro Verde,Guatemala,66
11932,2022-04-17,Cerro Verde,Mexico,33
11933,2021-07-11,Cerro Verde,Honduras,20
11934,2022-03-20,Sunset Park,Honduras,25
11935,2023-12-19,Amulapa,Costa Rica,11
11936,2021-08-29,Amulapa,Nicaragua,54
11937,2022-01-10,Puerta del Diablo,Costa Rica,25
11938,2022-03-22,Amulapa,Mexico,40
11939,2021-09-17,Balboa,Honduras,40
11940,2024-12-02,Cerro Verde,Honduras,17
11941,2023-12-30,Cerro Verde,Canada,75
11942,2022-09-09,Amulapa,España,36
11943,2024-07-10,Amulapa,Mexico,58
11944,2022-05-27,Puerta del Diablo,Costa Rica,42
11945,2021-11-20,Amulapa,Honduras,18
11946,2022-02-24,Apulo,Mexico,15
11947,2023-06-01,Puerta del Diablo,Canada,36
11948,2023-11-21,Sunset Park,Estados Unidos,66
11949,2022-10-16,Apulo,Mexico,69
11950,2024-04-02,Balboa,Nicaragua,43
11951,2022-03-24,Cerro Verde,Guatemala,28
11952,2024-06-21,Sunset Park,Costa Rica,45
11953,2023-01-17,Cerro Verde,Mexico,46
11954,2023-12-04,Apulo,Nicaragua,73
11955,2023-01-28,Balboa,Nicaragua,77
11956,2023-04-17,Puerta del Diablo,Costa Rica,72
11957,2021-07-23,Cerro Verde,Canada,72
11958,2024-11-07,Amulapa,Honduras,69
11959,2022-12-09,Balboa,Nicaragua,66
11960,2023-03-09,Balboa,España,79
11961,2022-01-06,Amulapa,España,62
11962,2024-05-29,Amulapa,Nicaragua,27
11963,2022-10-31,Amulapa,Estados Unidos,15
11964,2022-04-15,Puerta del Diablo,Guatemala,10
11965,2022-10-28,Amulapa,Costa Rica,51
11966,2022-04-15,Sunset Park,Costa Rica,32
11967,2023-04-13,Amulapa,Costa Rica,70
11968,2022-09-01,Balboa,Estados Unidos,28
11969,2024-12-04,Apulo,Costa Rica,75
11970,2023-05-15,Balboa,Guatemala,46
11971,2021-04-01,Cerro Verde,Estados Unidos,16
11972,2022-04-01,Puerta del Diablo,Guatemala,15
11973,2023-07-27,Amulapa,España,58
11974,2023-12-10,Amulapa,Canada,54
11975,2024-04-12,Balboa,Canada,33
11976,2024-12-04,Balboa,Estados Unidos,64
11977,2022-07-26,Balboa,Mexico,58
11978,2022-12-13,Puerta del Diablo,Guatemala,7
11979,2021-01-02,Cerro Verde,Canada,28
11980,2021-04-04,Sunset Park,Mexico,59
11981,2023-07-29,Amulapa,Costa Rica,53
11982,2021-12-13,Cerro Verde,Honduras,67
11983,2023-01-01,Cerro Verde,España,44
11984,2024-11-14,Balboa,Canada,65
11985,2022-08-08,Sunset Park,Nicaragua,79
11986,2024-02-16,Cerro Verde,Costa Rica,19
11987,2021-08-09,Apulo,Costa Rica,8
11988,2024-08-29,Balboa,Canada,45
11989,2023-02-07,Balboa,Honduras,12
11990,2021-05-27,Amulapa,España,20
11991,2023-09-11,Balboa,Mexico,75
11992,2023-07-05,Balboa,Nicaragua,23
11993,2022-02-20,Puerta del Diablo,Canada,21
11994,2024-04-20,Puerta del Diablo,Guatemala,34
11995,2023-06-15,Apulo,Honduras,42
11996,2021-09-06,Puerta del Diablo,Honduras,19
11997,2022-11-29,Cerro Verde,Mexico,41
11998,2022-01-16,Puerta del Diablo,Mexico,28
11999,2024-04-01,Balboa,España,7
12000,2023-03-30,Puerta del Diablo,Mexico,6
12001,2024-11-12,Apulo,Nicaragua,12
12002,2022-03-29,Apulo,Costa Rica,48
12003,2022-11-08,Balboa,Nicaragua,18
12004,2022-11-22,Cerro Verde,España,53
12005,2022-03-23,Apulo,Nicaragua,14
12006,2021-02-27,Puerta del Diablo,Costa Rica,71
12007,2021-01-11,Apulo,Costa Rica,20
12008,2021-01-27,Cerro Verde,España,29
12009,2022-09-16,Cerro Verde,Estados Unidos,31
12010,2021-01-19,Cerro Verde,Guatemala,69
12011,2024-12-04,Amulapa,Canada,65
12012,2024-04-30,Apulo,Nicaragua,65
12013,2021-02-04,Amulapa,España,46
12014,2021-03-08,Sunset Park,Honduras,23
12015,2023-01-03,Sunset Park,España,29
12016,2021-03-26,Amulapa,Guatemala,17
12017,2021-12-18,Puerta del Diablo,Canada,50
12018,2022-12-27,Apulo,Honduras,32
12019,2021-07-15,Sunset Park,Guatemala,15
12020,2022-08-15,Puerta del Diablo,Canada,63
12021,2022-03-25,Balboa,Nicaragua,69
12022,2023-05-10,Balboa,Costa Rica,60
12023,2021-02-25,Apulo,Canada,13
12024,2022-04-04,Apulo,Canada,64
12025,2024-02-29,Balboa,Nicaragua,50
12026,2021-04-20,Puerta del Diablo,Estados Unidos,26
12027,2024-04-07,Balboa,Mexico,36
12028,2022-12-15,Apulo,Nicaragua,45
12029,2023-04-28,Apulo,Honduras,46
12030,2022-02-16,Puerta del Diablo,Honduras,57
12031,2022-10-31,Puerta del Diablo,Mexico,31
12032,2024-04-18,Cerro Verde,Mexico,63
12033,2022-01-28,Apulo,Honduras,17
12034,2023-03-27,Amulapa,Nicaragua,47
12035,2024-07-31,Cerro Verde,Mexico,15
12036,2021-11-21,Cerro Verde,Canada,14
12037,2022-06-15,Cerro Verde,Nicaragua,55
12038,2021-07-09,Apulo,Estados Unidos,57
12039,2022-06-08,Apulo,Honduras,78
12040,2021-07-01,Apulo,España,23
12041,2022-01-02,Puerta del Diablo,Honduras,56
12042,2024-09-06,Cerro Verde,Honduras,65
12043,2022-08-01,Apulo,Estados Unidos,67
12044,2023-06-03,Cerro Verde,España,67
12045,2023-07-13,Puerta del Diablo,Honduras,72
12046,2021-01-19,Sunset Park,Estados Unidos,58
12047,2021-06-08,Puerta del Diablo,Honduras,54
12048,2023-02-17,Amulapa,Estados Unidos,76
12049,2021-04-22,Amulapa,Canada,75
12050,2022-07-14,Apulo,Estados Unidos,38
12051,2021-02-01,Amulapa,Canada,61
12052,2022-06-09,Balboa,Honduras,37
12053,2022-12-29,Apulo,España,63
12054,2021-01-30,Sunset Park,Costa Rica,69
12055,2022-03-05,Puerta del Diablo,Canada,45
12056,2022-07-08,Apulo,Costa Rica,44
12057,2021-03-11,Cerro Verde,Estados Unidos,7
12058,2022-07-29,Apulo,Canada,78
12059,2021-02-22,Balboa,Guatemala,10
12060,2021-12-14,Sunset Park,Costa Rica,72
12061,2023-05-23,Puerta del Diablo,Canada,22
12062,2024-04-03,Apulo,Costa Rica,48
12063,2023-12-09,Cerro Verde,Estados Unidos,18
12064,2024-03-02,Amulapa,Estados Unidos,31
12065,2024-01-17,Apulo,Nicaragua,32
12066,2021-11-21,Apulo,Guatemala,10
12067,2021-11-13,Apulo,Nicaragua,41
12068,2022-02-06,Amulapa,Mexico,39
12069,2024-08-29,Cerro Verde,Canada,50
12070,2022-11-06,Balboa,Guatemala,10
12071,2024-01-20,Cerro Verde,España,34
12072,2021-01-28,Amulapa,Nicaragua,58
12073,2023-04-24,Cerro Verde,Mexico,26
12074,2022-01-21,Apulo,Estados Unidos,41
12075,2021-09-20,Sunset Park,Nicaragua,18
12076,2024-07-23,Amulapa,España,46
12077,2024-06-18,Balboa,Guatemala,10
12078,2021-05-18,Sunset Park,Honduras,6
12079,2022-03-10,Apulo,Nicaragua,53
12080,2023-09-29,Cerro Verde,España,38
12081,2023-09-15,Balboa,Honduras,21
12082,2023-09-16,Apulo,Mexico,68
12083,2023-08-29,Sunset Park,Costa Rica,8
12084,2024-11-24,Puerta del Diablo,Guatemala,47
12085,2021-01-08,Cerro Verde,Costa Rica,31
12086,2021-06-22,Apulo,Estados Unidos,69
12087,2024-03-18,Puerta del Diablo,Costa Rica,27
12088,2021-04-29,Cerro Verde,Canada,78
12089,2024-07-09,Amulapa,Estados Unidos,27
12090,2021-02-13,Amulapa,Mexico,26
12091,2022-08-10,Puerta del Diablo,Costa Rica,73
12092,2022-06-22,Apulo,Canada,73
12093,2023-11-02,Balboa,Canada,24
12094,2022-10-04,Cerro Verde,Nicaragua,77
12095,2021-12-06,Apulo,España,52
12096,2021-02-08,Sunset Park,Nicaragua,63
12097,2022-05-10,Apulo,Canada,21
12098,2024-01-21,Sunset Park,Honduras,61
12099,2022-08-15,Apulo,Honduras,68
12100,2023-07-14,Balboa,Honduras,50
12101,2023-02-04,Balboa,Costa Rica,42
12102,2022-09-14,Sunset Park,Costa Rica,8
12103,2021-04-10,Balboa,Honduras,36
12104,2021-07-03,Balboa,Estados Unidos,53
12105,2023-09-23,Sunset Park,Canada,35
12106,2021-03-19,Cerro Verde,Canada,70
12107,2021-06-05,Apulo,Guatemala,37
12108,2022-02-01,Balboa,Costa Rica,75
12109,2021-03-21,Puerta del Diablo,Guatemala,25
12110,2021-05-10,Cerro Verde,Estados Unidos,24
12111,2024-12-22,Balboa,Costa Rica,19
12112,2023-08-03,Puerta del Diablo,Honduras,28
12113,2024-06-04,Apulo,Guatemala,14
12114,2024-11-28,Balboa,Nicaragua,76
12115,2024-07-21,Amulapa,Estados Unidos,58
12116,2023-02-15,Puerta del Diablo,Nicaragua,26
12117,2022-01-09,Amulapa,Guatemala,35
12118,2021-04-19,Puerta del Diablo,Mexico,18
12119,2023-03-26,Balboa,Canada,22
12120,2024-08-23,Apulo,Nicaragua,65
12121,2022-09-27,Balboa,España,11
12122,2024-09-28,Balboa,España,18
12123,2021-06-02,Amulapa,Guatemala,56
12124,2024-10-16,Apulo,Nicaragua,52
12125,2022-09-04,Cerro Verde,Guatemala,75
12126,2024-02-29,Sunset Park,Estados Unidos,78
12127,2024-01-11,Balboa,España,26
12128,2022-02-17,Cerro Verde,Canada,70
12129,2022-01-06,Puerta del Diablo,Estados Unidos,45
12130,2023-10-11,Sunset Park,Honduras,23
12131,2024-03-21,Cerro Verde,Honduras,47
12132,2023-05-11,Puerta del Diablo,Canada,76
12133,2024-02-03,Apulo,Guatemala,41
12134,2022-06-29,Apulo,España,28
12135,2024-11-22,Apulo,Nicaragua,63
12136,2022-11-05,Puerta del Diablo,Honduras,34
12137,2021-07-02,Puerta del Diablo,Honduras,64
12138,2023-02-15,Apulo,Estados Unidos,58
12139,2024-10-03,Cerro Verde,Canada,68
12140,2022-07-18,Puerta del Diablo,Estados Unidos,8
12141,2022-08-28,Balboa,Mexico,65
12142,2024-05-29,Puerta del Diablo,Costa Rica,70
12143,2021-12-16,Puerta del Diablo,Estados Unidos,34
12144,2021-11-14,Apulo,Mexico,78
12145,2023-09-30,Apulo,Costa Rica,35
12146,2024-04-23,Balboa,Honduras,60
12147,2023-05-27,Apulo,Nicaragua,27
12148,2021-06-09,Balboa,Canada,61
12149,2024-08-26,Amulapa,Estados Unidos,51
12150,2023-05-24,Balboa,Costa Rica,14
12151,2021-06-18,Cerro Verde,Costa Rica,39
12152,2023-11-28,Balboa,Canada,49
12153,2021-07-18,Puerta del Diablo,Honduras,7
12154,2022-08-04,Apulo,Estados Unidos,18
12155,2024-09-01,Puerta del Diablo,España,5
12156,2022-12-11,Apulo,Honduras,48
12157,2022-11-07,Cerro Verde,Costa Rica,7
12158,2023-04-26,Apulo,Costa Rica,26
12159,2024-01-03,Balboa,Mexico,78
12160,2022-09-08,Apulo,Guatemala,30
12161,2022-02-16,Balboa,Guatemala,78
12162,2021-02-09,Cerro Verde,Mexico,34
12163,2021-01-10,Puerta del Diablo,España,38
12164,2024-11-07,Amulapa,Guatemala,18
12165,2024-11-29,Amulapa,España,66
12166,2022-01-22,Amulapa,Costa Rica,24
12167,2021-05-20,Amulapa,Nicaragua,37
12168,2022-03-29,Apulo,Canada,26
12169,2023-10-18,Puerta del Diablo,España,73
12170,2021-10-10,Sunset Park,España,45
12171,2023-02-17,Cerro Verde,Nicaragua,16
12172,2022-08-12,Sunset Park,Mexico,55
12173,2022-12-31,Puerta del Diablo,Nicaragua,9
12174,2021-06-04,Balboa,España,75
12175,2022-01-08,Cerro Verde,Mexico,79
12176,2022-07-30,Sunset Park,Mexico,42
12177,2022-05-04,Balboa,Guatemala,68
12178,2023-08-01,Cerro Verde,Honduras,74
12179,2021-09-21,Apulo,Canada,67
12180,2021-08-03,Sunset Park,Nicaragua,36
12181,2021-12-26,Sunset Park,Nicaragua,15
12182,2021-04-28,Balboa,Costa Rica,28
12183,2022-07-31,Cerro Verde,Honduras,39
12184,2021-05-10,Balboa,Mexico,10
12185,2022-09-23,Apulo,Mexico,42
12186,2023-11-30,Puerta del Diablo,Costa Rica,56
12187,2023-02-19,Amulapa,Costa Rica,76
12188,2022-11-15,Cerro Verde,Canada,54
12189,2021-01-12,Puerta del Diablo,Guatemala,6
12190,2021-05-20,Apulo,Guatemala,49
12191,2023-12-31,Balboa,Honduras,58
12192,2023-05-20,Sunset Park,Guatemala,74
12193,2024-09-14,Cerro Verde,Mexico,70
12194,2022-04-19,Balboa,Estados Unidos,64
12195,2024-08-10,Puerta del Diablo,Honduras,43
12196,2021-07-27,Apulo,Estados Unidos,65
12197,2024-07-20,Balboa,Canada,51
12198,2023-08-01,Amulapa,Nicaragua,37
12199,2023-05-04,Cerro Verde,Estados Unidos,57
12200,2024-04-11,Sunset Park,Canada,66
12201,2023-05-21,Puerta del Diablo,España,11
12202,2021-03-24,Amulapa,Nicaragua,79
12203,2021-10-23,Amulapa,Canada,49
12204,2024-02-08,Puerta del Diablo,Canada,38
12205,2022-01-22,Cerro Verde,España,32
12206,2022-09-28,Cerro Verde,Costa Rica,15
12207,2021-12-08,Puerta del Diablo,Costa Rica,29
12208,2021-11-24,Amulapa,Honduras,49
12209,2021-06-15,Amulapa,Canada,6
12210,2023-04-30,Puerta del Diablo,Honduras,29
12211,2023-02-03,Amulapa,Estados Unidos,48
12212,2022-11-21,Balboa,España,38
12213,2024-06-25,Puerta del Diablo,Guatemala,10
12214,2022-05-11,Balboa,Estados Unidos,75
12215,2024-09-04,Apulo,Mexico,76
12216,2023-01-09,Puerta del Diablo,España,58
12217,2021-04-05,Apulo,Mexico,48
12218,2024-09-04,Cerro Verde,Canada,44
12219,2024-12-07,Apulo,Canada,37
12220,2024-02-21,Cerro Verde,Honduras,62
12221,2022-08-27,Cerro Verde,Guatemala,48
12222,2024-10-13,Amulapa,Guatemala,23
12223,2024-04-19,Amulapa,Nicaragua,76
12224,2022-07-04,Amulapa,Mexico,51
12225,2022-05-01,Puerta del Diablo,Canada,26
12226,2023-01-12,Puerta del Diablo,Nicaragua,30
12227,2023-06-04,Balboa,Costa Rica,12
12228,2024-05-30,Balboa,Mexico,46
12229,2021-01-14,Amulapa,Estados Unidos,17
12230,2024-03-07,Cerro Verde,Costa Rica,31
12231,2022-01-11,Puerta del Diablo,Costa Rica,8
12232,2023-11-20,Balboa,Honduras,51
12233,2024-12-20,Sunset Park,Costa Rica,45
12234,2021-02-27,Amulapa,España,35
12235,2023-02-03,Amulapa,Nicaragua,70
12236,2024-07-22,Amulapa,Guatemala,7
12237,2023-05-30,Cerro Verde,Honduras,58
12238,2023-11-09,Cerro Verde,España,60
12239,2024-11-13,Sunset Park,España,8
12240,2023-07-10,Puerta del Diablo,España,6
12241,2022-11-04,Puerta del Diablo,Honduras,45
12242,2023-01-31,Puerta del Diablo,Costa Rica,43
12243,2021-09-04,Amulapa,España,30
12244,2021-08-01,Sunset Park,Nicaragua,77
12245,2022-02-19,Sunset Park,Nicaragua,71
12246,2022-03-12,Puerta del Diablo,Honduras,57
12247,2023-06-03,Sunset Park,Guatemala,24
12248,2023-02-23,Apulo,Honduras,20
12249,2024-04-06,Cerro Verde,Estados Unidos,35
12250,2022-08-24,Puerta del Diablo,Estados Unidos,50
12251,2022-09-22,Puerta del Diablo,Costa Rica,8
12252,2024-05-05,Cerro Verde,Costa Rica,34
12253,2022-10-27,Sunset Park,Estados Unidos,13
12254,2021-04-05,Cerro Verde,Costa Rica,19
12255,2024-09-20,Puerta del Diablo,Nicaragua,21
12256,2022-10-12,Sunset Park,España,79
12257,2024-06-29,Balboa,Honduras,45
12258,2023-10-08,Sunset Park,España,52
12259,2023-05-23,Sunset Park,España,15
12260,2024-09-03,Puerta del Diablo,Estados Unidos,13
12261,2022-04-19,Puerta del Diablo,Mexico,34
12262,2024-02-20,Balboa,Canada,39
12263,2022-06-03,Amulapa,Estados Unidos,79
12264,2022-05-30,Puerta del Diablo,Mexico,71
12265,2021-06-03,Sunset Park,Nicaragua,41
12266,2023-03-11,Balboa,Guatemala,64
12267,2022-07-05,Sunset Park,Honduras,69
12268,2023-04-14,Sunset Park,Honduras,23
12269,2024-09-16,Sunset Park,España,5
12270,2023-07-22,Balboa,Estados Unidos,41
12271,2023-06-08,Puerta del Diablo,Estados Unidos,19
12272,2023-01-10,Cerro Verde,Nicaragua,60
12273,2024-10-22,Amulapa,Honduras,9
12274,2024-06-30,Balboa,Estados Unidos,19
12275,2023-04-30,Puerta del Diablo,Honduras,43
12276,2024-04-24,Sunset Park,Nicaragua,55
12277,2023-11-05,Cerro Verde,Estados Unidos,5
12278,2023-04-07,Sunset Park,Honduras,16
12279,2024-01-23,Cerro Verde,España,40
12280,2023-04-21,Balboa,Nicaragua,64
12281,2021-09-11,Balboa,Costa Rica,8
12282,2024-06-20,Sunset Park,Costa Rica,26
12283,2024-06-25,Cerro Verde,Costa Rica,37
12284,2024-06-03,Apulo,Canada,7
12285,2023-12-07,Amulapa,Estados Unidos,51
12286,2024-04-24,Sunset Park,España,9
12287,2024-09-16,Apulo,Nicaragua,51
12288,2021-02-21,Balboa,Mexico,58
12289,2023-08-29,Sunset Park,Guatemala,11
12290,2022-07-11,Cerro Verde,Estados Unidos,12
12291,2021-05-07,Balboa,Mexico,26
12292,2021-09-01,Apulo,Nicaragua,22
12293,2024-02-22,Puerta del Diablo,Estados Unidos,12
12294,2023-08-30,Sunset Park,Costa Rica,18
12295,2021-08-12,Apulo,Mexico,72
12296,2022-11-11,Cerro Verde,Estados Unidos,21
12297,2022-05-14,Apulo,España,50
12298,2022-08-16,Balboa,Costa Rica,45
12299,2023-12-13,Amulapa,Honduras,11
12300,2023-04-07,Balboa,Estados Unidos,71
12301,2021-01-30,Apulo,Guatemala,25
12302,2021-07-20,Sunset Park,Estados Unidos,34
12303,2021-07-13,Puerta del Diablo,Canada,26
12304,2021-10-08,Balboa,Guatemala,23
12305,2024-02-20,Balboa,Nicaragua,32
12306,2023-07-29,Balboa,Estados Unidos,7
12307,2023-04-29,Cerro Verde,Mexico,60
12308,2022-12-04,Balboa,España,36
12309,2023-01-02,Balboa,Canada,18
12310,2023-10-05,Apulo,Honduras,51
12311,2024-06-05,Amulapa,Nicaragua,65
12312,2022-07-17,Amulapa,Estados Unidos,15
12313,2021-10-14,Puerta del Diablo,Guatemala,74
12314,2024-03-09,Puerta del Diablo,Canada,58
12315,2023-02-27,Puerta del Diablo,Nicaragua,13
12316,2021-11-01,Sunset Park,Costa Rica,60
12317,2021-03-18,Puerta del Diablo,España,54
12318,2021-04-20,Amulapa,España,66
12319,2023-08-30,Cerro Verde,Nicaragua,16
12320,2022-04-29,Balboa,Nicaragua,75
12321,2022-09-01,Cerro Verde,Canada,75
12322,2021-12-13,Balboa,Mexico,31
12323,2021-03-15,Sunset Park,Honduras,65
12324,2024-02-23,Apulo,Costa Rica,61
12325,2024-02-02,Apulo,Honduras,63
12326,2023-10-09,Cerro Verde,Estados Unidos,21
12327,2024-10-25,Puerta del Diablo,Nicaragua,9
12328,2021-02-07,Balboa,Mexico,5
12329,2022-05-16,Balboa,Guatemala,50
12330,2024-03-01,Sunset Park,España,76
12331,2021-03-01,Amulapa,Honduras,6
12332,2024-09-09,Puerta del Diablo,Estados Unidos,66
12333,2024-05-31,Sunset Park,Mexico,9
12334,2022-07-26,Amulapa,Canada,33
12335,2021-07-20,Sunset Park,Mexico,22
12336,2023-04-17,Apulo,España,21
12337,2021-02-12,Balboa,Estados Unidos,78
12338,2024-09-29,Sunset Park,Canada,67
12339,2021-05-06,Sunset Park,Honduras,54
12340,2024-12-21,Sunset Park,Honduras,69
12341,2023-03-15,Sunset Park,Honduras,55
12342,2024-06-05,Apulo,Honduras,62
12343,2024-11-19,Balboa,Costa Rica,8
12344,2022-01-24,Cerro Verde,Canada,31
12345,2021-07-13,Balboa,España,51
12346,2021-08-18,Amulapa,Costa Rica,43
12347,2022-07-20,Puerta del Diablo,Estados Unidos,7
12348,2024-07-16,Apulo,Guatemala,79
12349,2022-01-31,Apulo,Guatemala,18
12350,2023-11-06,Cerro Verde,España,69
12351,2023-03-17,Puerta del Diablo,Estados Unidos,55
12352,2022-12-21,Balboa,Honduras,45
12353,2022-08-10,Balboa,Mexico,20
12354,2024-05-09,Amulapa,Nicaragua,45
12355,2022-10-26,Apulo,Estados Unidos,66
12356,2021-04-09,Sunset Park,España,44
12357,2022-05-01,Apulo,España,54
12358,2021-10-07,Cerro Verde,España,49
12359,2024-10-27,Sunset Park,España,77
12360,2021-10-21,Amulapa,España,54
12361,2022-05-05,Puerta del Diablo,Nicaragua,48
12362,2021-06-12,Amulapa,Honduras,47
12363,2023-01-26,Puerta del Diablo,Guatemala,75
12364,2022-08-23,Puerta del Diablo,España,17
12365,2021-12-16,Cerro Verde,Estados Unidos,20
12366,2021-05-01,Apulo,Canada,30
12367,2024-09-18,Balboa,Nicaragua,43
12368,2024-09-08,Balboa,Mexico,64
12369,2024-07-31,Cerro Verde,Nicaragua,31
12370,2023-12-13,Cerro Verde,Nicaragua,55
12371,2023-08-16,Cerro Verde,España,74
12372,2023-07-07,Apulo,Costa Rica,55
12373,2021-10-01,Cerro Verde,Nicaragua,60
12374,2023-11-24,Amulapa,España,78
12375,2022-10-12,Puerta del Diablo,Honduras,5
12376,2021-02-07,Balboa,Mexico,67
12377,2023-08-12,Amulapa,Costa Rica,18
12378,2024-12-02,Apulo,Estados Unidos,24
12379,2022-06-09,Sunset Park,Estados Unidos,52
12380,2024-02-26,Amulapa,España,72
12381,2021-06-16,Apulo,España,57
12382,2024-06-18,Amulapa,Nicaragua,61
12383,2021-12-29,Sunset Park,Nicaragua,36
12384,2024-05-23,Balboa,Honduras,68
12385,2023-01-14,Cerro Verde,Honduras,19
12386,2021-09-15,Sunset Park,Costa Rica,74
12387,2024-06-20,Cerro Verde,Canada,11
12388,2023-03-04,Puerta del Diablo,Nicaragua,24
12389,2021-05-24,Sunset Park,Guatemala,20
12390,2024-02-25,Cerro Verde,Canada,60
12391,2024-05-17,Balboa,Mexico,26
12392,2023-12-30,Amulapa,Nicaragua,75
12393,2021-02-14,Balboa,Honduras,50
12394,2023-09-11,Balboa,Estados Unidos,14
12395,2024-10-17,Sunset Park,Guatemala,26
12396,2024-07-17,Sunset Park,España,36
12397,2023-11-17,Sunset Park,Estados Unidos,66
12398,2023-10-03,Amulapa,Mexico,62
12399,2024-05-13,Balboa,Mexico,21
12400,2022-02-27,Puerta del Diablo,Nicaragua,65
12401,2022-08-13,Sunset Park,Costa Rica,70
12402,2024-02-26,Balboa,Honduras,59
12403,2021-08-04,Balboa,Honduras,45
12404,2024-07-12,Puerta del Diablo,Mexico,50
12405,2021-01-22,Puerta del Diablo,Mexico,53
12406,2024-04-01,Cerro Verde,Costa Rica,11
12407,2024-12-06,Puerta del Diablo,España,69
12408,2024-06-06,Amulapa,Guatemala,14
12409,2022-11-25,Apulo,Guatemala,52
12410,2022-10-11,Amulapa,Canada,53
12411,2022-09-17,Cerro Verde,Honduras,9
12412,2024-04-13,Balboa,Honduras,62
12413,2024-01-19,Cerro Verde,España,36
12414,2024-01-14,Sunset Park,Guatemala,23
12415,2023-08-22,Apulo,Guatemala,6
12416,2021-03-22,Puerta del Diablo,Guatemala,79
12417,2022-11-05,Balboa,Canada,35
12418,2022-04-22,Amulapa,España,13
12419,2024-05-19,Apulo,Mexico,72
12420,2024-10-20,Cerro Verde,Mexico,73
12421,2021-08-14,Cerro Verde,Estados Unidos,66
12422,2022-03-24,Amulapa,Canada,72
12423,2023-02-18,Balboa,Guatemala,62
12424,2021-03-19,Balboa,Guatemala,39
12425,2024-06-26,Apulo,Nicaragua,43
12426,2023-05-10,Puerta del Diablo,Canada,7
12427,2024-02-04,Puerta del Diablo,España,31
12428,2024-08-09,Cerro Verde,Canada,69
12429,2021-02-28,Amulapa,Mexico,12
12430,2023-05-01,Amulapa,Nicaragua,38
12431,2022-11-15,Apulo,Mexico,46
12432,2021-07-09,Apulo,Guatemala,33
12433,2021-04-23,Sunset Park,Mexico,67
12434,2024-01-03,Balboa,Costa Rica,29
12435,2022-11-07,Puerta del Diablo,Guatemala,52
12436,2021-03-21,Apulo,Honduras,42
12437,2021-09-28,Amulapa,España,29
12438,2022-06-02,Balboa,Estados Unidos,18
12439,2022-05-10,Cerro Verde,España,55
12440,2021-12-31,Puerta del Diablo,Mexico,20
12441,2024-10-18,Apulo,Canada,73
12442,2023-09-11,Cerro Verde,Guatemala,14
12443,2024-01-16,Amulapa,Costa Rica,67
12444,2022-08-28,Sunset Park,Estados Unidos,54
12445,2022-01-02,Amulapa,Honduras,21
12446,2022-04-16,Sunset Park,Honduras,53
12447,2021-01-31,Sunset Park,Nicaragua,12
12448,2024-10-02,Amulapa,Guatemala,26
12449,2024-08-07,Amulapa,Guatemala,10
12450,2022-06-23,Cerro Verde,Estados Unidos,38
12451,2022-02-22,Puerta del Diablo,Costa Rica,78
12452,2021-11-21,Cerro Verde,Costa Rica,9
12453,2024-09-26,Cerro Verde,Canada,24
12454,2021-11-27,Apulo,Costa Rica,18
12455,2022-04-12,Sunset Park,Nicaragua,38
12456,2023-01-15,Puerta del Diablo,Canada,44
12457,2023-06-21,Apulo,Honduras,62
12458,2021-02-16,Puerta del Diablo,Mexico,40
12459,2023-04-04,Sunset Park,Nicaragua,18
12460,2022-11-09,Apulo,España,57
12461,2023-07-11,Balboa,Nicaragua,59
12462,2022-10-03,Puerta del Diablo,Canada,72
12463,2024-12-19,Puerta del Diablo,Estados Unidos,48
12464,2022-09-21,Sunset Park,Costa Rica,39
12465,2024-04-14,Puerta del Diablo,Costa Rica,32
12466,2021-07-24,Cerro Verde,España,8
12467,2022-04-10,Cerro Verde,Nicaragua,42
12468,2023-05-23,Apulo,Costa Rica,39
12469,2021-12-07,Balboa,España,74
12470,2024-02-27,Apulo,Estados Unidos,77
12471,2023-01-04,Balboa,Guatemala,77
12472,2023-07-02,Cerro Verde,Estados Unidos,37
12473,2024-03-24,Cerro Verde,Guatemala,73
12474,2023-09-14,Sunset Park,Guatemala,19
12475,2024-08-16,Cerro Verde,España,39
12476,2024-12-19,Cerro Verde,Nicaragua,12
12477,2023-10-25,Amulapa,Canada,56
12478,2022-05-04,Puerta del Diablo,Guatemala,53
12479,2024-02-27,Sunset Park,Costa Rica,50
12480,2023-02-18,Balboa,Nicaragua,61
12481,2022-01-27,Puerta del Diablo,Guatemala,64
12482,2023-01-09,Amulapa,Canada,28
12483,2024-04-30,Puerta del Diablo,Guatemala,50
12484,2021-11-10,Apulo,Costa Rica,53
12485,2023-11-20,Sunset Park,Guatemala,17
12486,2023-09-24,Apulo,Guatemala,68
12487,2021-02-21,Cerro Verde,Mexico,37
12488,2023-03-19,Cerro Verde,España,52
12489,2022-12-29,Amulapa,Costa Rica,17
12490,2022-02-19,Amulapa,Costa Rica,49
12491,2023-12-24,Balboa,Nicaragua,12
12492,2022-03-28,Amulapa,Canada,11
12493,2021-11-20,Cerro Verde,Honduras,17
12494,2024-09-13,Puerta del Diablo,Canada,55
12495,2022-11-07,Apulo,Costa Rica,50
12496,2021-01-02,Puerta del Diablo,Guatemala,55
12497,2022-10-05,Puerta del Diablo,Costa Rica,54
12498,2024-12-25,Sunset Park,Canada,5
12499,2024-11-08,Amulapa,Mexico,40
12500,2021-12-17,Balboa,Costa Rica,50
12501,2021-07-06,Amulapa,Canada,39
12502,2023-10-31,Sunset Park,Honduras,70
12503,2023-10-05,Amulapa,Costa Rica,21
12504,2023-07-11,Sunset Park,Honduras,21
12505,2022-01-10,Cerro Verde,Mexico,20
12506,2024-07-17,Cerro Verde,Canada,9
12507,2023-10-23,Sunset Park,Costa Rica,13
12508,2023-04-10,Balboa,Honduras,45
12509,2023-12-19,Sunset Park,Nicaragua,51
12510,2024-10-02,Amulapa,Costa Rica,62
12511,2024-11-17,Puerta del Diablo,Honduras,62
12512,2022-07-26,Balboa,Nicaragua,56
12513,2023-12-13,Puerta del Diablo,Honduras,58
12514,2024-10-07,Balboa,Honduras,44
12515,2023-10-16,Amulapa,España,41
12516,2023-08-16,Balboa,Guatemala,56
12517,2023-07-06,Cerro Verde,Honduras,20
12518,2024-11-26,Sunset Park,Guatemala,26
12519,2022-02-12,Puerta del Diablo,Nicaragua,31
12520,2023-08-16,Balboa,Honduras,11
12521,2024-02-26,Puerta del Diablo,Guatemala,42
12522,2021-08-28,Puerta del Diablo,Mexico,54
12523,2024-02-20,Puerta del Diablo,Mexico,44
12524,2021-03-27,Amulapa,España,50
12525,2021-03-04,Amulapa,España,37
12526,2021-10-20,Amulapa,Costa Rica,63
12527,2021-11-03,Cerro Verde,Nicaragua,52
12528,2022-06-16,Puerta del Diablo,Honduras,19
12529,2021-07-24,Apulo,Canada,7
12530,2024-12-14,Puerta del Diablo,Honduras,9
12531,2021-06-06,Balboa,Nicaragua,66
12532,2024-08-15,Cerro Verde,Costa Rica,25
12533,2022-09-12,Cerro Verde,Estados Unidos,53
12534,2024-11-08,Sunset Park,Costa Rica,78
12535,2021-04-18,Amulapa,Estados Unidos,30
12536,2022-02-17,Puerta del Diablo,Mexico,43
12537,2024-07-22,Amulapa,Costa Rica,65
12538,2024-03-31,Cerro Verde,Mexico,8
12539,2024-03-05,Amulapa,Guatemala,39
12540,2022-05-22,Cerro Verde,Costa Rica,23
12541,2021-07-24,Apulo,Canada,73
12542,2021-05-26,Sunset Park,Estados Unidos,10
12543,2024-07-07,Balboa,España,63
12544,2021-09-05,Balboa,Nicaragua,63
12545,2023-05-29,Sunset Park,España,19
12546,2024-05-14,Amulapa,Nicaragua,10
12547,2021-08-27,Sunset Park,Costa Rica,49
12548,2022-05-25,Balboa,Costa Rica,26
12549,2022-07-14,Sunset Park,Estados Unidos,8
12550,2023-02-15,Apulo,Nicaragua,19
12551,2022-10-26,Apulo,Costa Rica,68
12552,2023-06-14,Balboa,Honduras,27
12553,2021-11-01,Puerta del Diablo,España,6
12554,2022-02-04,Puerta del Diablo,Costa Rica,9
12555,2023-01-11,Apulo,Canada,58
12556,2023-12-05,Amulapa,Mexico,54
12557,2024-07-18,Cerro Verde,Mexico,72
12558,2022-06-05,Cerro Verde,Costa Rica,73
12559,2022-11-13,Balboa,Estados Unidos,72
12560,2024-01-11,Puerta del Diablo,España,63
12561,2023-02-11,Balboa,Costa Rica,13
12562,2023-07-27,Puerta del Diablo,España,67
12563,2022-11-25,Apulo,Costa Rica,33
12564,2022-11-29,Cerro Verde,Guatemala,6
12565,2021-09-03,Puerta del Diablo,Canada,32
12566,2021-09-06,Sunset Park,Canada,18
12567,2021-05-08,Sunset Park,España,58
12568,2021-07-16,Apulo,Honduras,62
12569,2021-07-13,Amulapa,España,69
12570,2023-06-16,Balboa,Estados Unidos,41
12571,2024-03-15,Amulapa,Guatemala,45
12572,2021-05-15,Balboa,España,58
12573,2022-05-09,Cerro Verde,Canada,50
12574,2022-03-16,Amulapa,Mexico,21
12575,2024-03-03,Sunset Park,Canada,20
12576,2022-11-05,Sunset Park,Canada,66
12577,2023-12-03,Sunset Park,Estados Unidos,47
12578,2022-03-29,Sunset Park,Mexico,71
12579,2023-01-15,Amulapa,Mexico,78
12580,2024-11-29,Puerta del Diablo,Costa Rica,50
12581,2022-08-22,Balboa,Costa Rica,73
12582,2022-04-28,Balboa,Guatemala,21
12583,2024-02-27,Cerro Verde,Estados Unidos,13
12584,2022-07-09,Puerta del Diablo,Canada,46
12585,2024-04-25,Puerta del Diablo,Mexico,58
12586,2022-02-23,Puerta del Diablo,Mexico,77
12587,2024-09-02,Sunset Park,Estados Unidos,42
12588,2022-02-07,Amulapa,Mexico,51
12589,2022-11-29,Balboa,Guatemala,57
12590,2023-12-23,Puerta del Diablo,España,78
12591,2021-08-10,Sunset Park,Canada,47
12592,2023-07-27,Apulo,Mexico,15
12593,2022-06-02,Amulapa,Costa Rica,17
12594,2022-08-30,Cerro Verde,Guatemala,32
12595,2022-01-15,Amulapa,Nicaragua,48
12596,2023-07-29,Sunset Park,Costa Rica,10
12597,2022-11-30,Apulo,Mexico,21
12598,2021-09-27,Apulo,España,12
12599,2022-06-12,Amulapa,España,31
12600,2022-09-25,Apulo,Nicaragua,53
12601,2024-12-07,Amulapa,Estados Unidos,23
12602,2022-09-10,Puerta del Diablo,Nicaragua,12
12603,2024-09-24,Puerta del Diablo,Mexico,35
12604,2021-03-02,Puerta del Diablo,Honduras,55
12605,2021-08-01,Amulapa,Estados Unidos,70
12606,2021-04-07,Cerro Verde,Estados Unidos,42
12607,2022-06-10,Cerro Verde,Honduras,60
12608,2023-07-16,Cerro Verde,España,32
12609,2022-06-14,Puerta del Diablo,España,26
12610,2023-07-21,Apulo,Costa Rica,18
12611,2021-03-18,Apulo,Honduras,8
12612,2024-10-12,Sunset Park,Guatemala,45
12613,2024-05-30,Sunset Park,Honduras,14
12614,2022-10-01,Balboa,Costa Rica,67
12615,2021-07-05,Cerro Verde,Nicaragua,34
12616,2022-07-26,Cerro Verde,Honduras,27
12617,2023-02-11,Balboa,España,73
12618,2024-11-18,Balboa,Nicaragua,11
12619,2024-10-19,Amulapa,Canada,43
12620,2024-12-18,Balboa,Mexico,56
12621,2021-08-20,Amulapa,Costa Rica,63
12622,2022-12-07,Sunset Park,Estados Unidos,28
12623,2023-02-03,Balboa,Canada,18
12624,2023-09-16,Sunset Park,España,44
12625,2024-10-16,Puerta del Diablo,Guatemala,5
12626,2022-04-03,Amulapa,Guatemala,46
12627,2021-12-03,Amulapa,Estados Unidos,24
12628,2021-03-06,Amulapa,Estados Unidos,56
12629,2022-08-02,Sunset Park,España,16
12630,2024-02-06,Sunset Park,Honduras,13
12631,2023-06-12,Sunset Park,Estados Unidos,36
12632,2022-07-12,Balboa,Canada,19
12633,2022-04-29,Amulapa,Costa Rica,13
12634,2023-12-08,Puerta del Diablo,Estados Unidos,77
12635,2023-07-11,Balboa,Estados Unidos,8
12636,2022-11-29,Puerta del Diablo,Nicaragua,45
12637,2021-12-11,Cerro Verde,Nicaragua,28
12638,2021-12-20,Balboa,Costa Rica,33
12639,2023-08-21,Amulapa,Costa Rica,71
12640,2021-11-09,Puerta del Diablo,Mexico,57
12641,2023-11-18,Apulo,Costa Rica,18
12642,2022-05-18,Apulo,Honduras,14
12643,2024-08-01,Balboa,Mexico,18
12644,2023-02-20,Balboa,Honduras,74
12645,2021-08-22,Balboa,España,14
12646,2022-10-22,Cerro Verde,Canada,10
12647,2022-01-10,Sunset Park,Mexico,41
12648,2024-01-01,Apulo,Guatemala,16
12649,2022-10-01,Sunset Park,España,60
12650,2024-04-23,Cerro Verde,Guatemala,31
12651,2024-10-17,Amulapa,Nicaragua,71
12652,2023-09-06,Amulapa,Guatemala,32
12653,2023-04-17,Balboa,Canada,66
12654,2022-08-04,Puerta del Diablo,Nicaragua,41
12655,2022-09-02,Amulapa,Guatemala,56
12656,2022-09-30,Balboa,Estados Unidos,22
12657,2022-07-15,Apulo,Mexico,17
12658,2021-05-06,Puerta del Diablo,Guatemala,12
12659,2023-05-16,Sunset Park,Costa Rica,74
12660,2021-09-24,Balboa,Honduras,53
12661,2023-10-11,Amulapa,Costa Rica,10
12662,2022-10-18,Puerta del Diablo,Mexico,14
12663,2021-07-17,Balboa,Mexico,20
12664,2021-08-30,Puerta del Diablo,Canada,30
12665,2023-10-10,Puerta del Diablo,Mexico,37
12666,2022-01-06,Balboa,Estados Unidos,37
12667,2022-09-28,Amulapa,Mexico,16
12668,2023-08-19,Sunset Park,Costa Rica,64
12669,2022-12-28,Cerro Verde,España,23
12670,2021-04-12,Puerta del Diablo,Costa Rica,59
12671,2023-06-23,Apulo,Nicaragua,70
12672,2023-12-29,Balboa,Estados Unidos,31
12673,2021-11-07,Puerta del Diablo,Costa Rica,57
12674,2023-03-22,Cerro Verde,Nicaragua,23
12675,2022-08-26,Puerta del Diablo,España,25
12676,2021-05-01,Puerta del Diablo,Canada,32
12677,2022-05-23,Puerta del Diablo,España,6
12678,2023-10-07,Cerro Verde,Canada,35
12679,2021-10-04,Puerta del Diablo,Honduras,34
12680,2021-06-24,Cerro Verde,España,65
12681,2021-07-10,Balboa,España,26
12682,2021-06-20,Amulapa,Guatemala,54
12683,2022-02-25,Cerro Verde,Estados Unidos,32
12684,2024-04-28,Sunset Park,España,29
12685,2021-07-30,Apulo,Costa Rica,66
12686,2023-09-09,Sunset Park,Honduras,50
12687,2024-12-24,Apulo,Canada,77
12688,2021-11-19,Balboa,Nicaragua,25
12689,2024-10-23,Puerta del Diablo,España,17
12690,2024-12-01,Sunset Park,Costa Rica,75
12691,2024-10-24,Amulapa,España,35
12692,2022-10-28,Sunset Park,Mexico,48
12693,2021-03-12,Sunset Park,Estados Unidos,68
12694,2022-01-09,Cerro Verde,Guatemala,51
12695,2023-03-29,Puerta del Diablo,Mexico,74
12696,2023-06-13,Apulo,Guatemala,22
12697,2024-02-14,Amulapa,Canada,29
12698,2024-07-28,Balboa,Canada,68
12699,2022-01-08,Apulo,Guatemala,11
12700,2023-03-18,Apulo,Nicaragua,14
12701,2024-12-16,Puerta del Diablo,Mexico,52
12702,2021-05-02,Amulapa,Nicaragua,17
12703,2024-07-18,Sunset Park,Costa Rica,73
12704,2022-11-03,Cerro Verde,España,71
12705,2024-09-05,Cerro Verde,España,23
12706,2021-12-21,Amulapa,Costa Rica,19
12707,2024-07-27,Cerro Verde,Estados Unidos,75
12708,2023-09-23,Sunset Park,Estados Unidos,37
12709,2023-07-25,Balboa,Costa Rica,11
12710,2021-05-03,Apulo,Honduras,35
12711,2021-06-18,Apulo,Costa Rica,69
12712,2021-04-24,Puerta del Diablo,Costa Rica,17
12713,2024-01-30,Puerta del Diablo,Nicaragua,55
12714,2023-03-20,Apulo,Canada,29
12715,2022-06-19,Sunset Park,España,8
12716,2022-06-15,Sunset Park,Nicaragua,73
12717,2024-04-12,Balboa,Mexico,11
12718,2024-03-08,Apulo,Estados Unidos,6
12719,2021-02-20,Apulo,Honduras,60
12720,2023-12-07,Amulapa,Costa Rica,60
12721,2023-11-08,Sunset Park,Estados Unidos,44
12722,2024-01-21,Amulapa,Canada,13
12723,2024-12-18,Amulapa,Nicaragua,17
12724,2021-02-01,Balboa,Honduras,68
12725,2023-09-02,Cerro Verde,España,18
12726,2023-08-16,Cerro Verde,Guatemala,58
12727,2022-02-25,Puerta del Diablo,España,70
12728,2022-02-28,Cerro Verde,Canada,12
12729,2023-07-01,Puerta del Diablo,Costa Rica,68
12730,2021-07-16,Balboa,Estados Unidos,71
12731,2024-11-13,Balboa,Costa Rica,10
12732,2024-10-19,Puerta del Diablo,Nicaragua,43
12733,2024-01-18,Apulo,Nicaragua,75
12734,2022-01-11,Cerro Verde,Honduras,20
12735,2024-10-27,Apulo,Nicaragua,23
12736,2021-05-19,Balboa,Honduras,65
12737,2021-09-23,Puerta del Diablo,España,55
12738,2024-02-21,Balboa,Costa Rica,23
12739,2022-09-05,Balboa,Honduras,58
12740,2023-09-07,Puerta del Diablo,Mexico,70
12741,2024-11-05,Cerro Verde,España,22
12742,2024-03-26,Cerro Verde,Estados Unidos,11
12743,2023-04-19,Cerro Verde,Honduras,39
12744,2024-12-28,Sunset Park,Nicaragua,19
12745,2023-10-26,Amulapa,Guatemala,55
12746,2022-03-02,Puerta del Diablo,Mexico,26
12747,2023-06-26,Balboa,Canada,38
12748,2024-06-22,Cerro Verde,España,14
12749,2024-09-14,Sunset Park,España,34
12750,2024-02-27,Balboa,Costa Rica,53
12751,2024-12-22,Sunset Park,Honduras,36
12752,2023-09-16,Sunset Park,Estados Unidos,34
12753,2021-07-16,Cerro Verde,Costa Rica,70
12754,2024-01-09,Sunset Park,Costa Rica,65
12755,2024-09-05,Amulapa,Costa Rica,41
12756,2021-11-25,Apulo,Mexico,74
12757,2024-02-13,Puerta del Diablo,Honduras,74
12758,2022-02-20,Puerta del Diablo,Guatemala,37
12759,2024-06-02,Sunset Park,Mexico,6
12760,2024-07-10,Balboa,Estados Unidos,78
12761,2023-07-24,Balboa,Costa Rica,19
12762,2022-12-26,Sunset Park,Guatemala,72
12763,2021-05-23,Amulapa,Nicaragua,73
12764,2022-04-27,Puerta del Diablo,Guatemala,52
12765,2024-11-12,Balboa,Nicaragua,34
12766,2024-06-25,Amulapa,Estados Unidos,40
12767,2024-11-20,Cerro Verde,Canada,39
12768,2024-06-03,Apulo,España,6
12769,2023-12-20,Balboa,Honduras,21
12770,2022-03-13,Balboa,Canada,43
12771,2023-09-08,Sunset Park,Guatemala,8
12772,2022-11-09,Apulo,España,19
12773,2021-04-23,Amulapa,Estados Unidos,34
12774,2021-02-10,Balboa,Guatemala,26
12775,2023-01-02,Puerta del Diablo,Honduras,13
12776,2022-01-22,Amulapa,Costa Rica,44
12777,2021-07-12,Puerta del Diablo,Mexico,9
12778,2021-06-17,Amulapa,Guatemala,73
12779,2021-07-31,Cerro Verde,Canada,58
12780,2021-03-11,Puerta del Diablo,Costa Rica,25
12781,2023-04-08,Balboa,Honduras,62
12782,2023-01-28,Puerta del Diablo,Canada,62
12783,2024-04-09,Puerta del Diablo,Costa Rica,28
12784,2024-10-14,Apulo,Canada,27
12785,2023-12-01,Puerta del Diablo,Honduras,76
12786,2021-06-01,Balboa,España,6
12787,2021-11-09,Balboa,Costa Rica,43
12788,2024-08-27,Puerta del Diablo,España,6
12789,2022-09-14,Cerro Verde,Canada,47
12790,2024-05-30,Apulo,España,56
12791,2024-02-24,Apulo,Mexico,76
12792,2023-05-25,Balboa,Guatemala,51
12793,2023-03-21,Apulo,Guatemala,53
12794,2024-11-09,Apulo,Canada,28
12795,2024-05-26,Cerro Verde,Canada,47
12796,2021-03-25,Apulo,Honduras,6
12797,2022-04-25,Cerro Verde,España,60
12798,2021-01-09,Puerta del Diablo,Guatemala,30
12799,2023-02-03,Apulo,Mexico,47
12800,2022-08-30,Puerta del Diablo,Costa Rica,30
12801,2022-10-29,Puerta del Diablo,Guatemala,41
12802,2022-10-24,Sunset Park,Canada,41
12803,2022-05-12,Cerro Verde,Guatemala,47
12804,2022-03-07,Cerro Verde,España,41
12805,2023-01-16,Cerro Verde,Nicaragua,69
12806,2023-07-27,Sunset Park,Honduras,68
12807,2021-09-16,Amulapa,Honduras,53
12808,2022-05-30,Cerro Verde,Costa Rica,24
12809,2022-05-17,Amulapa,España,65
12810,2021-10-28,Balboa,Nicaragua,63
12811,2024-02-22,Balboa,Guatemala,72
12812,2021-02-06,Cerro Verde,España,46
12813,2021-04-21,Puerta del Diablo,Canada,38
12814,2023-05-13,Puerta del Diablo,Costa Rica,18
12815,2024-05-25,Sunset Park,Guatemala,57
12816,2021-05-10,Amulapa,Costa Rica,18
12817,2024-09-14,Sunset Park,Mexico,37
12818,2021-04-04,Cerro Verde,Estados Unidos,13
12819,2022-08-24,Sunset Park,Costa Rica,74
12820,2022-04-24,Balboa,Estados Unidos,43
12821,2023-11-19,Balboa,Honduras,10
12822,2023-11-04,Balboa,Nicaragua,54
12823,2023-02-07,Cerro Verde,Mexico,59
12824,2021-05-16,Balboa,España,12
12825,2023-12-03,Puerta del Diablo,Guatemala,19
12826,2021-02-06,Sunset Park,Canada,15
12827,2021-06-30,Apulo,Costa Rica,10
12828,2022-08-12,Apulo,Nicaragua,58
12829,2022-07-07,Puerta del Diablo,Mexico,16
12830,2021-05-28,Balboa,España,57
12831,2021-07-03,Balboa,Guatemala,32
12832,2023-07-01,Amulapa,Guatemala,72
12833,2021-07-21,Apulo,Canada,28
12834,2021-06-02,Puerta del Diablo,Estados Unidos,40
12835,2023-12-27,Balboa,Guatemala,12
12836,2022-10-03,Balboa,Honduras,72
12837,2021-08-29,Balboa,Mexico,7
12838,2021-11-08,Sunset Park,Honduras,52
12839,2022-10-02,Sunset Park,Nicaragua,52
12840,2021-09-28,Cerro Verde,Nicaragua,49
12841,2023-01-30,Apulo,Guatemala,39
12842,2023-09-03,Puerta del Diablo,Mexico,77
12843,2022-08-10,Apulo,Canada,38
12844,2021-07-12,Cerro Verde,España,41
12845,2021-03-24,Apulo,Guatemala,21
12846,2024-07-13,Sunset Park,Honduras,44
12847,2022-04-13,Balboa,España,47
12848,2023-02-14,Balboa,Estados Unidos,69
12849,2022-05-13,Balboa,Costa Rica,62
12850,2023-04-06,Cerro Verde,Costa Rica,67
12851,2021-11-08,Balboa,Honduras,65
12852,2022-06-19,Balboa,Costa Rica,43
12853,2024-06-10,Sunset Park,Canada,11
12854,2021-07-11,Balboa,Mexico,47
12855,2022-04-29,Amulapa,Honduras,23
12856,2024-01-19,Puerta del Diablo,Guatemala,49
12857,2024-04-30,Cerro Verde,Canada,32
12858,2021-06-17,Apulo,Estados Unidos,72
12859,2024-05-10,Puerta del Diablo,Mexico,16
12860,2022-08-29,Apulo,Costa Rica,19
12861,2024-10-18,Amulapa,Honduras,66
12862,2024-11-08,Apulo,Canada,64
12863,2024-06-11,Apulo,España,46
12864,2023-08-05,Balboa,Mexico,58
12865,2024-10-19,Cerro Verde,Estados Unidos,51
12866,2023-05-18,Sunset Park,Guatemala,40
12867,2024-02-14,Amulapa,Nicaragua,34
12868,2021-04-17,Sunset Park,Costa Rica,53
12869,2023-10-10,Cerro Verde,Estados Unidos,57
12870,2023-01-06,Puerta del Diablo,Guatemala,76
12871,2023-03-14,Cerro Verde,España,57
12872,2022-10-20,Apulo,Estados Unidos,11
12873,2021-01-30,Sunset Park,Nicaragua,65
12874,2021-11-09,Balboa,Nicaragua,71
12875,2022-06-15,Sunset Park,España,55
12876,2024-05-12,Amulapa,Mexico,11
12877,2021-10-17,Sunset Park,Guatemala,75
12878,2023-06-19,Apulo,Estados Unidos,7
12879,2021-01-24,Apulo,Costa Rica,74
12880,2023-12-31,Sunset Park,Nicaragua,78
12881,2022-08-16,Sunset Park,Guatemala,18
12882,2024-08-19,Puerta del Diablo,Nicaragua,55
12883,2022-05-02,Apulo,Canada,31
12884,2022-01-05,Amulapa,Mexico,49
12885,2021-10-07,Puerta del Diablo,Honduras,25
12886,2022-06-12,Puerta del Diablo,Canada,46
12887,2024-07-28,Balboa,Guatemala,62
12888,2021-03-24,Puerta del Diablo,España,39
12889,2021-11-30,Apulo,Nicaragua,71
12890,2023-01-18,Amulapa,Estados Unidos,76
12891,2023-09-10,Apulo,España,58
12892,2024-01-24,Sunset Park,España,20
12893,2024-07-22,Puerta del Diablo,Canada,17
12894,2023-07-15,Balboa,España,41
12895,2022-07-21,Cerro Verde,Mexico,19
12896,2022-10-28,Amulapa,Costa Rica,43
12897,2024-01-01,Sunset Park,Mexico,36
12898,2022-08-21,Sunset Park,Estados Unidos,37
12899,2024-12-05,Balboa,Honduras,47
12900,2022-04-23,Apulo,Mexico,14
12901,2021-07-13,Balboa,Mexico,16
12902,2022-08-12,Amulapa,Guatemala,76
12903,2022-10-02,Balboa,Estados Unidos,37
12904,2024-05-10,Amulapa,Mexico,42
12905,2022-09-01,Apulo,Estados Unidos,38
12906,2023-12-01,Sunset Park,Costa Rica,54
12907,2024-03-24,Apulo,Honduras,47
12908,2022-08-28,Cerro Verde,Guatemala,60
12909,2024-10-27,Amulapa,Mexico,66
12910,2022-04-20,Puerta del Diablo,Canada,16
12911,2023-11-29,Apulo,Nicaragua,68
12912,2021-05-24,Cerro Verde,España,64
12913,2024-04-19,Balboa,Honduras,52
12914,2023-09-16,Cerro Verde,Nicaragua,51
12915,2022-07-01,Puerta del Diablo,Costa Rica,22
12916,2023-07-31,Sunset Park,España,10
12917,2021-07-27,Balboa,Honduras,9
12918,2022-10-17,Cerro Verde,Estados Unidos,39
12919,2023-09-20,Sunset Park,Estados Unidos,24
12920,2021-02-02,Cerro Verde,Estados Unidos,56
12921,2021-09-23,Sunset Park,Nicaragua,52
12922,2023-07-27,Cerro Verde,Guatemala,28
12923,2023-10-04,Cerro Verde,Costa Rica,75
12924,2021-08-16,Balboa,España,18
12925,2023-04-19,Balboa,Mexico,72
12926,2021-07-23,Amulapa,Guatemala,21
12927,2022-06-30,Balboa,Nicaragua,17
12928,2022-08-30,Cerro Verde,España,30
12929,2024-11-14,Balboa,Mexico,14
12930,2021-08-25,Cerro Verde,Canada,24
12931,2022-07-08,Puerta del Diablo,España,18
12932,2021-09-17,Cerro Verde,Canada,57
12933,2021-08-20,Cerro Verde,Costa Rica,20
12934,2024-08-04,Cerro Verde,Costa Rica,65
12935,2022-12-08,Amulapa,Estados Unidos,44
12936,2022-03-08,Sunset Park,Mexico,77
12937,2024-04-25,Balboa,Honduras,60
12938,2021-08-30,Cerro Verde,Estados Unidos,24
12939,2022-08-02,Apulo,Guatemala,37
12940,2021-12-13,Amulapa,España,20
12941,2024-10-31,Balboa,Nicaragua,55
12942,2021-06-18,Balboa,Honduras,41
12943,2024-06-14,Balboa,España,15
12944,2021-01-13,Balboa,Costa Rica,64
12945,2022-03-05,Amulapa,Honduras,65
12946,2021-03-05,Sunset Park,Mexico,44
12947,2021-11-27,Apulo,España,64
12948,2021-05-16,Amulapa,Mexico,46
12949,2024-12-15,Apulo,España,8
12950,2024-03-26,Cerro Verde,Honduras,45
12951,2022-01-29,Apulo,Mexico,26
12952,2023-10-12,Amulapa,España,70
12953,2024-06-24,Apulo,Costa Rica,38
12954,2022-07-13,Amulapa,Costa Rica,53
12955,2024-04-05,Sunset Park,Nicaragua,52
12956,2021-12-12,Puerta del Diablo,Canada,31
12957,2023-06-17,Apulo,Canada,63
12958,2022-05-27,Apulo,Guatemala,77
12959,2021-05-19,Cerro Verde,Honduras,26
12960,2024-12-02,Puerta del Diablo,Canada,25
12961,2023-04-01,Sunset Park,Nicaragua,67
12962,2021-01-24,Cerro Verde,Mexico,5
12963,2024-01-10,Puerta del Diablo,Nicaragua,39
12964,2022-07-05,Sunset Park,Costa Rica,58
12965,2023-04-13,Amulapa,Costa Rica,50
12966,2023-10-13,Balboa,Costa Rica,12
12967,2021-08-18,Apulo,Honduras,54
12968,2021-08-24,Apulo,Canada,42
12969,2021-03-21,Sunset Park,Canada,79
12970,2021-01-03,Balboa,Honduras,71
12971,2023-08-06,Cerro Verde,Costa Rica,31
12972,2023-12-29,Cerro Verde,Honduras,25
12973,2023-03-11,Balboa,Costa Rica,33
12974,2023-02-24,Cerro Verde,España,54
12975,2024-05-03,Balboa,España,50
12976,2021-08-13,Puerta del Diablo,España,64
12977,2024-11-27,Sunset Park,Nicaragua,48
12978,2022-03-15,Apulo,Costa Rica,60
12979,2023-09-29,Apulo,Guatemala,79
12980,2023-12-16,Sunset Park,Costa Rica,44
12981,2021-10-31,Balboa,Mexico,52
12982,2022-06-12,Amulapa,Honduras,28
12983,2021-01-24,Apulo,Honduras,74
12984,2024-02-05,Amulapa,Canada,50
12985,2022-10-28,Puerta del Diablo,Mexico,53
12986,2024-05-11,Puerta del Diablo,España,10
12987,2024-07-30,Puerta del Diablo,Nicaragua,45
12988,2024-08-09,Sunset Park,Guatemala,19
12989,2023-04-23,Balboa,Estados Unidos,72
12990,2021-04-08,Cerro Verde,Mexico,51
12991,2022-03-17,Sunset Park,Costa Rica,17
12992,2024-10-28,Puerta del Diablo,Canada,76
12993,2022-12-08,Cerro Verde,Guatemala,52
12994,2023-07-21,Sunset Park,Honduras,62
12995,2024-10-09,Balboa,Canada,30
12996,2022-05-19,Amulapa,España,37
12997,2022-04-29,Balboa,Honduras,40
12998,2021-02-25,Balboa,España,79
12999,2024-05-15,Sunset Park,Costa Rica,58
13000,2022-02-21,Balboa,Mexico,55
13001,2022-06-29,Puerta del Diablo,España,65
13002,2021-01-05,Sunset Park,Mexico,47
13003,2021-01-05,Cerro Verde,Honduras,29
13004,2021-04-25,Amulapa,Mexico,33
13005,2021-01-03,Amulapa,Costa Rica,59
13006,2023-09-30,Apulo,Guatemala,54
13007,2021-06-05,Apulo,Estados Unidos,65
13008,2021-05-13,Puerta del Diablo,Estados Unidos,20
13009,2022-08-15,Puerta del Diablo,Honduras,12
13010,2021-03-13,Cerro Verde,Canada,15
13011,2022-07-21,Sunset Park,España,10
13012,2024-01-08,Puerta del Diablo,Estados Unidos,44
13013,2023-11-20,Amulapa,Estados Unidos,36
13014,2024-08-09,Apulo,España,75
13015,2024-10-15,Sunset Park,Honduras,40
13016,2024-08-05,Cerro Verde,Nicaragua,27
13017,2022-04-10,Amulapa,Canada,51
13018,2023-01-31,Puerta del Diablo,Costa Rica,31
13019,2023-10-08,Amulapa,Mexico,30
13020,2024-07-06,Apulo,Canada,55
13021,2021-01-18,Balboa,Costa Rica,59
13022,2024-08-15,Puerta del Diablo,Canada,63
13023,2023-08-08,Amulapa,Honduras,58
13024,2023-06-22,Balboa,Estados Unidos,12
13025,2022-12-30,Sunset Park,España,43
13026,2021-02-15,Sunset Park,Nicaragua,28
13027,2023-09-02,Cerro Verde,Costa Rica,24
13028,2024-05-16,Amulapa,Mexico,75
13029,2022-07-26,Puerta del Diablo,España,67
13030,2021-01-10,Sunset Park,Mexico,55
13031,2024-12-25,Puerta del Diablo,Costa Rica,54
13032,2024-01-13,Apulo,Guatemala,71
13033,2024-01-27,Apulo,Mexico,47
13034,2022-11-10,Amulapa,Honduras,64
13035,2022-10-22,Apulo,Canada,52
13036,2024-06-19,Puerta del Diablo,Canada,24
13037,2021-07-24,Cerro Verde,Canada,42
13038,2023-06-29,Cerro Verde,Honduras,15
13039,2023-07-13,Sunset Park,Costa Rica,69
13040,2024-02-04,Amulapa,España,16
13041,2022-12-28,Apulo,España,78
13042,2022-05-31,Balboa,Nicaragua,79
13043,2021-08-14,Sunset Park,Canada,40
13044,2023-10-05,Cerro Verde,Costa Rica,42
13045,2023-11-24,Puerta del Diablo,Canada,58
13046,2024-11-04,Balboa,Guatemala,29
13047,2023-09-06,Balboa,Guatemala,26
13048,2022-02-14,Sunset Park,Estados Unidos,20
13049,2022-01-30,Balboa,Guatemala,72
13050,2021-06-07,Sunset Park,Canada,53
13051,2023-07-03,Balboa,Estados Unidos,61
13052,2024-12-08,Puerta del Diablo,Costa Rica,45
13053,2022-06-14,Apulo,Guatemala,68
13054,2024-04-24,Balboa,España,12
13055,2024-09-16,Puerta del Diablo,Honduras,59
13056,2023-11-09,Apulo,Costa Rica,46
13057,2021-01-21,Puerta del Diablo,Canada,55
13058,2023-02-03,Apulo,Estados Unidos,17
13059,2023-01-18,Balboa,Honduras,31
13060,2023-04-27,Apulo,Guatemala,44
13061,2021-05-04,Amulapa,Honduras,28
13062,2022-07-05,Sunset Park,Estados Unidos,34
13063,2022-11-08,Apulo,Honduras,41
13064,2022-10-06,Balboa,Mexico,46
13065,2024-07-20,Sunset Park,España,30
13066,2023-03-04,Amulapa,Guatemala,76
13067,2023-02-15,Sunset Park,Honduras,6
13068,2023-06-05,Amulapa,Mexico,46
13069,2023-03-06,Apulo,Honduras,79
13070,2021-06-08,Puerta del Diablo,España,48
13071,2022-08-07,Puerta del Diablo,Honduras,16
13072,2021-10-08,Sunset Park,Honduras,28
13073,2023-04-08,Puerta del Diablo,Costa Rica,25
13074,2021-03-14,Apulo,Estados Unidos,22
13075,2022-07-08,Amulapa,Honduras,48
13076,2023-03-23,Apulo,Canada,52
13077,2023-10-22,Sunset Park,Costa Rica,49
13078,2021-08-10,Sunset Park,Guatemala,71
13079,2024-02-11,Puerta del Diablo,Nicaragua,31
13080,2023-04-02,Puerta del Diablo,Costa Rica,24
13081,2021-08-30,Balboa,Canada,60
13082,2024-10-23,Cerro Verde,España,17
13083,2021-08-26,Cerro Verde,España,75
13084,2022-07-08,Puerta del Diablo,Honduras,73
13085,2024-08-20,Sunset Park,Honduras,44
13086,2021-08-26,Balboa,Costa Rica,11
13087,2022-08-03,Puerta del Diablo,Mexico,22
13088,2024-04-24,Balboa,Canada,59
13089,2023-07-25,Cerro Verde,Canada,52
13090,2023-03-24,Cerro Verde,España,27
13091,2023-03-15,Puerta del Diablo,Guatemala,76
13092,2024-12-25,Puerta del Diablo,Canada,14
13093,2021-01-03,Balboa,Mexico,36
13094,2024-04-24,Puerta del Diablo,Estados Unidos,62
13095,2023-09-07,Apulo,Estados Unidos,63
13096,2024-11-02,Puerta del Diablo,Guatemala,56
13097,2021-03-11,Cerro Verde,Canada,61
13098,2021-10-04,Cerro Verde,Nicaragua,27
13099,2022-08-26,Balboa,Nicaragua,26
13100,2023-09-17,Puerta del Diablo,Nicaragua,46
13101,2022-03-15,Cerro Verde,Canada,38
13102,2022-02-02,Apulo,Costa Rica,45
13103,2022-03-07,Sunset Park,Mexico,49
13104,2021-12-04,Puerta del Diablo,Mexico,17
13105,2024-08-16,Apulo,Costa Rica,40
13106,2023-01-06,Apulo,Estados Unidos,34
13107,2024-01-26,Balboa,Nicaragua,25
13108,2023-12-24,Amulapa,Mexico,8
13109,2023-06-03,Amulapa,Guatemala,58
13110,2024-07-03,Balboa,Honduras,14
13111,2024-02-17,Balboa,Mexico,40
13112,2023-04-24,Sunset Park,España,63
13113,2024-09-09,Cerro Verde,Canada,10
13114,2021-06-27,Balboa,Honduras,43
13115,2022-09-04,Apulo,Costa Rica,68
13116,2024-12-27,Sunset Park,Mexico,56
13117,2023-05-25,Puerta del Diablo,Canada,32
13118,2022-12-16,Cerro Verde,Mexico,8
13119,2024-06-05,Apulo,Costa Rica,18
13120,2024-09-20,Balboa,Nicaragua,66
13121,2024-05-24,Sunset Park,Honduras,35
13122,2022-07-21,Amulapa,Costa Rica,25
13123,2021-10-16,Sunset Park,Canada,12
13124,2022-04-21,Amulapa,Guatemala,79
13125,2021-09-17,Puerta del Diablo,Guatemala,57
13126,2024-05-12,Cerro Verde,España,31
13127,2023-09-03,Puerta del Diablo,Guatemala,48
13128,2021-05-20,Cerro Verde,Guatemala,16
13129,2021-10-29,Puerta del Diablo,Guatemala,38
13130,2023-07-11,Apulo,Estados Unidos,76
13131,2022-09-22,Cerro Verde,Nicaragua,75
13132,2024-05-21,Apulo,Guatemala,11
13133,2021-03-10,Apulo,Canada,51
13134,2023-10-09,Balboa,Mexico,18
13135,2021-05-19,Amulapa,Costa Rica,24
13136,2021-09-09,Amulapa,Honduras,79
13137,2024-05-05,Cerro Verde,Honduras,62
13138,2021-04-11,Sunset Park,Costa Rica,16
13139,2021-08-14,Balboa,Nicaragua,53
13140,2021-05-06,Amulapa,Guatemala,41
13141,2024-09-05,Balboa,Canada,73
13142,2021-05-30,Apulo,Estados Unidos,67
13143,2023-11-05,Cerro Verde,Costa Rica,61
13144,2024-10-07,Apulo,Canada,34
13145,2022-04-26,Puerta del Diablo,España,7
13146,2023-12-28,Puerta del Diablo,Estados Unidos,21
13147,2023-09-03,Sunset Park,España,55
13148,2022-04-03,Cerro Verde,Canada,45
13149,2023-05-27,Apulo,Guatemala,26
13150,2023-07-28,Apulo,Nicaragua,36
13151,2024-06-02,Apulo,Honduras,16
13152,2021-11-28,Balboa,España,24
13153,2021-07-08,Puerta del Diablo,España,61
13154,2024-06-28,Amulapa,Guatemala,30
13155,2024-09-20,Amulapa,Canada,36
13156,2021-04-09,Cerro Verde,Honduras,48
13157,2022-11-19,Sunset Park,España,65
13158,2024-12-10,Amulapa,Honduras,39
13159,2023-01-22,Balboa,Canada,36
13160,2022-04-18,Sunset Park,Nicaragua,73
13161,2022-12-10,Apulo,Costa Rica,63
13162,2022-09-21,Amulapa,España,78
13163,2023-06-04,Balboa,Canada,6
13164,2022-03-01,Apulo,Nicaragua,60
13165,2021-07-25,Amulapa,Costa Rica,33
13166,2022-03-08,Apulo,Canada,17
13167,2024-09-03,Puerta del Diablo,Nicaragua,33
13168,2021-07-17,Sunset Park,Mexico,30
13169,2021-02-28,Apulo,Honduras,31
13170,2024-08-16,Cerro Verde,Mexico,46
13171,2024-05-28,Amulapa,Guatemala,28
13172,2024-06-29,Apulo,Canada,79
13173,2023-06-19,Sunset Park,Costa Rica,78
13174,2024-05-07,Sunset Park,Costa Rica,7
13175,2021-09-06,Cerro Verde,España,39
13176,2023-02-13,Cerro Verde,Mexico,13
13177,2024-02-04,Puerta del Diablo,España,30
13178,2024-08-30,Sunset Park,Estados Unidos,67
13179,2022-04-22,Amulapa,Honduras,20
13180,2022-10-02,Puerta del Diablo,Costa Rica,8
13181,2024-01-21,Cerro Verde,Honduras,68
13182,2021-03-24,Cerro Verde,Canada,78
13183,2021-03-19,Balboa,Mexico,32
13184,2021-04-20,Apulo,Canada,14
13185,2023-10-20,Puerta del Diablo,Honduras,30
13186,2023-11-03,Balboa,Guatemala,73
13187,2023-11-19,Balboa,España,54
13188,2024-08-13,Balboa,Nicaragua,68
13189,2022-05-29,Amulapa,Mexico,52
13190,2021-03-07,Cerro Verde,Honduras,57
13191,2024-02-27,Balboa,Nicaragua,68
13192,2021-08-08,Apulo,Costa Rica,26
13193,2022-11-08,Balboa,Estados Unidos,76
13194,2024-02-08,Sunset Park,Estados Unidos,77
13195,2023-11-14,Amulapa,Canada,32
13196,2021-06-26,Balboa,Costa Rica,11
13197,2022-12-01,Cerro Verde,España,23
13198,2024-02-10,Cerro Verde,Mexico,47
13199,2021-12-15,Sunset Park,Costa Rica,19
13200,2024-06-29,Sunset Park,Nicaragua,29
13201,2022-09-22,Sunset Park,Canada,52
13202,2022-07-04,Cerro Verde,Estados Unidos,56
13203,2023-01-04,Apulo,Mexico,70
13204,2023-09-09,Balboa,Costa Rica,36
13205,2024-02-29,Amulapa,Costa Rica,42
13206,2021-06-06,Sunset Park,Mexico,38
13207,2024-08-03,Balboa,España,52
13208,2022-08-29,Amulapa,Estados Unidos,76
13209,2023-05-11,Balboa,Honduras,5
13210,2023-07-16,Amulapa,Guatemala,12
13211,2023-05-06,Amulapa,Costa Rica,45
13212,2024-10-16,Puerta del Diablo,Honduras,54
13213,2024-03-20,Balboa,Guatemala,42
13214,2021-06-25,Puerta del Diablo,Nicaragua,75
13215,2024-04-04,Cerro Verde,Canada,56
13216,2022-09-26,Balboa,Costa Rica,55
13217,2022-11-05,Apulo,Estados Unidos,35
13218,2021-06-02,Amulapa,Mexico,48
13219,2021-09-11,Balboa,Canada,15
13220,2022-01-21,Apulo,Costa Rica,30
13221,2022-11-12,Cerro Verde,Honduras,65
13222,2023-08-12,Sunset Park,Costa Rica,25
13223,2024-01-25,Cerro Verde,Canada,27
13224,2021-12-30,Amulapa,Canada,37
13225,2021-07-24,Amulapa,Nicaragua,36
13226,2023-07-01,Cerro Verde,Costa Rica,27
13227,2022-08-25,Sunset Park,Canada,13
13228,2024-11-18,Apulo,Honduras,7
13229,2023-02-11,Sunset Park,Canada,31
13230,2023-07-09,Puerta del Diablo,Mexico,47
13231,2021-08-17,Puerta del Diablo,Mexico,42
13232,2023-05-21,Cerro Verde,España,15
13233,2022-06-04,Amulapa,España,46
13234,2021-05-14,Cerro Verde,Mexico,69
13235,2023-09-21,Balboa,Nicaragua,69
13236,2021-06-14,Cerro Verde,España,78
13237,2023-10-20,Balboa,Canada,57
13238,2021-04-07,Sunset Park,España,77
13239,2022-01-19,Amulapa,Nicaragua,6
13240,2023-05-18,Amulapa,Nicaragua,49
13241,2024-03-04,Sunset Park,Estados Unidos,25
13242,2022-03-11,Puerta del Diablo,Estados Unidos,11
13243,2021-03-22,Puerta del Diablo,Estados Unidos,7
13244,2023-09-07,Puerta del Diablo,Costa Rica,6
13245,2023-11-18,Cerro Verde,Guatemala,79
13246,2022-04-17,Balboa,Estados Unidos,45
13247,2023-03-17,Sunset Park,España,59
13248,2023-04-02,Sunset Park,Honduras,39
13249,2024-08-25,Amulapa,Honduras,59
13250,2022-11-07,Apulo,España,23
13251,2022-12-03,Sunset Park,Mexico,39
13252,2021-03-03,Puerta del Diablo,España,79
13253,2023-10-08,Cerro Verde,Costa Rica,65
13254,2022-01-26,Cerro Verde,Estados Unidos,33
13255,2024-12-27,Apulo,Canada,66
13256,2021-12-18,Sunset Park,Estados Unidos,23
13257,2024-09-21,Cerro Verde,Costa Rica,25
13258,2023-11-16,Amulapa,Mexico,37
13259,2022-10-02,Apulo,Guatemala,23
13260,2022-09-11,Apulo,Honduras,25
13261,2021-06-07,Balboa,Costa Rica,47
13262,2021-06-20,Balboa,Estados Unidos,48
13263,2023-04-27,Amulapa,Nicaragua,72
13264,2023-12-27,Apulo,Mexico,36
13265,2024-03-17,Sunset Park,Honduras,39
13266,2022-06-23,Amulapa,Honduras,75
13267,2024-07-04,Sunset Park,España,55
13268,2024-07-16,Cerro Verde,Guatemala,62
13269,2021-11-15,Cerro Verde,Mexico,44
13270,2021-06-10,Puerta del Diablo,Canada,27
13271,2022-07-29,Puerta del Diablo,Honduras,51
13272,2021-06-20,Puerta del Diablo,Estados Unidos,29
13273,2024-03-21,Sunset Park,Honduras,33
13274,2024-01-04,Sunset Park,España,14
13275,2022-03-29,Apulo,Costa Rica,67
13276,2021-05-08,Apulo,Honduras,11
13277,2023-01-17,Cerro Verde,Canada,16
13278,2024-02-25,Cerro Verde,Nicaragua,75
13279,2021-11-14,Puerta del Diablo,España,51
13280,2024-06-04,Apulo,Canada,44
13281,2022-05-15,Apulo,Honduras,52
13282,2022-05-14,Amulapa,Nicaragua,47
13283,2022-03-21,Puerta del Diablo,Mexico,54
13284,2023-05-01,Balboa,Nicaragua,48
13285,2021-08-05,Sunset Park,Canada,60
13286,2023-12-06,Amulapa,Honduras,57
13287,2024-06-05,Cerro Verde,Costa Rica,51
13288,2023-06-23,Cerro Verde,Honduras,29
13289,2021-02-14,Amulapa,Nicaragua,52
13290,2021-04-23,Sunset Park,Costa Rica,79
13291,2023-11-16,Sunset Park,Guatemala,28
13292,2023-05-18,Puerta del Diablo,Canada,49
13293,2021-01-18,Amulapa,Honduras,44
13294,2021-01-28,Apulo,Canada,62
13295,2023-01-07,Apulo,Nicaragua,66
13296,2023-01-10,Sunset Park,Guatemala,32
13297,2021-07-16,Apulo,Mexico,8
13298,2023-01-28,Sunset Park,Honduras,56
13299,2021-12-22,Sunset Park,Mexico,78
13300,2023-08-05,Apulo,Nicaragua,20
13301,2022-06-24,Sunset Park,Canada,42
13302,2023-04-29,Apulo,Canada,75
13303,2021-07-04,Puerta del Diablo,Nicaragua,14
13304,2024-08-01,Amulapa,Nicaragua,38
13305,2021-05-08,Amulapa,Costa Rica,12
13306,2023-04-01,Sunset Park,Canada,11
13307,2024-11-11,Cerro Verde,Guatemala,44
13308,2021-10-02,Puerta del Diablo,Canada,55
13309,2023-04-03,Balboa,Honduras,71
13310,2023-09-20,Balboa,Costa Rica,48
13311,2022-05-26,Sunset Park,Canada,41
13312,2023-03-05,Sunset Park,Canada,51
13313,2024-01-22,Cerro Verde,Guatemala,7
13314,2021-02-09,Amulapa,España,37
13315,2021-04-01,Puerta del Diablo,Mexico,25
13316,2022-08-06,Puerta del Diablo,Canada,17
13317,2024-11-06,Sunset Park,Costa Rica,52
13318,2021-01-09,Puerta del Diablo,Canada,60
13319,2023-05-21,Cerro Verde,Guatemala,60
13320,2023-12-05,Cerro Verde,Honduras,19
13321,2023-01-29,Sunset Park,Mexico,52
13322,2022-05-21,Balboa,Guatemala,61
13323,2023-10-25,Cerro Verde,Nicaragua,47
13324,2023-05-19,Apulo,Costa Rica,12
13325,2021-11-23,Sunset Park,Canada,34
13326,2023-06-17,Apulo,Guatemala,61
13327,2021-11-08,Sunset Park,Guatemala,77
13328,2022-01-17,Cerro Verde,Nicaragua,30
13329,2024-08-27,Amulapa,Costa Rica,74
13330,2023-07-12,Sunset Park,Canada,72
13331,2024-11-06,Cerro Verde,Honduras,79
13332,2023-01-06,Balboa,Nicaragua,33
13333,2021-11-09,Puerta del Diablo,Nicaragua,37
13334,2024-06-24,Sunset Park,Canada,24
13335,2024-05-21,Puerta del Diablo,Honduras,75
13336,2022-11-13,Puerta del Diablo,Estados Unidos,71
13337,2022-03-03,Sunset Park,Guatemala,52
13338,2024-12-29,Balboa,España,22
13339,2024-03-10,Apulo,Costa Rica,27
13340,2022-06-20,Apulo,España,57
13341,2024-05-06,Sunset Park,Nicaragua,20
13342,2022-07-21,Sunset Park,Canada,59
13343,2021-07-13,Sunset Park,Honduras,41
13344,2024-03-02,Apulo,España,59
13345,2023-02-12,Cerro Verde,Honduras,64
13346,2021-03-25,Balboa,Costa Rica,64
13347,2022-02-05,Apulo,Estados Unidos,35
13348,2024-02-29,Sunset Park,Mexico,40
13349,2024-04-21,Puerta del Diablo,Guatemala,54
13350,2022-06-29,Sunset Park,Honduras,52
13351,2023-04-21,Cerro Verde,Canada,30
13352,2021-05-17,Puerta del Diablo,Estados Unidos,53
13353,2023-09-05,Apulo,Guatemala,6
13354,2023-06-23,Balboa,Estados Unidos,41
13355,2024-09-22,Balboa,Mexico,44
13356,2022-09-23,Cerro Verde,España,23
13357,2024-09-30,Amulapa,Nicaragua,38
13358,2023-06-24,Cerro Verde,Guatemala,42
13359,2021-11-11,Balboa,España,43
13360,2021-11-25,Cerro Verde,Honduras,51
13361,2022-12-09,Puerta del Diablo,España,13
13362,2022-04-08,Sunset Park,Nicaragua,22
13363,2021-01-15,Puerta del Diablo,Honduras,23
13364,2022-06-13,Sunset Park,Nicaragua,22
13365,2021-02-07,Sunset Park,Costa Rica,70
13366,2021-12-23,Sunset Park,Estados Unidos,49
13367,2024-03-16,Balboa,Canada,33
13368,2022-12-02,Cerro Verde,Honduras,67
13369,2022-10-23,Cerro Verde,Mexico,66
13370,2024-04-20,Amulapa,Nicaragua,72
13371,2022-05-26,Sunset Park,Costa Rica,46
13372,2023-12-14,Apulo,Estados Unidos,79
13373,2021-08-19,Puerta del Diablo,Guatemala,39
13374,2024-02-27,Balboa,Mexico,12
13375,2021-01-18,Cerro Verde,Estados Unidos,29
13376,2024-12-10,Cerro Verde,Guatemala,68
13377,2024-06-17,Apulo,Nicaragua,66
13378,2023-12-24,Balboa,Guatemala,31
13379,2021-08-21,Sunset Park,Guatemala,58
13380,2021-03-01,Puerta del Diablo,Estados Unidos,60
13381,2021-01-07,Apulo,Guatemala,44
13382,2022-11-09,Apulo,Mexico,20
13383,2021-11-24,Balboa,Costa Rica,33
13384,2021-04-09,Sunset Park,Honduras,59
13385,2021-11-20,Sunset Park,Canada,19
13386,2021-04-17,Balboa,Estados Unidos,9
13387,2022-06-17,Balboa,Nicaragua,65
13388,2022-02-25,Balboa,Guatemala,68
13389,2023-10-11,Cerro Verde,España,23
13390,2022-12-20,Balboa,Mexico,17
13391,2021-02-27,Puerta del Diablo,Costa Rica,58
13392,2022-03-02,Apulo,Honduras,64
13393,2024-04-13,Cerro Verde,Guatemala,57
13394,2021-11-21,Amulapa,Honduras,69
13395,2023-03-12,Puerta del Diablo,Honduras,40
13396,2023-06-19,Puerta del Diablo,España,43
13397,2022-08-04,Apulo,Guatemala,59
13398,2024-10-20,Balboa,Guatemala,75
13399,2022-07-19,Puerta del Diablo,Honduras,9
13400,2023-12-27,Sunset Park,Honduras,24
13401,2023-10-17,Amulapa,Guatemala,6
13402,2024-09-26,Amulapa,Mexico,49
13403,2023-12-30,Puerta del Diablo,Nicaragua,48
13404,2023-09-12,Sunset Park,Guatemala,7
13405,2022-06-04,Cerro Verde,Guatemala,74
13406,2023-08-07,Puerta del Diablo,Nicaragua,31
13407,2024-10-03,Cerro Verde,Guatemala,24
13408,2022-05-15,Balboa,Canada,13
13409,2024-12-31,Balboa,Estados Unidos,8
13410,2024-02-14,Balboa,Costa Rica,32
13411,2023-11-16,Cerro Verde,Nicaragua,59
13412,2022-08-31,Apulo,Mexico,38
13413,2021-06-01,Cerro Verde,Guatemala,16
13414,2024-02-05,Balboa,Guatemala,32
13415,2023-11-14,Apulo,Mexico,74
13416,2023-12-07,Sunset Park,Mexico,34
13417,2024-08-30,Apulo,Costa Rica,79
13418,2021-03-14,Apulo,Mexico,32
13419,2024-04-15,Apulo,Estados Unidos,59
13420,2021-11-10,Apulo,Estados Unidos,18
13421,2022-11-22,Puerta del Diablo,Guatemala,27
13422,2023-11-05,Cerro Verde,Canada,30
13423,2022-10-31,Puerta del Diablo,Nicaragua,43
13424,2023-04-22,Balboa,Canada,78
13425,2023-01-23,Puerta del Diablo,Nicaragua,41
13426,2021-07-24,Apulo,Costa Rica,78
13427,2023-04-26,Amulapa,Honduras,24
13428,2023-01-27,Cerro Verde,Honduras,13
13429,2024-06-13,Puerta del Diablo,Guatemala,52
13430,2024-04-07,Amulapa,Mexico,75
13431,2021-12-02,Amulapa,Honduras,75
13432,2023-04-07,Apulo,Honduras,48
13433,2022-08-03,Puerta del Diablo,Estados Unidos,39
13434,2024-05-22,Amulapa,Mexico,69
13435,2021-12-26,Amulapa,Guatemala,42
13436,2022-06-04,Puerta del Diablo,Mexico,34
13437,2021-04-10,Apulo,Costa Rica,26
13438,2021-01-15,Cerro Verde,Costa Rica,39
13439,2023-08-28,Cerro Verde,Guatemala,76
13440,2024-09-03,Puerta del Diablo,Guatemala,40
13441,2021-08-30,Balboa,Estados Unidos,40
13442,2024-06-01,Sunset Park,Canada,8
13443,2024-01-09,Sunset Park,Honduras,63
13444,2024-08-11,Sunset Park,España,55
13445,2022-09-07,Sunset Park,Guatemala,11
13446,2022-01-22,Apulo,Guatemala,77
13447,2021-02-22,Cerro Verde,Guatemala,8
13448,2022-03-15,Amulapa,Guatemala,33
13449,2021-05-06,Puerta del Diablo,Mexico,55
13450,2022-01-31,Cerro Verde,España,6
13451,2022-09-03,Sunset Park,Mexico,49
13452,2021-04-29,Puerta del Diablo,Estados Unidos,58
13453,2021-10-18,Amulapa,Costa Rica,44
13454,2022-02-07,Amulapa,Nicaragua,22
13455,2021-05-28,Cerro Verde,Honduras,60
13456,2024-01-04,Puerta del Diablo,Canada,52
13457,2023-10-11,Balboa,Costa Rica,49
13458,2022-10-30,Balboa,Guatemala,24
13459,2021-05-25,Cerro Verde,España,57
13460,2024-03-09,Sunset Park,Nicaragua,62
13461,2022-03-29,Puerta del Diablo,Canada,61
13462,2023-07-24,Cerro Verde,Nicaragua,76
13463,2024-12-04,Sunset Park,Nicaragua,10
13464,2024-05-23,Sunset Park,Guatemala,72
13465,2021-07-23,Apulo,España,15
13466,2021-07-18,Balboa,Honduras,51
13467,2023-06-27,Sunset Park,España,51
13468,2022-05-06,Puerta del Diablo,Honduras,48
13469,2023-11-14,Puerta del Diablo,Guatemala,25
13470,2022-08-20,Balboa,España,31
13471,2024-05-12,Balboa,Estados Unidos,54
13472,2023-08-18,Sunset Park,Estados Unidos,19
13473,2021-02-14,Apulo,España,26
13474,2022-10-30,Amulapa,Nicaragua,56
13475,2023-01-08,Balboa,Guatemala,54
13476,2021-02-06,Balboa,Canada,63
13477,2022-12-11,Puerta del Diablo,Estados Unidos,57
13478,2024-11-08,Balboa,Mexico,51
13479,2022-01-10,Amulapa,España,32
13480,2023-06-19,Puerta del Diablo,España,26
13481,2021-04-14,Sunset Park,Honduras,28
13482,2023-12-18,Amulapa,Mexico,25
13483,2023-04-10,Puerta del Diablo,Canada,74
13484,2021-09-26,Cerro Verde,España,43
13485,2024-09-26,Puerta del Diablo,Mexico,57
13486,2021-11-13,Apulo,Estados Unidos,24
13487,2023-01-08,Sunset Park,Honduras,13
13488,2023-09-12,Puerta del Diablo,España,44
13489,2024-02-23,Balboa,Costa Rica,66
13490,2022-04-16,Amulapa,Mexico,40
13491,2022-06-02,Cerro Verde,Honduras,46
13492,2022-06-14,Puerta del Diablo,Mexico,15
13493,2021-10-23,Sunset Park,España,19
13494,2022-06-30,Cerro Verde,Honduras,24
13495,2022-04-08,Cerro Verde,Guatemala,19
13496,2024-01-24,Balboa,Canada,55
13497,2023-12-12,Balboa,Canada,42
13498,2024-03-01,Sunset Park,Estados Unidos,18
13499,2024-07-03,Cerro Verde,Guatemala,63
13500,2022-07-31,Sunset Park,Honduras,55
13501,2023-12-04,Sunset Park,Estados Unidos,8
13502,2024-08-10,Puerta del Diablo,Estados Unidos,61
13503,2022-12-30,Apulo,España,64
13504,2024-03-15,Amulapa,Canada,8
13505,2022-04-05,Puerta del Diablo,Nicaragua,70
13506,2022-10-13,Balboa,Costa Rica,67
13507,2021-01-05,Balboa,Guatemala,69
13508,2023-08-15,Apulo,Mexico,43
13509,2022-10-09,Sunset Park,España,6
13510,2022-03-19,Apulo,Estados Unidos,12
13511,2021-10-20,Cerro Verde,Mexico,22
13512,2022-03-21,Cerro Verde,España,71
13513,2022-05-16,Sunset Park,Canada,51
13514,2021-06-10,Cerro Verde,Guatemala,77
13515,2024-05-09,Apulo,Nicaragua,33
13516,2021-08-27,Sunset Park,Estados Unidos,34
13517,2023-09-27,Puerta del Diablo,Nicaragua,49
13518,2021-05-25,Sunset Park,España,63
13519,2024-02-01,Cerro Verde,Costa Rica,79
13520,2021-11-29,Sunset Park,Canada,54
13521,2023-10-24,Apulo,Nicaragua,63
13522,2021-06-14,Puerta del Diablo,España,59
13523,2021-06-23,Puerta del Diablo,Honduras,61
13524,2023-08-24,Amulapa,Nicaragua,42
13525,2022-11-05,Puerta del Diablo,Costa Rica,7
13526,2023-05-17,Puerta del Diablo,Canada,16
13527,2022-07-05,Amulapa,Costa Rica,31
13528,2024-07-15,Balboa,Mexico,76
13529,2023-07-13,Amulapa,Nicaragua,25
13530,2022-02-27,Sunset Park,Honduras,14
13531,2022-12-07,Cerro Verde,Guatemala,21
13532,2021-06-16,Amulapa,España,17
13533,2022-09-17,Apulo,España,11
13534,2021-08-05,Apulo,Costa Rica,10
13535,2022-08-26,Amulapa,Estados Unidos,55
13536,2022-01-16,Apulo,Costa Rica,33
13537,2024-08-28,Cerro Verde,Guatemala,41
13538,2023-03-13,Balboa,Honduras,20
13539,2024-07-03,Cerro Verde,Costa Rica,28
13540,2021-09-06,Apulo,España,33
13541,2022-02-16,Amulapa,Mexico,78
13542,2022-05-06,Sunset Park,Estados Unidos,75
13543,2021-03-03,Puerta del Diablo,Mexico,40
13544,2022-07-12,Apulo,España,76
13545,2024-12-05,Cerro Verde,Guatemala,9
13546,2024-01-02,Apulo,Estados Unidos,16
13547,2023-05-11,Amulapa,Mexico,68
13548,2023-03-31,Apulo,Canada,75
13549,2023-05-21,Puerta del Diablo,Estados Unidos,49
13550,2023-10-13,Balboa,Guatemala,24
13551,2024-06-08,Apulo,España,60
13552,2023-01-12,Apulo,Mexico,23
13553,2024-08-08,Puerta del Diablo,España,62
13554,2021-05-31,Puerta del Diablo,Costa Rica,40
13555,2021-11-17,Cerro Verde,Canada,58
13556,2023-04-15,Amulapa,Estados Unidos,54
13557,2024-01-16,Cerro Verde,Estados Unidos,9
13558,2022-10-30,Apulo,Mexico,65
13559,2024-10-04,Balboa,Guatemala,52
13560,2021-08-13,Sunset Park,Honduras,53
13561,2022-02-20,Balboa,Estados Unidos,36
13562,2022-01-10,Puerta del Diablo,Mexico,20
13563,2024-06-16,Amulapa,Mexico,72
13564,2024-04-13,Apulo,España,27
13565,2022-11-18,Puerta del Diablo,Canada,22
13566,2021-09-10,Sunset Park,Mexico,69
13567,2023-06-06,Balboa,Honduras,52
13568,2024-06-28,Apulo,Nicaragua,26
13569,2022-05-26,Puerta del Diablo,Canada,17
13570,2023-01-07,Puerta del Diablo,Mexico,33
13571,2023-08-21,Apulo,Costa Rica,22
13572,2021-06-11,Sunset Park,España,49
13573,2024-04-15,Apulo,Honduras,58
13574,2024-12-06,Apulo,Nicaragua,45
13575,2024-11-16,Apulo,Honduras,69
13576,2022-12-14,Puerta del Diablo,Mexico,54
13577,2023-06-20,Balboa,Estados Unidos,33
13578,2022-07-19,Amulapa,Mexico,19
13579,2021-10-18,Balboa,Costa Rica,78
13580,2023-10-20,Balboa,Costa Rica,34
13581,2024-12-11,Balboa,Costa Rica,35
13582,2022-06-09,Balboa,Canada,36
13583,2023-10-20,Balboa,Honduras,55
13584,2022-09-11,Cerro Verde,Mexico,26
13585,2022-06-20,Cerro Verde,Guatemala,59
13586,2022-05-18,Amulapa,Canada,53
13587,2024-06-20,Amulapa,Honduras,31
13588,2024-09-24,Puerta del Diablo,Canada,14
13589,2022-06-07,Apulo,Costa Rica,12
13590,2023-05-15,Cerro Verde,Honduras,40
13591,2024-08-02,Cerro Verde,España,17
13592,2024-03-11,Puerta del Diablo,Mexico,56
13593,2021-03-06,Balboa,España,42
13594,2024-01-24,Balboa,España,44
13595,2021-06-02,Apulo,Honduras,36
13596,2024-12-03,Balboa,Honduras,49
13597,2024-08-23,Amulapa,Honduras,23
13598,2021-09-03,Cerro Verde,España,73
13599,2021-01-18,Amulapa,Mexico,71
13600,2023-12-04,Cerro Verde,Mexico,33
13601,2022-07-24,Amulapa,Mexico,14
13602,2022-07-20,Cerro Verde,España,17
13603,2024-08-06,Sunset Park,Canada,53
13604,2022-10-16,Balboa,Costa Rica,76
13605,2021-04-19,Sunset Park,Costa Rica,24
13606,2023-12-04,Balboa,Mexico,40
13607,2021-06-04,Amulapa,Canada,29
13608,2021-03-05,Cerro Verde,Nicaragua,22
13609,2021-08-11,Apulo,Estados Unidos,71
13610,2023-03-22,Apulo,Costa Rica,38
13611,2024-11-10,Apulo,Costa Rica,63
13612,2022-07-20,Sunset Park,Mexico,42
13613,2023-03-11,Amulapa,Honduras,47
13614,2024-08-09,Sunset Park,Canada,9
13615,2022-09-02,Puerta del Diablo,España,44
13616,2022-05-20,Balboa,Costa Rica,23
13617,2021-02-03,Sunset Park,Honduras,6
13618,2022-04-23,Apulo,Guatemala,55
13619,2021-06-01,Amulapa,Mexico,65
13620,2023-07-18,Balboa,Estados Unidos,37
13621,2024-07-29,Apulo,Costa Rica,9
13622,2023-02-04,Amulapa,Nicaragua,5
13623,2023-03-20,Amulapa,Estados Unidos,68
13624,2021-12-22,Sunset Park,Guatemala,13
13625,2023-12-01,Apulo,España,16
13626,2023-10-27,Balboa,España,78
13627,2024-11-25,Balboa,Estados Unidos,64
13628,2023-05-06,Sunset Park,Costa Rica,26
13629,2022-06-20,Balboa,Mexico,24
13630,2024-09-29,Cerro Verde,Canada,31
13631,2021-12-12,Cerro Verde,Guatemala,58
13632,2024-10-03,Cerro Verde,Costa Rica,15
13633,2024-03-17,Amulapa,Canada,49
13634,2021-09-06,Cerro Verde,Honduras,14
13635,2021-11-03,Puerta del Diablo,Mexico,10
13636,2024-04-22,Apulo,Mexico,73
13637,2021-08-06,Balboa,Guatemala,70
13638,2024-02-09,Cerro Verde,Canada,5
13639,2022-11-03,Cerro Verde,Nicaragua,14
13640,2021-05-29,Amulapa,Mexico,48
13641,2021-03-02,Sunset Park,Mexico,26
13642,2024-05-12,Sunset Park,Nicaragua,10
13643,2024-12-13,Balboa,Estados Unidos,21
13644,2024-02-15,Puerta del Diablo,Canada,71
13645,2024-08-29,Apulo,Costa Rica,39
13646,2024-10-04,Puerta del Diablo,Guatemala,28
13647,2024-11-27,Sunset Park,Nicaragua,58
13648,2021-10-01,Balboa,Estados Unidos,7
13649,2024-08-28,Amulapa,Nicaragua,45
13650,2023-02-25,Amulapa,España,32
13651,2022-03-04,Cerro Verde,Mexico,74
13652,2023-04-09,Puerta del Diablo,Estados Unidos,40
13653,2022-07-13,Balboa,Estados Unidos,77
13654,2022-11-20,Amulapa,Mexico,66
13655,2023-09-03,Amulapa,Honduras,27
13656,2023-05-26,Amulapa,Honduras,51
13657,2024-02-20,Balboa,Guatemala,21
13658,2021-07-06,Amulapa,Honduras,45
13659,2024-08-28,Cerro Verde,Nicaragua,9
13660,2022-05-15,Puerta del Diablo,Mexico,66
13661,2024-11-17,Cerro Verde,Nicaragua,61
13662,2021-02-02,Sunset Park,España,70
13663,2024-05-11,Amulapa,Estados Unidos,9
13664,2021-09-10,Balboa,Costa Rica,70
13665,2022-04-30,Cerro Verde,Guatemala,19
13666,2024-08-02,Cerro Verde,Nicaragua,30
13667,2022-05-02,Puerta del Diablo,Honduras,12
13668,2021-10-29,Cerro Verde,Mexico,49
13669,2023-06-24,Cerro Verde,Honduras,66
13670,2024-07-26,Apulo,Costa Rica,20
13671,2021-04-23,Sunset Park,Mexico,26
13672,2022-05-01,Amulapa,Honduras,53
13673,2021-01-04,Sunset Park,Canada,60
13674,2021-02-13,Cerro Verde,Honduras,27
13675,2021-06-18,Sunset Park,Guatemala,12
13676,2024-08-18,Amulapa,Nicaragua,75
13677,2024-07-30,Amulapa,Mexico,30
13678,2024-11-19,Apulo,Costa Rica,26
13679,2022-08-20,Cerro Verde,Honduras,57
13680,2023-10-16,Puerta del Diablo,Honduras,30
13681,2022-01-16,Amulapa,España,40
13682,2021-03-29,Balboa,Canada,39
13683,2021-05-28,Amulapa,Canada,77
13684,2024-02-03,Apulo,Honduras,70
13685,2024-05-26,Amulapa,España,7
13686,2021-01-31,Sunset Park,España,49
13687,2023-06-03,Balboa,Estados Unidos,75
13688,2022-12-21,Amulapa,España,40
13689,2023-12-08,Sunset Park,Estados Unidos,30
13690,2024-12-30,Balboa,Honduras,40
13691,2021-05-24,Amulapa,España,60
13692,2024-12-02,Balboa,Costa Rica,67
13693,2021-07-17,Balboa,Canada,11
13694,2022-05-03,Apulo,Costa Rica,48
13695,2023-04-28,Amulapa,Estados Unidos,62
13696,2023-01-31,Cerro Verde,Nicaragua,38
13697,2024-01-29,Amulapa,Canada,30
13698,2021-06-16,Puerta del Diablo,Guatemala,50
13699,2022-02-03,Sunset Park,España,13
13700,2024-06-09,Balboa,Nicaragua,44
13701,2024-06-19,Sunset Park,Honduras,39
13702,2023-02-11,Amulapa,Canada,49
13703,2023-04-26,Cerro Verde,Nicaragua,41
13704,2022-01-19,Amulapa,Nicaragua,17
13705,2024-02-22,Balboa,Honduras,48
13706,2024-11-30,Sunset Park,Nicaragua,47
13707,2022-06-16,Balboa,Honduras,14
13708,2021-01-04,Cerro Verde,Mexico,60
13709,2024-06-21,Puerta del Diablo,Nicaragua,51
13710,2023-01-08,Amulapa,Guatemala,50
13711,2021-12-04,Puerta del Diablo,Canada,6
13712,2022-01-05,Amulapa,Canada,21
13713,2022-11-19,Puerta del Diablo,Canada,74
13714,2021-07-02,Apulo,Estados Unidos,67
13715,2023-01-21,Puerta del Diablo,Nicaragua,63
13716,2024-09-25,Puerta del Diablo,Estados Unidos,59
13717,2024-01-19,Cerro Verde,España,14
13718,2022-08-06,Sunset Park,Guatemala,19
13719,2022-07-20,Amulapa,Nicaragua,55
13720,2023-11-14,Balboa,Canada,51
13721,2023-06-26,Cerro Verde,Estados Unidos,22
13722,2022-02-04,Balboa,España,9
13723,2023-12-25,Cerro Verde,Canada,44
13724,2023-09-15,Amulapa,Canada,25
13725,2021-09-03,Apulo,Canada,53
13726,2024-04-18,Balboa,Nicaragua,33
13727,2022-09-05,Apulo,Nicaragua,79
13728,2023-11-24,Puerta del Diablo,Guatemala,20
13729,2024-04-16,Balboa,Costa Rica,48
13730,2021-10-11,Cerro Verde,Estados Unidos,75
13731,2022-12-14,Balboa,Estados Unidos,25
13732,2023-09-18,Cerro Verde,Estados Unidos,54
13733,2023-04-18,Puerta del Diablo,Honduras,28
13734,2022-07-26,Sunset Park,Nicaragua,40
13735,2023-04-06,Amulapa,Costa Rica,54
13736,2024-07-23,Cerro Verde,Costa Rica,7
13737,2022-02-28,Balboa,Nicaragua,56
13738,2024-02-11,Puerta del Diablo,Mexico,79
13739,2023-01-06,Sunset Park,Guatemala,38
13740,2023-06-20,Puerta del Diablo,Guatemala,27
13741,2021-10-21,Puerta del Diablo,Honduras,36
13742,2022-06-06,Sunset Park,Estados Unidos,13
13743,2024-10-12,Apulo,Nicaragua,30
13744,2022-09-15,Cerro Verde,Estados Unidos,51
13745,2021-07-12,Cerro Verde,Estados Unidos,19
13746,2024-05-14,Amulapa,Costa Rica,35
13747,2022-08-20,Amulapa,Honduras,32
13748,2022-06-02,Puerta del Diablo,Guatemala,56
13749,2024-02-10,Sunset Park,Honduras,13
13750,2023-11-07,Amulapa,Estados Unidos,9
13751,2023-11-16,Puerta del Diablo,Estados Unidos,20
13752,2024-03-04,Balboa,Honduras,62
13753,2024-08-20,Apulo,Nicaragua,37
13754,2021-03-20,Apulo,Honduras,20
13755,2024-04-02,Sunset Park,Guatemala,78
13756,2024-07-22,Apulo,Costa Rica,26
13757,2024-07-03,Sunset Park,Mexico,59
13758,2023-03-09,Cerro Verde,Guatemala,38
13759,2024-04-01,Balboa,Guatemala,51
13760,2023-01-19,Balboa,Mexico,75
13761,2024-04-23,Amulapa,Mexico,72
13762,2021-12-02,Sunset Park,Mexico,6
13763,2022-12-03,Cerro Verde,Guatemala,17
13764,2021-01-10,Cerro Verde,Honduras,16
13765,2021-04-10,Cerro Verde,Guatemala,65
13766,2021-05-26,Cerro Verde,Canada,76
13767,2022-08-09,Puerta del Diablo,Canada,44
13768,2024-06-21,Puerta del Diablo,Honduras,70
13769,2024-01-30,Apulo,Canada,10
13770,2022-10-06,Sunset Park,Honduras,10
13771,2021-09-09,Puerta del Diablo,España,26
13772,2021-10-07,Balboa,Costa Rica,19
13773,2023-04-12,Cerro Verde,Honduras,25
13774,2024-06-16,Sunset Park,Nicaragua,44
13775,2024-01-27,Balboa,España,76
13776,2021-12-10,Sunset Park,Estados Unidos,78
13777,2023-03-21,Sunset Park,Estados Unidos,20
13778,2023-10-01,Amulapa,Nicaragua,15
13779,2022-10-29,Sunset Park,España,62
13780,2024-04-23,Cerro Verde,Nicaragua,9
13781,2021-06-15,Amulapa,Nicaragua,34
13782,2023-12-12,Amulapa,Mexico,61
13783,2021-07-28,Amulapa,Canada,33
13784,2024-10-25,Puerta del Diablo,Canada,58
13785,2021-01-16,Apulo,España,69
13786,2022-06-23,Sunset Park,Estados Unidos,30
13787,2021-04-09,Sunset Park,Guatemala,23
13788,2023-08-03,Puerta del Diablo,Honduras,43
13789,2021-01-26,Puerta del Diablo,Nicaragua,8
13790,2023-06-21,Cerro Verde,España,24
13791,2022-09-14,Balboa,Canada,45
13792,2022-04-29,Cerro Verde,Canada,67
13793,2024-06-21,Puerta del Diablo,España,39
13794,2023-03-13,Sunset Park,España,72
13795,2024-03-03,Sunset Park,Estados Unidos,14
13796,2023-12-29,Amulapa,Nicaragua,50
13797,2022-11-10,Sunset Park,Guatemala,50
13798,2024-08-03,Apulo,Guatemala,43
13799,2023-07-24,Apulo,Honduras,61
13800,2022-09-10,Balboa,Canada,38
13801,2022-10-09,Balboa,Canada,41
13802,2024-02-17,Sunset Park,Canada,35
13803,2021-04-09,Balboa,Honduras,37
13804,2021-01-28,Balboa,Canada,79
13805,2021-04-01,Sunset Park,Mexico,19
13806,2022-08-05,Puerta del Diablo,Canada,77
13807,2021-02-09,Puerta del Diablo,España,75
13808,2021-01-18,Apulo,Nicaragua,6
13809,2022-01-10,Apulo,España,36
13810,2023-02-08,Cerro Verde,Honduras,58
13811,2021-10-02,Cerro Verde,Mexico,38
13812,2024-03-02,Amulapa,Costa Rica,30
13813,2024-09-15,Puerta del Diablo,Honduras,8
13814,2023-08-14,Apulo,Estados Unidos,18
13815,2024-11-19,Balboa,Honduras,76
13816,2021-09-17,Puerta del Diablo,Estados Unidos,42
13817,2022-05-23,Apulo,España,62
13818,2022-08-22,Apulo,Costa Rica,23
13819,2023-04-19,Sunset Park,España,66
13820,2021-07-26,Cerro Verde,Mexico,46
13821,2021-10-06,Puerta del Diablo,Mexico,30
13822,2022-04-04,Puerta del Diablo,Honduras,6
13823,2022-11-10,Balboa,Canada,21
13824,2023-11-21,Apulo,Estados Unidos,72
13825,2024-02-28,Cerro Verde,España,35
13826,2022-10-12,Cerro Verde,Canada,6
13827,2024-07-08,Balboa,Mexico,57
13828,2023-11-18,Balboa,Estados Unidos,52
13829,2021-05-16,Apulo,Costa Rica,73
13830,2024-09-09,Puerta del Diablo,Mexico,67
13831,2022-12-22,Puerta del Diablo,Costa Rica,54
13832,2021-04-03,Sunset Park,Guatemala,31
13833,2024-11-17,Puerta del Diablo,Nicaragua,38
13834,2024-08-12,Balboa,España,41
13835,2022-09-29,Puerta del Diablo,Mexico,40
13836,2024-03-06,Cerro Verde,Canada,78
13837,2024-10-13,Amulapa,Nicaragua,50
13838,2021-09-22,Amulapa,Mexico,46
13839,2024-06-21,Apulo,Nicaragua,74
13840,2021-06-29,Sunset Park,Canada,77
13841,2022-07-07,Puerta del Diablo,Guatemala,12
13842,2024-07-14,Sunset Park,Honduras,43
13843,2023-02-02,Sunset Park,Costa Rica,68
13844,2021-01-27,Balboa,Costa Rica,53
13845,2022-04-23,Puerta del Diablo,Honduras,48
13846,2021-05-14,Cerro Verde,España,30
13847,2021-12-19,Apulo,Mexico,31
13848,2023-02-04,Puerta del Diablo,Honduras,75
13849,2024-07-25,Balboa,Costa Rica,78
13850,2021-07-17,Puerta del Diablo,Mexico,14
13851,2024-10-08,Balboa,Canada,33
13852,2023-04-22,Balboa,Mexico,33
13853,2021-04-11,Cerro Verde,Canada,64
13854,2023-10-01,Balboa,Honduras,30
13855,2021-09-28,Sunset Park,Estados Unidos,35
13856,2021-03-28,Cerro Verde,Honduras,52
13857,2021-03-17,Amulapa,Mexico,16
13858,2024-05-18,Sunset Park,Nicaragua,66
13859,2021-08-27,Cerro Verde,Canada,66
13860,2021-04-23,Apulo,Mexico,78
13861,2023-02-23,Amulapa,Costa Rica,62
13862,2024-04-22,Cerro Verde,Canada,53
13863,2023-10-30,Sunset Park,Nicaragua,76
13864,2024-09-25,Balboa,Nicaragua,53
13865,2023-09-20,Balboa,Canada,75
13866,2022-06-25,Balboa,Estados Unidos,78
13867,2024-10-04,Cerro Verde,Costa Rica,28
13868,2022-07-10,Cerro Verde,España,59
13869,2024-02-26,Sunset Park,Honduras,19
13870,2021-05-25,Apulo,Honduras,37
13871,2023-09-19,Apulo,Canada,22
13872,2024-07-20,Amulapa,Canada,63
13873,2023-07-22,Amulapa,Guatemala,53
13874,2021-11-28,Cerro Verde,Canada,19
13875,2021-08-01,Puerta del Diablo,Costa Rica,65
13876,2023-04-14,Amulapa,Nicaragua,79
13877,2022-05-23,Amulapa,Canada,30
13878,2024-03-17,Cerro Verde,Nicaragua,70
13879,2023-01-22,Cerro Verde,Estados Unidos,25
13880,2024-01-10,Apulo,Estados Unidos,18
13881,2023-12-13,Apulo,Honduras,12
13882,2023-09-06,Sunset Park,Honduras,45
13883,2021-03-10,Amulapa,Canada,32
13884,2024-07-17,Puerta del Diablo,España,23
13885,2023-07-24,Balboa,Nicaragua,78
13886,2024-09-21,Apulo,Guatemala,75
13887,2024-07-07,Puerta del Diablo,Estados Unidos,41
13888,2023-06-25,Puerta del Diablo,Canada,27
13889,2023-08-05,Sunset Park,Mexico,70
13890,2024-12-08,Amulapa,Canada,66
13891,2021-09-10,Balboa,España,60
13892,2023-03-03,Sunset Park,Estados Unidos,57
13893,2023-08-16,Puerta del Diablo,España,19
13894,2023-07-17,Amulapa,Mexico,79
13895,2024-11-16,Sunset Park,Costa Rica,5
13896,2023-01-03,Balboa,Mexico,33
13897,2024-05-16,Cerro Verde,Honduras,47
13898,2022-12-10,Amulapa,España,36
13899,2023-06-30,Apulo,Mexico,61
13900,2024-08-31,Balboa,España,6
13901,2022-12-25,Sunset Park,Costa Rica,46
13902,2021-05-17,Apulo,Costa Rica,39
13903,2023-11-18,Cerro Verde,Guatemala,50
13904,2021-08-19,Sunset Park,Honduras,43
13905,2022-03-10,Apulo,España,55
13906,2023-12-04,Apulo,Honduras,49
13907,2021-03-12,Amulapa,Mexico,43
13908,2021-05-31,Apulo,Nicaragua,41
13909,2021-10-07,Cerro Verde,Guatemala,13
13910,2021-02-25,Cerro Verde,Costa Rica,45
13911,2023-11-12,Cerro Verde,Honduras,54
13912,2021-07-23,Balboa,Canada,53
13913,2024-10-01,Puerta del Diablo,Mexico,14
13914,2023-01-23,Amulapa,Canada,17
13915,2021-09-05,Puerta del Diablo,España,6
13916,2024-08-05,Puerta del Diablo,Costa Rica,28
13917,2024-11-03,Puerta del Diablo,Costa Rica,70
13918,2024-08-13,Cerro Verde,Nicaragua,12
13919,2021-02-08,Puerta del Diablo,Canada,71
13920,2024-02-28,Cerro Verde,Estados Unidos,7
13921,2021-07-04,Amulapa,Nicaragua,46
13922,2021-09-06,Sunset Park,Estados Unidos,42
13923,2023-11-07,Cerro Verde,Honduras,18
13924,2023-11-01,Balboa,Nicaragua,55
13925,2022-10-07,Puerta del Diablo,Guatemala,61
13926,2023-06-10,Cerro Verde,Mexico,77
13927,2022-07-30,Sunset Park,España,21
13928,2021-10-24,Apulo,Mexico,23
13929,2023-01-01,Sunset Park,Costa Rica,67
13930,2024-08-29,Puerta del Diablo,España,43
13931,2024-04-29,Balboa,Costa Rica,39
13932,2022-10-29,Cerro Verde,Estados Unidos,34
13933,2021-02-24,Cerro Verde,Mexico,45
13934,2021-01-30,Apulo,Honduras,27
13935,2024-03-31,Balboa,España,17
13936,2023-12-02,Cerro Verde,Costa Rica,66
13937,2021-10-07,Cerro Verde,Honduras,66
13938,2023-06-27,Cerro Verde,Guatemala,14
13939,2024-08-01,Apulo,España,70
13940,2023-12-20,Puerta del Diablo,Estados Unidos,72
13941,2023-04-04,Apulo,Guatemala,47
13942,2021-02-15,Amulapa,España,12
13943,2022-12-14,Apulo,Canada,75
13944,2022-11-29,Sunset Park,Estados Unidos,48
13945,2022-02-02,Cerro Verde,Canada,65
13946,2021-10-02,Amulapa,Costa Rica,12
13947,2023-01-20,Puerta del Diablo,Costa Rica,64
13948,2022-11-28,Sunset Park,Nicaragua,60
13949,2023-10-19,Cerro Verde,Guatemala,20
13950,2022-02-18,Amulapa,Guatemala,34
13951,2024-01-04,Cerro Verde,Nicaragua,25
13952,2021-04-18,Apulo,Costa Rica,32
13953,2024-06-01,Balboa,Guatemala,10
13954,2024-01-29,Sunset Park,Canada,52
13955,2022-11-08,Amulapa,Nicaragua,53
13956,2024-07-22,Apulo,Honduras,12
13957,2024-04-12,Amulapa,Guatemala,39
13958,2023-09-07,Sunset Park,Nicaragua,78
13959,2023-07-08,Cerro Verde,Nicaragua,76
13960,2021-07-14,Apulo,Costa Rica,36
13961,2023-03-23,Puerta del Diablo,España,18
13962,2023-05-18,Amulapa,Guatemala,73
13963,2023-05-04,Amulapa,Guatemala,34
13964,2021-09-30,Cerro Verde,Costa Rica,33
13965,2022-02-27,Amulapa,Mexico,49
13966,2023-08-11,Sunset Park,Estados Unidos,57
13967,2022-09-18,Puerta del Diablo,Mexico,37
13968,2021-03-07,Sunset Park,Estados Unidos,76
13969,2023-08-24,Cerro Verde,Estados Unidos,61
13970,2024-02-03,Puerta del Diablo,Canada,44
13971,2022-12-07,Amulapa,Canada,31
13972,2024-02-14,Cerro Verde,España,32
13973,2023-10-12,Cerro Verde,España,69
13974,2023-04-11,Apulo,Nicaragua,64
13975,2023-02-10,Cerro Verde,Mexico,18
13976,2023-10-26,Balboa,Guatemala,60
13977,2023-05-19,Puerta del Diablo,Guatemala,64
13978,2023-06-25,Cerro Verde,Mexico,13
13979,2023-10-10,Balboa,Honduras,43
13980,2024-09-20,Puerta del Diablo,Estados Unidos,9
13981,2022-05-07,Cerro Verde,Nicaragua,76
13982,2021-12-18,Apulo,Honduras,58
13983,2021-08-22,Puerta del Diablo,Costa Rica,75
13984,2023-06-20,Cerro Verde,Nicaragua,51
13985,2024-02-06,Amulapa,España,61
13986,2023-04-25,Puerta del Diablo,Honduras,63
13987,2022-10-13,Apulo,Costa Rica,11
13988,2023-11-24,Puerta del Diablo,España,79
13989,2023-03-13,Amulapa,España,40
13990,2021-07-02,Balboa,Nicaragua,59
13991,2023-01-24,Sunset Park,Costa Rica,47
13992,2021-01-27,Apulo,Mexico,14
13993,2022-05-05,Puerta del Diablo,Guatemala,27
13994,2021-10-13,Puerta del Diablo,Guatemala,45
13995,2024-04-01,Balboa,Nicaragua,45
13996,2022-10-05,Puerta del Diablo,Canada,28
13997,2023-10-01,Amulapa,Costa Rica,51
13998,2024-03-21,Puerta del Diablo,Estados Unidos,5
13999,2023-01-31,Amulapa,Costa Rica,9
14000,2021-02-09,Amulapa,España,70
14001,2024-08-01,Balboa,Honduras,13
14002,2023-04-24,Cerro Verde,Nicaragua,38
14003,2024-12-15,Sunset Park,Honduras,56
14004,2021-01-20,Balboa,Honduras,5
14005,2023-02-09,Balboa,Costa Rica,12
14006,2021-07-19,Balboa,Nicaragua,45
14007,2024-02-22,Cerro Verde,Costa Rica,16
14008,2022-06-23,Sunset Park,Estados Unidos,6
14009,2024-03-30,Sunset Park,Estados Unidos,77
14010,2022-07-08,Puerta del Diablo,Canada,46
14011,2021-11-29,Balboa,Guatemala,74
14012,2022-12-28,Cerro Verde,Costa Rica,5
14013,2024-05-28,Amulapa,España,40
14014,2021-09-25,Cerro Verde,Estados Unidos,42
14015,2021-01-02,Cerro Verde,Estados Unidos,21
14016,2022-05-16,Balboa,España,63
14017,2022-04-06,Apulo,Estados Unidos,7
14018,2024-07-17,Apulo,Guatemala,20
14019,2021-06-24,Amulapa,Mexico,74
14020,2022-06-18,Balboa,Canada,38
14021,2021-08-14,Amulapa,Nicaragua,38
14022,2021-11-17,Puerta del Diablo,Nicaragua,44
14023,2023-01-18,Amulapa,España,39
14024,2023-08-22,Puerta del Diablo,Costa Rica,72
14025,2021-07-27,Amulapa,España,29
14026,2022-08-08,Puerta del Diablo,Mexico,21
14027,2021-06-15,Cerro Verde,Canada,17
14028,2022-06-27,Cerro Verde,Nicaragua,15
14029,2022-07-23,Sunset Park,Estados Unidos,31
14030,2024-11-30,Cerro Verde,Estados Unidos,54
14031,2023-06-17,Cerro Verde,Nicaragua,58
14032,2022-05-12,Cerro Verde,Nicaragua,16
14033,2024-03-12,Puerta del Diablo,Estados Unidos,21
14034,2021-07-01,Apulo,Mexico,31
14035,2024-11-26,Puerta del Diablo,Mexico,57
14036,2021-09-01,Sunset Park,Mexico,75
14037,2023-06-23,Balboa,Costa Rica,36
14038,2022-05-13,Balboa,Nicaragua,51
14039,2021-06-05,Sunset Park,Honduras,10
14040,2023-11-17,Cerro Verde,Nicaragua,46
14041,2022-06-23,Puerta del Diablo,Nicaragua,58
14042,2023-04-22,Amulapa,Guatemala,69
14043,2022-09-12,Apulo,Guatemala,22
14044,2022-08-31,Sunset Park,Estados Unidos,73
14045,2022-01-31,Amulapa,España,68
14046,2024-06-18,Puerta del Diablo,Mexico,33
14047,2022-10-29,Puerta del Diablo,Nicaragua,36
14048,2022-12-17,Amulapa,Canada,46
14049,2024-12-09,Puerta del Diablo,España,26
14050,2022-02-21,Puerta del Diablo,Canada,36
14051,2023-06-28,Puerta del Diablo,Mexico,52
14052,2022-08-29,Amulapa,Estados Unidos,24
14053,2021-08-28,Balboa,Guatemala,13
14054,2023-04-06,Cerro Verde,España,5
14055,2024-02-10,Sunset Park,Estados Unidos,77
14056,2023-10-28,Cerro Verde,Honduras,10
14057,2021-09-15,Cerro Verde,Honduras,17
14058,2024-09-07,Cerro Verde,Mexico,11
14059,2024-03-04,Amulapa,Mexico,51
14060,2023-10-06,Sunset Park,Honduras,42
14061,2024-09-05,Cerro Verde,Honduras,77
14062,2024-05-05,Puerta del Diablo,Mexico,62
14063,2022-03-16,Cerro Verde,Honduras,58
14064,2024-03-01,Apulo,Costa Rica,69
14065,2024-04-06,Amulapa,Costa Rica,19
14066,2022-05-25,Apulo,Costa Rica,43
14067,2024-09-19,Puerta del Diablo,Estados Unidos,70
14068,2021-11-17,Apulo,España,62
14069,2022-10-18,Apulo,España,15
14070,2023-03-03,Balboa,Mexico,41
14071,2021-03-29,Cerro Verde,Mexico,64
14072,2023-02-09,Puerta del Diablo,Costa Rica,13
14073,2021-07-13,Amulapa,Honduras,14
14074,2024-12-29,Balboa,Honduras,65
14075,2022-12-30,Puerta del Diablo,Guatemala,49
14076,2023-06-09,Balboa,Guatemala,75
14077,2022-09-01,Amulapa,Estados Unidos,51
14078,2022-12-07,Puerta del Diablo,Nicaragua,75
14079,2023-03-06,Puerta del Diablo,Honduras,37
14080,2022-03-15,Apulo,Guatemala,26
14081,2022-03-25,Sunset Park,Nicaragua,61
14082,2023-06-04,Apulo,Canada,76
14083,2024-02-20,Balboa,Estados Unidos,24
14084,2022-05-06,Cerro Verde,Honduras,59
14085,2021-03-15,Cerro Verde,Canada,62
14086,2024-07-18,Balboa,Mexico,49
14087,2022-06-03,Apulo,España,19
14088,2021-11-17,Cerro Verde,España,31
14089,2022-08-14,Apulo,Honduras,48
14090,2024-05-06,Sunset Park,España,61
14091,2023-09-08,Balboa,Mexico,69
14092,2023-04-19,Apulo,Guatemala,69
14093,2024-04-28,Puerta del Diablo,Honduras,73
14094,2024-01-26,Cerro Verde,Canada,37
14095,2022-02-05,Puerta del Diablo,Mexico,50
14096,2021-07-09,Cerro Verde,España,17
14097,2022-07-05,Balboa,Canada,46
14098,2023-01-11,Balboa,Nicaragua,68
14099,2023-04-21,Apulo,Canada,13
14100,2024-12-21,Balboa,España,78
14101,2023-01-22,Balboa,Honduras,7
14102,2021-02-27,Balboa,Canada,56
14103,2023-05-23,Amulapa,Honduras,43
14104,2023-03-26,Amulapa,Mexico,18
14105,2022-05-08,Amulapa,España,45
14106,2023-01-21,Puerta del Diablo,Mexico,6
14107,2023-04-04,Puerta del Diablo,Nicaragua,63
14108,2024-06-01,Balboa,Costa Rica,73
14109,2021-08-10,Cerro Verde,Nicaragua,48
14110,2021-04-23,Balboa,Costa Rica,19
14111,2021-05-28,Cerro Verde,Mexico,53
14112,2022-02-28,Amulapa,Estados Unidos,72
14113,2021-04-30,Apulo,Costa Rica,20
14114,2023-10-11,Sunset Park,Nicaragua,27
14115,2023-02-16,Puerta del Diablo,Honduras,63
14116,2021-02-22,Puerta del Diablo,Nicaragua,36
14117,2023-12-14,Apulo,Nicaragua,37
14118,2024-07-23,Amulapa,España,41
14119,2023-02-06,Amulapa,Guatemala,31
14120,2021-12-11,Apulo,Mexico,46
14121,2023-11-27,Cerro Verde,Costa Rica,68
14122,2022-03-31,Puerta del Diablo,Guatemala,34
14123,2023-02-15,Sunset Park,Honduras,73
14124,2023-07-21,Balboa,Mexico,79
14125,2021-01-07,Amulapa,España,11
14126,2021-11-21,Balboa,Mexico,49
14127,2024-04-22,Sunset Park,Canada,33
14128,2023-07-22,Balboa,Honduras,5
14129,2021-11-04,Puerta del Diablo,Mexico,67
14130,2022-07-31,Sunset Park,Canada,26
14131,2021-03-12,Cerro Verde,Estados Unidos,7
14132,2021-12-09,Apulo,Canada,63
14133,2024-12-15,Cerro Verde,Canada,58
14134,2024-01-21,Puerta del Diablo,Mexico,59
14135,2024-06-06,Apulo,Honduras,73
14136,2022-01-03,Apulo,Estados Unidos,43
14137,2024-07-09,Puerta del Diablo,Nicaragua,12
14138,2022-01-12,Amulapa,Mexico,14
14139,2023-03-22,Balboa,Costa Rica,23
14140,2021-09-21,Puerta del Diablo,Guatemala,37
14141,2023-12-16,Amulapa,Canada,47
14142,2022-05-26,Cerro Verde,España,51
14143,2023-09-28,Sunset Park,Canada,11
14144,2021-11-21,Sunset Park,Honduras,71
14145,2021-04-21,Puerta del Diablo,España,12
14146,2022-12-09,Balboa,Honduras,78
14147,2023-11-09,Cerro Verde,Mexico,35
14148,2022-11-08,Sunset Park,Estados Unidos,51
14149,2022-10-12,Puerta del Diablo,España,38
14150,2021-05-16,Puerta del Diablo,Mexico,17
14151,2024-12-28,Balboa,Canada,38
14152,2024-03-08,Balboa,España,11
14153,2024-11-13,Cerro Verde,Guatemala,64
14154,2024-08-26,Balboa,Mexico,16
14155,2021-12-03,Amulapa,Nicaragua,64
14156,2023-03-03,Amulapa,Guatemala,29
14157,2021-05-08,Balboa,Costa Rica,7
14158,2023-05-26,Balboa,Mexico,44
14159,2023-01-16,Balboa,España,70
14160,2024-02-06,Apulo,Canada,43
14161,2021-05-07,Cerro Verde,Canada,76
14162,2024-10-01,Balboa,Guatemala,33
14163,2022-12-08,Apulo,Nicaragua,79
14164,2024-08-15,Balboa,Guatemala,48
14165,2021-02-05,Puerta del Diablo,Mexico,62
14166,2022-07-21,Amulapa,Honduras,8
14167,2024-06-25,Balboa,Guatemala,20
14168,2024-11-16,Amulapa,Estados Unidos,39
14169,2021-05-17,Amulapa,Honduras,43
14170,2021-04-30,Sunset Park,Guatemala,14
14171,2022-11-26,Balboa,Honduras,52
14172,2022-11-15,Apulo,Nicaragua,10
14173,2023-09-10,Cerro Verde,Honduras,23
14174,2024-05-20,Balboa,España,67
14175,2023-05-19,Amulapa,Estados Unidos,58
14176,2024-11-22,Cerro Verde,Mexico,32
14177,2023-05-25,Amulapa,Guatemala,76
14178,2022-05-06,Sunset Park,Canada,15
14179,2024-03-12,Puerta del Diablo,Canada,46
14180,2024-10-23,Puerta del Diablo,España,5
14181,2021-04-11,Apulo,Honduras,59
14182,2022-07-14,Sunset Park,Estados Unidos,46
14183,2021-08-20,Balboa,Guatemala,14
14184,2024-05-08,Amulapa,Canada,45
14185,2021-10-05,Cerro Verde,Guatemala,50
14186,2024-08-19,Sunset Park,Honduras,15
14187,2023-09-27,Puerta del Diablo,Guatemala,15
14188,2023-06-22,Apulo,Costa Rica,8
14189,2021-08-18,Apulo,Canada,19
14190,2023-06-19,Amulapa,Nicaragua,11
14191,2023-08-11,Apulo,Mexico,72
14192,2023-05-04,Puerta del Diablo,Guatemala,30
14193,2021-09-05,Cerro Verde,España,71
14194,2023-01-23,Amulapa,Costa Rica,38
14195,2021-03-18,Cerro Verde,España,34
14196,2023-03-23,Sunset Park,Nicaragua,42
14197,2021-06-14,Cerro Verde,España,79
14198,2021-03-11,Puerta del Diablo,Canada,76
14199,2021-01-02,Sunset Park,Honduras,35
14200,2023-07-20,Cerro Verde,Honduras,76
14201,2021-01-21,Puerta del Diablo,Guatemala,41
14202,2021-09-08,Cerro Verde,Costa Rica,64
14203,2023-05-03,Apulo,Costa Rica,44
14204,2024-04-13,Balboa,Honduras,68
14205,2023-11-21,Balboa,Canada,9
14206,2022-02-02,Cerro Verde,Canada,78
14207,2024-03-05,Amulapa,Nicaragua,60
14208,2021-08-08,Balboa,Nicaragua,76
14209,2023-12-02,Sunset Park,España,29
14210,2024-03-29,Apulo,España,21
14211,2021-01-16,Apulo,Estados Unidos,33
14212,2024-05-31,Amulapa,Canada,24
14213,2023-11-01,Balboa,Nicaragua,22
14214,2021-04-20,Balboa,Canada,69
14215,2023-06-16,Amulapa,Canada,21
14216,2024-09-06,Puerta del Diablo,Honduras,17
14217,2021-02-22,Sunset Park,Estados Unidos,40
14218,2021-12-25,Apulo,España,44
14219,2023-03-06,Puerta del Diablo,España,17
14220,2021-05-25,Apulo,España,40
14221,2021-03-20,Puerta del Diablo,Canada,44
14222,2023-06-30,Puerta del Diablo,Nicaragua,24
14223,2023-10-23,Balboa,España,7
14224,2022-06-10,Amulapa,Estados Unidos,31
14225,2023-11-28,Apulo,Mexico,19
14226,2022-09-24,Sunset Park,Honduras,51
14227,2024-07-03,Puerta del Diablo,Guatemala,10
14228,2023-05-06,Puerta del Diablo,España,65
14229,2022-08-31,Puerta del Diablo,Mexico,22
14230,2022-06-18,Cerro Verde,Guatemala,5
14231,2024-03-09,Amulapa,España,21
14232,2022-12-16,Puerta del Diablo,Canada,44
14233,2022-01-04,Puerta del Diablo,Canada,38
14234,2024-01-22,Sunset Park,Nicaragua,68
14235,2022-10-05,Puerta del Diablo,Nicaragua,39
14236,2022-08-03,Amulapa,Honduras,57
14237,2024-07-22,Puerta del Diablo,Mexico,40
14238,2023-11-25,Apulo,Guatemala,22
14239,2023-06-27,Puerta del Diablo,Mexico,19
14240,2021-01-10,Puerta del Diablo,Mexico,37
14241,2024-11-18,Amulapa,Costa Rica,10
14242,2021-08-03,Sunset Park,Nicaragua,19
14243,2023-06-30,Apulo,Honduras,56
14244,2021-01-15,Puerta del Diablo,Honduras,19
14245,2021-06-02,Puerta del Diablo,Canada,75
14246,2022-01-10,Balboa,España,8
14247,2021-11-17,Puerta del Diablo,Costa Rica,42
14248,2021-03-01,Cerro Verde,Canada,10
14249,2021-03-03,Cerro Verde,Mexico,31
14250,2021-02-10,Apulo,España,74
14251,2024-03-26,Apulo,Canada,26
14252,2024-07-06,Puerta del Diablo,Honduras,22
14253,2021-06-05,Balboa,Canada,52
14254,2024-09-28,Amulapa,Mexico,5
14255,2024-09-20,Balboa,Costa Rica,65
14256,2021-02-19,Apulo,Nicaragua,23
14257,2023-07-10,Balboa,España,70
14258,2024-01-01,Amulapa,Canada,53
14259,2023-11-12,Amulapa,España,53
14260,2024-04-03,Cerro Verde,Guatemala,9
14261,2021-01-10,Balboa,Honduras,45
14262,2021-07-27,Apulo,Guatemala,66
14263,2023-08-21,Sunset Park,Guatemala,24
14264,2022-02-19,Puerta del Diablo,Nicaragua,78
14265,2024-07-22,Sunset Park,Estados Unidos,60
14266,2022-08-01,Cerro Verde,Estados Unidos,21
14267,2023-02-22,Amulapa,Costa Rica,8
14268,2024-08-17,Apulo,Honduras,52
14269,2021-11-15,Amulapa,Nicaragua,27
14270,2023-06-22,Amulapa,España,62
14271,2023-10-20,Amulapa,España,5
14272,2024-12-11,Sunset Park,Canada,55
14273,2023-11-28,Cerro Verde,Mexico,63
14274,2022-10-13,Balboa,Nicaragua,10
14275,2022-05-28,Amulapa,Estados Unidos,25
14276,2023-12-16,Balboa,España,41
14277,2023-09-17,Cerro Verde,Mexico,59
14278,2023-01-28,Balboa,España,15
14279,2021-12-04,Sunset Park,Estados Unidos,54
14280,2023-01-07,Apulo,Canada,68
14281,2023-06-16,Balboa,Costa Rica,74
14282,2022-10-31,Balboa,Costa Rica,22
14283,2022-06-09,Sunset Park,Nicaragua,34
14284,2022-09-11,Puerta del Diablo,España,23
14285,2024-02-01,Amulapa,Canada,34
14286,2024-06-03,Puerta del Diablo,Mexico,21
14287,2024-09-28,Amulapa,Honduras,65
14288,2024-10-23,Balboa,Nicaragua,10
14289,2024-05-13,Balboa,Nicaragua,22
14290,2024-09-07,Apulo,Estados Unidos,18
14291,2024-12-06,Balboa,España,9
14292,2022-08-03,Puerta del Diablo,España,8
14293,2022-11-21,Balboa,Canada,13
14294,2024-12-10,Cerro Verde,Estados Unidos,39
14295,2022-09-10,Sunset Park,Canada,47
14296,2024-12-26,Cerro Verde,Guatemala,70
14297,2021-11-27,Amulapa,Canada,76
14298,2024-06-01,Balboa,Guatemala,46
14299,2023-08-03,Puerta del Diablo,Canada,32
14300,2022-01-15,Amulapa,España,76
14301,2021-02-22,Cerro Verde,Nicaragua,77
14302,2023-04-17,Amulapa,Nicaragua,23
14303,2024-11-08,Apulo,Costa Rica,79
14304,2022-04-30,Puerta del Diablo,Guatemala,21
14305,2022-01-23,Apulo,Mexico,64
14306,2022-12-09,Balboa,Guatemala,36
14307,2021-03-13,Puerta del Diablo,Costa Rica,38
14308,2024-06-25,Puerta del Diablo,Mexico,72
14309,2024-07-20,Cerro Verde,Honduras,77
14310,2024-01-04,Cerro Verde,Estados Unidos,23
14311,2023-02-13,Amulapa,Costa Rica,41
14312,2023-01-05,Sunset Park,Costa Rica,72
14313,2023-11-02,Cerro Verde,Costa Rica,61
14314,2021-12-13,Cerro Verde,Guatemala,77
14315,2023-02-01,Apulo,Honduras,72
14316,2022-06-01,Amulapa,Estados Unidos,34
14317,2022-08-28,Cerro Verde,Mexico,58
14318,2023-05-31,Cerro Verde,Nicaragua,22
14319,2023-05-12,Apulo,España,34
14320,2023-06-13,Amulapa,Mexico,67
14321,2023-04-25,Balboa,Nicaragua,77
14322,2022-07-23,Apulo,Guatemala,35
14323,2022-11-27,Balboa,Canada,45
14324,2023-06-08,Sunset Park,España,28
14325,2021-10-12,Amulapa,España,77
14326,2024-12-23,Sunset Park,Guatemala,16
14327,2024-09-10,Apulo,Estados Unidos,70
14328,2024-09-19,Amulapa,Mexico,76
14329,2023-05-04,Sunset Park,Guatemala,66
14330,2024-08-23,Cerro Verde,Estados Unidos,48
14331,2022-02-05,Apulo,Mexico,15
14332,2021-07-30,Balboa,Nicaragua,64
14333,2022-03-06,Apulo,España,18
14334,2022-11-16,Puerta del Diablo,Estados Unidos,49
14335,2021-08-21,Sunset Park,Nicaragua,49
14336,2024-06-23,Sunset Park,Guatemala,54
14337,2024-10-23,Sunset Park,Costa Rica,37
14338,2023-06-27,Amulapa,Honduras,48
14339,2023-01-29,Apulo,Honduras,45
14340,2021-05-31,Balboa,Canada,9
14341,2024-05-17,Sunset Park,Costa Rica,63
14342,2022-04-28,Apulo,Mexico,42
14343,2021-10-22,Apulo,Honduras,36
14344,2022-08-23,Amulapa,Nicaragua,22
14345,2021-09-11,Amulapa,Nicaragua,16
14346,2021-04-14,Amulapa,Canada,53
14347,2021-04-29,Amulapa,Mexico,59
14348,2022-07-24,Apulo,Costa Rica,39
14349,2021-05-02,Balboa,Mexico,29
14350,2021-07-25,Balboa,Mexico,27
14351,2022-04-16,Balboa,Costa Rica,76
14352,2022-05-23,Sunset Park,Guatemala,29
14353,2024-01-21,Sunset Park,Canada,9
14354,2022-08-06,Cerro Verde,Nicaragua,51
14355,2024-06-01,Cerro Verde,Canada,34
14356,2021-04-17,Cerro Verde,Mexico,17
14357,2021-09-22,Apulo,Mexico,10
14358,2023-07-09,Puerta del Diablo,Guatemala,27
14359,2022-03-28,Amulapa,España,66
14360,2021-03-22,Amulapa,Guatemala,20
14361,2021-11-16,Amulapa,Mexico,23
14362,2023-07-06,Cerro Verde,Guatemala,7
14363,2024-01-26,Balboa,Mexico,76
14364,2022-10-06,Sunset Park,Guatemala,49
14365,2023-09-30,Balboa,Mexico,35
14366,2021-10-12,Amulapa,Estados Unidos,6
14367,2023-06-02,Amulapa,Guatemala,67
14368,2024-04-02,Amulapa,Estados Unidos,48
14369,2024-03-03,Amulapa,Nicaragua,15
14370,2023-09-22,Cerro Verde,Guatemala,20
14371,2021-07-12,Balboa,Mexico,29
14372,2022-08-06,Balboa,Honduras,42
14373,2023-08-02,Amulapa,Honduras,71
14374,2022-07-04,Puerta del Diablo,Estados Unidos,74
14375,2021-06-18,Apulo,Estados Unidos,44
14376,2021-12-30,Amulapa,Canada,16
14377,2024-03-17,Sunset Park,Guatemala,43
14378,2022-08-26,Sunset Park,Nicaragua,19
14379,2022-10-24,Puerta del Diablo,Mexico,48
14380,2023-06-04,Sunset Park,Nicaragua,30
14381,2021-11-14,Cerro Verde,Canada,44
14382,2022-07-16,Apulo,Guatemala,76
14383,2023-11-03,Balboa,Costa Rica,18
14384,2024-02-16,Sunset Park,España,9
14385,2022-05-20,Amulapa,Estados Unidos,45
14386,2021-01-31,Amulapa,Mexico,47
14387,2024-07-14,Puerta del Diablo,Nicaragua,37
14388,2021-04-30,Sunset Park,España,55
14389,2021-05-05,Balboa,Costa Rica,64
14390,2024-10-06,Cerro Verde,España,77
14391,2021-03-02,Sunset Park,Canada,76
14392,2024-08-22,Apulo,Costa Rica,18
14393,2023-02-04,Apulo,Estados Unidos,64
14394,2023-03-17,Puerta del Diablo,Estados Unidos,36
14395,2024-08-10,Apulo,Mexico,27
14396,2023-12-27,Amulapa,Estados Unidos,27
14397,2023-04-09,Balboa,Nicaragua,68
14398,2021-01-23,Sunset Park,Honduras,50
14399,2024-03-18,Amulapa,Honduras,40
14400,2022-11-26,Sunset Park,Nicaragua,8
14401,2021-02-28,Puerta del Diablo,Estados Unidos,48
14402,2021-09-18,Balboa,Guatemala,30
14403,2021-09-23,Balboa,Estados Unidos,39
14404,2023-05-30,Amulapa,Estados Unidos,14
14405,2024-05-12,Apulo,Costa Rica,70
14406,2024-10-07,Puerta del Diablo,Mexico,68
14407,2024-07-25,Apulo,Costa Rica,47
14408,2021-11-13,Cerro Verde,Guatemala,17
14409,2022-02-22,Balboa,Estados Unidos,64
14410,2021-06-07,Sunset Park,Costa Rica,38
14411,2024-06-23,Balboa,Guatemala,35
14412,2022-08-17,Puerta del Diablo,Guatemala,19
14413,2021-08-08,Sunset Park,Estados Unidos,62
14414,2022-04-11,Puerta del Diablo,España,43
14415,2022-03-25,Balboa,Canada,27
14416,2022-12-07,Balboa,Mexico,58
14417,2022-01-24,Sunset Park,Canada,72
14418,2021-05-15,Apulo,Canada,47
14419,2023-04-30,Apulo,Estados Unidos,35
14420,2021-12-08,Cerro Verde,Costa Rica,70
14421,2022-03-07,Apulo,Costa Rica,22
14422,2024-05-28,Puerta del Diablo,Canada,6
14423,2022-05-02,Amulapa,Costa Rica,54
14424,2023-06-07,Sunset Park,Honduras,70
14425,2023-05-03,Apulo,Costa Rica,37
14426,2023-04-26,Balboa,Guatemala,58
14427,2023-10-09,Cerro Verde,Mexico,76
14428,2022-10-27,Apulo,Canada,54
14429,2023-10-22,Amulapa,Costa Rica,47
14430,2021-04-04,Balboa,Honduras,58
14431,2024-10-18,Cerro Verde,Canada,66
14432,2021-02-20,Amulapa,Honduras,23
14433,2021-02-15,Balboa,España,12
14434,2023-07-23,Puerta del Diablo,Guatemala,67
14435,2021-08-16,Apulo,Honduras,62
14436,2023-06-19,Apulo,Mexico,46
14437,2021-03-29,Amulapa,Costa Rica,55
14438,2021-11-25,Cerro Verde,Canada,26
14439,2022-07-27,Puerta del Diablo,Canada,72
14440,2021-02-26,Balboa,Honduras,78
14441,2022-10-01,Apulo,España,26
14442,2023-12-24,Puerta del Diablo,Nicaragua,66
14443,2024-01-29,Sunset Park,Canada,44
14444,2021-12-28,Amulapa,Costa Rica,19
14445,2021-02-16,Cerro Verde,Estados Unidos,13
14446,2022-01-09,Balboa,Costa Rica,55
14447,2024-07-08,Amulapa,Costa Rica,74
14448,2023-01-03,Sunset Park,Estados Unidos,42
14449,2024-06-04,Amulapa,Estados Unidos,47
14450,2022-03-24,Cerro Verde,Estados Unidos,46
14451,2023-11-26,Sunset Park,España,61
14452,2022-07-01,Sunset Park,Honduras,62
14453,2022-04-07,Puerta del Diablo,España,57
14454,2021-09-28,Apulo,Costa Rica,75
14455,2023-04-24,Balboa,Estados Unidos,11
14456,2023-09-25,Apulo,Nicaragua,73
14457,2021-08-20,Puerta del Diablo,Costa Rica,67
14458,2024-07-01,Apulo,Honduras,37
14459,2021-08-10,Cerro Verde,Honduras,60
14460,2021-04-17,Puerta del Diablo,Costa Rica,17
14461,2023-07-09,Cerro Verde,Honduras,17
14462,2021-04-02,Amulapa,Mexico,31
14463,2023-06-12,Puerta del Diablo,Mexico,25
14464,2022-02-05,Cerro Verde,Guatemala,31
14465,2021-07-26,Cerro Verde,Costa Rica,48
14466,2024-02-08,Balboa,Honduras,33
14467,2023-07-13,Sunset Park,España,7
14468,2023-06-19,Puerta del Diablo,Estados Unidos,44
14469,2023-05-03,Balboa,Canada,7
14470,2023-12-06,Balboa,Nicaragua,32
14471,2022-10-23,Sunset Park,Nicaragua,7
14472,2023-12-15,Cerro Verde,Honduras,21
14473,2023-02-19,Sunset Park,Costa Rica,49
14474,2024-05-08,Amulapa,España,74
14475,2021-03-17,Puerta del Diablo,España,39
14476,2024-10-06,Balboa,Mexico,47
14477,2024-06-01,Amulapa,Mexico,46
14478,2021-02-26,Cerro Verde,Honduras,43
14479,2023-09-02,Puerta del Diablo,Estados Unidos,22
14480,2022-01-16,Puerta del Diablo,Canada,33
14481,2021-04-04,Sunset Park,Estados Unidos,5
14482,2022-03-30,Amulapa,Mexico,6
14483,2022-12-13,Cerro Verde,Honduras,44
14484,2022-09-28,Puerta del Diablo,Guatemala,63
14485,2021-04-05,Amulapa,Honduras,29
14486,2023-06-29,Sunset Park,Honduras,76
14487,2023-12-22,Amulapa,Mexico,41
14488,2023-11-09,Puerta del Diablo,Guatemala,52
14489,2021-02-26,Puerta del Diablo,Canada,67
14490,2024-05-28,Amulapa,Guatemala,44
14491,2023-12-03,Puerta del Diablo,Guatemala,24
14492,2022-04-28,Cerro Verde,Estados Unidos,22
14493,2021-10-04,Cerro Verde,Honduras,78
14494,2023-04-08,Cerro Verde,Mexico,9
14495,2021-10-10,Cerro Verde,Costa Rica,9
14496,2021-06-13,Cerro Verde,Nicaragua,25
14497,2021-10-28,Apulo,Estados Unidos,78
14498,2022-04-09,Balboa,Mexico,45
14499,2022-07-09,Apulo,Mexico,62
14500,2023-05-05,Amulapa,Honduras,10
14501,2021-12-08,Puerta del Diablo,Guatemala,8
14502,2024-08-24,Balboa,Nicaragua,37
14503,2024-02-29,Balboa,Mexico,9
14504,2024-08-05,Puerta del Diablo,Costa Rica,32
14505,2021-09-21,Puerta del Diablo,Costa Rica,63
14506,2024-02-22,Balboa,Canada,76
14507,2022-12-19,Amulapa,Estados Unidos,31
14508,2022-09-04,Balboa,Estados Unidos,10
14509,2022-11-09,Puerta del Diablo,Costa Rica,60
14510,2021-07-10,Sunset Park,Honduras,76
14511,2024-03-11,Puerta del Diablo,Guatemala,6
14512,2024-05-28,Cerro Verde,Mexico,21
14513,2023-01-05,Amulapa,Mexico,9
14514,2024-12-21,Sunset Park,Costa Rica,7
14515,2021-09-14,Apulo,Costa Rica,76
14516,2021-06-25,Amulapa,Guatemala,14
14517,2023-07-16,Cerro Verde,Nicaragua,54
14518,2023-09-01,Cerro Verde,Mexico,57
14519,2023-05-19,Apulo,Honduras,33
14520,2021-11-22,Sunset Park,España,62
14521,2023-08-14,Balboa,Estados Unidos,12
14522,2024-03-27,Apulo,Costa Rica,79
14523,2023-11-07,Puerta del Diablo,Costa Rica,79
14524,2024-06-27,Balboa,España,56
14525,2024-12-26,Amulapa,Costa Rica,16
14526,2022-11-09,Cerro Verde,Guatemala,52
14527,2021-06-05,Puerta del Diablo,Guatemala,66
14528,2021-11-28,Sunset Park,Canada,35
14529,2024-12-14,Puerta del Diablo,Guatemala,32
14530,2023-09-03,Sunset Park,Mexico,22
14531,2022-06-08,Cerro Verde,Costa Rica,51
14532,2024-07-22,Cerro Verde,Costa Rica,69
14533,2021-07-17,Sunset Park,Canada,15
14534,2024-07-09,Balboa,Nicaragua,48
14535,2022-12-23,Sunset Park,Costa Rica,43
14536,2021-05-08,Balboa,España,70
14537,2021-02-17,Amulapa,Canada,43
14538,2022-06-24,Puerta del Diablo,Costa Rica,45
14539,2021-03-17,Balboa,España,19
14540,2021-06-08,Sunset Park,Nicaragua,70
14541,2024-01-20,Apulo,Guatemala,51
14542,2021-04-20,Balboa,Estados Unidos,29
14543,2021-06-26,Balboa,Mexico,26
14544,2022-06-07,Sunset Park,Mexico,59
14545,2021-09-20,Amulapa,Canada,50
14546,2024-06-29,Amulapa,Honduras,35
14547,2024-07-23,Apulo,Costa Rica,27
14548,2021-01-02,Amulapa,Canada,5
14549,2022-05-12,Cerro Verde,España,11
14550,2022-05-08,Puerta del Diablo,Guatemala,44
14551,2021-01-27,Sunset Park,Honduras,60
14552,2024-12-03,Puerta del Diablo,Mexico,5
14553,2024-08-18,Apulo,Canada,30
14554,2021-11-27,Amulapa,Mexico,37
14555,2023-10-30,Amulapa,Canada,10
14556,2023-10-15,Cerro Verde,Guatemala,48
14557,2021-03-31,Balboa,Mexico,9
14558,2024-05-31,Amulapa,Costa Rica,46
14559,2021-06-26,Cerro Verde,Honduras,37
14560,2023-01-23,Balboa,Nicaragua,23
14561,2023-08-29,Balboa,España,18
14562,2022-06-08,Balboa,Nicaragua,63
14563,2023-07-11,Apulo,Estados Unidos,72
14564,2021-01-09,Puerta del Diablo,Canada,38
14565,2023-02-25,Amulapa,Guatemala,10
14566,2021-10-08,Cerro Verde,Mexico,76
14567,2023-09-05,Amulapa,Mexico,53
14568,2024-06-12,Sunset Park,Honduras,73
14569,2024-02-11,Balboa,Costa Rica,63
14570,2021-04-18,Apulo,Canada,68
14571,2021-09-03,Sunset Park,España,71
14572,2022-12-02,Balboa,Costa Rica,10
14573,2021-09-27,Apulo,Estados Unidos,44
14574,2023-07-12,Cerro Verde,Costa Rica,51
14575,2021-03-27,Puerta del Diablo,España,43
14576,2023-07-21,Puerta del Diablo,Estados Unidos,40
14577,2021-01-17,Balboa,Honduras,16
14578,2023-02-19,Balboa,Guatemala,35
14579,2024-03-11,Cerro Verde,Costa Rica,72
14580,2023-04-18,Sunset Park,Honduras,30
14581,2024-11-08,Sunset Park,Mexico,17
14582,2021-01-10,Cerro Verde,Mexico,45
14583,2023-12-03,Sunset Park,Nicaragua,50
14584,2023-01-19,Cerro Verde,Estados Unidos,60
14585,2022-12-19,Puerta del Diablo,Nicaragua,54
14586,2024-01-15,Balboa,Guatemala,77
14587,2022-03-27,Sunset Park,Guatemala,17
14588,2021-09-21,Balboa,Costa Rica,48
14589,2024-04-02,Apulo,Estados Unidos,10
14590,2021-10-17,Cerro Verde,Costa Rica,36
14591,2023-04-13,Sunset Park,Estados Unidos,54
14592,2021-09-18,Cerro Verde,Costa Rica,28
14593,2021-03-18,Apulo,Canada,24
14594,2022-10-28,Amulapa,Estados Unidos,11
14595,2021-06-11,Cerro Verde,Guatemala,77
14596,2022-08-30,Cerro Verde,Guatemala,26
14597,2023-03-17,Cerro Verde,Nicaragua,38
14598,2022-02-16,Apulo,Canada,11
14599,2022-07-21,Sunset Park,Nicaragua,18
14600,2022-08-09,Apulo,Nicaragua,22
14601,2024-09-25,Balboa,Nicaragua,59
14602,2024-02-09,Apulo,Nicaragua,41
14603,2022-10-14,Amulapa,Costa Rica,36
14604,2022-04-30,Balboa,España,75
14605,2021-04-11,Balboa,España,64
14606,2021-04-01,Apulo,Costa Rica,20
14607,2024-10-29,Puerta del Diablo,España,33
14608,2024-10-19,Apulo,Nicaragua,78
14609,2022-04-10,Sunset Park,Costa Rica,43
14610,2022-12-07,Cerro Verde,España,26
14611,2021-02-11,Balboa,Guatemala,18
14612,2022-07-11,Amulapa,Honduras,19
14613,2022-10-17,Puerta del Diablo,Nicaragua,63
14614,2021-09-25,Puerta del Diablo,Guatemala,5
14615,2022-04-11,Amulapa,Costa Rica,16
14616,2023-01-07,Amulapa,Guatemala,51
14617,2023-08-12,Cerro Verde,España,59
14618,2023-10-05,Sunset Park,España,65
14619,2022-07-02,Puerta del Diablo,Nicaragua,75
14620,2021-04-05,Amulapa,Guatemala,44
14621,2021-03-25,Puerta del Diablo,Mexico,32
14622,2024-10-13,Balboa,Estados Unidos,72
14623,2023-07-13,Amulapa,Guatemala,27
14624,2022-08-26,Cerro Verde,Canada,38
14625,2023-04-25,Sunset Park,Nicaragua,6
14626,2024-01-14,Puerta del Diablo,Mexico,16
14627,2022-01-22,Cerro Verde,Costa Rica,6
14628,2021-11-06,Apulo,Honduras,43
14629,2022-11-08,Apulo,Mexico,41
14630,2022-07-18,Amulapa,Honduras,36
14631,2024-08-21,Amulapa,España,25
14632,2021-06-20,Sunset Park,Guatemala,31
14633,2023-12-31,Sunset Park,Estados Unidos,43
14634,2024-11-13,Amulapa,España,47
14635,2021-02-23,Cerro Verde,Guatemala,20
14636,2022-02-21,Balboa,Guatemala,11
14637,2023-04-15,Sunset Park,Estados Unidos,52
14638,2024-08-18,Balboa,España,18
14639,2021-05-13,Apulo,España,15
14640,2024-06-11,Balboa,España,79
14641,2023-06-17,Sunset Park,Guatemala,56
14642,2022-12-11,Puerta del Diablo,Mexico,18
14643,2021-09-12,Puerta del Diablo,Mexico,45
14644,2023-06-09,Apulo,Guatemala,77
14645,2021-04-13,Balboa,Mexico,6
14646,2021-10-03,Balboa,Mexico,22
14647,2022-05-28,Amulapa,Nicaragua,6
14648,2022-06-30,Amulapa,Estados Unidos,18
14649,2021-12-25,Apulo,Mexico,8
14650,2024-11-04,Balboa,España,21
14651,2023-08-06,Amulapa,España,33
14652,2021-04-27,Sunset Park,Honduras,55
14653,2024-12-08,Cerro Verde,Nicaragua,11
14654,2021-11-04,Balboa,Canada,33
14655,2023-11-01,Puerta del Diablo,España,79
14656,2024-12-15,Sunset Park,Honduras,39
14657,2023-08-14,Sunset Park,Mexico,40
14658,2022-08-20,Cerro Verde,Honduras,53
14659,2023-03-15,Puerta del Diablo,España,9
14660,2024-11-12,Apulo,España,76
14661,2022-10-08,Apulo,Guatemala,75
14662,2021-12-12,Amulapa,Guatemala,11
14663,2024-07-31,Puerta del Diablo,Costa Rica,64
14664,2024-09-05,Cerro Verde,Costa Rica,10
14665,2021-08-04,Cerro Verde,Estados Unidos,35
14666,2022-07-24,Balboa,Honduras,50
14667,2024-02-02,Puerta del Diablo,Nicaragua,26
14668,2022-01-04,Apulo,Canada,66
14669,2023-09-13,Balboa,Estados Unidos,74
14670,2022-02-14,Sunset Park,España,46
14671,2024-12-08,Cerro Verde,Estados Unidos,58
14672,2022-02-24,Puerta del Diablo,Nicaragua,18
14673,2024-03-17,Apulo,Mexico,71
14674,2022-06-28,Apulo,Nicaragua,32
14675,2023-09-29,Amulapa,España,27
14676,2023-09-17,Amulapa,Mexico,39
14677,2024-08-14,Amulapa,Honduras,39
14678,2021-04-01,Puerta del Diablo,Canada,78
14679,2024-06-21,Apulo,Estados Unidos,29
14680,2024-01-14,Apulo,Mexico,68
14681,2024-01-09,Amulapa,Mexico,21
14682,2021-05-22,Amulapa,Guatemala,55
14683,2022-07-28,Sunset Park,Nicaragua,32
14684,2024-01-03,Amulapa,España,17
14685,2022-08-27,Puerta del Diablo,Nicaragua,28
14686,2024-09-17,Amulapa,Honduras,57
14687,2023-01-28,Sunset Park,Nicaragua,31
14688,2022-02-07,Amulapa,Canada,48
14689,2021-12-26,Cerro Verde,Canada,52
14690,2024-01-11,Puerta del Diablo,Estados Unidos,69
14691,2023-09-15,Apulo,España,56
14692,2023-08-15,Balboa,España,24
14693,2021-03-26,Apulo,Honduras,9
14694,2022-08-27,Apulo,Canada,72
14695,2022-10-18,Puerta del Diablo,Estados Unidos,52
14696,2022-08-18,Apulo,Honduras,9
14697,2021-09-14,Balboa,Costa Rica,78
14698,2022-02-17,Puerta del Diablo,Honduras,50
14699,2022-02-10,Balboa,Guatemala,15
14700,2022-11-03,Apulo,Costa Rica,26
14701,2022-08-17,Cerro Verde,Estados Unidos,17
14702,2024-06-05,Puerta del Diablo,Guatemala,45
14703,2024-07-10,Cerro Verde,Estados Unidos,66
14704,2021-11-13,Balboa,Estados Unidos,42
14705,2022-03-12,Cerro Verde,Guatemala,29
14706,2023-04-20,Cerro Verde,España,79
14707,2021-04-18,Sunset Park,Costa Rica,32
14708,2023-11-04,Sunset Park,Canada,13
14709,2023-07-25,Amulapa,España,74
14710,2024-10-24,Cerro Verde,Estados Unidos,22
14711,2024-05-19,Cerro Verde,Guatemala,30
14712,2021-11-16,Sunset Park,Mexico,42
14713,2024-03-04,Puerta del Diablo,Costa Rica,20
14714,2021-05-31,Amulapa,Canada,76
14715,2021-03-30,Apulo,Canada,50
14716,2024-02-11,Cerro Verde,España,52
14717,2021-09-20,Puerta del Diablo,Guatemala,35
14718,2024-01-26,Apulo,España,7
14719,2021-03-17,Cerro Verde,Honduras,20
14720,2024-01-26,Cerro Verde,Canada,17
14721,2021-04-21,Balboa,Estados Unidos,73
14722,2023-01-17,Apulo,Canada,28
14723,2023-12-05,Sunset Park,Canada,77
14724,2021-01-04,Puerta del Diablo,Honduras,10
14725,2024-02-02,Apulo,España,70
14726,2023-03-14,Puerta del Diablo,Honduras,9
14727,2021-08-22,Sunset Park,Estados Unidos,22
14728,2024-10-26,Balboa,Estados Unidos,47
14729,2024-09-01,Balboa,Canada,69
14730,2024-04-19,Apulo,Estados Unidos,36
14731,2023-12-17,Balboa,Canada,33
14732,2021-04-09,Balboa,Costa Rica,9
14733,2021-04-10,Puerta del Diablo,Estados Unidos,13
14734,2022-01-27,Cerro Verde,España,27
14735,2024-09-11,Puerta del Diablo,Estados Unidos,19
14736,2021-03-17,Sunset Park,España,60
14737,2024-08-01,Apulo,Nicaragua,62
14738,2023-04-23,Apulo,Estados Unidos,59
14739,2023-01-28,Balboa,Costa Rica,53
14740,2024-07-22,Cerro Verde,Estados Unidos,51
14741,2021-12-31,Cerro Verde,Mexico,71
14742,2022-01-10,Balboa,España,6
14743,2022-03-27,Puerta del Diablo,Estados Unidos,11
14744,2022-09-14,Sunset Park,Mexico,65
14745,2024-09-26,Balboa,España,37
14746,2021-02-28,Cerro Verde,Canada,5
14747,2021-01-14,Cerro Verde,Costa Rica,28
14748,2022-12-06,Balboa,Mexico,64
14749,2023-08-04,Sunset Park,Estados Unidos,36
14750,2022-12-24,Amulapa,Nicaragua,67
14751,2023-06-21,Cerro Verde,Nicaragua,19
14752,2022-01-13,Cerro Verde,Canada,5
14753,2021-11-29,Balboa,Mexico,41
14754,2021-09-06,Puerta del Diablo,Honduras,27
14755,2021-10-26,Balboa,Canada,24
14756,2021-07-15,Balboa,Estados Unidos,65
14757,2023-08-04,Puerta del Diablo,Estados Unidos,76
14758,2021-03-29,Apulo,Costa Rica,11
14759,2021-04-11,Puerta del Diablo,Costa Rica,35
14760,2023-05-23,Amulapa,Estados Unidos,53
14761,2024-08-04,Puerta del Diablo,Canada,70
14762,2024-04-18,Amulapa,Honduras,31
14763,2021-12-18,Sunset Park,España,64
14764,2022-11-09,Apulo,Costa Rica,11
14765,2024-06-22,Puerta del Diablo,España,42
14766,2022-12-28,Balboa,España,60
14767,2024-01-14,Sunset Park,Costa Rica,33
14768,2021-06-04,Sunset Park,Canada,18
14769,2023-03-28,Apulo,Nicaragua,44
14770,2022-12-03,Sunset Park,Estados Unidos,52
14771,2022-06-08,Puerta del Diablo,España,6
14772,2024-10-16,Sunset Park,Guatemala,53
14773,2021-11-05,Amulapa,Costa Rica,49
14774,2021-09-24,Sunset Park,Canada,42
14775,2024-05-12,Sunset Park,Costa Rica,69
14776,2022-11-20,Balboa,Guatemala,5
14777,2021-09-09,Amulapa,Honduras,8
14778,2024-08-20,Amulapa,España,6
14779,2021-04-24,Apulo,Canada,11
14780,2023-02-04,Puerta del Diablo,Guatemala,51
14781,2023-06-27,Amulapa,Estados Unidos,22
14782,2022-10-05,Sunset Park,Canada,12
14783,2021-12-11,Cerro Verde,Mexico,77
14784,2024-06-10,Puerta del Diablo,Guatemala,79
14785,2024-04-25,Amulapa,Nicaragua,62
14786,2024-07-07,Balboa,Nicaragua,43
14787,2021-07-03,Amulapa,Honduras,66
14788,2021-11-20,Amulapa,Honduras,6
14789,2021-01-09,Apulo,Estados Unidos,34
14790,2023-07-02,Balboa,Guatemala,17
14791,2021-12-03,Balboa,España,19
14792,2024-02-02,Amulapa,Estados Unidos,67
14793,2022-04-27,Apulo,Mexico,31
14794,2022-04-24,Puerta del Diablo,Estados Unidos,33
14795,2021-12-14,Balboa,Estados Unidos,5
14796,2024-02-18,Sunset Park,Costa Rica,44
14797,2023-01-22,Balboa,Mexico,16
14798,2021-09-01,Puerta del Diablo,Honduras,75
14799,2022-09-04,Cerro Verde,Estados Unidos,12
14800,2024-01-27,Cerro Verde,Guatemala,11
14801,2022-05-21,Apulo,Guatemala,62
14802,2022-12-16,Apulo,Costa Rica,45
14803,2022-03-19,Amulapa,Estados Unidos,26
14804,2021-07-01,Balboa,Mexico,23
14805,2024-11-03,Cerro Verde,Estados Unidos,38
14806,2021-10-04,Apulo,Honduras,51
14807,2024-12-21,Cerro Verde,España,71
14808,2023-11-29,Puerta del Diablo,Costa Rica,71
14809,2024-05-11,Amulapa,Guatemala,72
14810,2022-05-02,Sunset Park,Guatemala,48
14811,2023-12-07,Cerro Verde,Mexico,62
14812,2023-12-31,Apulo,España,46
14813,2021-06-07,Cerro Verde,España,42
14814,2024-06-20,Apulo,Guatemala,54
14815,2021-10-31,Amulapa,Canada,53
14816,2024-04-07,Apulo,Canada,15
14817,2021-01-21,Puerta del Diablo,Canada,60
14818,2022-11-01,Amulapa,Estados Unidos,5
14819,2022-05-06,Apulo,Nicaragua,72
14820,2023-01-14,Apulo,Canada,50
14821,2021-04-12,Puerta del Diablo,Canada,54
14822,2021-10-25,Sunset Park,Estados Unidos,36
14823,2023-11-09,Amulapa,Nicaragua,9
14824,2024-06-22,Puerta del Diablo,Nicaragua,65
14825,2021-04-26,Cerro Verde,Nicaragua,8
14826,2024-04-03,Balboa,Canada,53
14827,2022-10-27,Amulapa,Estados Unidos,47
14828,2022-08-04,Sunset Park,Honduras,52
14829,2022-06-14,Puerta del Diablo,Guatemala,67
14830,2023-01-20,Cerro Verde,España,19
14831,2024-06-05,Balboa,Estados Unidos,12
14832,2024-01-05,Apulo,España,37
14833,2024-03-14,Sunset Park,España,24
14834,2024-10-13,Sunset Park,Canada,67
14835,2022-06-11,Amulapa,Nicaragua,77
14836,2021-09-30,Apulo,Estados Unidos,48
14837,2021-07-25,Balboa,España,20
14838,2024-03-26,Amulapa,España,17
14839,2023-03-12,Apulo,Mexico,10
14840,2024-04-30,Balboa,Canada,78
14841,2021-02-04,Sunset Park,Canada,32
14842,2022-10-14,Amulapa,Mexico,42
14843,2022-11-20,Balboa,Costa Rica,54
14844,2022-03-13,Puerta del Diablo,Estados Unidos,79
14845,2023-07-28,Amulapa,Nicaragua,60
14846,2022-01-24,Sunset Park,Guatemala,59
14847,2024-01-08,Balboa,Guatemala,30
14848,2024-04-11,Cerro Verde,Mexico,34
14849,2024-08-22,Balboa,España,50
14850,2021-04-09,Balboa,Nicaragua,56
14851,2023-11-24,Amulapa,España,77
14852,2021-07-13,Amulapa,Costa Rica,11
14853,2021-05-09,Sunset Park,Estados Unidos,30
14854,2021-09-18,Balboa,Canada,26
14855,2024-12-10,Apulo,Canada,31
14856,2022-10-04,Cerro Verde,Costa Rica,63
14857,2022-10-28,Apulo,Mexico,49
14858,2024-07-13,Amulapa,Guatemala,42
14859,2023-07-30,Apulo,Estados Unidos,15
14860,2024-01-09,Apulo,Guatemala,26
14861,2024-10-02,Sunset Park,España,16
14862,2023-04-25,Puerta del Diablo,Nicaragua,65
14863,2024-09-29,Cerro Verde,Canada,64
14864,2021-03-02,Puerta del Diablo,Mexico,22
14865,2023-02-12,Puerta del Diablo,España,13
14866,2024-02-20,Sunset Park,Costa Rica,79
14867,2023-04-26,Balboa,Honduras,41
14868,2022-12-23,Balboa,Nicaragua,22
14869,2022-03-11,Sunset Park,Mexico,62
14870,2021-06-20,Amulapa,Honduras,34
14871,2022-03-01,Sunset Park,Nicaragua,18
14872,2023-06-06,Amulapa,Canada,37
14873,2022-04-11,Amulapa,Nicaragua,77
14874,2022-12-14,Amulapa,Estados Unidos,54
14875,2023-03-20,Cerro Verde,España,20
14876,2022-03-25,Apulo,España,11
14877,2024-07-18,Puerta del Diablo,Guatemala,63
14878,2024-01-11,Balboa,Estados Unidos,71
14879,2021-02-05,Amulapa,Estados Unidos,10
14880,2024-12-16,Amulapa,Mexico,7
14881,2023-02-27,Sunset Park,Canada,19
14882,2023-04-24,Sunset Park,Guatemala,57
14883,2023-09-29,Apulo,Honduras,62
14884,2023-04-23,Sunset Park,Mexico,71
14885,2021-05-29,Puerta del Diablo,Nicaragua,55
14886,2023-06-13,Balboa,Estados Unidos,58
14887,2022-02-04,Amulapa,Guatemala,27
14888,2021-09-16,Amulapa,Guatemala,69
14889,2023-03-03,Apulo,España,29
14890,2024-04-02,Amulapa,Mexico,8
14891,2021-07-12,Apulo,Mexico,58
14892,2024-12-02,Cerro Verde,Estados Unidos,49
14893,2021-08-19,Apulo,España,37
14894,2021-02-18,Balboa,Costa Rica,37
14895,2021-04-24,Puerta del Diablo,Guatemala,69
14896,2022-08-13,Sunset Park,Nicaragua,28
14897,2022-02-22,Puerta del Diablo,Canada,49
14898,2021-03-04,Puerta del Diablo,Canada,60
14899,2021-02-27,Balboa,Mexico,49
14900,2024-11-03,Cerro Verde,Costa Rica,31
14901,2021-08-17,Amulapa,Costa Rica,73
14902,2022-01-30,Apulo,Nicaragua,52
14903,2022-10-05,Cerro Verde,Canada,33
14904,2022-04-20,Cerro Verde,Guatemala,45
14905,2023-02-02,Cerro Verde,Estados Unidos,79
14906,2022-11-15,Sunset Park,Costa Rica,34
14907,2024-12-28,Puerta del Diablo,Guatemala,57
14908,2021-01-29,Puerta del Diablo,Estados Unidos,70
14909,2024-12-01,Cerro Verde,Estados Unidos,6
14910,2023-02-28,Cerro Verde,Mexico,16
14911,2024-10-11,Apulo,Canada,11
14912,2022-06-17,Sunset Park,Honduras,55
14913,2021-06-01,Apulo,Canada,63
14914,2022-10-14,Sunset Park,Nicaragua,36
14915,2021-07-30,Amulapa,Mexico,75
14916,2024-08-11,Cerro Verde,Estados Unidos,57
14917,2023-11-09,Sunset Park,Honduras,40
14918,2024-04-15,Puerta del Diablo,Costa Rica,58
14919,2023-05-18,Balboa,Estados Unidos,55
14920,2021-01-05,Puerta del Diablo,Guatemala,78
14921,2022-12-16,Cerro Verde,Guatemala,16
14922,2024-01-18,Puerta del Diablo,Costa Rica,7
14923,2021-09-05,Sunset Park,Mexico,77
14924,2023-04-24,Sunset Park,Costa Rica,14
14925,2021-12-02,Cerro Verde,Canada,64
14926,2023-01-25,Apulo,Canada,70
14927,2024-12-20,Sunset Park,Mexico,56
14928,2021-08-26,Amulapa,España,11
14929,2021-08-23,Puerta del Diablo,Estados Unidos,61
14930,2022-09-19,Cerro Verde,Mexico,71
14931,2024-02-15,Amulapa,España,73
14932,2024-01-27,Amulapa,Mexico,55
14933,2023-03-13,Puerta del Diablo,Canada,11
14934,2021-04-29,Balboa,Guatemala,19
14935,2021-12-26,Amulapa,Guatemala,17
14936,2021-08-11,Cerro Verde,Honduras,41
14937,2023-12-13,Puerta del Diablo,Mexico,8
14938,2023-04-07,Apulo,Guatemala,15
14939,2021-11-26,Amulapa,España,68
14940,2023-08-27,Apulo,España,18
14941,2022-05-07,Puerta del Diablo,Guatemala,12
14942,2022-11-26,Sunset Park,Guatemala,37
14943,2022-08-05,Sunset Park,Costa Rica,13
14944,2024-11-07,Puerta del Diablo,Canada,31
14945,2022-06-17,Sunset Park,Honduras,52
14946,2022-09-22,Amulapa,Mexico,40
14947,2024-08-01,Sunset Park,Nicaragua,25
14948,2024-10-01,Sunset Park,Canada,23
14949,2021-11-16,Cerro Verde,España,22
14950,2023-10-05,Sunset Park,Costa Rica,18
14951,2021-04-08,Amulapa,Guatemala,66
14952,2022-01-28,Sunset Park,Estados Unidos,7
14953,2022-09-13,Puerta del Diablo,Estados Unidos,39
14954,2024-03-05,Amulapa,Nicaragua,72
14955,2021-09-01,Cerro Verde,Guatemala,72
14956,2021-03-05,Balboa,Costa Rica,17
14957,2022-12-25,Cerro Verde,Canada,13
14958,2023-03-29,Sunset Park,Nicaragua,27
14959,2022-10-19,Balboa,Mexico,13
14960,2022-10-18,Puerta del Diablo,Estados Unidos,53
14961,2022-04-08,Sunset Park,Guatemala,54
14962,2023-06-28,Sunset Park,Mexico,31
14963,2022-12-10,Puerta del Diablo,Mexico,58
14964,2024-10-13,Cerro Verde,España,77
14965,2024-03-11,Cerro Verde,Mexico,33
14966,2024-06-18,Apulo,Canada,49
14967,2024-10-27,Apulo,Nicaragua,43
14968,2023-07-03,Sunset Park,España,14
14969,2023-11-24,Amulapa,Mexico,51
14970,2021-07-22,Balboa,Honduras,53
14971,2023-03-13,Balboa,Costa Rica,21
14972,2023-09-28,Amulapa,Costa Rica,67
14973,2021-07-27,Cerro Verde,Canada,42
14974,2021-06-17,Puerta del Diablo,Honduras,76
14975,2022-09-03,Balboa,Nicaragua,35
14976,2021-06-01,Apulo,Costa Rica,47
14977,2022-01-02,Apulo,Nicaragua,63
14978,2024-05-02,Sunset Park,Costa Rica,68
14979,2023-01-08,Amulapa,Estados Unidos,39
14980,2023-07-09,Balboa,España,17
14981,2024-06-23,Balboa,Guatemala,44
14982,2022-05-03,Cerro Verde,Nicaragua,10
14983,2024-07-05,Apulo,Honduras,49
14984,2023-06-26,Puerta del Diablo,Canada,38
14985,2023-05-14,Cerro Verde,Guatemala,17
14986,2021-09-18,Apulo,Nicaragua,19
14987,2022-08-25,Amulapa,Mexico,69
14988,2021-10-21,Apulo,Nicaragua,15
14989,2024-07-10,Puerta del Diablo,Canada,53
14990,2022-09-03,Puerta del Diablo,Honduras,48
14991,2024-01-21,Balboa,Guatemala,8
14992,2022-04-05,Sunset Park,Mexico,37
14993,2023-07-10,Puerta del Diablo,Mexico,68
14994,2023-10-20,Balboa,Honduras,51
14995,2022-04-24,Sunset Park,Canada,19
14996,2024-03-11,Puerta del Diablo,Mexico,41
14997,2023-01-16,Apulo,Costa Rica,76
14998,2021-02-26,Puerta del Diablo,Costa Rica,57
14999,2021-06-07,Amulapa,Honduras,51
15000,2024-04-05,Balboa,Nicaragua,21
