id_reserva,fecha,departamento,tipo_hotel,habitaciones,ocupadas,tarifa_promedio
1,2024-09-07,Usulutan,Montaña,84,159,241
2,2021-06-06,San Miguel,Rural,195,61,53
3,2023-12-29,Santa Ana,Ciudad,178,48,54
4,2023-01-14,Santa Ana,Montaña,89,39,106
5,2024-06-22,La Paz,Ciudad,181,87,150
6,2022-11-13,La Paz,Playa,89,112,232
7,2021-12-18,Ahuachapan,Playa,64,101,94
8,2023-08-06,San Salvador,Ciudad,124,46,92
9,2023-10-02,Usulutan,Playa,82,64,246
10,2023-07-17,La Paz,Ciudad,102,57,175
11,2023-06-03,San Salvador,Rural,126,24,139
12,2021-02-28,Ahuachapan,Montaña,145,160,35
13,2024-10-13,Sonsonate,Montaña,44,27,63
14,2023-01-30,Santa Ana,Ciudad,57,114,159
15,2024-03-15,Sonsonate,Playa,120,127,50
16,2022-08-10,La Libertad,Playa,49,89,243
17,2023-07-13,San Salvador,Rural,27,25,146
18,2023-08-06,La Libertad,Playa,133,77,127
19,2024-08-13,Santa Ana,Rural,23,55,184
20,2021-10-27,La Paz,Montaña,86,162,225
21,2022-12-05,Ahuachapan,Playa,111,50,36
22,2022-01-15,Usulutan,Rural,149,8,140
23,2024-03-19,San Salvador,Montaña,195,7,243
24,2024-10-03,San Salvador,Playa,186,106,126
25,2021-04-29,Ahuachapan,Montaña,142,177,38
26,2023-05-26,Ahuachapan,Rural,22,129,201
27,2021-07-16,San Miguel,Montaña,57,132,184
28,2022-11-06,Santa Ana,Playa,73,137,240
29,2022-07-12,La Paz,Ciudad,114,155,157
30,2021-04-08,Usulutan,Playa,88,107,46
31,2023-03-24,Usulutan,Montaña,34,83,190
32,2024-05-15,La Paz,Ciudad,22,55,126
33,2024-02-08,San Salvador,Ciudad,149,7,143
34,2022-09-21,Santa Ana,Rural,141,45,49
35,2021-05-31,La Paz,Playa,88,112,44
36,2023-01-26,La Libertad,Playa,159,102,216
37,2022-07-01,San Salvador,Montaña,135,133,131
38,2024-05-14,La Paz,Ciudad,114,15,241
39,2023-12-21,San Miguel,Ciudad,72,149,66
40,2021-12-26,Usulutan,Ciudad,34,56,36
41,2023-06-24,La Paz,Playa,84,169,130
42,2022-10-17,San Salvador,Playa,41,33,119
43,2023-09-24,Santa Ana,Playa,111,164,221
44,2022-11-15,Usulutan,Rural,44,124,200
45,2021-10-27,Ahuachapan,Playa,79,151,245
46,2021-02-13,Sonsonate,Ciudad,162,62,60
47,2022-11-29,La Paz,Playa,62,120,173
48,2022-03-22,Ahuachapan,Ciudad,196,43,117
49,2023-02-24,San Salvador,Rural,111,164,35
50,2022-03-20,Ahuachapan,Rural,127,121,211
51,2021-07-14,Usulutan,Rural,195,11,186
52,2023-10-20,Ahuachapan,Rural,100,131,232
53,2022-03-13,San Miguel,Rural,49,136,58
54,2023-08-16,La Libertad,Rural,197,5,230
55,2021-06-15,La Paz,Montaña,106,92,249
56,2021-11-11,Ahuachapan,Rural,93,93,148
57,2021-06-10,Santa Ana,Playa,98,69,51
58,2022-07-30,La Libertad,Rural,128,169,160
59,2022-04-26,La Paz,Montaña,153,47,153
60,2023-11-17,Santa Ana,Rural,79,90,64
61,2021-09-28,Santa Ana,Playa,114,61,46
62,2024-05-04,La Libertad,Playa,156,25,191
63,2021-12-03,Santa Ana,Ciudad,71,107,47
64,2021-10-24,Sonsonate,Playa,186,112,166
65,2021-11-19,Santa Ana,Playa,162,161,83
66,2022-09-02,San Miguel,Playa,178,157,184
67,2024-01-22,La Libertad,Playa,119,139,222
68,2022-09-25,San Salvador,Montaña,147,34,65
69,2021-01-16,Usulutan,Rural,193,77,40
70,2021-12-11,Usulutan,Rural,67,28,232
71,2023-09-12,Santa Ana,Playa,78,16,167
72,2022-12-08,Sonsonate,Montaña,102,81,43
73,2021-05-02,La Paz,Ciudad,65,162,196
74,2022-10-22,Ahuachapan,Playa,121,130,90
75,2022-02-09,La Libertad,Montaña,150,101,90
76,2022-07-15,Ahuachapan,Rural,45,66,132
77,2022-09-12,La Libertad,Ciudad,181,28,44
78,2021-05-23,Usulutan,Montaña,185,83,190
79,2023-04-20,Usulutan,Ciudad,133,148,72
80,2024-04-05,San Salvador,Playa,72,118,211
81,2022-08-07,La Libertad,Rural,32,24,245
82,2023-06-25,Sonsonate,Playa,85,87,161
83,2022-11-11,La Libertad,Montaña,119,177,162
84,2023-01-21,Sonsonate,Rural,70,63,102
85,2024-04-22,La Paz,Montaña,131,151,246
86,2022-11-30,San Miguel,Playa,161,29,50
87,2024-11-27,La Libertad,Ciudad,125,54,117
88,2024-05-09,San Salvador,Playa,150,162,211
89,2023-12-11,Usulutan,Rural,186,77,247
90,2022-08-27,Santa Ana,Rural,26,147,145
91,2021-01-31,La Paz,Montaña,54,53,153
92,2024-08-20,Sonsonate,Playa,185,36,233
93,2024-04-09,Santa Ana,Ciudad,142,168,182
94,2022-10-28,Ahuachapan,Ciudad,25,11,222
95,2021-06-05,La Paz,Ciudad,185,65,154
96,2024-01-24,La Paz,Playa,104,101,187
97,2022-03-18,La Paz,Ciudad,156,41,72
98,2021-03-03,Ahuachapan,Rural,112,74,135
99,2024-10-13,San Miguel,Playa,193,83,196
100,2023-11-05,La Paz,Montaña,142,21,165
101,2024-05-29,Ahuachapan,Montaña,102,42,248
102,2022-03-14,San Miguel,Rural,54,77,198
103,2024-03-05,San Miguel,Montaña,34,89,240
104,2021-09-15,Sonsonate,Rural,107,111,83
105,2024-10-29,San Salvador,Ciudad,166,159,47
106,2022-05-30,San Miguel,Rural,63,136,74
107,2022-04-26,San Miguel,Playa,95,86,100
108,2024-08-08,Usulutan,Rural,137,174,145
109,2021-12-07,Usulutan,Playa,117,92,174
110,2022-02-23,Usulutan,Rural,110,98,167
111,2024-05-16,La Libertad,Ciudad,100,104,79
112,2024-12-22,La Libertad,Montaña,103,167,241
113,2021-01-01,La Libertad,Rural,40,79,219
114,2024-04-06,Santa Ana,Ciudad,116,27,144
115,2022-10-19,San Miguel,Montaña,89,103,226
116,2022-03-29,La Libertad,Ciudad,45,132,60
117,2023-09-28,San Salvador,Playa,196,17,48
118,2022-04-20,La Paz,Montaña,180,11,173
119,2021-08-14,Sonsonate,Montaña,168,144,89
120,2021-01-01,San Miguel,Montaña,124,156,187
121,2022-03-15,Ahuachapan,Playa,123,31,213
122,2021-06-09,San Miguel,Ciudad,66,26,201
123,2023-08-13,La Libertad,Ciudad,170,119,90
124,2022-12-04,Sonsonate,Montaña,196,146,151
125,2023-07-26,Ahuachapan,Playa,174,177,48
126,2023-10-12,Santa Ana,Rural,74,12,170
127,2024-02-19,La Libertad,Montaña,42,81,99
128,2022-12-24,San Salvador,Ciudad,166,147,228
129,2024-01-08,Sonsonate,Montaña,150,61,211
130,2021-02-11,San Salvador,Montaña,69,79,114
131,2024-10-01,La Paz,Montaña,61,110,125
132,2024-05-02,Santa Ana,Rural,199,23,141
133,2022-04-04,Ahuachapan,Rural,153,114,223
134,2023-04-04,Santa Ana,Montaña,182,14,243
135,2023-01-16,Santa Ana,Montaña,46,102,65
136,2021-06-30,San Salvador,Playa,158,129,192
137,2022-03-29,San Salvador,Ciudad,97,60,130
138,2023-10-21,Usulutan,Ciudad,185,85,81
139,2023-06-26,La Paz,Playa,53,75,176
140,2022-11-28,Sonsonate,Ciudad,49,79,165
141,2024-01-28,Santa Ana,Playa,78,157,87
142,2023-07-12,Ahuachapan,Playa,24,73,142
143,2024-01-04,La Paz,Rural,51,106,58
144,2022-02-18,Sonsonate,Rural,23,109,77
145,2023-06-18,Usulutan,Montaña,180,16,229
146,2023-01-26,Ahuachapan,Ciudad,132,37,37
147,2023-07-09,La Paz,Ciudad,189,162,233
148,2024-07-08,Usulutan,Montaña,84,55,44
149,2022-06-09,Usulutan,Playa,159,155,190
150,2021-10-26,Ahuachapan,Montaña,137,177,142
151,2021-05-30,Usulutan,Rural,157,155,171
152,2023-03-13,Ahuachapan,Ciudad,68,162,131
153,2023-05-05,San Miguel,Playa,147,158,100
154,2022-11-15,San Miguel,Montaña,132,20,60
155,2024-03-11,Ahuachapan,Playa,101,171,177
156,2024-07-19,Sonsonate,Ciudad,173,113,73
157,2021-06-16,Ahuachapan,Rural,55,89,148
158,2024-12-20,Sonsonate,Montaña,58,141,100
159,2022-10-18,Sonsonate,Playa,87,177,114
160,2022-06-02,La Paz,Montaña,42,169,70
161,2023-10-30,San Salvador,Rural,47,86,79
162,2024-12-29,Sonsonate,Ciudad,148,131,119
163,2023-11-18,La Libertad,Montaña,29,135,181
164,2024-12-28,San Salvador,Montaña,100,164,106
165,2022-01-14,La Paz,Rural,188,36,148
166,2024-02-02,La Libertad,Ciudad,186,125,47
167,2024-12-05,La Libertad,Playa,198,117,247
168,2021-11-28,Sonsonate,Rural,169,168,86
169,2024-06-25,San Miguel,Montaña,150,74,56
170,2022-05-17,La Libertad,Playa,42,71,65
171,2023-04-13,La Libertad,Rural,59,88,186
172,2021-06-22,San Miguel,Ciudad,121,151,122
173,2024-07-16,Ahuachapan,Ciudad,74,137,136
174,2021-02-03,San Miguel,Montaña,198,52,147
175,2022-07-19,Sonsonate,Ciudad,74,61,41
176,2021-09-24,San Miguel,Rural,165,115,65
177,2024-07-24,San Salvador,Montaña,136,107,42
178,2021-01-19,La Libertad,Rural,166,68,135
179,2023-10-11,Sonsonate,Ciudad,67,143,185
180,2024-12-01,La Libertad,Montaña,99,21,174
181,2022-07-16,La Libertad,Rural,164,152,46
182,2021-07-04,La Libertad,Rural,191,148,144
183,2022-07-14,La Libertad,Playa,65,61,215
184,2021-05-27,Santa Ana,Playa,58,136,75
185,2021-11-30,Ahuachapan,Playa,101,110,205
186,2022-03-31,San Salvador,Rural,27,39,157
187,2023-09-19,Ahuachapan,Montaña,59,170,226
188,2024-02-10,La Libertad,Montaña,63,153,57
189,2021-03-15,San Salvador,Playa,48,146,116
190,2021-12-30,La Libertad,Montaña,131,78,149
191,2022-07-31,La Libertad,Ciudad,50,34,234
192,2023-06-22,La Libertad,Rural,68,113,97
193,2021-01-04,San Salvador,Ciudad,66,127,222
194,2022-07-19,La Paz,Ciudad,163,74,119
195,2021-08-25,Ahuachapan,Rural,70,174,74
196,2024-10-19,Usulutan,Rural,128,27,160
197,2021-11-28,Usulutan,Ciudad,29,24,152
198,2024-06-19,Santa Ana,Montaña,25,21,177
199,2024-10-11,Sonsonate,Ciudad,49,132,131
200,2023-12-05,San Miguel,Montaña,123,81,128
201,2024-10-06,La Paz,Ciudad,36,47,247
202,2024-06-17,Usulutan,Rural,138,165,143
203,2021-08-01,San Miguel,Montaña,110,103,220
204,2022-07-14,San Miguel,Playa,137,174,125
205,2023-01-28,Ahuachapan,Rural,135,175,181
206,2024-03-28,La Paz,Rural,21,100,150
207,2022-01-03,San Salvador,Ciudad,158,20,70
208,2021-10-11,La Paz,Ciudad,29,36,209
209,2022-07-14,La Paz,Montaña,136,48,234
210,2024-04-13,La Libertad,Rural,36,123,209
211,2023-03-09,Santa Ana,Montaña,123,168,146
212,2021-04-07,Ahuachapan,Rural,100,139,197
213,2024-12-24,Usulutan,Rural,177,69,229
214,2022-11-01,San Miguel,Playa,65,171,80
215,2023-05-15,Ahuachapan,Playa,52,128,207
216,2021-11-08,Santa Ana,Ciudad,169,88,243
217,2021-02-27,San Miguel,Playa,119,106,90
218,2023-02-25,Usulutan,Playa,160,114,79
219,2021-04-18,Usulutan,Montaña,26,142,120
220,2023-03-09,Ahuachapan,Playa,92,67,189
221,2023-04-14,San Salvador,Playa,58,44,48
222,2022-02-10,Santa Ana,Playa,170,43,206
223,2024-11-16,La Paz,Montaña,130,112,196
224,2022-11-25,La Paz,Playa,188,42,136
225,2022-03-18,Santa Ana,Ciudad,136,72,147
226,2022-04-15,La Libertad,Montaña,181,172,155
227,2023-09-24,San Salvador,Playa,82,106,220
228,2022-02-15,La Libertad,Playa,97,20,234
229,2023-06-13,Santa Ana,Ciudad,176,131,155
230,2023-03-09,San Salvador,Rural,58,8,201
231,2023-04-04,Ahuachapan,Rural,183,17,166
232,2023-03-01,La Paz,Montaña,82,133,219
233,2022-08-30,San Salvador,Ciudad,123,122,207
234,2023-10-09,Sonsonate,Playa,31,26,144
235,2021-04-04,Santa Ana,Montaña,129,110,86
236,2021-05-18,Usulutan,Ciudad,63,6,81
237,2023-12-05,San Salvador,Ciudad,104,29,84
238,2023-10-23,Usulutan,Montaña,30,74,43
239,2024-04-09,San Miguel,Rural,121,63,164
240,2023-07-07,La Paz,Montaña,176,89,191
241,2022-07-05,Sonsonate,Montaña,178,152,37
242,2023-04-15,Sonsonate,Montaña,97,60,230
243,2021-12-28,San Salvador,Ciudad,122,138,79
244,2024-05-10,San Salvador,Montaña,76,132,238
245,2022-01-23,San Salvador,Rural,184,119,162
246,2024-10-26,San Miguel,Montaña,99,145,185
247,2022-01-19,San Salvador,Montaña,66,91,187
248,2023-01-19,Sonsonate,Ciudad,124,146,223
249,2023-08-15,La Paz,Rural,69,136,83
250,2024-06-01,Ahuachapan,Rural,138,67,242
251,2023-11-26,San Miguel,Rural,78,122,216
252,2024-03-29,Santa Ana,Montaña,84,177,209
253,2024-02-10,La Paz,Playa,103,138,53
254,2022-11-03,Santa Ana,Ciudad,94,175,110
255,2022-07-29,Sonsonate,Playa,83,64,138
256,2024-12-22,Santa Ana,Playa,185,33,101
257,2021-02-08,La Paz,Playa,61,38,199
258,2021-12-05,Sonsonate,Montaña,54,120,227
259,2023-10-05,La Libertad,Ciudad,125,121,151
260,2023-07-12,Sonsonate,Montaña,132,29,150
261,2021-10-28,Santa Ana,Rural,159,105,80
262,2022-04-20,San Salvador,Rural,68,152,246
263,2024-09-07,Ahuachapan,Montaña,119,41,70
264,2021-03-20,Santa Ana,Ciudad,142,43,99
265,2022-04-18,Sonsonate,Montaña,181,102,191
266,2024-06-17,Sonsonate,Montaña,55,156,64
267,2024-06-18,San Salvador,Montaña,68,65,237
268,2022-08-27,San Salvador,Playa,55,75,127
269,2024-04-21,La Paz,Rural,174,144,80
270,2024-04-25,La Libertad,Montaña,85,144,174
271,2022-12-21,Usulutan,Ciudad,57,68,103
272,2023-09-24,La Libertad,Playa,133,30,243
273,2023-11-22,La Paz,Montaña,98,120,199
274,2024-12-23,San Salvador,Montaña,54,159,220
275,2024-06-09,Usulutan,Rural,46,124,84
276,2024-05-26,Sonsonate,Rural,45,155,175
277,2021-04-29,La Paz,Montaña,143,65,153
278,2024-12-16,Santa Ana,Rural,56,172,218
279,2022-04-01,Ahuachapan,Playa,26,131,145
280,2023-08-17,Usulutan,Rural,174,105,239
281,2023-11-23,San Salvador,Montaña,177,164,81
282,2024-09-17,San Miguel,Montaña,116,87,60
283,2024-10-13,Santa Ana,Rural,41,72,95
284,2023-06-16,Usulutan,Rural,97,138,193
285,2024-04-09,Ahuachapan,Rural,59,49,67
286,2022-10-13,San Miguel,Montaña,151,160,194
287,2023-01-10,La Paz,Ciudad,121,101,55
288,2023-06-14,Sonsonate,Montaña,176,158,118
289,2021-07-02,Santa Ana,Rural,142,64,72
290,2021-09-16,Santa Ana,Montaña,107,138,93
291,2021-01-26,Ahuachapan,Playa,42,140,222
292,2022-10-10,Usulutan,Ciudad,167,5,212
293,2021-11-20,Santa Ana,Montaña,139,13,93
294,2022-06-22,La Paz,Rural,112,161,88
295,2023-05-24,San Salvador,Ciudad,59,86,191
296,2023-01-19,San Salvador,Rural,92,20,155
297,2022-07-03,Usulutan,Montaña,97,156,72
298,2024-03-23,Ahuachapan,Ciudad,185,23,233
299,2021-12-03,Sonsonate,Ciudad,150,146,112
300,2021-04-22,Santa Ana,Montaña,153,87,122
301,2022-03-10,Sonsonate,Montaña,140,26,127
302,2023-03-04,San Miguel,Rural,119,135,166
303,2023-11-21,Santa Ana,Montaña,129,166,91
304,2024-04-12,Sonsonate,Playa,92,116,53
305,2023-04-25,Usulutan,Ciudad,77,146,241
306,2021-12-21,Sonsonate,Ciudad,37,155,113
307,2024-07-16,Usulutan,Montaña,150,96,194
308,2021-05-09,La Paz,Rural,78,144,127
309,2023-02-21,Ahuachapan,Ciudad,141,176,56
310,2023-10-01,Santa Ana,Ciudad,113,73,148
311,2022-12-05,La Libertad,Ciudad,158,122,212
312,2022-11-22,La Paz,Montaña,35,104,70
313,2021-05-28,Santa Ana,Ciudad,109,164,215
314,2021-01-05,La Libertad,Ciudad,106,89,243
315,2021-01-04,San Miguel,Playa,86,163,146
316,2022-06-08,San Miguel,Playa,111,44,239
317,2023-02-01,Sonsonate,Rural,189,44,93
318,2024-12-22,San Miguel,Ciudad,120,58,91
319,2022-09-18,San Miguel,Playa,124,173,249
320,2024-04-11,Santa Ana,Playa,194,115,83
321,2021-06-01,San Miguel,Ciudad,109,157,56
322,2024-07-28,Usulutan,Ciudad,85,135,74
323,2023-04-28,Sonsonate,Ciudad,87,30,51
324,2024-05-28,Santa Ana,Playa,65,172,205
325,2021-11-17,La Libertad,Ciudad,152,134,147
326,2022-03-06,Sonsonate,Montaña,74,150,118
327,2023-03-07,Santa Ana,Ciudad,165,112,35
328,2024-10-06,Santa Ana,Ciudad,44,38,82
329,2022-04-07,Santa Ana,Playa,63,15,182
330,2024-10-10,Ahuachapan,Rural,143,94,75
331,2022-09-20,La Libertad,Ciudad,85,19,221
332,2021-08-01,Usulutan,Playa,73,28,68
333,2024-10-13,Ahuachapan,Playa,70,43,167
334,2022-09-23,La Libertad,Rural,75,46,148
335,2024-02-09,Sonsonate,Rural,95,51,146
336,2024-11-02,Sonsonate,Rural,74,168,152
337,2024-07-16,La Paz,Rural,42,145,248
338,2021-07-20,Usulutan,Montaña,157,75,199
339,2023-07-22,Santa Ana,Rural,126,81,159
340,2024-01-03,Usulutan,Ciudad,63,40,136
341,2022-06-29,San Salvador,Ciudad,86,44,235
342,2024-10-19,Ahuachapan,Rural,184,138,117
343,2021-08-19,La Paz,Montaña,76,43,142
344,2021-09-15,Sonsonate,Playa,55,54,131
345,2024-05-02,Sonsonate,Montaña,59,75,212
346,2023-02-18,San Miguel,Playa,189,87,52
347,2022-09-13,La Paz,Montaña,126,133,96
348,2021-10-27,Usulutan,Montaña,165,65,185
349,2024-11-28,Santa Ana,Rural,120,24,222
350,2024-06-23,Santa Ana,Playa,136,99,157
351,2024-01-16,Usulutan,Montaña,148,129,219
352,2021-06-25,Sonsonate,Ciudad,131,116,168
353,2024-03-21,San Miguel,Playa,161,152,107
354,2024-01-03,Sonsonate,Ciudad,167,149,158
355,2022-01-06,San Salvador,Rural,77,129,245
356,2023-01-06,La Paz,Rural,88,120,39
357,2023-05-16,Ahuachapan,Ciudad,131,16,216
358,2024-01-29,La Libertad,Montaña,180,47,223
359,2022-01-13,Usulutan,Ciudad,155,114,189
360,2021-06-25,Sonsonate,Playa,62,128,83
361,2024-03-10,San Salvador,Playa,85,126,99
362,2022-05-16,San Miguel,Montaña,57,49,49
363,2024-08-14,Sonsonate,Ciudad,68,9,83
364,2023-06-05,La Libertad,Rural,35,153,132
365,2021-02-01,La Paz,Rural,72,94,175
366,2021-03-02,San Salvador,Montaña,150,165,179
367,2022-06-27,Sonsonate,Montaña,140,51,181
368,2023-03-17,Sonsonate,Rural,77,123,61
369,2023-08-01,Santa Ana,Rural,113,97,93
370,2021-04-15,La Libertad,Playa,154,163,82
371,2024-09-24,Usulutan,Ciudad,173,98,128
372,2023-09-25,Ahuachapan,Rural,138,152,134
373,2023-12-01,La Paz,Ciudad,23,133,165
374,2024-10-10,Sonsonate,Ciudad,86,18,162
375,2021-09-11,Sonsonate,Rural,88,171,118
376,2022-11-09,Ahuachapan,Rural,188,129,206
377,2023-04-29,La Paz,Montaña,77,75,205
378,2023-02-18,Usulutan,Ciudad,138,113,162
379,2022-06-12,San Salvador,Ciudad,110,174,193
380,2021-10-25,La Paz,Rural,76,24,106
381,2023-07-27,La Paz,Rural,154,40,181
382,2024-11-30,La Paz,Rural,68,70,91
383,2023-03-14,Sonsonate,Montaña,31,127,208
384,2021-03-27,La Libertad,Montaña,127,161,38
385,2023-06-01,San Salvador,Ciudad,143,169,35
386,2024-11-24,Ahuachapan,Montaña,81,47,118
387,2023-02-15,San Miguel,Montaña,24,67,240
388,2021-09-03,Santa Ana,Montaña,32,17,100
389,2021-10-11,Sonsonate,Rural,106,159,248
390,2021-03-26,Ahuachapan,Montaña,159,114,62
391,2021-05-09,Usulutan,Montaña,170,104,93
392,2023-01-23,San Miguel,Montaña,25,27,138
393,2022-08-04,Santa Ana,Playa,130,70,197
394,2022-06-03,Usulutan,Playa,152,131,208
395,2022-12-28,Usulutan,Ciudad,88,140,209
396,2023-11-23,Santa Ana,Rural,70,150,80
397,2022-08-25,San Salvador,Ciudad,66,76,192
398,2021-10-13,Santa Ana,Playa,177,69,85
399,2022-06-12,Sonsonate,Montaña,156,29,227
400,2021-08-28,Santa Ana,Playa,79,81,82
401,2021-01-26,Santa Ana,Rural,58,158,137
402,2024-04-16,Santa Ana,Playa,44,19,124
403,2022-07-24,Sonsonate,Montaña,154,47,183
404,2022-09-09,La Paz,Playa,65,151,194
405,2024-03-16,Sonsonate,Rural,196,127,216
406,2023-06-13,San Miguel,Ciudad,67,54,110
407,2021-10-28,Santa Ana,Ciudad,106,76,133
408,2021-03-30,Santa Ana,Ciudad,48,149,180
409,2022-09-10,Usulutan,Rural,114,43,77
410,2022-05-07,Ahuachapan,Ciudad,119,154,167
411,2021-12-27,La Paz,Playa,53,104,187
412,2023-06-24,Sonsonate,Ciudad,122,126,172
413,2023-11-10,Sonsonate,Ciudad,41,37,166
414,2024-07-21,Sonsonate,Playa,112,39,95
415,2021-02-11,Santa Ana,Rural,71,144,128
416,2023-09-26,San Salvador,Montaña,134,92,169
417,2021-03-09,San Miguel,Rural,171,148,76
418,2022-12-10,Santa Ana,Rural,96,44,234
419,2022-11-13,Usulutan,Ciudad,113,173,230
420,2024-08-22,La Libertad,Playa,188,49,40
421,2024-02-10,La Paz,Playa,25,30,71
422,2024-11-28,La Libertad,Rural,122,66,192
423,2022-08-02,Ahuachapan,Montaña,104,71,108
424,2024-12-01,Usulutan,Playa,90,29,160
425,2021-01-31,La Libertad,Rural,37,177,241
426,2021-09-29,San Miguel,Rural,45,92,140
427,2024-01-18,San Salvador,Ciudad,150,65,135
428,2023-09-02,Usulutan,Montaña,99,26,149
429,2021-09-12,La Paz,Montaña,143,168,99
430,2022-01-24,San Miguel,Ciudad,131,32,45
431,2023-05-20,San Miguel,Rural,194,169,218
432,2022-09-09,La Paz,Rural,165,25,236
433,2024-02-02,La Libertad,Rural,51,163,216
434,2024-08-04,Usulutan,Ciudad,192,57,74
435,2024-06-21,Sonsonate,Ciudad,148,57,46
436,2021-11-22,La Libertad,Playa,35,162,60
437,2021-08-30,Ahuachapan,Montaña,165,28,151
438,2024-09-03,Usulutan,Ciudad,25,84,221
439,2023-09-10,San Salvador,Playa,36,21,139
440,2021-04-22,San Salvador,Montaña,28,32,159
441,2021-03-05,La Paz,Montaña,106,172,210
442,2021-04-27,San Miguel,Playa,160,89,223
443,2021-02-27,La Paz,Playa,87,34,36
444,2024-08-05,Usulutan,Playa,133,39,98
445,2021-08-11,San Salvador,Montaña,84,151,145
446,2024-04-02,Sonsonate,Playa,84,124,61
447,2022-05-20,Ahuachapan,Montaña,73,85,194
448,2023-05-15,San Salvador,Ciudad,127,55,178
449,2021-05-25,Usulutan,Rural,100,122,225
450,2023-05-24,Ahuachapan,Rural,103,139,176
451,2021-10-14,San Miguel,Montaña,30,25,199
452,2024-08-22,Ahuachapan,Rural,138,9,192
453,2023-06-20,Usulutan,Montaña,171,89,133
454,2024-06-21,San Salvador,Playa,93,72,50
455,2024-09-29,Sonsonate,Montaña,61,169,98
456,2022-11-18,San Salvador,Playa,188,179,168
457,2021-05-06,Santa Ana,Playa,196,11,201
458,2023-05-16,La Libertad,Montaña,97,11,91
459,2023-10-12,Usulutan,Montaña,186,110,205
460,2021-01-24,Sonsonate,Ciudad,102,55,98
461,2022-10-25,Usulutan,Playa,106,52,56
462,2022-12-07,Ahuachapan,Montaña,52,126,128
463,2024-11-23,San Salvador,Ciudad,124,5,121
464,2022-11-10,San Salvador,Playa,133,66,180
465,2023-12-05,San Salvador,Rural,94,94,78
466,2023-04-01,San Miguel,Rural,199,90,58
467,2024-07-18,Santa Ana,Playa,34,150,233
468,2024-04-10,San Miguel,Ciudad,85,93,88
469,2021-09-05,La Libertad,Ciudad,83,100,213
470,2023-12-01,Usulutan,Montaña,63,137,63
471,2024-06-16,Usulutan,Playa,101,41,84
472,2024-12-01,Usulutan,Ciudad,47,67,96
473,2021-12-22,San Salvador,Playa,84,73,92
474,2024-01-26,San Salvador,Rural,117,34,92
475,2021-09-02,La Libertad,Playa,197,175,195
476,2021-01-14,Santa Ana,Playa,116,126,61
477,2024-01-06,Sonsonate,Ciudad,140,70,238
478,2021-09-16,San Salvador,Rural,83,42,225
479,2023-05-30,San Miguel,Playa,94,153,140
480,2021-01-15,San Salvador,Ciudad,67,51,83
481,2024-06-17,La Paz,Montaña,175,126,54
482,2021-11-10,San Miguel,Ciudad,126,16,63
483,2024-10-14,Santa Ana,Ciudad,136,63,197
484,2023-12-20,San Salvador,Ciudad,59,102,239
485,2023-05-08,Sonsonate,Rural,36,23,226
486,2023-09-13,La Paz,Ciudad,157,145,243
487,2022-06-16,Santa Ana,Rural,127,75,175
488,2021-09-23,La Paz,Rural,104,79,65
489,2024-10-15,Ahuachapan,Ciudad,39,172,130
490,2023-05-30,San Salvador,Ciudad,43,18,94
491,2021-12-18,Usulutan,Playa,79,25,126
492,2021-02-23,La Paz,Montaña,71,91,215
493,2021-10-26,Sonsonate,Ciudad,30,175,87
494,2023-09-01,La Libertad,Rural,93,129,115
495,2024-08-24,San Miguel,Playa,177,138,62
496,2021-09-20,Santa Ana,Playa,64,154,176
497,2024-07-04,San Miguel,Ciudad,66,151,190
498,2024-05-21,Santa Ana,Playa,44,123,234
499,2024-01-05,Sonsonate,Rural,40,165,115
500,2023-08-18,La Paz,Ciudad,63,130,103
501,2024-08-09,San Miguel,Montaña,70,88,125
502,2022-09-10,Usulutan,Ciudad,175,130,208
503,2021-06-22,Ahuachapan,Rural,96,114,101
504,2024-04-17,La Libertad,Playa,26,82,56
505,2021-11-11,San Miguel,Montaña,109,102,74
506,2021-05-11,Usulutan,Montaña,158,93,194
507,2023-07-25,San Salvador,Montaña,195,100,71
508,2023-10-25,La Paz,Montaña,32,69,204
509,2024-06-27,Santa Ana,Montaña,51,151,221
510,2021-03-29,Santa Ana,Rural,60,77,74
511,2021-10-27,Usulutan,Ciudad,181,159,52
512,2021-09-12,Ahuachapan,Ciudad,142,57,185
513,2024-08-10,Santa Ana,Playa,82,108,55
514,2022-08-24,Santa Ana,Playa,113,54,191
515,2024-08-04,Ahuachapan,Rural,137,16,208
516,2021-10-27,La Libertad,Rural,110,162,214
517,2021-01-05,Ahuachapan,Playa,132,107,60
518,2024-06-13,Santa Ana,Montaña,126,99,155
519,2024-11-24,Usulutan,Playa,127,30,221
520,2023-06-11,Usulutan,Rural,158,110,217
521,2021-03-30,La Libertad,Playa,102,9,191
522,2024-02-03,Santa Ana,Montaña,161,36,40
523,2021-10-11,San Miguel,Playa,81,53,178
524,2024-10-27,Sonsonate,Ciudad,30,124,114
525,2024-07-21,San Salvador,Ciudad,20,82,136
526,2023-12-24,Ahuachapan,Rural,152,7,170
527,2021-09-30,Sonsonate,Montaña,31,72,157
528,2024-11-26,Santa Ana,Playa,70,141,198
529,2022-07-20,La Libertad,Montaña,47,70,240
530,2024-12-14,La Paz,Montaña,114,5,167
531,2021-10-05,Usulutan,Rural,89,46,167
532,2023-06-17,La Libertad,Playa,69,148,237
533,2023-08-09,San Salvador,Rural,39,114,63
534,2021-11-11,Ahuachapan,Rural,185,6,130
535,2021-10-28,Ahuachapan,Playa,90,101,91
536,2023-12-24,Ahuachapan,Montaña,25,119,103
537,2024-04-04,La Libertad,Playa,87,123,201
538,2021-02-01,La Paz,Ciudad,46,174,222
539,2023-02-22,La Paz,Montaña,181,81,234
540,2023-02-25,San Salvador,Ciudad,52,68,161
541,2022-10-01,San Salvador,Ciudad,164,126,124
542,2021-07-27,Ahuachapan,Ciudad,103,153,73
543,2024-04-02,La Paz,Montaña,142,39,97
544,2021-01-08,San Salvador,Ciudad,69,30,185
545,2021-05-04,San Salvador,Playa,84,52,187
546,2024-07-17,Usulutan,Rural,77,128,127
547,2024-08-12,Santa Ana,Montaña,91,78,155
548,2023-10-23,La Paz,Montaña,69,82,71
549,2024-05-23,Santa Ana,Montaña,77,46,82
550,2021-02-18,La Paz,Rural,86,30,240
551,2024-07-23,San Miguel,Playa,62,87,86
552,2022-11-03,Santa Ana,Ciudad,123,128,74
553,2024-03-17,Usulutan,Montaña,181,127,164
554,2023-11-25,San Salvador,Playa,162,108,151
555,2023-05-15,La Libertad,Ciudad,55,38,51
556,2023-02-18,Ahuachapan,Rural,75,67,249
557,2024-02-11,San Salvador,Playa,188,156,83
558,2022-03-14,Usulutan,Montaña,161,105,80
559,2021-03-26,San Miguel,Rural,81,46,200
560,2022-07-02,San Miguel,Montaña,191,117,212
561,2024-08-26,Ahuachapan,Playa,89,16,123
562,2022-10-11,Ahuachapan,Playa,72,30,111
563,2022-06-04,Usulutan,Montaña,104,77,133
564,2024-08-24,La Paz,Playa,132,13,179
565,2024-02-14,San Miguel,Rural,35,59,158
566,2022-08-31,Sonsonate,Rural,182,123,56
567,2021-06-05,Usulutan,Playa,151,115,185
568,2023-01-30,La Libertad,Ciudad,104,68,104
569,2024-02-23,Ahuachapan,Ciudad,199,75,241
570,2023-04-20,San Salvador,Montaña,71,111,136
571,2021-07-26,Usulutan,Rural,105,63,232
572,2022-01-03,Sonsonate,Montaña,122,59,63
573,2024-04-02,San Miguel,Playa,178,139,162
574,2024-07-07,San Salvador,Rural,85,90,201
575,2023-08-23,La Libertad,Montaña,116,152,46
576,2024-07-02,Santa Ana,Ciudad,72,42,156
577,2023-07-25,Santa Ana,Rural,79,126,127
578,2021-03-14,Sonsonate,Rural,81,14,186
579,2023-09-13,La Paz,Montaña,109,93,41
580,2021-08-18,Usulutan,Rural,127,138,196
581,2023-07-01,La Paz,Montaña,65,24,51
582,2023-04-13,La Libertad,Ciudad,67,23,144
583,2023-02-11,San Salvador,Playa,157,53,187
584,2023-02-06,Ahuachapan,Rural,134,64,92
585,2022-10-04,San Miguel,Playa,39,85,178
586,2022-08-02,Santa Ana,Montaña,98,10,146
587,2024-02-04,Sonsonate,Rural,139,176,184
588,2023-07-27,La Libertad,Montaña,44,113,117
589,2023-06-02,Santa Ana,Playa,49,150,137
590,2021-06-02,Usulutan,Playa,150,17,35
591,2022-05-11,San Salvador,Rural,133,141,181
592,2022-01-04,San Salvador,Montaña,42,148,249
593,2023-03-31,La Paz,Montaña,189,23,132
594,2024-03-19,San Miguel,Playa,103,144,94
595,2024-07-23,Sonsonate,Playa,46,36,186
596,2024-03-06,Usulutan,Ciudad,53,64,249
597,2021-04-24,La Paz,Rural,161,158,69
598,2024-05-28,San Salvador,Ciudad,123,116,106
599,2024-04-13,Usulutan,Ciudad,101,84,154
600,2022-04-12,Sonsonate,Rural,175,33,177
601,2024-01-03,San Miguel,Ciudad,187,92,70
602,2023-10-22,Usulutan,Rural,183,171,170
603,2023-05-09,Sonsonate,Montaña,174,36,118
604,2022-07-12,La Libertad,Rural,90,148,38
605,2023-05-05,Santa Ana,Ciudad,54,89,201
606,2021-10-09,Santa Ana,Ciudad,163,79,219
607,2021-12-12,San Salvador,Ciudad,159,148,115
608,2022-03-12,Sonsonate,Rural,36,8,132
609,2023-09-27,Santa Ana,Playa,196,77,85
610,2021-03-14,Santa Ana,Ciudad,117,66,111
611,2021-03-07,Sonsonate,Montaña,23,132,96
612,2021-10-15,San Salvador,Montaña,89,110,142
613,2024-12-23,Usulutan,Montaña,168,74,235
614,2021-01-08,San Salvador,Rural,53,9,201
615,2022-12-15,La Libertad,Playa,74,114,160
616,2023-10-14,La Paz,Rural,21,118,101
617,2023-02-21,Usulutan,Montaña,50,152,241
618,2024-11-15,Ahuachapan,Ciudad,139,104,246
619,2021-06-25,Santa Ana,Rural,141,26,110
620,2024-11-02,San Salvador,Playa,176,170,203
621,2022-08-26,La Paz,Montaña,98,54,112
622,2023-08-24,La Paz,Rural,134,40,51
623,2024-11-17,Sonsonate,Playa,106,52,248
624,2022-07-18,San Salvador,Ciudad,126,51,185
625,2023-03-09,San Salvador,Montaña,172,167,122
626,2021-09-05,Santa Ana,Rural,179,134,67
627,2022-10-04,La Libertad,Rural,194,126,223
628,2024-08-04,Sonsonate,Ciudad,74,81,118
629,2021-12-09,Santa Ana,Playa,24,28,234
630,2023-06-17,Santa Ana,Playa,187,50,218
631,2021-05-04,San Salvador,Montaña,42,53,107
632,2022-04-26,La Libertad,Playa,33,139,85
633,2024-02-24,Usulutan,Playa,164,46,198
634,2024-12-02,La Paz,Montaña,43,168,44
635,2021-08-01,Santa Ana,Montaña,30,155,226
636,2021-09-25,La Paz,Rural,184,149,116
637,2021-08-19,Sonsonate,Ciudad,42,67,137
638,2021-01-13,Ahuachapan,Playa,68,110,97
639,2021-06-20,La Libertad,Ciudad,48,87,60
640,2021-12-20,Sonsonate,Montaña,115,110,98
641,2024-12-09,San Salvador,Ciudad,75,133,222
642,2023-05-16,San Salvador,Ciudad,150,161,178
643,2024-10-19,Sonsonate,Rural,72,128,67
644,2021-11-08,San Miguel,Rural,199,87,212
645,2024-03-08,San Miguel,Ciudad,124,68,186
646,2023-12-09,Santa Ana,Playa,142,158,153
647,2024-01-09,Usulutan,Playa,140,51,213
648,2024-11-27,Santa Ana,Playa,152,35,206
649,2024-05-11,La Libertad,Rural,20,25,214
650,2022-12-01,San Salvador,Rural,159,46,51
651,2021-05-06,La Libertad,Ciudad,192,118,89
652,2022-02-13,Ahuachapan,Ciudad,111,123,194
653,2022-01-25,San Salvador,Playa,173,92,78
654,2024-08-10,Ahuachapan,Ciudad,196,85,121
655,2023-07-20,Santa Ana,Playa,39,107,111
656,2024-12-25,La Libertad,Ciudad,28,45,243
657,2023-04-02,La Libertad,Montaña,197,133,157
658,2024-08-22,Usulutan,Playa,119,62,80
659,2021-11-30,Santa Ana,Playa,172,27,190
660,2023-04-07,La Libertad,Playa,131,60,234
661,2023-10-15,La Libertad,Montaña,159,76,182
662,2023-08-21,Usulutan,Ciudad,41,35,50
663,2022-05-23,La Paz,Montaña,28,88,199
664,2021-07-05,La Paz,Montaña,135,55,197
665,2024-09-08,La Libertad,Montaña,85,162,184
666,2024-08-31,La Libertad,Rural,153,133,134
667,2021-12-07,La Paz,Montaña,72,168,185
668,2023-08-31,La Paz,Montaña,86,86,198
669,2023-03-29,Ahuachapan,Rural,98,70,247
670,2022-09-04,Usulutan,Playa,44,36,66
671,2023-07-03,Usulutan,Playa,142,38,189
672,2021-11-07,Sonsonate,Ciudad,130,39,124
673,2024-06-05,Sonsonate,Rural,142,138,230
674,2022-04-21,Sonsonate,Ciudad,177,166,182
675,2021-07-09,Sonsonate,Rural,74,98,175
676,2022-04-18,Usulutan,Montaña,115,162,230
677,2021-02-13,Ahuachapan,Montaña,102,39,225
678,2024-04-22,La Libertad,Montaña,147,176,39
679,2024-05-26,Ahuachapan,Ciudad,128,143,194
680,2023-06-12,San Miguel,Playa,128,98,122
681,2021-09-27,La Paz,Rural,113,81,72
682,2023-02-25,Santa Ana,Rural,186,150,45
683,2022-10-26,La Paz,Ciudad,87,46,121
684,2022-10-07,Sonsonate,Ciudad,128,136,129
685,2022-08-26,Santa Ana,Playa,58,38,242
686,2024-04-24,Santa Ana,Playa,147,22,68
687,2024-03-11,San Salvador,Playa,146,20,115
688,2022-08-20,San Miguel,Playa,178,179,183
689,2022-04-14,San Miguel,Rural,178,147,131
690,2024-08-02,San Salvador,Ciudad,147,116,65
691,2022-04-10,La Libertad,Playa,76,127,76
692,2022-12-26,Sonsonate,Montaña,151,72,221
693,2022-06-06,San Salvador,Rural,140,163,65
694,2022-01-14,San Miguel,Playa,53,113,203
695,2024-03-27,Sonsonate,Ciudad,74,10,170
696,2024-09-19,La Libertad,Playa,169,108,112
697,2024-03-22,Sonsonate,Ciudad,50,19,225
698,2021-01-06,La Libertad,Montaña,75,165,93
699,2023-07-07,Santa Ana,Ciudad,42,87,120
700,2024-09-02,San Miguel,Playa,154,126,104
701,2023-06-13,San Salvador,Rural,49,96,184
702,2023-02-27,La Libertad,Playa,42,27,177
703,2021-04-12,Sonsonate,Playa,20,49,66
704,2021-10-01,Ahuachapan,Rural,149,44,204
705,2021-04-24,Ahuachapan,Rural,196,41,88
706,2023-05-25,La Libertad,Rural,135,161,242
707,2024-07-19,La Paz,Rural,150,21,68
708,2021-07-16,Sonsonate,Playa,26,22,228
709,2024-05-02,Ahuachapan,Playa,54,50,147
710,2023-05-13,Santa Ana,Rural,163,75,188
711,2023-10-03,San Miguel,Rural,93,77,93
712,2021-02-14,San Salvador,Montaña,193,150,43
713,2021-03-11,San Salvador,Playa,122,33,65
714,2023-02-28,San Salvador,Rural,119,30,187
715,2024-11-23,San Miguel,Playa,52,40,195
716,2021-09-29,Ahuachapan,Rural,174,8,92
717,2021-11-10,San Miguel,Rural,154,34,107
718,2022-10-19,Ahuachapan,Montaña,73,76,43
719,2021-11-14,Sonsonate,Playa,46,51,70
720,2024-11-11,Usulutan,Rural,68,76,144
721,2023-05-13,La Paz,Rural,162,176,94
722,2021-09-22,San Miguel,Rural,29,77,160
723,2021-12-29,Sonsonate,Playa,27,64,212
724,2024-11-21,La Paz,Ciudad,104,50,224
725,2021-12-01,Ahuachapan,Playa,146,99,173
726,2021-01-23,Usulutan,Rural,75,164,107
727,2023-03-14,San Miguel,Playa,86,45,134
728,2023-03-13,San Salvador,Playa,64,123,54
729,2024-02-04,La Paz,Rural,133,40,226
730,2021-12-03,San Miguel,Montaña,180,91,221
731,2023-08-11,San Miguel,Montaña,178,25,97
732,2023-01-11,La Paz,Playa,58,135,199
733,2021-12-17,San Miguel,Playa,134,62,79
734,2021-06-17,San Miguel,Playa,130,72,120
735,2023-01-04,Ahuachapan,Playa,100,126,134
736,2024-07-29,La Libertad,Rural,100,154,40
737,2024-07-17,Santa Ana,Playa,81,169,188
738,2023-03-15,Usulutan,Montaña,164,159,165
739,2024-02-01,San Miguel,Rural,145,41,98
740,2024-09-07,La Libertad,Ciudad,182,177,163
741,2024-07-15,La Paz,Playa,93,62,177
742,2021-01-19,San Miguel,Montaña,188,20,131
743,2022-09-29,Usulutan,Montaña,171,72,184
744,2021-02-20,Usulutan,Montaña,114,42,90
745,2023-12-07,Santa Ana,Rural,138,39,123
746,2021-04-13,Santa Ana,Rural,62,5,71
747,2023-04-05,San Salvador,Playa,145,148,56
748,2021-09-01,La Paz,Montaña,170,80,209
749,2021-10-16,La Paz,Montaña,38,129,104
750,2022-05-09,Sonsonate,Rural,156,153,82
751,2024-10-15,Usulutan,Playa,79,55,147
752,2022-04-03,San Miguel,Playa,28,27,229
753,2022-03-16,Usulutan,Montaña,91,168,229
754,2022-08-23,La Libertad,Playa,46,174,139
755,2022-10-12,La Paz,Playa,48,130,120
756,2022-04-26,Ahuachapan,Ciudad,136,141,216
757,2022-10-14,Ahuachapan,Playa,196,136,231
758,2023-01-14,Sonsonate,Playa,168,57,187
759,2021-03-26,Ahuachapan,Montaña,134,149,122
760,2021-02-23,La Libertad,Montaña,128,54,74
761,2022-09-05,La Paz,Rural,150,89,125
762,2024-04-04,Santa Ana,Rural,96,136,150
763,2021-03-17,Usulutan,Playa,165,130,243
764,2024-06-22,Ahuachapan,Rural,121,150,142
765,2024-04-22,San Salvador,Rural,69,53,89
766,2021-06-25,Santa Ana,Ciudad,183,164,248
767,2023-08-11,San Miguel,Rural,147,84,77
768,2022-04-07,Sonsonate,Montaña,156,174,160
769,2023-05-01,Sonsonate,Rural,102,88,86
770,2022-10-05,Ahuachapan,Playa,120,140,36
771,2024-08-02,La Paz,Ciudad,62,175,142
772,2022-03-10,Sonsonate,Rural,90,138,94
773,2021-06-19,Usulutan,Playa,123,157,84
774,2023-06-18,Santa Ana,Rural,94,10,99
775,2022-03-21,La Paz,Montaña,90,142,138
776,2024-05-29,La Libertad,Playa,138,67,189
777,2021-04-02,La Paz,Playa,150,76,220
778,2024-11-20,Sonsonate,Montaña,185,75,100
779,2021-09-25,Sonsonate,Montaña,77,120,150
780,2023-04-24,Ahuachapan,Rural,120,112,185
781,2021-11-18,La Paz,Playa,169,170,75
782,2021-06-28,Sonsonate,Rural,31,93,93
783,2021-09-14,Sonsonate,Ciudad,32,101,190
784,2021-12-30,Sonsonate,Montaña,186,140,141
785,2023-05-19,San Miguel,Montaña,112,88,169
786,2021-07-09,Santa Ana,Ciudad,158,160,169
787,2024-01-08,La Libertad,Ciudad,152,150,135
788,2024-03-08,San Miguel,Playa,162,83,70
789,2024-03-20,La Libertad,Ciudad,54,20,151
790,2023-09-23,La Paz,Playa,86,13,208
791,2022-11-22,Santa Ana,Playa,109,9,69
792,2022-11-14,Usulutan,Rural,89,147,60
793,2023-08-12,San Salvador,Ciudad,67,61,162
794,2021-05-24,Ahuachapan,Montaña,150,153,248
795,2022-11-20,La Libertad,Rural,189,149,246
796,2022-10-05,Ahuachapan,Ciudad,167,130,61
797,2024-07-18,Sonsonate,Playa,67,100,185
798,2021-05-03,Ahuachapan,Playa,87,162,75
799,2021-03-18,Ahuachapan,Montaña,31,100,98
800,2022-03-13,Santa Ana,Rural,49,158,83
801,2024-01-10,Usulutan,Rural,180,67,249
802,2024-11-15,Sonsonate,Playa,92,115,94
803,2023-10-18,Sonsonate,Playa,28,160,101
804,2021-04-12,Ahuachapan,Ciudad,37,144,230
805,2023-08-05,La Libertad,Ciudad,41,95,243
806,2024-01-05,La Paz,Montaña,122,19,76
807,2021-06-09,Sonsonate,Montaña,111,138,223
808,2021-08-17,Sonsonate,Ciudad,82,69,86
809,2022-09-14,Santa Ana,Ciudad,30,91,182
810,2021-04-29,San Miguel,Montaña,140,120,243
811,2023-03-12,Ahuachapan,Rural,99,132,72
812,2021-11-30,Usulutan,Ciudad,81,138,143
813,2021-07-04,La Libertad,Ciudad,60,159,135
814,2021-02-23,Sonsonate,Playa,130,65,168
815,2024-02-20,Usulutan,Rural,149,83,142
816,2023-12-04,La Paz,Playa,179,140,43
817,2022-07-14,La Libertad,Montaña,89,93,73
818,2023-02-17,Sonsonate,Montaña,124,164,132
819,2024-10-07,San Miguel,Rural,177,172,215
820,2022-08-11,Santa Ana,Rural,29,36,65
821,2024-02-07,La Libertad,Playa,95,49,123
822,2024-02-28,La Paz,Playa,37,83,207
823,2024-08-07,Usulutan,Playa,57,30,226
824,2021-11-01,Sonsonate,Playa,68,93,91
825,2021-06-12,Usulutan,Rural,66,119,50
826,2023-08-12,San Salvador,Rural,91,150,167
827,2022-06-09,Santa Ana,Ciudad,183,53,210
828,2021-01-17,Santa Ana,Montaña,113,55,58
829,2022-06-23,La Libertad,Montaña,174,146,212
830,2024-02-20,Sonsonate,Ciudad,103,124,165
831,2023-07-28,San Miguel,Playa,134,79,186
832,2024-03-15,Santa Ana,Rural,153,29,149
833,2021-03-06,Usulutan,Ciudad,111,8,98
834,2024-08-09,Sonsonate,Montaña,131,98,116
835,2024-09-28,Usulutan,Rural,52,85,97
836,2021-05-18,Ahuachapan,Rural,141,131,182
837,2022-08-25,Sonsonate,Montaña,57,70,172
838,2023-02-23,La Paz,Montaña,112,83,45
839,2023-02-15,Santa Ana,Ciudad,61,63,150
840,2021-04-22,La Libertad,Playa,21,99,117
841,2021-01-01,Santa Ana,Playa,173,167,62
842,2023-01-22,Ahuachapan,Playa,130,103,233
843,2023-06-30,Usulutan,Ciudad,22,16,36
844,2024-01-22,Ahuachapan,Rural,79,28,216
845,2021-10-21,Sonsonate,Montaña,101,174,78
846,2023-10-17,La Libertad,Ciudad,199,5,197
847,2024-09-09,San Salvador,Rural,186,63,226
848,2021-03-01,La Libertad,Playa,102,91,104
849,2022-04-18,San Salvador,Montaña,50,170,246
850,2022-06-23,La Libertad,Ciudad,180,76,249
851,2021-03-24,San Salvador,Rural,90,113,86
852,2024-06-23,Santa Ana,Rural,20,114,49
853,2021-12-07,San Salvador,Playa,109,34,222
854,2023-07-10,Usulutan,Ciudad,74,150,83
855,2024-05-21,San Salvador,Playa,23,35,223
856,2021-12-20,Ahuachapan,Montaña,180,70,160
857,2023-02-07,La Libertad,Montaña,77,47,236
858,2024-10-07,San Salvador,Rural,86,8,39
859,2022-02-23,La Libertad,Montaña,183,124,127
860,2022-05-17,La Libertad,Ciudad,146,160,140
861,2022-09-15,La Paz,Ciudad,137,164,146
862,2021-05-04,Ahuachapan,Montaña,34,102,71
863,2021-09-18,San Miguel,Montaña,194,80,77
864,2022-09-01,San Miguel,Montaña,94,160,201
865,2021-03-24,Sonsonate,Ciudad,174,115,98
866,2022-06-07,Usulutan,Ciudad,83,86,227
867,2023-10-07,Ahuachapan,Playa,69,129,167
868,2022-01-16,Santa Ana,Rural,58,20,185
869,2024-05-07,La Paz,Playa,166,173,224
870,2021-12-09,San Salvador,Rural,172,121,136
871,2023-10-26,Ahuachapan,Playa,140,37,120
872,2021-03-30,La Libertad,Ciudad,100,171,244
873,2022-12-09,Santa Ana,Playa,189,120,223
874,2021-09-07,San Miguel,Playa,43,68,84
875,2022-04-21,San Miguel,Rural,61,169,226
876,2023-03-02,San Miguel,Rural,150,45,133
877,2024-03-18,Sonsonate,Playa,64,149,35
878,2024-03-23,San Salvador,Rural,116,37,72
879,2021-11-22,Sonsonate,Montaña,196,163,117
880,2024-07-05,Santa Ana,Montaña,85,49,192
881,2024-03-31,Sonsonate,Ciudad,79,119,42
882,2023-03-17,Ahuachapan,Playa,70,73,148
883,2022-05-21,Usulutan,Rural,176,107,40
884,2024-05-21,La Paz,Playa,89,26,36
885,2023-09-21,Usulutan,Montaña,188,88,182
886,2023-05-09,La Paz,Rural,27,40,77
887,2024-02-18,Ahuachapan,Rural,127,71,119
888,2024-01-27,San Salvador,Ciudad,176,81,106
889,2022-06-10,Ahuachapan,Playa,141,145,186
890,2024-06-21,La Libertad,Rural,161,147,215
891,2023-11-08,San Salvador,Playa,168,153,181
892,2022-01-07,Santa Ana,Ciudad,41,11,148
893,2021-08-01,La Libertad,Rural,66,40,111
894,2022-07-30,Santa Ana,Playa,168,156,80
895,2023-03-25,Usulutan,Rural,49,66,160
896,2024-01-18,Ahuachapan,Rural,75,86,100
897,2022-10-11,Santa Ana,Playa,84,72,116
898,2021-02-15,Santa Ana,Rural,123,45,241
899,2024-03-31,La Paz,Rural,162,72,241
900,2022-06-05,San Salvador,Rural,177,131,61
901,2023-08-08,Ahuachapan,Rural,60,51,128
902,2021-12-07,Usulutan,Montaña,129,23,184
903,2022-03-03,Usulutan,Rural,171,168,139
904,2024-05-16,Usulutan,Playa,121,149,45
905,2021-05-26,San Miguel,Ciudad,169,101,193
906,2024-05-05,Sonsonate,Rural,86,166,138
907,2024-10-21,Usulutan,Rural,41,41,129
908,2023-05-08,La Libertad,Rural,177,107,230
909,2021-06-08,Santa Ana,Montaña,189,134,220
910,2024-06-12,Sonsonate,Rural,113,43,240
911,2022-08-04,Sonsonate,Ciudad,65,111,164
912,2022-05-28,La Libertad,Playa,139,137,47
913,2023-11-15,Usulutan,Montaña,37,42,55
914,2023-12-05,San Salvador,Rural,104,106,108
915,2021-06-02,Ahuachapan,Montaña,54,34,54
916,2023-02-11,Usulutan,Montaña,114,86,98
917,2023-06-25,San Miguel,Rural,48,168,100
918,2024-03-20,San Salvador,Rural,46,72,228
919,2021-11-11,Usulutan,Playa,85,121,84
920,2022-09-07,San Miguel,Ciudad,140,14,102
921,2022-07-04,San Miguel,Rural,86,123,88
922,2024-12-03,La Libertad,Rural,22,41,155
923,2022-02-03,San Salvador,Ciudad,29,105,140
924,2021-11-20,La Libertad,Montaña,91,81,42
925,2023-09-01,La Libertad,Montaña,119,27,237
926,2021-07-27,La Paz,Rural,120,58,50
927,2021-07-22,Ahuachapan,Rural,171,146,139
928,2021-03-11,La Libertad,Playa,80,173,105
929,2024-05-21,San Miguel,Ciudad,46,113,81
930,2021-06-09,La Libertad,Rural,95,49,160
931,2021-02-08,San Salvador,Montaña,138,175,204
932,2024-04-12,San Salvador,Montaña,33,171,202
933,2024-10-03,Sonsonate,Montaña,100,144,189
934,2024-05-29,Sonsonate,Rural,102,120,81
935,2021-02-19,La Paz,Rural,86,149,61
936,2021-05-30,La Libertad,Ciudad,131,142,154
937,2023-03-12,San Miguel,Ciudad,182,178,100
938,2021-07-26,Usulutan,Montaña,66,102,248
939,2024-09-18,Santa Ana,Rural,26,54,69
940,2022-01-21,Usulutan,Ciudad,88,167,49
941,2021-10-26,Usulutan,Montaña,39,60,162
942,2021-03-11,Sonsonate,Rural,22,71,118
943,2023-03-27,La Libertad,Montaña,148,125,144
944,2023-11-13,San Salvador,Ciudad,41,144,148
945,2021-07-26,La Libertad,Montaña,112,159,235
946,2021-05-21,Ahuachapan,Ciudad,100,20,235
947,2023-10-08,Usulutan,Montaña,183,140,249
948,2021-05-21,Usulutan,Ciudad,162,107,216
949,2021-06-27,La Libertad,Rural,97,175,240
950,2022-07-03,San Salvador,Playa,65,119,62
951,2024-04-02,San Miguel,Playa,44,120,151
952,2024-09-14,Sonsonate,Rural,93,20,193
953,2021-11-21,Santa Ana,Ciudad,183,16,168
954,2021-03-09,Santa Ana,Rural,166,42,88
955,2023-08-16,La Paz,Montaña,68,131,246
956,2023-02-17,San Salvador,Playa,142,171,120
957,2021-06-08,Sonsonate,Rural,62,174,249
958,2022-06-04,San Salvador,Montaña,53,157,80
959,2022-04-17,Usulutan,Rural,74,115,240
960,2023-06-26,La Paz,Ciudad,97,165,82
961,2022-12-11,Santa Ana,Montaña,37,154,238
962,2021-06-10,Sonsonate,Rural,125,38,127
963,2022-07-11,Sonsonate,Ciudad,64,166,74
964,2024-03-24,San Salvador,Montaña,107,26,135
965,2024-09-13,Ahuachapan,Rural,157,53,182
966,2021-10-19,La Libertad,Montaña,108,72,177
967,2021-03-26,Sonsonate,Rural,39,176,155
968,2021-06-06,Santa Ana,Montaña,146,23,106
969,2022-09-08,Usulutan,Rural,107,133,231
970,2024-01-06,Usulutan,Playa,132,23,121
971,2022-05-22,Usulutan,Ciudad,74,163,223
972,2023-11-14,La Paz,Rural,170,21,222
973,2023-05-03,Usulutan,Rural,78,27,180
974,2021-05-06,Ahuachapan,Playa,54,138,142
975,2021-12-31,San Miguel,Montaña,159,121,199
976,2022-06-05,La Libertad,Rural,24,138,185
977,2021-02-07,Sonsonate,Playa,75,23,190
978,2024-03-31,Usulutan,Montaña,159,126,242
979,2021-11-17,Ahuachapan,Ciudad,194,83,239
980,2024-09-11,La Libertad,Montaña,104,97,235
981,2023-08-04,San Salvador,Ciudad,80,42,174
982,2024-02-21,La Paz,Playa,65,15,100
983,2021-11-25,San Miguel,Playa,161,77,130
984,2024-06-23,San Salvador,Playa,163,140,126
985,2021-05-17,San Miguel,Montaña,136,82,201
986,2021-03-18,San Salvador,Montaña,75,112,99
987,2024-11-18,San Miguel,Montaña,133,40,77
988,2022-07-05,San Salvador,Rural,98,63,42
989,2021-03-26,San Salvador,Playa,55,110,74
990,2021-12-16,La Paz,Ciudad,189,160,74
991,2024-11-02,La Paz,Ciudad,113,137,190
992,2023-08-18,San Miguel,Ciudad,45,12,105
993,2022-02-14,La Paz,Ciudad,43,125,182
994,2022-03-25,San Salvador,Rural,138,143,241
995,2022-07-04,San Salvador,Ciudad,156,65,222
996,2023-02-22,La Libertad,Montaña,28,77,242
997,2024-12-03,La Libertad,Playa,104,90,36
998,2024-12-19,La Paz,Rural,183,17,149
999,2022-01-18,San Miguel,Montaña,159,27,124
1000,2022-01-24,La Libertad,Ciudad,65,172,143
1001,2024-05-24,La Paz,Montaña,102,80,150
1002,2021-09-30,San Miguel,Rural,83,43,117
1003,2024-05-20,Ahuachapan,Montaña,184,33,235
1004,2024-05-21,Usulutan,Playa,141,131,219
1005,2021-11-23,San Salvador,Playa,194,143,209
1006,2023-11-06,San Miguel,Ciudad,156,30,247
1007,2022-05-16,San Miguel,Rural,140,127,109
1008,2023-11-04,San Salvador,Ciudad,126,42,209
1009,2021-03-09,Sonsonate,Ciudad,97,109,151
1010,2023-10-21,Ahuachapan,Ciudad,129,127,53
1011,2023-05-27,Sonsonate,Playa,144,118,168
1012,2024-06-28,Ahuachapan,Montaña,61,97,106
1013,2024-07-29,Ahuachapan,Montaña,35,160,208
1014,2021-01-10,La Paz,Rural,186,37,41
1015,2021-03-04,La Paz,Rural,144,117,66
1016,2024-05-11,Sonsonate,Playa,145,145,172
1017,2022-05-06,Usulutan,Montaña,131,112,157
1018,2023-06-03,Usulutan,Rural,171,43,107
1019,2021-05-26,San Miguel,Rural,21,97,202
1020,2023-07-09,Santa Ana,Rural,196,38,133
1021,2021-04-02,San Miguel,Ciudad,115,98,221
1022,2022-04-02,La Libertad,Rural,103,79,116
1023,2023-09-30,Sonsonate,Ciudad,96,9,231
1024,2023-06-21,La Libertad,Playa,175,110,72
1025,2024-01-02,Santa Ana,Playa,26,35,169
1026,2021-06-15,Ahuachapan,Ciudad,180,43,88
1027,2021-03-20,La Libertad,Rural,21,166,140
1028,2024-11-13,Santa Ana,Playa,69,80,98
1029,2021-08-01,La Libertad,Rural,81,108,159
1030,2023-07-01,La Libertad,Playa,198,178,213
1031,2021-11-05,San Miguel,Ciudad,184,140,154
1032,2024-05-31,Sonsonate,Playa,181,23,233
1033,2024-11-16,Sonsonate,Playa,82,110,154
1034,2023-01-28,La Paz,Rural,27,162,127
1035,2024-08-26,La Paz,Montaña,55,153,53
1036,2024-09-10,La Paz,Rural,152,27,101
1037,2024-05-15,La Paz,Rural,21,165,206
1038,2024-05-27,Ahuachapan,Rural,197,112,230
1039,2021-10-28,San Salvador,Playa,73,8,195
1040,2023-10-10,Sonsonate,Montaña,31,121,141
1041,2023-01-13,Sonsonate,Montaña,70,85,134
1042,2024-03-19,Ahuachapan,Montaña,186,13,161
1043,2022-04-25,San Salvador,Playa,140,47,242
1044,2023-01-02,La Libertad,Playa,25,150,65
1045,2021-05-04,Ahuachapan,Ciudad,122,148,140
1046,2023-01-02,La Libertad,Rural,124,89,125
1047,2022-11-05,Usulutan,Ciudad,143,69,112
1048,2022-10-05,Sonsonate,Montaña,21,116,241
1049,2021-07-28,Santa Ana,Ciudad,187,45,244
1050,2024-11-30,La Libertad,Rural,22,41,206
1051,2024-11-06,Santa Ana,Ciudad,94,139,152
1052,2024-12-12,Ahuachapan,Ciudad,113,7,212
1053,2024-09-21,Sonsonate,Montaña,91,44,55
1054,2022-06-14,La Libertad,Ciudad,93,168,81
1055,2022-02-14,Santa Ana,Rural,38,130,237
1056,2022-01-05,Sonsonate,Playa,104,111,165
1057,2022-04-08,Ahuachapan,Montaña,194,123,163
1058,2023-11-24,Ahuachapan,Rural,155,175,145
1059,2021-10-25,Usulutan,Montaña,26,60,43
1060,2022-02-23,Santa Ana,Montaña,149,135,126
1061,2021-03-13,Sonsonate,Ciudad,110,179,36
1062,2022-06-25,Sonsonate,Playa,132,23,97
1063,2024-06-23,Ahuachapan,Montaña,109,68,132
1064,2024-02-17,San Miguel,Montaña,140,18,63
1065,2023-07-03,La Paz,Rural,169,174,172
1066,2024-03-26,Ahuachapan,Ciudad,197,41,193
1067,2023-07-27,La Paz,Playa,132,29,199
1068,2023-03-17,San Miguel,Rural,135,175,106
1069,2021-07-04,Sonsonate,Montaña,131,40,90
1070,2023-07-05,Sonsonate,Montaña,46,24,92
1071,2024-11-20,Ahuachapan,Playa,126,136,196
1072,2023-05-21,Sonsonate,Ciudad,197,125,38
1073,2023-07-06,Ahuachapan,Playa,128,168,54
1074,2021-08-24,San Salvador,Ciudad,194,127,130
1075,2023-03-18,Sonsonate,Rural,188,111,112
1076,2023-06-02,San Salvador,Montaña,149,148,93
1077,2021-07-09,San Miguel,Montaña,67,21,229
1078,2022-10-20,La Libertad,Montaña,186,16,163
1079,2021-03-10,San Miguel,Montaña,158,96,152
1080,2024-07-17,Santa Ana,Playa,178,125,242
1081,2024-09-16,Sonsonate,Montaña,141,107,183
1082,2021-10-16,Ahuachapan,Montaña,181,151,233
1083,2024-02-04,La Paz,Rural,83,90,99
1084,2024-10-09,La Libertad,Rural,92,148,177
1085,2023-08-15,La Paz,Ciudad,68,89,58
1086,2023-08-21,Santa Ana,Montaña,44,80,50
1087,2021-09-14,San Miguel,Ciudad,64,127,120
1088,2022-10-28,La Libertad,Montaña,80,153,57
1089,2022-03-01,La Paz,Playa,101,17,63
1090,2023-05-24,La Libertad,Montaña,176,90,141
1091,2022-09-11,Usulutan,Ciudad,166,105,97
1092,2021-06-20,Ahuachapan,Montaña,152,97,171
1093,2021-08-04,La Libertad,Playa,93,117,71
1094,2021-11-21,San Miguel,Rural,185,47,107
1095,2023-05-19,Sonsonate,Ciudad,66,100,154
1096,2024-02-16,San Miguel,Playa,69,96,248
1097,2024-02-07,La Paz,Playa,158,118,187
1098,2023-09-16,La Paz,Playa,160,31,157
1099,2024-05-03,La Paz,Ciudad,60,24,194
1100,2024-12-17,La Libertad,Rural,136,155,219
1101,2022-01-23,San Salvador,Playa,144,13,137
1102,2022-10-06,Usulutan,Ciudad,107,71,59
1103,2022-10-27,Usulutan,Ciudad,149,156,93
1104,2022-11-17,Ahuachapan,Montaña,196,133,71
1105,2024-11-29,Usulutan,Ciudad,85,43,220
1106,2022-08-29,Ahuachapan,Playa,122,101,146
1107,2024-03-31,Santa Ana,Ciudad,137,32,109
1108,2023-01-24,La Paz,Montaña,39,134,75
1109,2023-03-28,Ahuachapan,Playa,90,154,218
1110,2023-03-18,Ahuachapan,Rural,181,83,161
1111,2024-06-22,La Libertad,Montaña,25,85,57
1112,2023-12-11,San Salvador,Ciudad,50,76,249
1113,2022-11-21,Sonsonate,Playa,181,34,229
1114,2021-12-30,Ahuachapan,Playa,82,97,213
1115,2022-08-31,La Libertad,Playa,191,25,44
1116,2023-03-18,La Libertad,Ciudad,108,11,203
1117,2021-11-23,San Miguel,Ciudad,197,118,111
1118,2024-05-03,La Paz,Ciudad,34,129,132
1119,2022-08-27,San Salvador,Montaña,24,24,44
1120,2021-07-20,La Paz,Montaña,43,64,111
1121,2022-07-19,San Salvador,Montaña,72,71,105
1122,2023-09-19,San Miguel,Rural,190,130,214
1123,2021-06-28,La Paz,Montaña,45,150,73
1124,2024-10-06,San Salvador,Montaña,97,116,126
1125,2024-02-29,Ahuachapan,Montaña,52,108,159
1126,2021-08-29,Usulutan,Playa,110,25,239
1127,2024-08-10,La Paz,Playa,79,66,66
1128,2021-10-11,La Libertad,Montaña,122,45,87
1129,2021-05-20,Usulutan,Playa,185,141,230
1130,2024-02-10,Sonsonate,Playa,146,7,167
1131,2024-05-04,San Salvador,Rural,66,123,181
1132,2021-04-05,Santa Ana,Rural,52,26,195
1133,2023-08-22,Sonsonate,Playa,192,79,135
1134,2023-10-24,Santa Ana,Montaña,45,99,205
1135,2024-03-04,San Miguel,Playa,187,137,37
1136,2024-11-16,Santa Ana,Ciudad,94,143,94
1137,2022-04-18,San Salvador,Ciudad,191,28,190
1138,2021-03-30,Sonsonate,Rural,65,22,193
1139,2023-08-23,La Paz,Rural,188,14,174
1140,2022-03-30,Usulutan,Rural,57,94,187
1141,2021-09-18,La Paz,Playa,89,77,136
1142,2024-01-10,La Paz,Ciudad,94,84,196
1143,2021-09-05,San Miguel,Ciudad,163,149,62
1144,2023-08-21,San Miguel,Rural,33,16,98
1145,2023-09-11,La Paz,Ciudad,93,42,114
1146,2023-10-15,Santa Ana,Rural,26,129,241
1147,2023-06-25,San Salvador,Montaña,150,165,104
1148,2024-08-08,La Libertad,Playa,97,29,139
1149,2021-10-18,San Miguel,Montaña,163,9,100
1150,2024-10-28,La Paz,Playa,179,41,76
1151,2022-12-08,San Miguel,Montaña,152,107,82
1152,2024-06-14,La Libertad,Ciudad,55,98,227
1153,2022-01-01,La Paz,Rural,87,94,148
1154,2024-08-28,San Miguel,Rural,58,51,215
1155,2021-12-27,La Libertad,Playa,184,109,72
1156,2024-10-01,Santa Ana,Rural,170,79,160
1157,2023-11-01,San Miguel,Rural,44,78,124
1158,2023-10-21,La Paz,Ciudad,147,55,76
1159,2024-10-19,San Salvador,Rural,169,147,68
1160,2024-11-19,La Libertad,Montaña,166,36,53
1161,2023-12-27,Ahuachapan,Rural,187,154,52
1162,2021-03-17,San Salvador,Montaña,157,117,196
1163,2023-12-31,Ahuachapan,Montaña,180,147,95
1164,2022-07-26,La Libertad,Rural,72,158,238
1165,2022-12-17,Usulutan,Playa,48,99,158
1166,2023-08-20,Ahuachapan,Rural,66,33,52
1167,2023-02-07,Ahuachapan,Rural,117,137,224
1168,2023-11-14,Sonsonate,Playa,75,126,103
1169,2023-07-10,La Paz,Montaña,124,86,122
1170,2024-01-02,San Miguel,Playa,123,126,145
1171,2021-08-12,La Paz,Montaña,51,108,212
1172,2023-03-15,San Miguel,Montaña,24,161,241
1173,2022-03-17,Ahuachapan,Playa,186,128,35
1174,2022-11-06,Santa Ana,Rural,77,21,68
1175,2024-07-12,Ahuachapan,Montaña,173,152,123
1176,2024-08-25,Ahuachapan,Ciudad,29,79,87
1177,2021-08-12,Usulutan,Rural,41,145,165
1178,2023-06-21,San Miguel,Playa,109,19,44
1179,2022-05-02,La Libertad,Montaña,33,22,145
1180,2024-06-06,La Paz,Rural,129,164,72
1181,2023-06-06,San Salvador,Playa,126,153,145
1182,2022-09-23,San Salvador,Playa,138,119,184
1183,2021-04-26,Usulutan,Playa,157,126,148
1184,2023-05-11,Ahuachapan,Rural,192,102,150
1185,2021-11-06,La Paz,Ciudad,91,39,88
1186,2022-01-27,La Libertad,Rural,45,65,158
1187,2022-10-10,La Libertad,Montaña,147,81,178
1188,2022-04-29,Sonsonate,Rural,187,17,119
1189,2023-07-04,Sonsonate,Ciudad,128,47,216
1190,2023-01-09,La Libertad,Playa,90,112,147
1191,2023-10-27,San Salvador,Montaña,54,140,136
1192,2023-04-25,San Salvador,Playa,96,76,126
1193,2023-02-04,La Paz,Ciudad,25,148,140
1194,2024-12-20,San Miguel,Montaña,111,57,69
1195,2022-03-28,San Salvador,Ciudad,155,62,146
1196,2023-02-18,Usulutan,Rural,149,32,85
1197,2023-03-18,San Miguel,Playa,109,150,215
1198,2022-07-16,La Libertad,Ciudad,93,155,150
1199,2024-10-17,Sonsonate,Playa,180,23,140
1200,2023-02-14,La Libertad,Playa,37,23,69
1201,2023-04-02,San Miguel,Playa,61,51,140
1202,2022-02-02,Santa Ana,Rural,88,58,175
1203,2021-07-12,Santa Ana,Playa,118,147,138
1204,2021-09-06,Santa Ana,Playa,152,80,38
1205,2023-12-30,Ahuachapan,Montaña,170,176,100
1206,2023-04-19,Santa Ana,Playa,189,143,115
1207,2021-08-30,Ahuachapan,Ciudad,146,101,115
1208,2024-08-26,Sonsonate,Rural,180,156,98
1209,2023-04-12,La Paz,Ciudad,194,128,62
1210,2021-07-21,La Paz,Ciudad,195,57,143
1211,2021-02-10,San Salvador,Playa,53,55,220
1212,2023-07-09,Santa Ana,Montaña,44,150,159
1213,2023-10-03,San Miguel,Montaña,56,21,95
1214,2024-08-04,Usulutan,Montaña,148,119,164
1215,2022-09-24,Santa Ana,Ciudad,132,175,74
1216,2022-02-10,Ahuachapan,Montaña,33,147,112
1217,2023-04-17,San Miguel,Rural,161,34,187
1218,2023-12-19,San Salvador,Rural,85,150,101
1219,2023-07-08,La Libertad,Playa,132,62,158
1220,2024-08-13,San Miguel,Montaña,64,19,176
1221,2023-11-09,Santa Ana,Rural,73,81,70
1222,2022-08-12,Sonsonate,Rural,164,36,186
1223,2021-01-14,San Salvador,Playa,170,115,134
1224,2022-05-13,Ahuachapan,Rural,102,72,45
1225,2021-07-22,Usulutan,Rural,164,102,39
1226,2024-08-13,La Paz,Rural,20,14,233
1227,2021-10-29,San Miguel,Montaña,39,115,110
1228,2023-07-16,Sonsonate,Rural,124,123,89
1229,2024-04-10,San Miguel,Playa,183,119,219
1230,2022-11-06,Sonsonate,Montaña,157,176,159
1231,2022-11-11,Santa Ana,Playa,110,95,130
1232,2024-08-20,San Salvador,Ciudad,128,19,35
1233,2024-08-14,La Paz,Playa,192,36,95
1234,2022-07-01,San Miguel,Playa,152,24,138
1235,2022-12-11,La Paz,Playa,71,57,166
1236,2024-01-29,La Libertad,Ciudad,135,169,99
1237,2022-01-11,San Salvador,Rural,38,140,123
1238,2022-04-01,Ahuachapan,Ciudad,66,117,218
1239,2021-09-23,Sonsonate,Montaña,79,160,228
1240,2024-01-30,Santa Ana,Rural,125,38,223
1241,2021-10-06,Sonsonate,Montaña,84,81,76
1242,2021-06-27,San Miguel,Montaña,33,128,133
1243,2023-01-12,San Salvador,Rural,117,135,35
1244,2023-08-06,Ahuachapan,Rural,107,74,53
1245,2024-04-22,La Libertad,Playa,30,86,186
1246,2023-04-28,La Paz,Montaña,181,42,36
1247,2021-11-25,Santa Ana,Montaña,161,101,113
1248,2024-02-22,La Paz,Playa,99,136,114
1249,2024-01-27,La Libertad,Rural,43,26,83
1250,2021-12-24,Sonsonate,Playa,106,152,80
1251,2024-03-09,La Paz,Playa,118,21,231
1252,2024-03-25,San Salvador,Playa,170,165,59
1253,2023-04-10,Usulutan,Montaña,38,26,240
1254,2023-07-15,Ahuachapan,Montaña,20,36,226
1255,2024-03-27,Usulutan,Playa,96,77,135
1256,2024-02-21,San Salvador,Ciudad,187,64,149
1257,2021-02-19,La Libertad,Ciudad,43,118,70
1258,2023-05-01,Ahuachapan,Playa,85,123,68
1259,2024-02-18,San Miguel,Rural,80,43,115
1260,2023-06-18,La Paz,Rural,21,136,137
1261,2021-05-11,San Miguel,Ciudad,128,140,93
1262,2021-05-19,Sonsonate,Montaña,190,25,215
1263,2024-10-06,Usulutan,Playa,145,61,73
1264,2023-07-30,Ahuachapan,Rural,92,134,194
1265,2021-04-22,Santa Ana,Rural,43,155,106
1266,2023-10-09,Ahuachapan,Ciudad,149,115,80
1267,2022-09-26,Santa Ana,Montaña,139,126,214
1268,2023-03-06,Sonsonate,Playa,24,172,240
1269,2021-12-25,Usulutan,Montaña,160,35,168
1270,2021-06-05,La Paz,Rural,40,166,80
1271,2024-05-28,Santa Ana,Montaña,114,126,57
1272,2021-12-22,La Libertad,Ciudad,96,179,37
1273,2022-01-28,Santa Ana,Montaña,193,6,166
1274,2023-06-11,Santa Ana,Montaña,81,112,90
1275,2021-07-02,Ahuachapan,Ciudad,78,32,117
1276,2023-07-03,Santa Ana,Rural,98,114,54
1277,2022-04-28,La Libertad,Ciudad,77,123,60
1278,2021-10-21,San Salvador,Ciudad,72,37,77
1279,2023-09-17,La Libertad,Playa,191,59,234
1280,2022-06-09,La Libertad,Rural,22,36,99
1281,2022-03-17,San Salvador,Playa,113,131,243
1282,2022-02-22,La Paz,Ciudad,85,155,42
1283,2021-01-01,San Miguel,Montaña,91,42,111
1284,2022-02-02,Sonsonate,Montaña,142,136,145
1285,2024-11-09,La Libertad,Rural,141,32,48
1286,2021-12-13,La Libertad,Playa,65,154,223
1287,2024-03-04,San Miguel,Playa,51,106,215
1288,2021-05-16,San Miguel,Montaña,152,121,116
1289,2024-09-21,Sonsonate,Rural,30,166,52
1290,2024-09-28,San Miguel,Ciudad,52,158,211
1291,2022-09-27,La Libertad,Ciudad,31,159,126
1292,2023-02-16,Sonsonate,Rural,39,104,203
1293,2024-01-13,San Miguel,Montaña,139,168,211
1294,2021-04-07,Santa Ana,Ciudad,23,149,114
1295,2021-06-05,La Libertad,Ciudad,178,62,243
1296,2024-03-30,Santa Ana,Montaña,155,13,227
1297,2021-01-26,La Libertad,Ciudad,168,18,102
1298,2024-03-30,Ahuachapan,Playa,140,44,63
1299,2022-06-09,Ahuachapan,Rural,134,132,249
1300,2022-08-30,Santa Ana,Ciudad,75,32,103
1301,2022-08-19,Ahuachapan,Ciudad,112,147,177
1302,2021-07-26,Ahuachapan,Playa,20,30,51
1303,2021-11-21,San Miguel,Ciudad,53,79,36
1304,2022-01-16,San Salvador,Rural,102,33,240
1305,2022-03-19,Usulutan,Playa,62,140,50
1306,2024-07-29,Usulutan,Rural,100,171,70
1307,2023-04-11,San Salvador,Rural,84,177,88
1308,2022-05-18,Usulutan,Montaña,97,140,54
1309,2023-06-06,Sonsonate,Montaña,22,9,186
1310,2024-05-22,Ahuachapan,Playa,137,122,142
1311,2022-09-15,La Libertad,Ciudad,155,29,178
1312,2023-06-03,La Libertad,Ciudad,75,13,71
1313,2023-04-12,San Miguel,Montaña,109,50,157
1314,2023-05-30,Santa Ana,Rural,133,55,113
1315,2021-01-31,Sonsonate,Ciudad,166,76,48
1316,2021-02-27,La Libertad,Playa,81,178,144
1317,2021-01-22,Sonsonate,Playa,83,86,46
1318,2021-07-05,La Libertad,Ciudad,50,79,247
1319,2023-04-06,La Paz,Montaña,152,88,188
1320,2021-02-16,La Libertad,Montaña,52,159,157
1321,2022-03-25,Ahuachapan,Rural,166,41,228
1322,2024-03-11,San Salvador,Ciudad,82,84,204
1323,2023-12-18,La Libertad,Playa,84,118,119
1324,2022-06-03,Ahuachapan,Ciudad,35,137,92
1325,2022-07-19,Sonsonate,Playa,181,54,207
1326,2021-02-17,Usulutan,Montaña,100,162,42
1327,2022-07-18,Ahuachapan,Playa,144,67,241
1328,2021-07-05,Sonsonate,Playa,143,13,108
1329,2024-01-24,San Miguel,Rural,184,82,145
1330,2022-11-18,San Miguel,Montaña,87,27,152
1331,2023-11-05,La Paz,Playa,41,63,129
1332,2023-04-21,San Salvador,Montaña,69,174,88
1333,2023-01-06,Santa Ana,Rural,124,91,218
1334,2021-07-13,La Libertad,Playa,170,156,161
1335,2024-04-15,Usulutan,Playa,101,42,159
1336,2023-01-14,La Libertad,Rural,196,154,179
1337,2021-05-26,Santa Ana,Rural,24,145,53
1338,2021-12-13,La Paz,Montaña,73,113,230
1339,2024-04-28,San Miguel,Montaña,129,82,77
1340,2023-07-03,La Paz,Montaña,172,26,248
1341,2021-09-22,La Libertad,Ciudad,81,108,123
1342,2022-08-04,Ahuachapan,Playa,74,77,224
1343,2022-09-27,San Salvador,Playa,30,62,229
1344,2022-08-12,La Libertad,Ciudad,72,107,155
1345,2022-11-06,Sonsonate,Ciudad,97,117,92
1346,2024-11-12,Usulutan,Ciudad,84,12,238
1347,2023-03-17,Usulutan,Rural,175,102,237
1348,2022-02-08,Ahuachapan,Rural,36,170,131
1349,2022-09-14,Usulutan,Montaña,197,141,131
1350,2022-01-13,Santa Ana,Rural,179,30,132
1351,2021-12-25,San Salvador,Rural,114,125,169
1352,2021-07-03,San Salvador,Ciudad,35,39,126
1353,2022-10-09,La Paz,Playa,161,44,35
1354,2024-08-10,Sonsonate,Montaña,58,115,232
1355,2021-05-21,La Paz,Montaña,92,65,195
1356,2022-07-05,La Libertad,Montaña,67,108,86
1357,2022-08-23,Ahuachapan,Playa,144,36,129
1358,2024-03-31,Ahuachapan,Rural,110,30,96
1359,2024-03-13,San Miguel,Montaña,168,126,155
1360,2023-07-26,Ahuachapan,Rural,65,53,68
1361,2023-03-02,Sonsonate,Playa,48,50,216
1362,2022-08-08,Usulutan,Rural,120,177,111
1363,2024-04-15,La Libertad,Ciudad,44,48,155
1364,2021-09-03,La Libertad,Playa,175,171,133
1365,2024-06-17,La Libertad,Playa,187,87,186
1366,2021-02-12,La Paz,Ciudad,23,59,96
1367,2022-04-05,Usulutan,Montaña,70,99,143
1368,2023-12-14,San Miguel,Ciudad,125,67,197
1369,2021-01-10,Usulutan,Playa,48,6,150
1370,2023-01-29,La Paz,Montaña,133,124,162
1371,2024-03-27,Santa Ana,Rural,136,110,138
1372,2021-07-16,Sonsonate,Playa,22,179,206
1373,2022-12-21,Usulutan,Playa,68,48,129
1374,2022-11-26,San Miguel,Montaña,118,75,183
1375,2023-02-13,San Salvador,Playa,98,69,79
1376,2024-04-08,San Miguel,Ciudad,25,38,67
1377,2024-03-10,La Paz,Playa,65,150,56
1378,2023-08-10,San Miguel,Montaña,29,91,77
1379,2022-11-02,La Paz,Playa,179,120,70
1380,2023-12-11,San Miguel,Playa,49,168,86
1381,2023-09-13,Ahuachapan,Ciudad,175,134,123
1382,2021-09-27,Sonsonate,Playa,194,151,131
1383,2021-05-05,La Libertad,Playa,98,80,52
1384,2021-05-06,Santa Ana,Playa,102,97,131
1385,2023-11-19,Ahuachapan,Ciudad,134,99,223
1386,2021-10-08,Sonsonate,Montaña,197,66,85
1387,2021-04-09,Usulutan,Ciudad,109,29,207
1388,2023-03-21,La Libertad,Playa,165,128,44
1389,2024-12-13,La Libertad,Ciudad,68,14,186
1390,2024-02-14,La Paz,Rural,136,42,235
1391,2021-03-29,La Libertad,Ciudad,32,161,178
1392,2021-02-25,Ahuachapan,Playa,118,57,239
1393,2023-09-27,San Salvador,Rural,114,8,133
1394,2021-07-10,La Libertad,Montaña,122,131,158
1395,2024-05-01,Usulutan,Playa,39,108,86
1396,2022-02-14,Santa Ana,Rural,127,46,196
1397,2021-02-16,La Paz,Montaña,52,11,114
1398,2023-02-28,Santa Ana,Ciudad,176,118,144
1399,2023-07-20,Sonsonate,Rural,81,39,176
1400,2022-11-13,Sonsonate,Ciudad,133,29,84
1401,2024-06-06,Ahuachapan,Ciudad,64,20,131
1402,2023-06-20,Usulutan,Rural,20,114,172
1403,2021-06-23,La Paz,Rural,97,114,246
1404,2022-03-19,Sonsonate,Ciudad,62,55,205
1405,2023-03-12,Sonsonate,Playa,144,19,200
1406,2021-03-18,Santa Ana,Playa,187,109,173
1407,2024-06-10,La Paz,Montaña,172,76,82
1408,2021-03-26,La Paz,Playa,64,173,180
1409,2023-06-01,San Salvador,Playa,26,23,174
1410,2024-05-02,La Libertad,Rural,57,60,163
1411,2023-01-31,Santa Ana,Rural,160,69,39
1412,2023-11-24,La Libertad,Montaña,29,84,212
1413,2024-02-06,Sonsonate,Ciudad,85,141,178
1414,2024-06-05,Sonsonate,Ciudad,37,43,153
1415,2023-07-31,La Paz,Rural,184,26,107
1416,2021-05-12,San Salvador,Montaña,58,31,35
1417,2024-10-16,San Miguel,Montaña,37,144,100
1418,2024-04-05,La Paz,Ciudad,38,78,169
1419,2021-12-10,Ahuachapan,Montaña,198,73,120
1420,2023-09-10,Sonsonate,Playa,96,72,121
1421,2021-02-28,San Salvador,Ciudad,183,137,96
1422,2023-09-21,La Paz,Playa,23,63,62
1423,2024-07-15,San Salvador,Montaña,131,142,126
1424,2021-05-29,Ahuachapan,Ciudad,58,26,122
1425,2022-07-02,Usulutan,Rural,115,138,110
1426,2022-11-28,San Miguel,Ciudad,196,171,212
1427,2021-04-11,Usulutan,Playa,144,86,222
1428,2021-07-02,San Miguel,Rural,102,70,190
1429,2022-09-14,San Salvador,Ciudad,43,41,97
1430,2021-04-21,Sonsonate,Playa,100,112,100
1431,2022-05-05,La Paz,Ciudad,141,169,188
1432,2021-03-26,San Miguel,Rural,49,143,104
1433,2022-10-07,Usulutan,Playa,148,148,192
1434,2021-06-30,Santa Ana,Rural,111,65,71
1435,2023-02-12,San Salvador,Playa,160,169,90
1436,2023-11-10,San Salvador,Montaña,103,93,104
1437,2021-05-03,Sonsonate,Playa,114,124,89
1438,2021-05-30,San Salvador,Rural,158,58,221
1439,2021-07-04,Ahuachapan,Playa,189,38,132
1440,2023-11-09,La Paz,Playa,186,114,165
1441,2021-02-11,Santa Ana,Rural,189,54,86
1442,2024-11-21,Santa Ana,Rural,97,165,185
1443,2024-07-31,San Miguel,Rural,45,151,108
1444,2022-09-06,La Libertad,Ciudad,193,74,153
1445,2023-06-20,La Libertad,Montaña,100,15,147
1446,2021-07-20,San Salvador,Rural,189,123,105
1447,2022-11-29,Sonsonate,Ciudad,41,157,231
1448,2023-01-11,San Salvador,Playa,73,45,177
1449,2021-09-24,Usulutan,Rural,106,43,85
1450,2024-03-27,Santa Ana,Rural,50,56,244
1451,2024-08-01,Sonsonate,Montaña,106,131,121
1452,2021-04-29,Ahuachapan,Ciudad,24,121,53
1453,2023-05-22,San Miguel,Montaña,154,78,143
1454,2022-07-03,San Miguel,Ciudad,93,66,101
1455,2022-05-03,San Miguel,Rural,84,13,41
1456,2022-10-25,Santa Ana,Rural,49,22,128
1457,2022-07-19,San Miguel,Rural,145,101,48
1458,2021-10-06,Usulutan,Rural,72,121,104
1459,2023-08-22,Usulutan,Ciudad,102,69,94
1460,2022-08-13,La Libertad,Rural,133,31,177
1461,2023-04-13,San Salvador,Montaña,79,72,158
1462,2021-10-02,Santa Ana,Playa,107,31,64
1463,2024-12-26,Sonsonate,Montaña,35,117,213
1464,2023-04-25,Usulutan,Rural,151,112,129
1465,2024-05-28,Ahuachapan,Ciudad,126,86,47
1466,2022-08-26,Santa Ana,Playa,158,176,237
1467,2021-04-15,Santa Ana,Rural,91,173,235
1468,2023-12-04,Usulutan,Rural,21,19,215
1469,2024-09-25,Santa Ana,Rural,156,159,100
1470,2023-01-10,Santa Ana,Ciudad,110,140,37
1471,2022-10-25,Santa Ana,Montaña,163,99,97
1472,2024-11-22,Usulutan,Rural,116,16,62
1473,2023-10-13,Usulutan,Ciudad,141,82,201
1474,2022-01-25,La Paz,Playa,136,105,96
1475,2022-12-31,Sonsonate,Montaña,52,113,246
1476,2024-04-16,Ahuachapan,Playa,109,22,202
1477,2022-03-17,La Libertad,Montaña,195,173,52
1478,2021-12-06,La Paz,Ciudad,44,140,161
1479,2024-10-02,Usulutan,Montaña,178,68,171
1480,2021-11-29,Santa Ana,Rural,91,130,247
1481,2021-02-16,San Salvador,Ciudad,137,136,213
1482,2023-03-12,Ahuachapan,Ciudad,22,123,161
1483,2022-06-09,San Salvador,Ciudad,52,17,52
1484,2024-06-16,San Miguel,Rural,105,14,93
1485,2022-02-25,Usulutan,Montaña,139,5,188
1486,2024-08-08,La Libertad,Montaña,160,160,62
1487,2023-09-03,La Paz,Ciudad,181,25,36
1488,2022-05-29,La Paz,Montaña,190,90,148
1489,2022-04-18,La Libertad,Montaña,169,84,59
1490,2022-03-12,La Paz,Playa,150,165,106
1491,2022-06-08,La Libertad,Rural,37,172,216
1492,2023-11-07,Sonsonate,Ciudad,137,79,153
1493,2021-12-12,Usulutan,Rural,188,117,193
1494,2024-06-08,Usulutan,Rural,194,43,119
1495,2024-05-18,Ahuachapan,Rural,144,131,145
1496,2023-04-05,La Libertad,Montaña,104,53,132
1497,2024-03-16,Usulutan,Ciudad,162,123,51
1498,2021-10-01,Sonsonate,Playa,90,35,158
1499,2021-05-01,San Miguel,Playa,94,171,174
1500,2022-03-17,La Paz,Rural,85,69,55
1501,2022-08-09,San Miguel,Playa,138,147,200
1502,2021-01-17,Usulutan,Montaña,124,77,174
1503,2024-11-15,Sonsonate,Rural,98,84,192
1504,2022-01-19,La Libertad,Playa,62,93,209
1505,2021-02-03,San Salvador,Ciudad,180,23,156
1506,2023-05-05,Santa Ana,Playa,102,117,74
1507,2023-01-23,La Libertad,Playa,57,99,101
1508,2021-01-21,Santa Ana,Playa,148,52,115
1509,2024-08-25,Sonsonate,Montaña,96,31,137
1510,2022-03-02,San Salvador,Montaña,152,172,179
1511,2022-02-02,La Libertad,Rural,74,89,248
1512,2024-02-12,Sonsonate,Ciudad,187,173,134
1513,2024-04-07,La Paz,Ciudad,72,177,63
1514,2021-10-09,La Paz,Rural,158,57,170
1515,2024-01-13,La Libertad,Rural,85,71,189
1516,2021-12-07,La Paz,Playa,121,81,158
1517,2024-06-05,La Paz,Montaña,67,104,61
1518,2022-05-26,Sonsonate,Montaña,125,54,38
1519,2022-09-21,San Miguel,Montaña,101,135,213
1520,2024-09-01,Santa Ana,Ciudad,120,43,207
1521,2023-10-21,Sonsonate,Playa,46,67,47
1522,2022-11-22,San Miguel,Playa,184,124,200
1523,2024-05-29,Usulutan,Rural,66,66,179
1524,2024-07-18,San Miguel,Rural,167,142,87
1525,2022-12-16,Sonsonate,Montaña,76,160,76
1526,2024-01-08,Ahuachapan,Playa,132,57,204
1527,2022-06-28,San Salvador,Ciudad,25,110,213
1528,2023-03-14,San Salvador,Ciudad,131,142,142
1529,2021-08-17,La Libertad,Rural,163,65,71
1530,2023-04-13,San Salvador,Montaña,94,120,216
1531,2023-05-25,Ahuachapan,Ciudad,89,169,168
1532,2021-03-19,Santa Ana,Playa,186,6,119
1533,2022-06-02,La Libertad,Playa,128,147,207
1534,2022-10-18,Usulutan,Playa,83,172,117
1535,2024-03-30,La Paz,Rural,54,90,119
1536,2024-08-28,La Paz,Rural,65,113,35
1537,2022-03-05,Sonsonate,Montaña,132,133,129
1538,2021-03-26,Ahuachapan,Playa,47,163,83
1539,2024-11-30,Sonsonate,Rural,144,21,89
1540,2023-11-02,La Libertad,Montaña,91,140,79
1541,2023-02-09,Ahuachapan,Playa,117,112,247
1542,2023-04-21,La Libertad,Ciudad,44,53,166
1543,2022-03-16,San Miguel,Playa,22,90,105
1544,2021-08-04,San Miguel,Playa,61,74,211
1545,2022-09-06,Ahuachapan,Rural,198,164,132
1546,2022-05-15,Sonsonate,Rural,146,143,48
1547,2022-01-30,Sonsonate,Rural,134,49,149
1548,2024-01-27,Ahuachapan,Playa,159,146,240
1549,2024-04-10,Ahuachapan,Ciudad,61,87,160
1550,2023-04-20,La Libertad,Rural,142,70,177
1551,2024-03-03,Santa Ana,Rural,100,137,225
1552,2022-06-02,San Salvador,Playa,51,56,69
1553,2024-01-27,Usulutan,Rural,160,28,160
1554,2024-07-15,San Salvador,Playa,73,108,202
1555,2024-05-21,La Paz,Playa,82,39,222
1556,2021-09-12,La Libertad,Playa,92,171,176
1557,2023-06-22,La Libertad,Rural,54,63,162
1558,2022-08-06,Santa Ana,Rural,167,88,95
1559,2023-10-11,San Miguel,Playa,174,109,73
1560,2023-07-13,San Salvador,Rural,148,32,87
1561,2022-11-19,Santa Ana,Rural,139,113,218
1562,2021-10-06,Santa Ana,Rural,155,92,205
1563,2021-09-27,San Salvador,Montaña,157,46,178
1564,2023-09-08,San Salvador,Ciudad,175,60,205
1565,2023-12-20,Santa Ana,Rural,118,134,195
1566,2023-03-04,Sonsonate,Ciudad,167,174,87
1567,2023-12-16,Usulutan,Ciudad,126,8,114
1568,2023-10-01,San Miguel,Montaña,161,88,166
1569,2024-09-06,Sonsonate,Playa,60,50,38
1570,2022-11-27,La Paz,Playa,163,82,151
1571,2023-03-29,San Salvador,Ciudad,41,131,223
1572,2024-02-10,La Libertad,Rural,164,42,40
1573,2021-11-05,Usulutan,Ciudad,84,129,123
1574,2022-07-08,Santa Ana,Playa,95,143,66
1575,2023-02-06,Sonsonate,Rural,80,36,156
1576,2021-11-27,Usulutan,Montaña,148,112,154
1577,2022-07-29,Sonsonate,Ciudad,64,69,129
1578,2022-04-14,San Salvador,Montaña,193,78,56
1579,2024-04-13,Santa Ana,Ciudad,113,169,77
1580,2022-01-15,Usulutan,Montaña,121,40,243
1581,2023-04-25,Ahuachapan,Montaña,182,80,139
1582,2023-05-09,La Paz,Ciudad,191,137,144
1583,2023-05-05,Ahuachapan,Rural,95,31,180
1584,2021-07-23,La Libertad,Rural,150,88,55
1585,2021-10-13,San Miguel,Playa,48,139,113
1586,2024-05-12,Ahuachapan,Ciudad,183,167,217
1587,2022-10-27,Usulutan,Ciudad,21,55,245
1588,2023-07-10,Sonsonate,Ciudad,77,154,144
1589,2024-12-08,San Miguel,Playa,142,59,116
1590,2023-09-26,La Libertad,Rural,80,137,103
1591,2022-12-20,Ahuachapan,Rural,50,114,108
1592,2021-11-28,San Miguel,Ciudad,62,15,81
1593,2022-07-30,La Libertad,Rural,54,134,164
1594,2022-08-10,Usulutan,Montaña,115,74,244
1595,2022-08-19,La Paz,Playa,98,139,98
1596,2021-03-10,San Miguel,Rural,145,28,178
1597,2023-10-27,San Miguel,Playa,122,154,195
1598,2024-09-21,La Libertad,Ciudad,132,94,46
1599,2024-02-28,San Salvador,Rural,32,115,76
1600,2022-03-31,Ahuachapan,Rural,41,95,241
1601,2021-03-02,San Miguel,Montaña,114,7,241
1602,2023-01-29,La Paz,Montaña,29,148,65
1603,2022-11-07,Usulutan,Rural,125,131,173
1604,2022-11-23,Santa Ana,Rural,190,40,221
1605,2024-04-22,Usulutan,Rural,135,165,39
1606,2021-02-18,La Libertad,Montaña,29,153,239
1607,2021-05-13,La Paz,Montaña,76,78,110
1608,2021-01-18,San Salvador,Rural,140,136,141
1609,2023-06-01,San Salvador,Montaña,184,173,40
1610,2022-06-20,La Libertad,Montaña,178,122,48
1611,2023-07-23,Usulutan,Ciudad,175,147,130
1612,2024-09-06,La Libertad,Rural,142,62,216
1613,2024-10-08,Ahuachapan,Playa,107,85,224
1614,2024-12-06,Santa Ana,Ciudad,106,99,84
1615,2022-07-26,San Salvador,Ciudad,43,145,237
1616,2022-02-24,Ahuachapan,Ciudad,57,14,73
1617,2024-04-09,Usulutan,Playa,93,171,190
1618,2021-04-26,San Miguel,Montaña,111,16,199
1619,2021-08-28,Ahuachapan,Ciudad,40,163,124
1620,2024-03-24,Santa Ana,Rural,115,103,211
1621,2022-08-19,La Paz,Ciudad,29,9,182
1622,2024-09-05,La Paz,Playa,190,15,140
1623,2024-03-18,La Libertad,Playa,168,179,53
1624,2023-04-15,Santa Ana,Montaña,39,150,40
1625,2021-07-25,Usulutan,Ciudad,192,58,157
1626,2022-07-05,Sonsonate,Playa,24,115,76
1627,2021-02-28,Sonsonate,Playa,170,168,83
1628,2022-10-19,San Salvador,Playa,140,83,213
1629,2023-08-15,Sonsonate,Rural,143,75,117
1630,2023-12-19,Ahuachapan,Ciudad,41,121,41
1631,2023-06-23,La Libertad,Montaña,104,168,152
1632,2021-04-07,San Miguel,Montaña,38,15,155
1633,2024-07-07,La Libertad,Ciudad,129,82,36
1634,2021-08-26,Ahuachapan,Ciudad,57,33,77
1635,2024-10-17,San Salvador,Rural,154,123,217
1636,2023-06-15,Sonsonate,Rural,177,40,183
1637,2022-06-12,Santa Ana,Ciudad,182,137,185
1638,2021-03-28,Usulutan,Ciudad,136,65,102
1639,2023-01-23,Santa Ana,Rural,64,131,163
1640,2022-02-14,San Miguel,Ciudad,196,37,225
1641,2023-12-10,Santa Ana,Rural,172,147,57
1642,2022-06-11,La Libertad,Ciudad,119,102,81
1643,2022-01-31,San Miguel,Playa,31,116,79
1644,2021-11-13,Usulutan,Ciudad,197,28,243
1645,2023-02-22,Sonsonate,Playa,54,130,73
1646,2021-06-20,Usulutan,Ciudad,130,169,236
1647,2022-01-18,Ahuachapan,Ciudad,52,125,231
1648,2021-09-24,Usulutan,Playa,83,173,69
1649,2023-06-30,La Paz,Rural,197,78,95
1650,2021-09-03,Santa Ana,Ciudad,77,133,132
1651,2021-07-03,Ahuachapan,Rural,136,112,146
1652,2024-03-17,Sonsonate,Playa,80,69,239
1653,2022-10-13,San Miguel,Rural,158,110,189
1654,2024-11-01,La Libertad,Ciudad,56,52,199
1655,2024-05-10,Sonsonate,Montaña,39,179,56
1656,2024-05-25,Ahuachapan,Montaña,118,98,59
1657,2024-11-06,La Paz,Playa,63,153,163
1658,2021-11-08,Ahuachapan,Playa,30,95,233
1659,2023-08-29,La Paz,Rural,58,110,243
1660,2023-06-12,Ahuachapan,Playa,173,80,196
1661,2023-09-16,San Salvador,Playa,183,56,232
1662,2023-02-01,La Libertad,Ciudad,168,50,148
1663,2021-09-12,Ahuachapan,Rural,155,47,221
1664,2021-01-30,Ahuachapan,Montaña,90,136,40
1665,2022-01-17,Usulutan,Rural,158,81,186
1666,2022-08-11,Sonsonate,Montaña,177,57,60
1667,2021-11-10,Santa Ana,Ciudad,41,87,41
1668,2022-01-13,Sonsonate,Ciudad,172,38,248
1669,2022-06-28,Usulutan,Playa,50,110,91
1670,2023-12-07,La Paz,Rural,158,171,238
1671,2023-08-19,San Miguel,Rural,68,65,58
1672,2022-01-18,Usulutan,Ciudad,123,118,123
1673,2022-05-23,San Salvador,Rural,40,95,93
1674,2024-02-21,La Paz,Playa,74,67,242
1675,2022-09-16,Ahuachapan,Playa,154,122,243
1676,2022-08-22,La Libertad,Montaña,93,53,118
1677,2022-08-29,Usulutan,Playa,80,120,135
1678,2024-11-03,La Libertad,Playa,119,130,202
1679,2024-07-29,Ahuachapan,Playa,192,66,68
1680,2022-11-26,Santa Ana,Playa,145,111,62
1681,2021-04-27,La Paz,Ciudad,25,29,238
1682,2022-11-06,Sonsonate,Ciudad,84,147,245
1683,2021-07-26,La Libertad,Rural,118,79,198
1684,2023-12-09,Ahuachapan,Playa,184,60,224
1685,2024-10-13,San Salvador,Ciudad,149,37,60
1686,2021-03-16,Santa Ana,Montaña,126,113,107
1687,2022-02-26,Ahuachapan,Rural,104,134,88
1688,2023-10-08,Ahuachapan,Montaña,49,178,148
1689,2022-04-16,Sonsonate,Ciudad,50,134,152
1690,2021-07-26,San Miguel,Montaña,36,132,168
1691,2023-01-21,San Miguel,Montaña,45,28,156
1692,2022-10-19,Usulutan,Rural,119,19,70
1693,2022-06-16,Usulutan,Rural,58,151,43
1694,2023-03-23,Ahuachapan,Rural,131,29,209
1695,2024-06-12,San Miguel,Rural,72,34,134
1696,2024-01-25,Sonsonate,Montaña,64,149,40
1697,2023-04-03,San Salvador,Ciudad,148,86,185
1698,2024-04-08,San Miguel,Ciudad,82,156,131
1699,2024-03-07,Sonsonate,Montaña,188,76,115
1700,2022-12-07,San Miguel,Ciudad,144,164,128
1701,2021-06-20,San Miguel,Playa,35,109,109
1702,2021-12-11,San Miguel,Rural,82,49,163
1703,2022-06-05,Usulutan,Playa,178,155,209
1704,2022-01-04,Ahuachapan,Montaña,80,42,203
1705,2024-10-30,San Miguel,Ciudad,167,124,214
1706,2021-08-27,Santa Ana,Playa,44,158,190
1707,2022-08-06,La Paz,Rural,22,11,220
1708,2022-05-09,La Libertad,Ciudad,169,174,198
1709,2024-06-25,Santa Ana,Playa,149,32,78
1710,2023-10-26,Santa Ana,Ciudad,193,44,200
1711,2024-08-22,San Miguel,Playa,38,131,78
1712,2022-12-21,La Libertad,Ciudad,144,112,142
1713,2023-06-12,Sonsonate,Ciudad,120,167,94
1714,2022-11-15,La Paz,Playa,140,111,135
1715,2024-11-07,La Libertad,Playa,143,163,177
1716,2024-02-26,Ahuachapan,Montaña,93,51,191
1717,2024-02-17,Usulutan,Ciudad,23,41,245
1718,2021-02-28,Santa Ana,Playa,175,156,63
1719,2024-12-06,Usulutan,Montaña,150,12,90
1720,2022-01-15,San Salvador,Ciudad,115,23,95
1721,2022-06-14,San Salvador,Playa,84,176,51
1722,2022-11-01,Ahuachapan,Playa,32,132,130
1723,2021-07-03,Santa Ana,Montaña,149,104,119
1724,2022-07-02,San Salvador,Montaña,176,39,178
1725,2023-02-23,Santa Ana,Ciudad,52,174,35
1726,2021-08-22,San Salvador,Ciudad,197,113,239
1727,2022-09-23,San Miguel,Montaña,109,8,114
1728,2021-01-31,La Libertad,Rural,176,79,125
1729,2021-07-14,La Libertad,Playa,121,178,167
1730,2023-11-26,La Libertad,Montaña,119,169,91
1731,2023-02-05,Sonsonate,Rural,126,90,189
1732,2024-09-01,Sonsonate,Ciudad,155,75,150
1733,2021-12-07,Sonsonate,Playa,168,130,40
1734,2021-07-12,San Salvador,Rural,186,87,164
1735,2023-08-04,La Paz,Rural,115,6,152
1736,2021-07-17,San Salvador,Playa,85,69,99
1737,2024-10-10,Santa Ana,Rural,136,88,82
1738,2022-11-13,Sonsonate,Rural,104,38,154
1739,2021-04-11,Usulutan,Ciudad,189,36,59
1740,2022-02-11,Sonsonate,Montaña,132,81,82
1741,2023-03-16,La Libertad,Playa,20,104,123
1742,2022-12-05,La Libertad,Ciudad,50,90,135
1743,2023-04-17,Ahuachapan,Montaña,149,127,153
1744,2021-12-31,San Miguel,Rural,140,138,184
1745,2022-06-06,San Salvador,Rural,31,39,47
1746,2024-05-21,Usulutan,Ciudad,22,119,238
1747,2023-01-22,La Libertad,Playa,187,98,171
1748,2022-03-30,Ahuachapan,Ciudad,175,62,85
1749,2024-03-05,La Paz,Playa,40,33,100
1750,2021-07-17,San Miguel,Playa,119,78,82
1751,2022-04-22,Usulutan,Ciudad,80,13,40
1752,2024-03-08,San Miguel,Playa,46,63,181
1753,2021-07-18,San Miguel,Ciudad,164,13,125
1754,2021-08-06,La Paz,Playa,176,127,70
1755,2021-11-24,Santa Ana,Ciudad,67,50,231
1756,2021-09-13,Santa Ana,Playa,150,169,233
1757,2023-12-21,La Paz,Montaña,106,168,238
1758,2022-04-13,San Salvador,Playa,21,177,157
1759,2023-12-01,Usulutan,Ciudad,101,28,162
1760,2021-09-13,San Miguel,Montaña,110,162,175
1761,2022-03-03,San Salvador,Rural,32,111,245
1762,2021-05-28,Ahuachapan,Rural,161,11,216
1763,2024-01-06,Usulutan,Montaña,109,55,49
1764,2024-03-01,Santa Ana,Montaña,142,29,54
1765,2023-05-06,Santa Ana,Montaña,32,79,120
1766,2021-03-10,La Paz,Ciudad,165,33,218
1767,2021-10-12,San Salvador,Playa,196,117,95
1768,2021-03-20,Usulutan,Rural,21,167,165
1769,2024-09-25,San Salvador,Montaña,24,77,102
1770,2022-12-20,Sonsonate,Rural,47,13,96
1771,2023-12-28,San Salvador,Rural,192,60,135
1772,2022-04-29,Sonsonate,Montaña,82,68,73
1773,2024-07-20,San Salvador,Rural,140,125,241
1774,2021-11-27,La Libertad,Rural,108,61,48
1775,2021-11-07,San Salvador,Ciudad,192,95,131
1776,2022-11-22,San Miguel,Rural,115,45,159
1777,2021-05-26,Sonsonate,Rural,171,111,48
1778,2021-09-08,Sonsonate,Montaña,40,176,59
1779,2021-11-14,San Salvador,Ciudad,95,27,166
1780,2023-07-28,La Libertad,Montaña,51,130,105
1781,2023-07-18,Sonsonate,Rural,38,88,112
1782,2023-07-05,Usulutan,Montaña,127,110,94
1783,2024-01-19,Usulutan,Rural,31,136,114
1784,2023-10-23,San Miguel,Ciudad,49,78,83
1785,2021-06-17,Usulutan,Playa,53,110,231
1786,2023-07-20,Santa Ana,Ciudad,38,99,205
1787,2021-03-17,Santa Ana,Rural,156,167,161
1788,2021-05-26,Usulutan,Montaña,81,52,186
1789,2024-02-04,Ahuachapan,Playa,61,161,192
1790,2021-11-09,Sonsonate,Rural,198,90,43
1791,2024-12-18,Usulutan,Montaña,153,147,136
1792,2021-03-05,Sonsonate,Playa,138,141,148
1793,2022-01-22,Sonsonate,Ciudad,34,174,143
1794,2023-10-16,Sonsonate,Montaña,58,53,148
1795,2024-07-02,Sonsonate,Rural,87,20,36
1796,2022-06-10,San Salvador,Montaña,52,113,54
1797,2021-08-21,San Salvador,Montaña,155,141,145
1798,2021-01-17,San Miguel,Montaña,184,69,108
1799,2021-09-21,Ahuachapan,Ciudad,149,150,49
1800,2023-07-01,La Paz,Ciudad,142,42,159
1801,2022-01-30,La Paz,Rural,177,26,126
1802,2023-07-22,Ahuachapan,Playa,167,50,197
1803,2021-08-13,Sonsonate,Playa,120,57,207
1804,2024-10-27,Sonsonate,Ciudad,197,141,85
1805,2022-05-20,Ahuachapan,Montaña,195,59,104
1806,2022-02-02,San Miguel,Playa,108,152,126
1807,2024-02-10,Ahuachapan,Montaña,66,48,92
1808,2022-09-15,La Libertad,Rural,54,91,214
1809,2021-04-15,San Salvador,Playa,111,112,41
1810,2021-12-07,La Libertad,Ciudad,190,74,67
1811,2023-10-10,Sonsonate,Rural,179,145,55
1812,2022-05-06,San Miguel,Playa,104,107,97
1813,2023-08-03,San Miguel,Rural,37,37,137
1814,2021-04-25,Ahuachapan,Montaña,47,151,94
1815,2021-11-06,San Salvador,Montaña,113,16,149
1816,2021-03-28,San Miguel,Rural,165,111,126
1817,2021-05-04,La Paz,Montaña,175,45,196
1818,2024-05-09,La Paz,Montaña,21,175,50
1819,2022-02-17,Ahuachapan,Montaña,59,172,243
1820,2024-07-16,Santa Ana,Ciudad,58,56,131
1821,2021-07-27,La Libertad,Playa,131,39,81
1822,2024-04-14,La Paz,Montaña,57,111,127
1823,2023-07-29,San Salvador,Rural,191,136,236
1824,2023-08-17,Sonsonate,Ciudad,68,66,181
1825,2024-09-20,Sonsonate,Ciudad,123,8,240
1826,2021-11-22,Santa Ana,Rural,137,14,201
1827,2023-01-27,San Salvador,Montaña,114,18,189
1828,2022-09-28,San Salvador,Ciudad,62,154,139
1829,2024-07-30,Ahuachapan,Playa,99,64,139
1830,2021-01-08,Ahuachapan,Ciudad,140,104,216
1831,2022-05-17,San Salvador,Montaña,20,117,62
1832,2023-01-10,San Miguel,Ciudad,185,20,63
1833,2024-08-11,Ahuachapan,Montaña,150,41,96
1834,2024-03-17,Usulutan,Playa,198,131,236
1835,2024-12-22,Usulutan,Rural,54,96,137
1836,2022-02-19,Sonsonate,Playa,53,174,103
1837,2024-09-17,La Libertad,Rural,175,177,168
1838,2023-05-11,Ahuachapan,Rural,169,106,217
1839,2021-06-01,La Paz,Rural,156,123,153
1840,2024-07-02,La Paz,Playa,123,55,100
1841,2023-10-20,Santa Ana,Playa,151,164,70
1842,2022-10-24,Sonsonate,Ciudad,64,66,41
1843,2022-07-16,La Libertad,Ciudad,193,160,52
1844,2024-11-19,Sonsonate,Rural,184,112,185
1845,2022-03-02,La Libertad,Montaña,131,118,62
1846,2023-12-24,Usulutan,Playa,149,138,168
1847,2023-06-02,Usulutan,Playa,179,129,156
1848,2021-12-21,Usulutan,Playa,25,28,235
1849,2024-09-01,Usulutan,Playa,100,31,152
1850,2022-02-14,La Paz,Playa,54,152,196
1851,2024-05-17,Santa Ana,Ciudad,63,101,70
1852,2024-07-19,Santa Ana,Montaña,138,91,76
1853,2023-10-29,Santa Ana,Montaña,151,136,83
1854,2022-10-23,Santa Ana,Rural,119,134,54
1855,2024-10-07,La Paz,Playa,181,163,169
1856,2024-06-24,Sonsonate,Montaña,150,134,99
1857,2024-07-22,San Miguel,Montaña,143,94,179
1858,2021-09-04,San Miguel,Playa,30,45,49
1859,2021-05-05,Sonsonate,Rural,68,166,161
1860,2023-01-04,San Salvador,Ciudad,157,89,147
1861,2024-06-19,Santa Ana,Rural,196,138,201
1862,2023-06-11,Santa Ana,Playa,50,112,149
1863,2022-06-12,La Paz,Playa,58,23,143
1864,2021-04-02,Ahuachapan,Rural,143,67,76
1865,2022-09-07,La Paz,Montaña,33,63,202
1866,2022-07-14,Santa Ana,Playa,199,61,35
1867,2021-07-20,San Salvador,Playa,163,139,106
1868,2021-11-04,Usulutan,Rural,143,170,227
1869,2021-07-15,Sonsonate,Rural,70,8,167
1870,2023-10-10,Usulutan,Rural,131,20,135
1871,2024-05-02,La Paz,Rural,172,156,128
1872,2022-02-28,Sonsonate,Playa,28,129,39
1873,2024-10-31,La Libertad,Montaña,145,60,235
1874,2021-09-24,Usulutan,Ciudad,171,74,182
1875,2021-05-30,La Libertad,Playa,46,33,237
1876,2021-01-30,Ahuachapan,Rural,70,115,137
1877,2021-07-17,La Libertad,Ciudad,88,60,217
1878,2022-08-07,San Miguel,Playa,49,157,158
1879,2023-11-21,San Salvador,Ciudad,109,86,90
1880,2023-11-03,Sonsonate,Playa,132,77,236
1881,2021-10-25,Sonsonate,Montaña,177,116,110
1882,2024-08-17,La Paz,Ciudad,156,90,122
1883,2022-05-27,Usulutan,Montaña,153,17,158
1884,2022-08-04,La Libertad,Montaña,73,153,63
1885,2022-11-09,San Salvador,Playa,78,104,129
1886,2021-10-18,La Paz,Playa,73,7,152
1887,2024-11-20,San Miguel,Montaña,27,29,54
1888,2024-11-27,San Salvador,Ciudad,146,36,231
1889,2023-02-24,Sonsonate,Rural,167,33,148
1890,2022-07-05,La Libertad,Montaña,36,150,216
1891,2023-04-11,San Miguel,Rural,36,32,198
1892,2021-03-23,San Miguel,Playa,162,23,116
1893,2021-08-17,Ahuachapan,Rural,52,119,51
1894,2024-12-07,La Paz,Ciudad,63,71,40
1895,2024-02-29,Sonsonate,Ciudad,184,93,152
1896,2024-10-16,Santa Ana,Ciudad,61,106,88
1897,2023-10-09,La Paz,Rural,81,41,92
1898,2021-04-12,Santa Ana,Playa,128,90,50
1899,2024-04-02,La Paz,Montaña,24,117,153
1900,2023-07-25,Sonsonate,Playa,45,128,178
1901,2021-07-11,Santa Ana,Rural,136,133,160
1902,2023-06-19,San Miguel,Ciudad,147,151,236
1903,2022-05-24,Sonsonate,Playa,94,48,46
1904,2021-03-25,Sonsonate,Montaña,30,78,165
1905,2021-12-14,Usulutan,Montaña,86,177,241
1906,2023-02-01,Ahuachapan,Montaña,94,25,172
1907,2024-03-25,Sonsonate,Ciudad,43,111,146
1908,2022-09-22,Usulutan,Ciudad,106,10,111
1909,2024-10-29,San Miguel,Rural,159,150,41
1910,2021-03-15,San Miguel,Ciudad,196,103,91
1911,2022-01-28,Ahuachapan,Rural,36,115,178
1912,2022-08-27,Usulutan,Ciudad,38,129,121
1913,2022-03-05,Usulutan,Rural,162,115,133
1914,2024-03-16,Santa Ana,Ciudad,29,158,172
1915,2024-01-01,La Paz,Playa,65,34,216
1916,2021-07-05,San Miguel,Ciudad,130,140,112
1917,2024-10-24,Ahuachapan,Montaña,49,105,209
1918,2024-08-30,La Libertad,Rural,29,114,150
1919,2021-02-18,La Paz,Montaña,181,24,58
1920,2024-04-26,Sonsonate,Ciudad,53,98,90
1921,2024-02-14,Usulutan,Playa,64,161,148
1922,2024-10-05,Usulutan,Montaña,95,97,142
1923,2023-01-26,Usulutan,Ciudad,169,114,218
1924,2024-04-21,La Libertad,Playa,114,70,50
1925,2024-01-04,Usulutan,Montaña,47,126,244
1926,2021-01-07,San Miguel,Ciudad,62,166,242
1927,2022-05-16,San Miguel,Montaña,163,14,83
1928,2022-07-20,La Libertad,Montaña,66,25,133
1929,2021-11-28,La Libertad,Playa,21,100,208
1930,2022-07-01,La Paz,Montaña,144,113,205
1931,2021-01-25,Ahuachapan,Montaña,34,144,138
1932,2021-01-04,San Miguel,Montaña,92,149,118
1933,2024-12-18,Sonsonate,Montaña,87,78,138
1934,2024-05-17,Ahuachapan,Playa,93,157,128
1935,2023-03-18,Sonsonate,Playa,118,63,45
1936,2024-01-28,Ahuachapan,Montaña,41,168,209
1937,2022-01-21,Usulutan,Ciudad,134,147,170
1938,2021-08-25,La Libertad,Rural,86,18,217
1939,2023-03-05,Ahuachapan,Ciudad,72,167,114
1940,2024-03-22,La Paz,Montaña,142,80,217
1941,2022-05-21,Usulutan,Rural,172,87,41
1942,2021-09-26,Usulutan,Montaña,76,43,111
1943,2023-03-05,San Miguel,Ciudad,160,174,138
1944,2022-12-10,Santa Ana,Rural,57,18,110
1945,2024-03-11,Santa Ana,Rural,97,135,145
1946,2022-04-09,San Salvador,Playa,133,165,195
1947,2022-05-23,La Libertad,Rural,196,148,107
1948,2023-03-11,La Paz,Montaña,35,106,208
1949,2024-09-13,La Paz,Montaña,83,115,168
1950,2022-02-18,Santa Ana,Montaña,100,131,181
1951,2022-11-16,Santa Ana,Ciudad,44,98,216
1952,2024-12-06,San Miguel,Ciudad,195,173,140
1953,2023-06-06,Usulutan,Montaña,94,47,85
1954,2021-10-02,Sonsonate,Ciudad,160,121,239
1955,2023-10-30,La Libertad,Playa,197,73,218
1956,2024-06-06,Santa Ana,Rural,22,106,35
1957,2022-08-21,Ahuachapan,Playa,175,157,93
1958,2022-09-11,San Salvador,Rural,184,14,245
1959,2023-04-18,La Paz,Rural,113,122,146
1960,2023-10-27,San Miguel,Ciudad,190,145,241
1961,2023-08-19,Sonsonate,Playa,170,154,43
1962,2022-02-24,La Paz,Montaña,147,60,243
1963,2023-08-26,Santa Ana,Montaña,120,77,212
1964,2023-08-03,La Paz,Montaña,132,129,140
1965,2022-04-16,Sonsonate,Montaña,169,19,100
1966,2021-03-28,San Miguel,Montaña,199,72,149
1967,2023-10-24,La Libertad,Ciudad,22,108,192
1968,2024-07-28,San Salvador,Montaña,130,169,177
1969,2022-07-08,Sonsonate,Ciudad,64,54,225
1970,2023-09-20,Santa Ana,Playa,31,154,209
1971,2021-12-10,San Salvador,Playa,70,35,217
1972,2022-04-23,Usulutan,Montaña,183,100,234
1973,2022-05-01,La Libertad,Playa,124,170,89
1974,2022-10-08,Sonsonate,Ciudad,182,34,107
1975,2021-08-23,La Libertad,Montaña,101,167,125
1976,2021-01-19,Santa Ana,Montaña,74,11,126
1977,2021-06-11,Santa Ana,Rural,104,96,211
1978,2024-05-29,La Libertad,Ciudad,60,164,38
1979,2021-02-01,La Libertad,Rural,158,30,56
1980,2023-05-13,La Paz,Playa,180,167,95
1981,2023-03-08,Usulutan,Ciudad,192,155,68
1982,2023-12-29,La Paz,Rural,46,102,46
1983,2023-06-17,Santa Ana,Montaña,94,31,178
1984,2023-11-21,San Miguel,Playa,52,109,199
1985,2024-08-20,La Paz,Montaña,130,116,221
1986,2021-06-29,Sonsonate,Playa,42,141,164
1987,2024-09-04,La Libertad,Ciudad,56,62,185
1988,2021-05-17,Santa Ana,Ciudad,187,29,119
1989,2023-06-21,San Salvador,Rural,148,99,239
1990,2021-04-30,La Libertad,Montaña,77,162,97
1991,2023-10-18,Sonsonate,Playa,89,132,194
1992,2022-03-28,San Miguel,Playa,177,139,39
1993,2022-10-05,La Paz,Playa,183,89,243
1994,2024-01-17,San Miguel,Montaña,183,68,109
1995,2021-01-05,Sonsonate,Playa,94,40,189
1996,2023-07-24,Sonsonate,Ciudad,122,61,74
1997,2021-03-04,San Miguel,Montaña,65,36,100
1998,2024-06-20,Usulutan,Ciudad,58,11,147
1999,2022-06-24,Ahuachapan,Montaña,131,105,234
2000,2021-07-11,Ahuachapan,Playa,163,103,196
2001,2022-01-27,La Libertad,Montaña,144,177,98
2002,2021-04-26,La Paz,Montaña,103,115,242
2003,2021-04-11,Santa Ana,Playa,58,138,112
2004,2023-06-04,Ahuachapan,Montaña,180,125,198
2005,2024-10-08,La Libertad,Ciudad,157,89,74
2006,2024-02-16,Usulutan,Ciudad,58,103,94
2007,2022-09-11,Usulutan,Montaña,153,134,190
2008,2024-03-16,La Libertad,Montaña,143,66,228
2009,2023-08-31,La Paz,Montaña,182,10,216
2010,2023-08-07,Ahuachapan,Rural,110,73,118
2011,2021-02-04,La Libertad,Playa,24,19,182
2012,2024-11-07,La Paz,Ciudad,160,119,198
2013,2024-08-17,La Paz,Montaña,164,104,177
2014,2024-04-30,San Miguel,Ciudad,77,45,111
2015,2024-12-22,San Miguel,Rural,170,85,56
2016,2021-01-24,La Libertad,Ciudad,99,149,106
2017,2021-03-25,Usulutan,Ciudad,94,41,117
2018,2021-10-25,San Miguel,Playa,60,47,237
2019,2023-04-10,Ahuachapan,Montaña,132,154,115
2020,2022-01-16,La Libertad,Playa,135,179,84
2021,2021-05-18,La Libertad,Rural,62,170,120
2022,2024-07-30,Santa Ana,Montaña,88,120,197
2023,2023-11-01,Sonsonate,Ciudad,181,115,101
2024,2022-11-08,San Miguel,Ciudad,184,14,201
2025,2024-03-14,La Paz,Rural,28,113,149
2026,2022-12-09,La Paz,Playa,150,168,49
2027,2023-02-21,La Libertad,Ciudad,110,156,80
2028,2024-01-27,Santa Ana,Montaña,195,58,122
2029,2024-11-21,Santa Ana,Ciudad,99,179,249
2030,2021-01-09,Usulutan,Playa,172,32,240
2031,2024-01-18,Sonsonate,Ciudad,186,165,190
2032,2023-06-19,Santa Ana,Montaña,44,124,174
2033,2021-03-17,Santa Ana,Ciudad,166,178,203
2034,2022-01-08,Sonsonate,Rural,76,148,134
2035,2024-12-02,La Paz,Rural,109,175,230
2036,2024-07-19,San Miguel,Rural,170,46,96
2037,2022-11-09,San Miguel,Ciudad,117,87,246
2038,2022-07-23,Sonsonate,Montaña,83,38,89
2039,2022-02-05,La Libertad,Montaña,139,62,96
2040,2024-06-23,San Miguel,Ciudad,90,121,116
2041,2023-06-30,San Salvador,Rural,74,14,192
2042,2024-07-15,Usulutan,Montaña,157,40,62
2043,2023-11-23,Sonsonate,Ciudad,83,36,91
2044,2024-12-09,La Libertad,Playa,68,125,51
2045,2023-07-14,Santa Ana,Ciudad,67,111,246
2046,2022-05-12,San Miguel,Rural,101,13,209
2047,2021-12-18,La Paz,Ciudad,33,83,248
2048,2024-05-23,La Libertad,Rural,177,22,160
2049,2023-06-19,Santa Ana,Montaña,114,65,202
2050,2022-05-19,Sonsonate,Montaña,79,14,173
2051,2023-07-17,Sonsonate,Ciudad,37,49,141
2052,2023-05-28,La Libertad,Montaña,29,73,160
2053,2021-01-05,Santa Ana,Playa,79,55,234
2054,2022-03-05,San Miguel,Ciudad,23,46,68
2055,2023-12-08,La Paz,Playa,181,94,245
2056,2024-11-14,Sonsonate,Rural,72,178,198
2057,2021-03-23,San Salvador,Montaña,59,56,201
2058,2022-02-10,Usulutan,Rural,149,45,249
2059,2023-01-21,San Miguel,Rural,82,174,47
2060,2024-09-07,San Miguel,Rural,53,72,237
2061,2021-11-21,Sonsonate,Rural,137,87,140
2062,2024-08-18,Santa Ana,Montaña,96,127,67
2063,2021-05-23,Sonsonate,Playa,29,173,136
2064,2024-05-24,San Salvador,Playa,177,130,99
2065,2024-05-08,Ahuachapan,Playa,160,147,241
2066,2024-04-25,San Salvador,Rural,163,35,179
2067,2024-08-26,La Libertad,Playa,37,13,102
2068,2021-06-22,Usulutan,Playa,127,143,142
2069,2023-07-06,La Libertad,Playa,88,43,71
2070,2022-11-27,La Libertad,Playa,171,66,196
2071,2021-11-20,San Miguel,Rural,165,57,212
2072,2023-09-15,Sonsonate,Rural,124,97,60
2073,2022-05-18,Ahuachapan,Playa,58,147,175
2074,2024-11-05,La Paz,Montaña,139,105,231
2075,2022-05-19,La Paz,Playa,135,70,114
2076,2023-11-18,San Miguel,Playa,30,27,52
2077,2024-05-20,Ahuachapan,Ciudad,91,13,248
2078,2024-06-16,Ahuachapan,Playa,53,17,229
2079,2022-11-22,Ahuachapan,Rural,142,51,221
2080,2022-06-13,Ahuachapan,Rural,171,62,228
2081,2024-03-21,La Paz,Rural,100,59,236
2082,2024-02-04,Sonsonate,Rural,39,146,211
2083,2021-08-09,Ahuachapan,Rural,108,89,177
2084,2024-05-02,La Paz,Ciudad,121,22,53
2085,2024-10-04,La Paz,Playa,79,128,216
2086,2021-09-04,San Salvador,Rural,49,6,97
2087,2022-05-31,San Salvador,Montaña,70,23,86
2088,2023-07-17,Santa Ana,Rural,135,38,237
2089,2021-06-03,Usulutan,Ciudad,131,155,235
2090,2024-01-13,San Salvador,Rural,148,153,216
2091,2024-10-03,Sonsonate,Ciudad,154,168,44
2092,2024-05-02,Usulutan,Playa,110,117,249
2093,2023-03-16,La Paz,Montaña,115,173,93
2094,2021-12-04,Santa Ana,Playa,25,72,233
2095,2023-03-18,La Libertad,Montaña,38,66,121
2096,2021-02-21,Sonsonate,Montaña,53,95,119
2097,2022-12-27,Usulutan,Ciudad,170,119,142
2098,2021-08-16,Usulutan,Montaña,146,61,44
2099,2022-07-09,Sonsonate,Montaña,71,175,42
2100,2023-02-15,San Miguel,Montaña,28,26,94
2101,2021-03-04,Sonsonate,Montaña,183,145,83
2102,2023-12-10,San Salvador,Rural,52,170,124
2103,2022-03-27,San Miguel,Ciudad,159,89,137
2104,2023-12-17,San Salvador,Rural,174,58,102
2105,2022-05-24,Usulutan,Playa,158,84,212
2106,2023-12-13,San Salvador,Ciudad,189,128,189
2107,2023-09-24,Ahuachapan,Montaña,80,152,185
2108,2024-11-10,La Libertad,Ciudad,83,84,196
2109,2022-10-02,San Miguel,Montaña,120,127,89
2110,2024-10-14,Santa Ana,Ciudad,197,46,204
2111,2021-03-23,Santa Ana,Playa,126,72,177
2112,2021-09-02,Ahuachapan,Ciudad,25,162,131
2113,2022-01-17,Ahuachapan,Rural,174,80,179
2114,2023-06-10,San Salvador,Ciudad,54,47,71
2115,2024-11-13,San Salvador,Rural,189,141,172
2116,2024-02-27,Ahuachapan,Playa,152,170,115
2117,2024-06-12,La Libertad,Montaña,88,62,227
2118,2022-12-21,La Paz,Playa,156,132,160
2119,2021-04-02,Santa Ana,Playa,193,179,238
2120,2023-05-18,Sonsonate,Playa,98,48,69
2121,2024-10-22,San Miguel,Playa,30,153,56
2122,2022-10-06,La Paz,Ciudad,127,160,151
2123,2021-03-09,San Miguel,Montaña,99,66,202
2124,2021-07-31,Santa Ana,Rural,190,40,140
2125,2024-12-23,La Libertad,Montaña,57,143,66
2126,2022-05-12,Ahuachapan,Montaña,77,136,246
2127,2021-01-29,Santa Ana,Playa,86,167,57
2128,2023-09-18,La Paz,Ciudad,113,84,217
2129,2024-07-09,Ahuachapan,Rural,57,151,80
2130,2022-06-01,San Miguel,Playa,141,90,103
2131,2023-12-26,Sonsonate,Playa,124,80,207
2132,2021-12-24,La Paz,Rural,188,47,63
2133,2024-08-19,La Paz,Ciudad,29,171,72
2134,2024-02-03,Ahuachapan,Playa,97,162,145
2135,2023-06-08,San Salvador,Ciudad,34,142,155
2136,2021-01-29,San Miguel,Ciudad,78,133,45
2137,2022-11-15,San Miguel,Montaña,63,146,223
2138,2022-12-19,San Miguel,Playa,133,138,198
2139,2022-05-27,Santa Ana,Montaña,176,134,238
2140,2023-11-11,San Salvador,Rural,78,128,150
2141,2021-10-24,La Libertad,Ciudad,106,171,107
2142,2024-10-15,La Libertad,Playa,96,91,133
2143,2022-03-14,Santa Ana,Montaña,20,20,176
2144,2023-09-12,San Miguel,Ciudad,30,145,113
2145,2024-04-20,San Miguel,Ciudad,96,83,140
2146,2021-05-19,San Salvador,Rural,171,38,211
2147,2024-03-29,San Salvador,Montaña,81,135,199
2148,2024-01-10,San Miguel,Montaña,48,54,144
2149,2023-08-26,San Salvador,Ciudad,152,94,227
2150,2021-06-02,La Paz,Montaña,64,86,50
2151,2021-09-22,San Salvador,Playa,170,179,225
2152,2024-12-01,Usulutan,Montaña,147,15,74
2153,2022-06-12,La Paz,Montaña,164,25,117
2154,2023-04-25,San Salvador,Ciudad,163,175,47
2155,2022-04-04,Ahuachapan,Playa,45,27,229
2156,2022-01-06,Santa Ana,Rural,159,70,93
2157,2021-03-15,San Salvador,Playa,160,98,230
2158,2023-12-10,San Miguel,Playa,154,47,110
2159,2024-06-17,Santa Ana,Montaña,174,138,150
2160,2021-04-14,Sonsonate,Ciudad,192,116,144
2161,2022-07-18,La Paz,Rural,130,17,170
2162,2021-04-29,Sonsonate,Ciudad,73,89,221
2163,2023-01-09,Santa Ana,Ciudad,60,34,108
2164,2023-10-20,La Libertad,Montaña,61,89,36
2165,2023-06-28,Usulutan,Montaña,182,70,53
2166,2023-08-14,Santa Ana,Ciudad,20,133,74
2167,2024-08-26,San Miguel,Ciudad,158,175,157
2168,2023-10-01,Usulutan,Playa,51,85,149
2169,2022-01-01,La Libertad,Rural,141,47,70
2170,2021-09-20,Sonsonate,Rural,21,169,146
2171,2024-08-11,La Libertad,Rural,189,10,156
2172,2022-12-20,La Libertad,Ciudad,20,48,201
2173,2024-12-05,La Paz,Playa,120,122,220
2174,2022-02-09,La Paz,Montaña,173,21,42
2175,2022-07-29,Santa Ana,Montaña,110,97,162
2176,2024-09-02,Sonsonate,Rural,104,111,187
2177,2022-05-09,La Libertad,Rural,119,144,36
2178,2024-10-18,San Salvador,Rural,192,164,148
2179,2024-10-06,Ahuachapan,Ciudad,193,33,92
2180,2023-10-07,San Miguel,Montaña,37,38,60
2181,2021-08-31,La Paz,Playa,117,159,83
2182,2021-07-19,Sonsonate,Rural,170,133,180
2183,2021-12-28,San Miguel,Ciudad,63,34,138
2184,2021-01-23,La Libertad,Montaña,146,94,109
2185,2022-03-02,Santa Ana,Rural,198,47,211
2186,2023-08-28,San Salvador,Montaña,82,13,246
2187,2022-03-11,La Paz,Playa,47,149,204
2188,2021-08-17,La Paz,Ciudad,55,134,148
2189,2023-06-20,San Salvador,Ciudad,23,48,186
2190,2023-04-14,La Libertad,Ciudad,42,69,36
2191,2022-05-14,Santa Ana,Rural,77,7,64
2192,2022-05-19,Santa Ana,Playa,94,56,146
2193,2023-03-09,Ahuachapan,Playa,179,63,237
2194,2021-11-17,La Paz,Rural,165,115,83
2195,2021-08-18,Ahuachapan,Playa,105,31,39
2196,2021-12-12,Ahuachapan,Montaña,160,100,40
2197,2022-04-06,La Paz,Playa,167,169,157
2198,2022-11-13,La Libertad,Rural,196,133,238
2199,2021-02-06,La Libertad,Montaña,145,134,103
2200,2022-07-26,San Salvador,Rural,81,155,230
2201,2021-10-20,Usulutan,Rural,75,172,113
2202,2021-05-31,Ahuachapan,Playa,121,25,199
2203,2021-03-16,San Salvador,Rural,41,76,162
2204,2022-04-12,La Paz,Playa,49,109,227
2205,2024-05-04,La Paz,Rural,71,36,147
2206,2022-07-27,La Libertad,Montaña,82,45,95
2207,2022-09-14,La Paz,Ciudad,67,53,71
2208,2022-02-08,Usulutan,Montaña,122,147,148
2209,2021-04-27,La Paz,Playa,144,86,46
2210,2022-01-30,La Libertad,Montaña,61,147,189
2211,2021-01-17,Usulutan,Ciudad,44,26,115
2212,2023-02-26,Usulutan,Rural,139,14,57
2213,2024-06-06,La Libertad,Playa,150,112,213
2214,2024-04-17,La Paz,Rural,24,148,136
2215,2021-04-14,San Salvador,Montaña,177,56,93
2216,2022-12-04,Ahuachapan,Rural,180,96,248
2217,2021-09-26,Ahuachapan,Montaña,61,31,68
2218,2021-11-24,Ahuachapan,Montaña,179,134,244
2219,2024-06-08,Sonsonate,Ciudad,119,163,160
2220,2023-08-30,Ahuachapan,Playa,50,52,150
2221,2022-09-17,Sonsonate,Montaña,46,65,225
2222,2024-02-08,Sonsonate,Montaña,120,73,143
2223,2024-04-07,La Libertad,Rural,96,33,82
2224,2024-08-25,La Libertad,Rural,80,137,234
2225,2023-08-27,San Miguel,Ciudad,34,143,117
2226,2022-06-14,Usulutan,Ciudad,79,9,213
2227,2023-01-02,La Paz,Rural,107,25,191
2228,2021-10-24,Ahuachapan,Playa,175,43,125
2229,2023-06-12,La Libertad,Ciudad,120,161,89
2230,2022-08-31,La Paz,Ciudad,116,86,187
2231,2023-08-20,Santa Ana,Rural,86,79,171
2232,2021-09-10,San Salvador,Playa,153,78,55
2233,2023-11-21,La Paz,Playa,184,50,66
2234,2023-08-15,Santa Ana,Ciudad,25,99,188
2235,2024-03-18,La Libertad,Rural,85,129,91
2236,2022-10-17,Sonsonate,Rural,188,44,119
2237,2023-04-27,Santa Ana,Rural,54,153,60
2238,2023-08-28,Santa Ana,Ciudad,148,42,226
2239,2024-06-06,La Libertad,Rural,170,168,184
2240,2023-12-13,San Miguel,Playa,189,70,70
2241,2022-02-14,San Miguel,Ciudad,113,17,239
2242,2023-02-03,Sonsonate,Playa,186,161,191
2243,2024-08-10,San Salvador,Montaña,117,89,64
2244,2023-04-24,La Libertad,Playa,131,153,49
2245,2021-09-10,San Miguel,Playa,176,101,210
2246,2021-10-02,Santa Ana,Ciudad,163,129,102
2247,2024-08-30,Usulutan,Rural,156,20,223
2248,2023-12-09,San Miguel,Playa,102,90,233
2249,2022-03-08,Sonsonate,Ciudad,186,15,175
2250,2021-11-25,San Salvador,Playa,25,144,133
2251,2023-08-03,San Miguel,Montaña,135,122,204
2252,2023-04-01,Usulutan,Montaña,186,170,235
2253,2023-11-14,La Paz,Montaña,87,168,193
2254,2022-07-28,La Paz,Ciudad,68,161,98
2255,2024-08-16,San Salvador,Montaña,88,27,135
2256,2022-05-23,Sonsonate,Playa,80,18,141
2257,2024-02-12,Ahuachapan,Ciudad,85,50,45
2258,2022-04-25,Ahuachapan,Ciudad,119,154,130
2259,2022-10-21,Usulutan,Rural,90,69,231
2260,2021-05-29,San Salvador,Montaña,51,25,143
2261,2023-12-28,Santa Ana,Playa,141,42,200
2262,2024-04-14,Ahuachapan,Playa,61,128,53
2263,2021-07-25,Sonsonate,Montaña,136,100,149
2264,2024-04-05,Sonsonate,Montaña,171,83,168
2265,2022-01-09,Usulutan,Montaña,49,108,206
2266,2023-04-13,Santa Ana,Montaña,143,154,70
2267,2023-05-26,La Paz,Montaña,133,53,170
2268,2023-05-28,La Libertad,Rural,118,133,186
2269,2021-08-02,Sonsonate,Ciudad,191,174,202
2270,2022-06-13,San Miguel,Montaña,91,138,238
2271,2021-09-09,Santa Ana,Montaña,56,99,204
2272,2023-03-11,San Miguel,Ciudad,139,88,148
2273,2021-03-02,Sonsonate,Ciudad,165,116,180
2274,2023-05-16,San Salvador,Montaña,88,109,199
2275,2021-06-14,Usulutan,Ciudad,29,9,224
2276,2024-01-04,Santa Ana,Montaña,182,89,156
2277,2021-02-16,Santa Ana,Ciudad,47,25,125
2278,2023-05-13,San Salvador,Rural,32,97,128
2279,2022-05-25,Sonsonate,Montaña,191,13,87
2280,2024-10-17,Usulutan,Playa,127,172,124
2281,2023-05-30,Usulutan,Ciudad,119,120,211
2282,2022-03-14,Sonsonate,Ciudad,189,15,229
2283,2022-01-20,Sonsonate,Rural,84,168,225
2284,2023-04-09,San Miguel,Playa,110,35,36
2285,2022-04-26,La Paz,Playa,168,45,127
2286,2023-07-22,Usulutan,Montaña,31,20,226
2287,2023-03-19,Sonsonate,Playa,92,152,90
2288,2024-06-03,Usulutan,Montaña,133,96,52
2289,2023-03-16,Usulutan,Rural,90,94,157
2290,2024-07-10,La Paz,Ciudad,89,100,152
2291,2024-09-06,La Paz,Montaña,110,167,220
2292,2024-07-23,Sonsonate,Playa,127,95,86
2293,2022-09-27,San Salvador,Ciudad,197,89,199
2294,2023-08-15,San Miguel,Montaña,40,172,93
2295,2023-05-19,Santa Ana,Rural,110,77,215
2296,2023-06-26,San Salvador,Playa,135,147,80
2297,2024-09-10,San Salvador,Montaña,173,97,149
2298,2022-03-16,Usulutan,Rural,115,69,50
2299,2021-07-06,San Miguel,Ciudad,167,96,200
2300,2023-09-10,Usulutan,Rural,199,59,96
2301,2024-01-21,Santa Ana,Playa,97,86,207
2302,2023-02-13,San Miguel,Rural,132,64,164
2303,2023-03-25,Usulutan,Montaña,91,162,186
2304,2023-08-02,La Libertad,Montaña,106,93,152
2305,2023-09-22,La Libertad,Ciudad,108,140,237
2306,2021-10-01,Sonsonate,Rural,184,16,137
2307,2023-02-09,San Salvador,Rural,167,154,61
2308,2021-07-28,Usulutan,Ciudad,41,146,52
2309,2023-08-05,Santa Ana,Rural,77,38,186
2310,2023-03-08,San Miguel,Ciudad,62,74,70
2311,2021-03-07,San Miguel,Ciudad,118,75,128
2312,2023-11-23,San Salvador,Ciudad,31,166,45
2313,2021-09-18,San Salvador,Ciudad,162,163,101
2314,2022-05-04,San Salvador,Playa,62,179,144
2315,2023-11-21,Santa Ana,Montaña,62,81,149
2316,2021-11-26,La Paz,Rural,45,149,157
2317,2022-04-06,San Salvador,Rural,67,114,125
2318,2022-08-03,San Salvador,Playa,111,120,52
2319,2021-03-31,San Miguel,Rural,155,111,129
2320,2021-01-04,San Miguel,Montaña,123,118,48
2321,2024-07-24,San Salvador,Playa,20,135,127
2322,2024-01-10,La Paz,Rural,84,111,213
2323,2022-09-07,San Salvador,Rural,57,55,75
2324,2024-02-26,La Libertad,Playa,20,24,93
2325,2024-02-16,La Libertad,Rural,28,83,165
2326,2022-10-17,Santa Ana,Playa,82,114,110
2327,2022-06-29,Sonsonate,Rural,189,47,200
2328,2022-09-13,Sonsonate,Rural,98,175,121
2329,2021-06-07,Ahuachapan,Ciudad,60,21,38
2330,2021-07-17,San Salvador,Ciudad,49,10,242
2331,2023-01-08,La Libertad,Montaña,144,159,97
2332,2023-01-22,La Paz,Montaña,193,86,179
2333,2021-12-28,La Libertad,Playa,194,170,83
2334,2024-02-05,La Libertad,Ciudad,87,38,96
2335,2021-07-14,Usulutan,Montaña,31,179,64
2336,2024-08-11,San Salvador,Playa,58,171,50
2337,2024-09-10,Sonsonate,Ciudad,194,108,218
2338,2021-01-10,San Salvador,Montaña,104,37,240
2339,2021-12-14,Sonsonate,Rural,117,8,99
2340,2022-08-12,Sonsonate,Rural,82,114,84
2341,2021-09-07,San Salvador,Playa,174,85,124
2342,2021-05-31,Usulutan,Ciudad,185,172,70
2343,2021-02-22,Usulutan,Rural,56,30,225
2344,2024-06-29,San Salvador,Ciudad,146,157,73
2345,2022-04-24,Sonsonate,Ciudad,84,100,120
2346,2021-05-24,Sonsonate,Ciudad,113,35,199
2347,2023-12-25,Santa Ana,Playa,166,86,134
2348,2023-03-31,Sonsonate,Montaña,27,71,134
2349,2023-05-03,San Salvador,Montaña,85,105,95
2350,2024-02-11,San Salvador,Playa,160,26,215
2351,2021-11-25,San Miguel,Ciudad,76,57,103
2352,2023-07-12,Ahuachapan,Montaña,118,9,44
2353,2023-07-12,Santa Ana,Montaña,75,55,55
2354,2023-04-22,Sonsonate,Rural,131,56,50
2355,2023-05-29,La Libertad,Ciudad,120,130,248
2356,2023-03-25,La Paz,Rural,143,88,85
2357,2023-06-25,Usulutan,Ciudad,164,20,52
2358,2022-05-30,La Paz,Rural,82,73,124
2359,2022-07-26,Ahuachapan,Montaña,119,167,162
2360,2023-11-16,San Miguel,Ciudad,138,171,60
2361,2021-08-27,San Salvador,Rural,167,111,57
2362,2023-01-22,La Paz,Montaña,146,26,222
2363,2021-03-22,Santa Ana,Rural,170,166,229
2364,2023-11-27,Usulutan,Rural,133,95,230
2365,2021-08-12,La Libertad,Playa,117,126,190
2366,2021-08-12,Sonsonate,Playa,92,114,73
2367,2024-05-01,San Miguel,Playa,25,136,126
2368,2023-11-18,La Libertad,Montaña,153,114,181
2369,2023-09-20,San Miguel,Ciudad,24,62,206
2370,2021-01-22,La Paz,Ciudad,150,131,131
2371,2022-02-03,La Paz,Montaña,184,138,183
2372,2023-04-02,La Libertad,Ciudad,63,161,70
2373,2024-01-23,San Miguel,Rural,136,114,45
2374,2023-10-11,La Paz,Rural,61,112,129
2375,2023-03-18,La Libertad,Ciudad,196,26,115
2376,2023-02-15,Ahuachapan,Ciudad,45,56,70
2377,2023-07-26,Usulutan,Montaña,119,40,80
2378,2024-11-18,La Paz,Rural,101,138,183
2379,2024-10-16,Santa Ana,Playa,49,62,53
2380,2024-01-23,Santa Ana,Playa,196,128,190
2381,2021-01-05,Ahuachapan,Playa,164,59,114
2382,2024-02-06,La Libertad,Montaña,97,66,164
2383,2022-04-11,San Salvador,Playa,35,128,42
2384,2021-09-13,Usulutan,Montaña,172,63,79
2385,2022-10-14,San Miguel,Montaña,41,145,119
2386,2021-07-10,Ahuachapan,Playa,179,56,112
2387,2021-03-07,Santa Ana,Ciudad,159,14,94
2388,2022-08-05,Santa Ana,Ciudad,174,76,95
2389,2021-01-09,Usulutan,Playa,62,81,244
2390,2021-10-05,La Libertad,Playa,162,175,174
2391,2022-05-16,Ahuachapan,Playa,178,60,126
2392,2024-05-12,San Miguel,Rural,38,29,55
2393,2024-06-27,Santa Ana,Ciudad,136,70,162
2394,2022-03-10,Ahuachapan,Ciudad,112,5,56
2395,2021-04-19,Santa Ana,Montaña,136,101,176
2396,2022-03-07,Usulutan,Ciudad,146,107,64
2397,2024-07-11,Sonsonate,Montaña,108,45,86
2398,2021-03-29,San Miguel,Playa,178,154,237
2399,2023-08-22,San Miguel,Ciudad,122,121,243
2400,2023-06-30,Santa Ana,Montaña,21,65,182
2401,2023-08-18,Sonsonate,Rural,50,118,40
2402,2021-04-17,San Miguel,Rural,97,132,242
2403,2022-08-06,Sonsonate,Montaña,163,60,147
2404,2023-02-02,Ahuachapan,Rural,178,107,36
2405,2021-10-02,Ahuachapan,Playa,26,174,140
2406,2024-12-02,Usulutan,Playa,79,121,107
2407,2023-03-29,La Paz,Ciudad,44,11,116
2408,2021-12-01,Usulutan,Rural,169,9,169
2409,2023-03-07,La Paz,Ciudad,159,105,171
2410,2021-02-06,La Libertad,Montaña,152,178,136
2411,2022-12-25,Santa Ana,Ciudad,44,86,143
2412,2022-01-02,Sonsonate,Playa,54,72,58
2413,2024-11-20,Usulutan,Rural,191,127,242
2414,2023-03-11,La Paz,Rural,101,163,224
2415,2022-07-21,La Paz,Rural,136,167,227
2416,2022-12-31,San Miguel,Ciudad,102,86,113
2417,2024-09-09,Sonsonate,Rural,115,149,102
2418,2023-02-18,San Salvador,Ciudad,119,44,222
2419,2021-04-09,Ahuachapan,Playa,96,147,128
2420,2022-05-06,Sonsonate,Rural,81,54,180
2421,2021-05-05,San Miguel,Rural,153,30,120
2422,2021-08-25,Usulutan,Playa,197,33,39
2423,2023-03-19,Ahuachapan,Playa,60,160,43
2424,2023-01-11,San Miguel,Rural,149,86,155
2425,2023-08-21,La Paz,Montaña,27,152,218
2426,2022-08-08,San Salvador,Ciudad,132,65,147
2427,2023-11-07,Santa Ana,Ciudad,176,92,186
2428,2021-02-27,Sonsonate,Rural,114,161,90
2429,2021-03-05,La Paz,Playa,92,48,204
2430,2023-07-25,San Salvador,Rural,31,83,129
2431,2024-10-06,Santa Ana,Rural,54,95,135
2432,2022-05-11,Santa Ana,Montaña,123,8,39
2433,2022-12-24,San Miguel,Montaña,32,173,182
2434,2023-01-17,La Libertad,Rural,74,29,229
2435,2021-11-18,La Paz,Rural,173,127,98
2436,2022-05-17,La Paz,Ciudad,139,30,229
2437,2021-07-26,San Miguel,Ciudad,175,152,72
2438,2023-08-03,Usulutan,Rural,58,89,75
2439,2021-09-12,Santa Ana,Rural,41,82,231
2440,2023-09-20,Ahuachapan,Ciudad,64,48,104
2441,2022-12-04,Santa Ana,Rural,122,130,205
2442,2023-04-16,La Libertad,Rural,46,73,130
2443,2022-02-06,Sonsonate,Ciudad,95,19,191
2444,2023-02-09,San Salvador,Montaña,134,61,53
2445,2021-01-03,La Paz,Ciudad,131,8,209
2446,2023-08-31,San Salvador,Playa,81,161,221
2447,2021-07-24,Santa Ana,Ciudad,43,5,36
2448,2023-10-04,San Miguel,Montaña,190,96,149
2449,2022-10-08,La Libertad,Playa,104,128,101
2450,2023-11-20,Usulutan,Ciudad,106,31,131
2451,2024-08-14,Ahuachapan,Ciudad,84,104,48
2452,2023-01-22,San Miguel,Ciudad,163,107,242
2453,2021-11-10,La Libertad,Ciudad,121,48,215
2454,2024-09-07,La Paz,Playa,131,148,232
2455,2021-06-05,La Libertad,Montaña,27,52,86
2456,2023-10-13,La Libertad,Playa,149,26,48
2457,2021-07-15,La Paz,Montaña,133,157,90
2458,2024-12-15,San Miguel,Ciudad,46,64,89
2459,2022-07-13,Ahuachapan,Rural,117,5,241
2460,2021-10-12,La Libertad,Montaña,152,132,51
2461,2022-08-03,Sonsonate,Montaña,52,124,132
2462,2022-11-05,Santa Ana,Rural,37,98,48
2463,2024-11-24,San Miguel,Ciudad,119,132,157
2464,2023-10-11,San Salvador,Montaña,24,167,171
2465,2023-01-20,La Paz,Rural,192,170,166
2466,2021-02-24,La Libertad,Rural,44,53,145
2467,2024-10-15,Santa Ana,Ciudad,117,135,101
2468,2023-08-09,San Salvador,Playa,158,80,64
2469,2021-10-08,Santa Ana,Ciudad,125,168,78
2470,2024-12-25,Usulutan,Playa,161,164,194
2471,2024-09-22,San Miguel,Montaña,165,102,228
2472,2021-11-01,Usulutan,Playa,104,152,220
2473,2022-03-31,La Libertad,Montaña,159,46,51
2474,2023-11-09,Santa Ana,Ciudad,45,162,66
2475,2024-07-23,San Miguel,Rural,166,11,111
2476,2023-01-17,Sonsonate,Montaña,105,51,85
2477,2022-07-13,La Libertad,Rural,136,84,90
2478,2022-11-27,Santa Ana,Playa,174,148,171
2479,2021-12-18,La Paz,Montaña,85,62,66
2480,2023-04-07,Usulutan,Rural,196,160,217
2481,2022-03-03,Usulutan,Montaña,124,52,249
2482,2023-01-30,La Paz,Montaña,59,6,178
2483,2022-08-11,La Libertad,Montaña,28,158,105
2484,2024-05-30,Santa Ana,Ciudad,90,31,178
2485,2021-10-30,San Miguel,Ciudad,127,101,177
2486,2022-03-02,La Paz,Ciudad,143,69,109
2487,2021-12-24,Ahuachapan,Ciudad,111,35,84
2488,2022-08-08,Sonsonate,Rural,152,175,233
2489,2024-01-30,Santa Ana,Rural,99,80,205
2490,2024-11-20,La Libertad,Montaña,194,150,102
2491,2021-01-18,Sonsonate,Montaña,94,112,227
2492,2024-04-01,San Miguel,Ciudad,123,87,201
2493,2021-02-02,La Paz,Montaña,134,90,64
2494,2022-06-29,Santa Ana,Playa,127,15,112
2495,2024-10-08,San Salvador,Rural,31,9,221
2496,2023-12-14,Ahuachapan,Ciudad,65,56,234
2497,2021-07-16,San Salvador,Ciudad,29,61,242
2498,2022-12-11,La Paz,Rural,97,61,232
2499,2022-10-30,La Libertad,Playa,64,124,237
2500,2023-03-24,Sonsonate,Playa,125,74,92
2501,2023-03-14,San Salvador,Ciudad,160,156,246
2502,2023-11-01,San Miguel,Ciudad,172,149,220
2503,2022-09-27,La Paz,Ciudad,116,79,169
2504,2024-05-30,Ahuachapan,Ciudad,58,165,48
2505,2024-01-11,Sonsonate,Rural,112,88,91
2506,2024-02-15,Usulutan,Montaña,157,135,94
2507,2023-10-20,Usulutan,Ciudad,163,105,203
2508,2021-02-26,La Libertad,Ciudad,28,166,236
2509,2024-07-11,San Miguel,Ciudad,53,17,133
2510,2023-08-25,San Salvador,Playa,21,134,148
2511,2023-09-28,Sonsonate,Playa,129,36,241
2512,2024-02-26,San Miguel,Rural,29,90,190
2513,2022-08-21,San Salvador,Montaña,163,22,208
2514,2024-10-08,Ahuachapan,Montaña,22,30,228
2515,2023-10-29,Usulutan,Montaña,134,159,162
2516,2022-03-30,La Libertad,Montaña,67,30,150
2517,2023-10-24,Usulutan,Playa,180,176,96
2518,2024-03-20,Sonsonate,Rural,63,76,146
2519,2023-05-19,Santa Ana,Montaña,113,5,60
2520,2021-08-28,Ahuachapan,Playa,75,55,205
2521,2024-11-09,Santa Ana,Playa,73,132,41
2522,2021-06-27,Ahuachapan,Ciudad,89,133,207
2523,2022-10-31,San Salvador,Ciudad,149,58,189
2524,2023-09-02,La Paz,Montaña,65,40,176
2525,2024-10-12,La Libertad,Rural,42,21,112
2526,2021-08-25,San Salvador,Playa,118,79,60
2527,2021-03-16,San Miguel,Montaña,136,150,218
2528,2023-07-26,Usulutan,Montaña,84,168,205
2529,2022-05-14,Ahuachapan,Playa,54,147,134
2530,2024-04-30,La Libertad,Rural,134,122,162
2531,2024-06-27,Santa Ana,Ciudad,153,121,158
2532,2023-12-29,San Salvador,Playa,60,19,79
2533,2022-08-08,San Miguel,Ciudad,189,28,92
2534,2023-09-17,San Salvador,Montaña,34,158,44
2535,2023-03-14,Santa Ana,Rural,184,129,164
2536,2021-11-13,La Paz,Rural,171,81,213
2537,2022-08-20,San Salvador,Ciudad,94,158,229
2538,2021-08-05,Sonsonate,Ciudad,79,53,186
2539,2023-10-03,Usulutan,Ciudad,21,141,244
2540,2021-05-29,La Paz,Rural,57,55,47
2541,2023-10-04,La Libertad,Rural,115,119,71
2542,2023-03-23,San Miguel,Rural,185,71,244
2543,2023-04-11,San Miguel,Ciudad,147,154,67
2544,2022-09-30,Santa Ana,Rural,130,120,128
2545,2024-02-12,Ahuachapan,Playa,115,78,134
2546,2022-04-06,La Paz,Montaña,92,87,68
2547,2022-06-14,Usulutan,Rural,67,124,106
2548,2024-03-18,Sonsonate,Rural,54,148,111
2549,2021-04-14,Sonsonate,Ciudad,124,178,220
2550,2021-01-06,San Salvador,Rural,164,144,49
2551,2021-01-04,Sonsonate,Rural,93,11,108
2552,2022-07-03,Sonsonate,Playa,145,176,195
2553,2022-01-15,La Libertad,Rural,22,150,82
2554,2021-12-06,Usulutan,Ciudad,28,167,147
2555,2021-05-04,La Libertad,Rural,94,143,86
2556,2022-04-14,Sonsonate,Rural,125,87,51
2557,2021-09-28,San Salvador,Playa,199,162,92
2558,2021-05-07,Ahuachapan,Rural,190,77,127
2559,2022-11-15,Sonsonate,Playa,25,56,183
2560,2021-05-17,Santa Ana,Rural,87,21,146
2561,2023-01-08,Usulutan,Ciudad,116,124,53
2562,2022-12-04,La Paz,Rural,23,42,97
2563,2023-09-28,Santa Ana,Ciudad,90,49,132
2564,2024-04-04,La Libertad,Montaña,168,47,242
2565,2022-12-27,Ahuachapan,Rural,81,145,225
2566,2021-07-29,San Miguel,Rural,141,110,143
2567,2022-09-13,Ahuachapan,Montaña,148,116,92
2568,2023-07-19,La Libertad,Ciudad,78,20,137
2569,2021-07-08,Santa Ana,Ciudad,196,50,71
2570,2024-10-23,Ahuachapan,Playa,172,170,135
2571,2023-03-06,La Libertad,Ciudad,48,158,239
2572,2023-04-13,San Miguel,Rural,54,162,145
2573,2021-03-30,San Salvador,Montaña,196,60,178
2574,2023-08-31,La Paz,Playa,34,162,157
2575,2022-03-23,Ahuachapan,Montaña,41,28,217
2576,2021-06-14,San Miguel,Rural,157,142,112
2577,2023-05-03,Santa Ana,Ciudad,99,86,243
2578,2022-06-09,Usulutan,Montaña,23,150,62
2579,2022-09-16,San Miguel,Ciudad,178,87,117
2580,2024-12-17,Sonsonate,Montaña,83,106,227
2581,2021-07-30,Usulutan,Ciudad,87,100,215
2582,2023-04-29,La Paz,Rural,172,14,239
2583,2022-02-17,Santa Ana,Playa,190,155,234
2584,2021-12-01,Sonsonate,Playa,182,61,64
2585,2022-07-20,La Paz,Playa,65,110,226
2586,2022-12-02,San Salvador,Rural,173,143,80
2587,2024-10-21,Ahuachapan,Rural,39,94,43
2588,2023-12-08,San Salvador,Montaña,104,157,82
2589,2024-07-31,Usulutan,Rural,97,135,184
2590,2021-06-26,Santa Ana,Playa,21,111,81
2591,2021-03-29,Ahuachapan,Montaña,112,146,145
2592,2021-05-21,San Salvador,Montaña,124,119,181
2593,2021-03-11,La Libertad,Rural,46,87,37
2594,2022-12-15,La Paz,Montaña,148,71,217
2595,2021-05-24,La Libertad,Montaña,122,13,109
2596,2022-04-30,La Libertad,Playa,171,73,174
2597,2023-11-05,San Salvador,Ciudad,25,10,96
2598,2022-01-29,Ahuachapan,Playa,74,55,181
2599,2024-03-08,La Paz,Montaña,175,43,41
2600,2021-09-07,Sonsonate,Rural,52,46,66
2601,2021-02-06,La Paz,Ciudad,148,79,51
2602,2022-12-15,San Salvador,Rural,144,65,177
2603,2022-03-16,Usulutan,Montaña,160,165,142
2604,2021-01-14,Usulutan,Playa,22,119,77
2605,2023-08-18,Sonsonate,Montaña,125,45,104
2606,2023-12-14,Santa Ana,Montaña,50,161,142
2607,2024-03-07,Santa Ana,Ciudad,25,100,127
2608,2022-04-29,San Salvador,Montaña,113,30,247
2609,2022-10-10,La Libertad,Ciudad,174,110,93
2610,2021-01-02,Usulutan,Montaña,164,45,213
2611,2021-10-15,La Libertad,Playa,119,72,83
2612,2021-12-25,Santa Ana,Ciudad,126,106,75
2613,2022-12-28,Sonsonate,Montaña,42,32,80
2614,2021-05-05,La Paz,Playa,138,107,144
2615,2024-02-01,San Miguel,Rural,91,18,71
2616,2022-03-10,La Paz,Rural,87,131,67
2617,2023-12-27,La Libertad,Ciudad,168,96,91
2618,2021-03-31,Usulutan,Playa,41,136,230
2619,2024-04-22,San Salvador,Rural,75,134,238
2620,2021-03-19,La Libertad,Ciudad,30,32,239
2621,2024-07-22,Usulutan,Playa,173,111,73
2622,2024-03-06,San Salvador,Ciudad,54,142,147
2623,2023-09-24,Sonsonate,Montaña,78,89,246
2624,2022-11-01,Usulutan,Montaña,57,170,180
2625,2024-06-28,San Salvador,Playa,158,148,90
2626,2024-10-03,San Salvador,Rural,178,15,116
2627,2021-11-08,San Miguel,Montaña,171,89,176
2628,2021-04-07,Sonsonate,Montaña,52,155,51
2629,2021-12-12,Sonsonate,Montaña,42,121,55
2630,2023-12-26,San Miguel,Rural,137,160,223
2631,2024-01-09,La Libertad,Montaña,57,31,60
2632,2024-04-02,Ahuachapan,Playa,74,35,70
2633,2023-04-30,Usulutan,Rural,55,151,213
2634,2022-03-03,La Libertad,Rural,26,111,88
2635,2022-03-27,Sonsonate,Ciudad,194,104,222
2636,2024-06-08,La Libertad,Ciudad,120,156,94
2637,2023-04-21,San Salvador,Rural,181,17,126
2638,2021-05-25,San Salvador,Playa,21,133,68
2639,2023-07-28,San Salvador,Ciudad,153,63,187
2640,2024-09-20,Usulutan,Ciudad,155,144,147
2641,2023-11-04,Ahuachapan,Montaña,36,87,234
2642,2023-03-04,San Miguel,Montaña,86,142,103
2643,2021-05-03,Sonsonate,Playa,24,136,190
2644,2023-06-08,La Libertad,Ciudad,79,45,196
2645,2024-04-02,Ahuachapan,Playa,160,40,188
2646,2024-02-14,Santa Ana,Playa,190,128,190
2647,2023-08-17,Santa Ana,Ciudad,86,66,115
2648,2022-12-29,Sonsonate,Rural,140,77,212
2649,2021-11-05,Usulutan,Ciudad,79,72,214
2650,2022-08-18,Santa Ana,Rural,44,16,118
2651,2023-01-08,San Miguel,Montaña,56,108,150
2652,2024-03-14,San Salvador,Ciudad,195,89,48
2653,2022-03-31,Ahuachapan,Ciudad,161,107,119
2654,2024-11-10,Sonsonate,Rural,28,48,130
2655,2021-05-18,La Libertad,Playa,47,63,57
2656,2023-07-04,Santa Ana,Rural,147,81,201
2657,2024-11-27,Usulutan,Ciudad,50,119,106
2658,2022-10-02,Sonsonate,Ciudad,149,120,245
2659,2023-04-07,Santa Ana,Rural,36,50,231
2660,2024-01-22,Santa Ana,Ciudad,33,73,147
2661,2024-04-26,Ahuachapan,Playa,89,51,130
2662,2022-07-22,Ahuachapan,Montaña,70,66,118
2663,2023-06-29,Sonsonate,Ciudad,136,12,53
2664,2024-02-28,San Salvador,Montaña,107,71,122
2665,2023-12-01,La Paz,Rural,43,40,187
2666,2023-09-02,Usulutan,Montaña,194,112,46
2667,2023-12-10,San Salvador,Rural,146,20,93
2668,2024-10-11,San Salvador,Rural,67,9,237
2669,2024-10-12,Santa Ana,Playa,128,156,111
2670,2024-04-21,Usulutan,Playa,129,76,229
2671,2023-11-10,Santa Ana,Montaña,138,97,175
2672,2021-10-21,San Miguel,Playa,125,110,119
2673,2022-04-18,Sonsonate,Montaña,55,166,230
2674,2022-07-21,Ahuachapan,Rural,173,86,154
2675,2023-07-06,San Miguel,Ciudad,106,54,192
2676,2022-06-12,Usulutan,Rural,122,107,98
2677,2022-02-15,San Salvador,Playa,116,26,85
2678,2021-12-27,Ahuachapan,Ciudad,119,143,146
2679,2021-05-16,Santa Ana,Ciudad,77,76,191
2680,2022-08-07,Usulutan,Playa,115,5,137
2681,2023-04-13,San Salvador,Rural,173,5,63
2682,2023-08-02,Usulutan,Ciudad,129,20,47
2683,2021-05-05,Sonsonate,Rural,71,176,191
2684,2024-06-13,La Paz,Montaña,127,79,77
2685,2022-06-19,San Miguel,Montaña,80,145,142
2686,2023-04-19,San Miguel,Ciudad,171,175,81
2687,2021-12-14,La Paz,Montaña,42,48,238
2688,2021-07-24,Sonsonate,Ciudad,49,50,158
2689,2024-08-13,San Miguel,Rural,75,66,61
2690,2021-01-18,Sonsonate,Ciudad,175,130,83
2691,2024-03-26,San Miguel,Rural,144,12,159
2692,2023-01-25,La Paz,Playa,109,22,153
2693,2023-09-24,San Miguel,Rural,74,134,194
2694,2021-01-30,La Libertad,Ciudad,79,48,100
2695,2024-07-26,Sonsonate,Rural,105,165,234
2696,2022-02-04,Ahuachapan,Rural,46,111,190
2697,2022-01-03,La Libertad,Rural,117,69,66
2698,2023-09-06,La Paz,Montaña,94,37,85
2699,2023-11-23,Usulutan,Playa,42,170,224
2700,2022-12-22,Ahuachapan,Rural,151,115,120
2701,2023-06-01,Usulutan,Rural,92,23,180
2702,2022-01-05,Usulutan,Montaña,109,160,233
2703,2021-02-20,Sonsonate,Rural,116,22,68
2704,2024-07-13,San Salvador,Montaña,69,163,144
2705,2023-04-29,Sonsonate,Montaña,69,111,52
2706,2023-01-20,La Libertad,Montaña,49,153,117
2707,2024-08-03,San Salvador,Playa,85,20,243
2708,2023-10-24,Sonsonate,Playa,110,139,117
2709,2024-11-04,Santa Ana,Playa,98,76,90
2710,2024-12-13,San Miguel,Montaña,90,106,177
2711,2024-08-24,Ahuachapan,Playa,85,51,216
2712,2022-05-25,Usulutan,Montaña,115,171,195
2713,2021-10-23,Santa Ana,Montaña,107,79,227
2714,2022-07-01,Sonsonate,Rural,165,55,68
2715,2023-05-08,La Paz,Rural,133,92,101
2716,2023-08-11,La Libertad,Montaña,171,86,40
2717,2023-08-09,La Paz,Playa,196,99,151
2718,2024-02-26,La Paz,Montaña,100,115,55
2719,2024-12-08,La Paz,Ciudad,23,89,103
2720,2021-04-16,San Salvador,Rural,56,89,61
2721,2022-10-16,San Miguel,Montaña,124,152,234
2722,2021-02-12,Usulutan,Ciudad,77,34,114
2723,2023-07-28,San Miguel,Montaña,165,128,113
2724,2023-03-23,Ahuachapan,Rural,123,23,44
2725,2022-11-22,Ahuachapan,Montaña,46,118,159
2726,2021-11-08,San Miguel,Playa,188,39,223
2727,2022-01-19,Sonsonate,Playa,187,37,166
2728,2021-12-05,San Miguel,Ciudad,181,140,145
2729,2024-05-19,San Miguel,Montaña,126,99,180
2730,2023-11-27,La Libertad,Rural,146,150,48
2731,2023-11-01,Usulutan,Playa,164,87,83
2732,2022-09-11,Ahuachapan,Rural,181,176,202
2733,2023-01-17,San Miguel,Montaña,151,79,95
2734,2023-07-24,Ahuachapan,Rural,152,132,105
2735,2024-05-28,Santa Ana,Rural,95,171,167
2736,2023-04-18,Ahuachapan,Montaña,64,42,231
2737,2021-05-23,Ahuachapan,Playa,101,19,105
2738,2021-03-04,San Salvador,Playa,56,34,235
2739,2023-08-12,Santa Ana,Rural,129,23,118
2740,2021-10-06,La Libertad,Ciudad,51,151,56
2741,2023-07-07,Ahuachapan,Rural,146,69,125
2742,2024-12-19,Ahuachapan,Montaña,71,87,229
2743,2021-12-30,San Salvador,Montaña,100,29,147
2744,2024-04-13,San Miguel,Montaña,56,175,75
2745,2024-07-17,Santa Ana,Ciudad,40,80,153
2746,2023-07-30,San Salvador,Rural,131,97,190
2747,2022-02-19,Sonsonate,Ciudad,144,98,167
2748,2022-06-16,La Libertad,Ciudad,117,30,220
2749,2024-06-06,La Libertad,Montaña,75,125,238
2750,2024-08-30,La Libertad,Montaña,57,77,157
2751,2024-08-05,La Paz,Rural,134,96,192
2752,2022-04-07,La Paz,Ciudad,106,55,36
2753,2024-10-07,Ahuachapan,Rural,197,173,105
2754,2023-04-12,Santa Ana,Playa,58,19,103
2755,2023-06-19,La Libertad,Rural,143,61,187
2756,2024-11-20,Ahuachapan,Rural,170,65,215
2757,2022-03-07,La Libertad,Ciudad,112,30,144
2758,2022-11-11,Ahuachapan,Ciudad,42,33,115
2759,2021-09-30,San Salvador,Montaña,197,42,91
2760,2023-03-23,La Paz,Rural,121,47,192
2761,2022-05-07,Usulutan,Rural,114,93,128
2762,2024-11-22,San Salvador,Ciudad,68,67,61
2763,2021-01-18,La Paz,Playa,136,136,89
2764,2024-11-30,San Miguel,Ciudad,79,7,205
2765,2024-07-28,San Miguel,Ciudad,59,30,125
2766,2023-05-24,San Salvador,Montaña,163,76,63
2767,2023-06-15,San Salvador,Playa,54,15,56
2768,2024-11-17,San Miguel,Montaña,139,142,209
2769,2023-01-27,Sonsonate,Montaña,77,166,153
2770,2024-01-13,San Salvador,Rural,109,137,238
2771,2023-10-11,Ahuachapan,Ciudad,152,97,195
2772,2022-09-20,Sonsonate,Rural,43,118,231
2773,2022-02-03,La Libertad,Playa,101,132,245
2774,2024-04-02,San Salvador,Ciudad,116,13,68
2775,2024-09-09,Sonsonate,Montaña,89,130,211
2776,2021-05-12,San Miguel,Ciudad,180,129,62
2777,2023-04-20,Ahuachapan,Ciudad,66,51,133
2778,2021-12-19,Usulutan,Rural,37,105,176
2779,2022-05-14,San Salvador,Playa,61,100,232
2780,2021-02-17,Sonsonate,Rural,28,169,244
2781,2024-02-19,Sonsonate,Montaña,50,64,55
2782,2024-06-17,San Salvador,Playa,63,61,82
2783,2024-04-28,La Paz,Montaña,69,42,103
2784,2023-08-26,Sonsonate,Rural,109,116,67
2785,2024-11-20,Usulutan,Montaña,25,65,232
2786,2021-05-04,Sonsonate,Montaña,199,125,57
2787,2021-02-06,La Paz,Montaña,70,92,99
2788,2023-06-28,San Salvador,Montaña,173,90,192
2789,2024-02-27,La Libertad,Playa,187,140,54
2790,2023-10-20,Usulutan,Playa,68,65,223
2791,2023-11-15,La Libertad,Playa,160,84,105
2792,2021-05-21,Ahuachapan,Playa,107,118,160
2793,2022-01-13,La Paz,Playa,126,87,239
2794,2021-09-24,La Libertad,Playa,197,47,227
2795,2024-06-06,Sonsonate,Montaña,99,153,96
2796,2021-03-04,San Salvador,Playa,181,87,240
2797,2024-10-26,Usulutan,Rural,179,35,79
2798,2023-11-19,La Libertad,Playa,26,88,36
2799,2021-10-12,La Libertad,Rural,198,12,244
2800,2024-03-05,Usulutan,Ciudad,22,22,94
2801,2021-01-09,Usulutan,Playa,91,175,154
2802,2024-08-11,Santa Ana,Rural,129,84,244
2803,2022-09-03,Usulutan,Playa,150,29,208
2804,2024-08-13,Usulutan,Playa,50,67,249
2805,2024-03-22,San Salvador,Ciudad,139,39,108
2806,2023-05-15,Santa Ana,Rural,117,78,50
2807,2021-04-02,Santa Ana,Playa,59,122,42
2808,2021-04-24,Sonsonate,Montaña,102,55,121
2809,2023-04-10,San Miguel,Rural,32,76,35
2810,2024-04-21,San Miguel,Rural,129,149,124
2811,2021-07-12,San Salvador,Rural,185,156,165
2812,2021-10-15,Usulutan,Playa,21,129,84
2813,2022-08-15,La Libertad,Rural,59,71,245
2814,2024-06-18,San Miguel,Ciudad,51,72,91
2815,2022-11-22,Sonsonate,Montaña,164,107,246
2816,2022-05-26,San Miguel,Montaña,157,65,96
2817,2022-01-18,La Paz,Playa,117,144,198
2818,2022-10-16,La Libertad,Montaña,136,127,114
2819,2021-06-14,Usulutan,Playa,125,16,41
2820,2021-04-12,San Salvador,Playa,46,158,47
2821,2023-12-26,La Paz,Playa,79,42,55
2822,2022-10-12,La Paz,Montaña,152,124,174
2823,2023-08-30,San Miguel,Montaña,167,91,84
2824,2021-08-25,San Miguel,Ciudad,95,147,78
2825,2024-02-25,San Salvador,Rural,100,133,178
2826,2021-08-10,Santa Ana,Ciudad,36,177,169
2827,2024-03-02,La Paz,Rural,181,63,53
2828,2024-12-09,San Miguel,Playa,189,101,155
2829,2023-09-08,Santa Ana,Ciudad,45,86,219
2830,2021-04-21,La Paz,Rural,27,131,129
2831,2023-12-27,Santa Ana,Rural,121,62,207
2832,2023-04-13,San Salvador,Rural,147,85,71
2833,2022-11-15,Usulutan,Ciudad,57,162,241
2834,2023-02-17,Usulutan,Playa,156,10,55
2835,2021-11-16,La Libertad,Playa,116,159,132
2836,2024-11-03,Sonsonate,Ciudad,49,58,139
2837,2021-06-17,San Salvador,Playa,193,150,181
2838,2023-08-01,La Libertad,Montaña,128,104,194
2839,2021-07-13,San Miguel,Playa,193,78,173
2840,2023-09-05,Ahuachapan,Ciudad,20,68,228
2841,2023-07-03,Santa Ana,Rural,119,133,98
2842,2021-02-23,Santa Ana,Montaña,141,22,212
2843,2023-08-18,Ahuachapan,Montaña,46,149,118
2844,2021-08-23,La Paz,Playa,58,102,223
2845,2022-07-31,San Miguel,Playa,174,151,96
2846,2024-09-10,San Miguel,Rural,100,6,204
2847,2023-04-17,Sonsonate,Rural,123,147,202
2848,2024-07-14,La Paz,Ciudad,86,120,90
2849,2022-08-07,Sonsonate,Montaña,136,113,156
2850,2022-08-01,Ahuachapan,Montaña,78,75,63
2851,2021-08-27,Santa Ana,Ciudad,23,172,124
2852,2023-09-10,San Salvador,Ciudad,161,84,108
2853,2024-06-17,La Libertad,Montaña,190,117,36
2854,2022-06-15,San Miguel,Rural,35,58,188
2855,2021-04-26,San Salvador,Rural,136,120,226
2856,2024-06-04,Usulutan,Ciudad,64,127,247
2857,2024-12-22,La Paz,Montaña,38,131,156
2858,2023-09-26,Santa Ana,Montaña,140,103,147
2859,2021-11-10,San Salvador,Ciudad,126,69,39
2860,2022-07-21,La Libertad,Rural,57,167,52
2861,2023-06-29,La Paz,Montaña,170,61,65
2862,2023-03-22,Ahuachapan,Ciudad,116,7,129
2863,2021-06-20,San Miguel,Rural,70,91,174
2864,2021-06-26,La Libertad,Ciudad,31,98,35
2865,2023-08-03,La Paz,Ciudad,27,88,101
2866,2023-08-05,Sonsonate,Rural,193,97,173
2867,2024-03-06,Ahuachapan,Ciudad,173,104,38
2868,2023-10-07,Santa Ana,Playa,156,155,102
2869,2024-03-22,Sonsonate,Ciudad,187,9,58
2870,2024-08-29,Usulutan,Playa,175,84,213
2871,2021-11-03,La Paz,Playa,182,20,76
2872,2021-12-03,San Salvador,Ciudad,33,175,249
2873,2023-11-05,San Salvador,Montaña,139,172,171
2874,2024-02-28,Santa Ana,Playa,34,50,234
2875,2022-06-01,Ahuachapan,Montaña,71,136,140
2876,2024-08-20,Usulutan,Montaña,38,60,96
2877,2021-01-02,La Libertad,Playa,116,109,142
2878,2021-05-09,San Miguel,Montaña,155,89,171
2879,2023-04-23,Usulutan,Rural,174,69,40
2880,2024-09-18,San Salvador,Playa,126,150,212
2881,2024-06-12,Santa Ana,Montaña,143,162,57
2882,2023-04-24,Ahuachapan,Rural,49,25,175
2883,2021-04-22,La Paz,Ciudad,193,69,221
2884,2024-01-07,San Miguel,Playa,171,95,166
2885,2023-01-06,La Libertad,Ciudad,183,116,180
2886,2024-05-13,Santa Ana,Rural,120,129,245
2887,2023-05-25,La Paz,Montaña,22,61,246
2888,2022-05-26,Usulutan,Rural,184,16,179
2889,2024-11-01,San Miguel,Ciudad,65,63,125
2890,2023-01-01,Usulutan,Rural,59,148,248
2891,2023-01-18,San Miguel,Playa,110,103,99
2892,2023-04-10,San Miguel,Ciudad,115,157,87
2893,2023-08-12,La Paz,Rural,71,98,51
2894,2024-08-05,La Libertad,Ciudad,138,32,249
2895,2023-09-20,La Libertad,Rural,190,73,168
2896,2021-08-21,San Salvador,Ciudad,118,69,51
2897,2021-02-07,San Salvador,Ciudad,147,127,210
2898,2021-09-22,Santa Ana,Rural,165,171,99
2899,2022-04-19,Usulutan,Rural,55,155,113
2900,2023-12-29,Sonsonate,Rural,122,50,140
2901,2024-03-31,Ahuachapan,Rural,59,83,70
2902,2021-06-30,Santa Ana,Ciudad,79,88,240
2903,2024-02-29,Ahuachapan,Montaña,80,135,63
2904,2023-09-16,San Miguel,Playa,26,174,191
2905,2023-02-25,Usulutan,Playa,132,79,126
2906,2023-03-09,Santa Ana,Playa,94,76,186
2907,2024-06-26,Ahuachapan,Montaña,175,54,239
2908,2021-11-16,Usulutan,Ciudad,138,110,79
2909,2024-11-23,Santa Ana,Montaña,173,86,94
2910,2022-04-07,San Salvador,Rural,191,55,218
2911,2022-07-09,San Miguel,Playa,97,67,53
2912,2023-09-27,San Salvador,Ciudad,44,23,218
2913,2023-12-28,San Salvador,Rural,145,88,201
2914,2024-03-20,La Libertad,Montaña,98,151,71
2915,2023-12-24,Sonsonate,Rural,114,83,144
2916,2022-06-21,Sonsonate,Rural,113,69,103
2917,2022-10-22,San Salvador,Ciudad,133,37,154
2918,2021-03-19,Sonsonate,Rural,176,14,110
2919,2021-08-13,San Salvador,Rural,112,18,233
2920,2021-07-28,Sonsonate,Playa,80,150,154
2921,2022-11-17,Santa Ana,Rural,191,90,185
2922,2022-09-26,Ahuachapan,Rural,158,90,89
2923,2024-12-01,San Miguel,Ciudad,136,28,67
2924,2021-05-24,Sonsonate,Montaña,135,108,201
2925,2023-06-01,Ahuachapan,Ciudad,102,93,230
2926,2022-08-29,Sonsonate,Ciudad,182,117,36
2927,2022-05-24,Usulutan,Montaña,132,102,119
2928,2021-02-06,La Paz,Montaña,166,75,101
2929,2022-10-04,La Paz,Playa,160,55,53
2930,2023-03-01,San Miguel,Montaña,108,120,163
2931,2024-02-29,Ahuachapan,Montaña,58,21,186
2932,2021-11-08,Ahuachapan,Ciudad,27,134,194
2933,2024-10-29,La Paz,Playa,90,117,93
2934,2023-06-27,Usulutan,Montaña,107,175,80
2935,2021-07-26,San Miguel,Playa,125,133,143
2936,2022-02-17,Ahuachapan,Montaña,56,142,37
2937,2023-07-18,Santa Ana,Playa,177,10,123
2938,2024-06-28,Usulutan,Montaña,37,155,147
2939,2021-06-14,San Miguel,Ciudad,93,79,40
2940,2023-06-02,La Libertad,Playa,24,32,140
2941,2022-01-07,Usulutan,Ciudad,55,46,68
2942,2021-04-11,Sonsonate,Rural,140,96,81
2943,2023-12-22,Usulutan,Montaña,28,24,164
2944,2022-05-15,Santa Ana,Montaña,180,74,116
2945,2021-01-22,La Libertad,Ciudad,51,119,144
2946,2024-03-07,San Salvador,Playa,37,140,124
2947,2023-08-13,Santa Ana,Rural,100,106,214
2948,2022-08-23,La Paz,Montaña,29,109,242
2949,2024-07-25,San Salvador,Playa,149,145,202
2950,2024-03-28,La Paz,Montaña,73,174,89
2951,2022-02-06,Usulutan,Montaña,88,56,102
2952,2024-02-18,Usulutan,Rural,74,35,240
2953,2024-04-26,Sonsonate,Rural,193,74,166
2954,2023-06-12,La Paz,Playa,117,48,37
2955,2024-10-11,Usulutan,Ciudad,158,104,219
2956,2021-04-29,La Paz,Rural,139,112,73
2957,2023-12-02,La Libertad,Playa,96,70,231
2958,2021-09-20,Usulutan,Montaña,176,108,100
2959,2024-04-23,Santa Ana,Montaña,158,60,213
2960,2022-10-10,San Salvador,Playa,146,75,229
2961,2022-09-15,La Libertad,Playa,78,156,180
2962,2024-10-11,Sonsonate,Montaña,155,130,101
2963,2021-03-28,Sonsonate,Rural,130,81,142
2964,2022-02-20,Ahuachapan,Playa,199,166,165
2965,2024-07-20,La Libertad,Rural,193,32,187
2966,2023-04-25,Sonsonate,Playa,115,69,93
2967,2022-05-15,Usulutan,Playa,25,114,234
2968,2023-02-01,San Salvador,Rural,176,10,158
2969,2023-03-18,Santa Ana,Ciudad,182,9,40
2970,2021-08-07,San Salvador,Ciudad,179,98,61
2971,2021-08-07,Usulutan,Playa,144,80,166
2972,2022-04-16,Ahuachapan,Montaña,105,107,172
2973,2023-03-11,Ahuachapan,Montaña,194,124,226
2974,2023-12-14,Santa Ana,Playa,151,109,182
2975,2021-06-11,La Paz,Playa,53,60,51
2976,2022-09-13,Sonsonate,Ciudad,53,48,111
2977,2024-07-20,Santa Ana,Rural,128,161,106
2978,2024-07-25,San Miguel,Rural,195,102,159
2979,2024-06-23,Sonsonate,Playa,88,160,162
2980,2022-09-29,La Paz,Ciudad,182,142,126
2981,2022-10-21,Santa Ana,Ciudad,58,70,64
2982,2021-04-09,San Salvador,Rural,119,139,136
2983,2022-07-28,Santa Ana,Rural,68,101,93
2984,2021-09-17,La Libertad,Playa,158,108,201
2985,2021-10-27,San Miguel,Rural,127,130,207
2986,2024-09-17,San Miguel,Montaña,166,151,225
2987,2022-03-05,Santa Ana,Ciudad,158,58,144
2988,2024-01-17,San Miguel,Playa,50,38,43
2989,2024-05-24,San Salvador,Playa,21,31,181
2990,2022-05-12,Usulutan,Montaña,44,40,182
2991,2021-08-18,Usulutan,Ciudad,178,60,106
2992,2022-10-13,La Paz,Ciudad,184,7,143
2993,2023-02-21,San Miguel,Rural,156,73,50
2994,2023-04-16,San Miguel,Playa,29,12,183
2995,2024-07-10,Ahuachapan,Rural,148,157,192
2996,2021-08-09,Usulutan,Ciudad,198,61,156
2997,2021-10-06,La Libertad,Ciudad,40,58,87
2998,2022-12-22,Santa Ana,Playa,199,178,163
2999,2021-12-23,Usulutan,Ciudad,73,12,63
3000,2023-10-30,Sonsonate,Rural,114,90,193
3001,2022-04-24,San Salvador,Montaña,169,158,156
3002,2023-07-07,Usulutan,Ciudad,82,73,65
3003,2024-05-03,Santa Ana,Rural,76,147,209
3004,2023-01-04,Sonsonate,Rural,22,103,245
3005,2024-04-30,Santa Ana,Montaña,163,115,47
3006,2022-09-09,La Paz,Rural,43,109,159
3007,2023-04-22,Sonsonate,Montaña,72,52,161
3008,2021-05-26,La Libertad,Rural,199,62,122
3009,2021-12-02,San Salvador,Ciudad,23,98,146
3010,2021-04-17,La Paz,Ciudad,144,61,225
3011,2024-05-05,Santa Ana,Montaña,143,112,47
3012,2021-03-09,San Salvador,Montaña,79,143,162
3013,2023-04-10,La Libertad,Playa,192,34,153
3014,2024-07-01,Usulutan,Playa,154,162,165
3015,2021-01-10,La Paz,Montaña,84,72,202
3016,2021-06-12,San Salvador,Rural,130,90,139
3017,2022-08-11,Usulutan,Rural,88,134,135
3018,2022-08-07,Santa Ana,Rural,52,74,226
3019,2024-10-09,Santa Ana,Playa,143,156,202
3020,2022-03-25,Ahuachapan,Ciudad,133,103,45
3021,2022-10-19,Usulutan,Montaña,173,149,151
3022,2021-08-17,Sonsonate,Playa,40,144,242
3023,2023-06-12,Santa Ana,Rural,177,172,180
3024,2021-09-17,Usulutan,Playa,177,69,119
3025,2022-04-01,San Salvador,Rural,118,147,66
3026,2022-01-29,San Salvador,Montaña,63,13,217
3027,2022-06-21,Santa Ana,Ciudad,78,60,63
3028,2022-07-03,Usulutan,Ciudad,129,39,69
3029,2023-09-03,San Salvador,Ciudad,166,23,108
3030,2021-11-16,San Salvador,Rural,75,174,191
3031,2022-04-05,La Paz,Ciudad,166,173,145
3032,2021-02-04,La Libertad,Ciudad,140,78,94
3033,2022-11-08,Santa Ana,Montaña,28,43,171
3034,2023-10-14,San Salvador,Playa,150,76,209
3035,2023-11-02,San Miguel,Playa,198,99,76
3036,2023-06-20,Ahuachapan,Playa,101,179,55
3037,2021-03-14,San Salvador,Ciudad,183,10,53
3038,2022-05-31,Ahuachapan,Playa,78,110,228
3039,2021-06-30,Usulutan,Montaña,146,6,229
3040,2024-01-27,Ahuachapan,Ciudad,196,150,36
3041,2021-10-17,La Paz,Ciudad,43,178,52
3042,2021-02-28,San Miguel,Rural,91,144,210
3043,2023-11-21,Ahuachapan,Playa,105,146,144
3044,2023-09-02,La Paz,Montaña,42,101,61
3045,2024-02-19,Sonsonate,Ciudad,91,77,83
3046,2021-09-29,San Miguel,Playa,120,88,56
3047,2022-03-22,La Libertad,Ciudad,131,16,176
3048,2023-01-05,Ahuachapan,Playa,65,6,115
3049,2022-09-16,Usulutan,Rural,128,53,151
3050,2022-09-12,San Miguel,Montaña,128,36,85
3051,2021-08-13,San Miguel,Playa,93,163,163
3052,2022-11-03,Ahuachapan,Playa,167,89,65
3053,2021-06-22,San Miguel,Ciudad,152,71,185
3054,2021-05-18,Usulutan,Montaña,66,84,60
3055,2021-12-15,Usulutan,Playa,85,13,62
3056,2022-01-21,Sonsonate,Playa,78,140,221
3057,2023-07-09,Santa Ana,Montaña,178,50,114
3058,2023-08-18,San Miguel,Rural,144,126,149
3059,2024-03-02,San Miguel,Rural,41,60,186
3060,2024-01-04,Sonsonate,Playa,35,143,81
3061,2023-12-18,San Salvador,Ciudad,158,77,141
3062,2024-09-03,Usulutan,Rural,30,143,44
3063,2024-01-04,San Miguel,Montaña,196,34,145
3064,2024-08-17,San Miguel,Ciudad,20,126,110
3065,2023-03-17,Sonsonate,Montaña,111,25,178
3066,2021-07-09,San Miguel,Ciudad,65,47,181
3067,2024-02-03,Sonsonate,Ciudad,110,140,160
3068,2023-06-28,La Libertad,Ciudad,153,174,235
3069,2023-04-16,Santa Ana,Ciudad,96,178,93
3070,2024-06-04,San Salvador,Ciudad,168,100,100
3071,2021-09-15,La Paz,Playa,50,173,45
3072,2023-07-26,San Miguel,Playa,67,19,231
3073,2022-09-13,La Paz,Rural,60,108,146
3074,2021-11-11,Santa Ana,Rural,144,107,232
3075,2022-01-21,San Miguel,Montaña,115,143,120
3076,2023-11-18,Sonsonate,Playa,193,126,98
3077,2023-08-17,Usulutan,Playa,95,41,233
3078,2021-06-21,La Paz,Ciudad,123,87,124
3079,2021-07-16,San Miguel,Ciudad,131,35,244
3080,2024-02-23,Usulutan,Ciudad,69,73,191
3081,2024-03-06,San Salvador,Rural,42,176,58
3082,2023-03-01,San Salvador,Ciudad,55,149,45
3083,2021-07-23,San Miguel,Playa,135,156,210
3084,2023-12-14,La Libertad,Ciudad,51,132,213
3085,2021-03-08,Usulutan,Playa,186,142,159
3086,2022-06-01,Sonsonate,Playa,121,33,114
3087,2023-05-31,Ahuachapan,Montaña,74,115,228
3088,2024-05-13,Sonsonate,Montaña,189,110,205
3089,2024-03-28,Santa Ana,Playa,51,18,54
3090,2021-07-14,Usulutan,Playa,107,34,229
3091,2021-03-23,La Paz,Ciudad,24,10,129
3092,2021-07-27,Ahuachapan,Ciudad,133,51,133
3093,2024-05-02,San Miguel,Montaña,148,19,138
3094,2024-03-08,La Paz,Ciudad,115,130,199
3095,2024-01-22,La Libertad,Playa,124,5,119
3096,2021-06-30,La Paz,Playa,181,74,173
3097,2021-02-15,San Salvador,Rural,181,151,164
3098,2021-02-11,Santa Ana,Playa,155,137,106
3099,2021-05-01,La Paz,Playa,194,65,235
3100,2023-05-24,San Salvador,Montaña,76,37,71
3101,2024-07-10,Sonsonate,Rural,98,19,131
3102,2022-10-02,La Paz,Rural,21,49,129
3103,2023-07-04,San Miguel,Ciudad,172,168,48
3104,2022-10-19,La Libertad,Ciudad,161,84,214
3105,2021-09-11,San Salvador,Ciudad,44,83,151
3106,2024-09-08,Sonsonate,Rural,21,51,143
3107,2021-07-10,Sonsonate,Playa,71,158,60
3108,2024-08-06,San Miguel,Ciudad,110,151,43
3109,2022-09-02,La Libertad,Montaña,100,68,61
3110,2022-07-19,Ahuachapan,Playa,130,164,230
3111,2023-08-07,Usulutan,Montaña,27,71,206
3112,2022-10-26,Ahuachapan,Rural,64,173,130
3113,2021-02-24,San Salvador,Playa,79,157,97
3114,2021-12-07,La Libertad,Rural,107,24,214
3115,2024-09-27,Santa Ana,Playa,133,72,77
3116,2023-11-04,Ahuachapan,Ciudad,161,169,143
3117,2022-10-16,Ahuachapan,Ciudad,100,72,148
3118,2024-08-17,La Libertad,Montaña,121,99,235
3119,2021-09-06,La Libertad,Rural,22,6,244
3120,2023-12-19,Usulutan,Montaña,158,15,190
3121,2024-08-15,La Libertad,Playa,170,171,46
3122,2023-06-26,Sonsonate,Rural,188,44,86
3123,2021-03-31,San Salvador,Rural,130,89,84
3124,2021-08-07,San Salvador,Rural,129,84,88
3125,2023-12-17,Ahuachapan,Playa,121,25,115
3126,2024-07-06,Ahuachapan,Ciudad,128,124,201
3127,2023-09-17,Sonsonate,Playa,38,78,63
3128,2024-11-25,Usulutan,Rural,126,130,195
3129,2022-08-10,La Libertad,Playa,91,63,89
3130,2024-11-14,Usulutan,Playa,101,82,40
3131,2021-02-24,La Paz,Playa,191,73,223
3132,2023-12-25,Santa Ana,Ciudad,125,46,140
3133,2023-10-06,San Salvador,Playa,154,99,41
3134,2024-04-27,La Libertad,Ciudad,142,18,60
3135,2021-09-12,Santa Ana,Montaña,72,121,92
3136,2023-04-17,La Paz,Playa,167,175,79
3137,2023-11-28,Ahuachapan,Rural,156,23,170
3138,2021-01-08,Ahuachapan,Playa,144,118,221
3139,2021-01-19,La Paz,Ciudad,59,59,206
3140,2022-08-21,Ahuachapan,Playa,190,161,133
3141,2023-08-05,Sonsonate,Ciudad,174,135,131
3142,2021-08-25,San Miguel,Ciudad,178,20,223
3143,2021-07-09,La Paz,Montaña,129,96,224
3144,2023-05-17,Usulutan,Playa,75,132,53
3145,2024-10-08,San Salvador,Rural,193,170,213
3146,2024-07-23,La Libertad,Montaña,130,75,94
3147,2022-01-23,San Miguel,Rural,148,102,129
3148,2024-07-12,Ahuachapan,Playa,83,14,35
3149,2021-01-22,Santa Ana,Playa,154,108,205
3150,2023-08-30,Ahuachapan,Rural,63,41,199
3151,2022-03-21,San Miguel,Rural,188,142,174
3152,2024-04-28,Ahuachapan,Montaña,145,34,89
3153,2022-04-21,La Paz,Ciudad,192,171,235
3154,2022-01-10,La Paz,Rural,121,129,191
3155,2021-03-29,Sonsonate,Ciudad,66,97,52
3156,2023-01-20,La Paz,Ciudad,117,126,227
3157,2021-10-19,La Paz,Montaña,176,71,136
3158,2024-01-16,Usulutan,Ciudad,26,53,184
3159,2021-06-09,Sonsonate,Montaña,116,56,214
3160,2024-10-20,Ahuachapan,Montaña,55,51,231
3161,2022-09-05,La Paz,Montaña,184,128,217
3162,2023-08-30,La Libertad,Rural,135,176,223
3163,2021-05-27,La Libertad,Montaña,125,35,124
3164,2023-06-09,Santa Ana,Rural,95,128,86
3165,2023-11-13,La Paz,Playa,21,97,226
3166,2024-11-29,La Libertad,Playa,150,17,67
3167,2021-10-27,Usulutan,Montaña,106,22,207
3168,2023-06-15,Sonsonate,Rural,175,142,129
3169,2021-05-11,La Libertad,Rural,41,16,129
3170,2021-02-25,San Salvador,Rural,159,163,84
3171,2024-02-28,La Libertad,Playa,117,169,73
3172,2021-12-08,Sonsonate,Playa,101,102,46
3173,2023-03-13,San Miguel,Rural,116,62,48
3174,2021-03-13,Sonsonate,Ciudad,56,80,50
3175,2021-10-11,Sonsonate,Montaña,38,149,72
3176,2023-09-02,San Miguel,Rural,55,6,77
3177,2022-08-05,San Miguel,Playa,126,39,135
3178,2023-01-01,La Libertad,Montaña,60,8,155
3179,2021-06-26,Sonsonate,Rural,180,76,78
3180,2021-04-17,San Salvador,Playa,21,54,220
3181,2022-05-22,Ahuachapan,Playa,139,112,212
3182,2023-10-19,La Paz,Rural,25,79,40
3183,2021-05-17,Sonsonate,Ciudad,148,178,121
3184,2023-07-14,Ahuachapan,Rural,40,95,57
3185,2024-01-19,Ahuachapan,Montaña,72,63,70
3186,2023-05-19,San Miguel,Montaña,101,129,74
3187,2022-07-21,Santa Ana,Rural,96,141,102
3188,2024-01-01,Ahuachapan,Rural,160,84,57
3189,2023-03-19,San Miguel,Playa,38,103,117
3190,2023-07-08,Sonsonate,Montaña,181,140,50
3191,2022-09-10,Santa Ana,Playa,162,57,226
3192,2023-10-09,Santa Ana,Montaña,25,163,171
3193,2024-06-04,San Miguel,Ciudad,105,172,228
3194,2022-12-02,La Paz,Playa,53,70,155
3195,2024-02-11,La Paz,Montaña,134,105,206
3196,2024-09-02,La Libertad,Playa,57,166,165
3197,2023-08-14,Ahuachapan,Rural,114,61,147
3198,2022-01-10,Ahuachapan,Playa,65,150,173
3199,2022-01-20,Usulutan,Ciudad,79,124,187
3200,2024-12-02,San Salvador,Rural,42,78,241
3201,2022-02-17,Santa Ana,Montaña,148,54,89
3202,2021-09-29,Santa Ana,Rural,22,52,207
3203,2023-08-20,Santa Ana,Playa,66,165,45
3204,2022-12-04,La Libertad,Ciudad,25,12,216
3205,2022-05-12,La Libertad,Montaña,153,50,139
3206,2023-05-29,La Paz,Playa,135,143,136
3207,2021-12-26,Ahuachapan,Montaña,45,55,138
3208,2024-11-21,Ahuachapan,Ciudad,108,22,227
3209,2024-01-01,Sonsonate,Rural,92,175,236
3210,2021-05-20,San Salvador,Montaña,162,151,106
3211,2024-07-19,Usulutan,Ciudad,116,174,61
3212,2021-12-24,Usulutan,Rural,41,57,57
3213,2024-10-23,Ahuachapan,Ciudad,36,44,223
3214,2023-10-14,Usulutan,Montaña,154,54,62
3215,2024-12-11,Santa Ana,Montaña,153,100,86
3216,2022-12-18,La Libertad,Ciudad,98,55,229
3217,2024-07-17,San Miguel,Playa,152,43,162
3218,2021-07-04,La Paz,Montaña,78,70,225
3219,2023-11-04,La Libertad,Rural,172,9,74
3220,2024-10-16,La Paz,Ciudad,166,35,43
3221,2021-11-16,La Paz,Montaña,114,117,205
3222,2023-02-09,San Miguel,Ciudad,149,16,37
3223,2021-05-09,Usulutan,Ciudad,169,11,101
3224,2021-03-27,La Paz,Montaña,27,82,121
3225,2021-12-08,Sonsonate,Ciudad,176,132,146
3226,2022-07-15,Sonsonate,Playa,96,176,135
3227,2024-12-19,Sonsonate,Ciudad,27,24,166
3228,2023-01-31,San Miguel,Montaña,147,118,190
3229,2022-03-14,Ahuachapan,Ciudad,72,164,44
3230,2021-12-27,La Libertad,Playa,78,159,180
3231,2024-07-22,Usulutan,Montaña,94,103,40
3232,2021-04-05,La Paz,Montaña,44,127,138
3233,2024-10-06,La Paz,Playa,101,98,165
3234,2021-05-06,Usulutan,Playa,164,159,158
3235,2023-06-03,San Salvador,Montaña,181,121,185
3236,2023-01-20,Sonsonate,Ciudad,199,25,74
3237,2021-11-30,San Salvador,Playa,98,31,67
3238,2023-06-20,Sonsonate,Montaña,83,115,187
3239,2024-03-14,La Paz,Ciudad,105,92,190
3240,2022-05-30,Santa Ana,Rural,139,160,98
3241,2022-05-05,San Miguel,Rural,124,176,109
3242,2021-07-10,La Libertad,Rural,192,164,165
3243,2022-02-06,Santa Ana,Montaña,100,73,217
3244,2024-11-08,Sonsonate,Montaña,128,147,89
3245,2022-05-10,Sonsonate,Playa,86,16,183
3246,2021-11-21,Usulutan,Rural,30,130,241
3247,2022-12-31,Sonsonate,Montaña,82,22,166
3248,2023-10-13,San Salvador,Rural,142,17,207
3249,2023-10-12,Ahuachapan,Playa,47,110,76
3250,2023-12-03,Ahuachapan,Rural,83,141,209
3251,2023-08-14,Ahuachapan,Rural,145,99,220
3252,2023-06-23,La Paz,Montaña,98,164,225
3253,2022-02-21,Sonsonate,Rural,33,161,232
3254,2022-10-21,San Salvador,Ciudad,137,85,186
3255,2021-10-11,La Libertad,Montaña,48,140,62
3256,2024-06-27,San Salvador,Rural,53,114,243
3257,2021-09-06,Usulutan,Rural,47,89,67
3258,2024-02-06,Ahuachapan,Ciudad,95,62,121
3259,2023-10-08,San Miguel,Montaña,149,162,205
3260,2021-03-14,San Salvador,Rural,32,113,167
3261,2024-04-14,Santa Ana,Rural,121,135,87
3262,2024-05-30,Sonsonate,Montaña,57,143,246
3263,2022-01-14,San Salvador,Ciudad,72,127,132
3264,2024-11-04,San Salvador,Montaña,21,112,116
3265,2021-01-01,Sonsonate,Ciudad,191,152,158
3266,2024-06-01,Ahuachapan,Ciudad,30,130,156
3267,2021-06-17,Sonsonate,Ciudad,23,60,145
3268,2021-12-03,San Miguel,Playa,21,120,72
3269,2021-02-17,Sonsonate,Ciudad,109,173,93
3270,2022-05-05,Sonsonate,Playa,40,136,35
3271,2021-11-12,Sonsonate,Ciudad,177,12,145
3272,2022-11-12,San Salvador,Ciudad,101,144,224
3273,2021-06-22,La Paz,Montaña,176,24,53
3274,2023-08-26,San Salvador,Ciudad,155,56,237
3275,2022-11-14,San Salvador,Rural,38,147,51
3276,2022-03-24,Ahuachapan,Playa,183,53,75
3277,2022-12-12,La Paz,Playa,141,79,121
3278,2022-06-20,San Salvador,Playa,61,98,36
3279,2024-01-11,Usulutan,Ciudad,34,71,213
3280,2022-06-21,La Paz,Playa,62,168,128
3281,2022-01-31,San Salvador,Ciudad,123,14,183
3282,2023-08-31,La Paz,Ciudad,63,131,187
3283,2022-06-16,Sonsonate,Montaña,111,14,71
3284,2024-05-20,La Libertad,Playa,179,158,199
3285,2022-09-07,La Paz,Montaña,84,61,89
3286,2022-06-19,San Miguel,Montaña,118,169,175
3287,2024-01-08,Santa Ana,Playa,184,119,71
3288,2022-12-19,Usulutan,Rural,198,116,188
3289,2021-09-02,Sonsonate,Montaña,38,10,36
3290,2023-03-13,Ahuachapan,Playa,174,101,149
3291,2022-09-24,La Libertad,Ciudad,93,137,225
3292,2024-06-29,Ahuachapan,Rural,118,32,249
3293,2022-09-14,La Libertad,Rural,185,78,237
3294,2021-07-27,San Miguel,Ciudad,193,30,228
3295,2023-12-24,Santa Ana,Rural,140,42,40
3296,2024-11-09,Usulutan,Ciudad,189,177,92
3297,2024-11-22,Sonsonate,Playa,67,102,82
3298,2021-10-21,Ahuachapan,Playa,155,134,236
3299,2022-10-06,Santa Ana,Playa,77,147,216
3300,2023-08-29,Santa Ana,Rural,94,20,225
3301,2022-05-28,La Libertad,Ciudad,58,21,234
3302,2023-08-17,Sonsonate,Montaña,97,132,83
3303,2022-11-10,Santa Ana,Montaña,48,5,156
3304,2022-07-02,San Miguel,Rural,99,105,47
3305,2022-09-05,Santa Ana,Ciudad,122,90,39
3306,2023-12-02,San Salvador,Montaña,31,166,249
3307,2022-05-19,Usulutan,Rural,142,59,120
3308,2022-12-23,La Paz,Montaña,114,14,136
3309,2024-05-05,Ahuachapan,Playa,199,176,196
3310,2021-06-17,San Miguel,Playa,49,54,166
3311,2023-11-30,San Salvador,Rural,165,79,108
3312,2021-02-24,Santa Ana,Montaña,131,115,236
3313,2021-11-24,Sonsonate,Rural,49,157,162
3314,2021-07-25,San Miguel,Ciudad,127,126,196
3315,2021-06-20,La Libertad,Rural,177,141,138
3316,2022-12-07,Ahuachapan,Rural,53,40,51
3317,2021-10-20,La Paz,Playa,77,56,127
3318,2021-07-05,Ahuachapan,Montaña,130,17,124
3319,2021-01-02,Usulutan,Montaña,67,65,163
3320,2021-05-27,San Miguel,Ciudad,35,104,150
3321,2023-04-05,Ahuachapan,Rural,197,23,71
3322,2022-04-11,San Salvador,Playa,44,87,170
3323,2022-09-12,La Libertad,Rural,171,65,59
3324,2021-10-12,La Paz,Playa,126,116,234
3325,2021-07-24,La Paz,Ciudad,102,97,112
3326,2024-01-23,San Miguel,Rural,188,123,80
3327,2021-09-19,Ahuachapan,Ciudad,43,157,155
3328,2023-09-30,Ahuachapan,Playa,57,67,241
3329,2022-02-25,Sonsonate,Ciudad,72,97,152
3330,2022-11-13,La Paz,Ciudad,23,55,117
3331,2022-10-28,La Paz,Montaña,70,112,81
3332,2024-12-02,San Miguel,Ciudad,78,172,46
3333,2024-10-12,Ahuachapan,Playa,174,22,96
3334,2023-09-29,La Libertad,Playa,55,73,246
3335,2023-01-11,San Miguel,Ciudad,30,121,183
3336,2024-07-15,La Paz,Montaña,67,24,111
3337,2024-09-17,Sonsonate,Montaña,94,9,225
3338,2023-11-15,La Paz,Ciudad,157,124,138
3339,2024-11-18,La Paz,Montaña,116,176,65
3340,2024-11-13,La Libertad,Playa,137,85,106
3341,2022-04-21,La Libertad,Playa,137,104,89
3342,2023-04-19,Santa Ana,Montaña,67,67,243
3343,2021-02-13,Sonsonate,Rural,155,148,60
3344,2022-09-23,San Miguel,Playa,75,154,144
3345,2023-05-01,San Miguel,Rural,199,14,45
3346,2021-06-12,Santa Ana,Montaña,107,71,76
3347,2023-09-07,San Miguel,Playa,192,114,42
3348,2021-09-11,La Paz,Rural,120,92,166
3349,2023-09-06,La Libertad,Ciudad,37,108,191
3350,2024-09-24,San Miguel,Montaña,108,116,151
3351,2022-05-23,Usulutan,Rural,55,166,158
3352,2023-03-11,La Libertad,Rural,108,11,142
3353,2024-09-03,Santa Ana,Montaña,159,26,38
3354,2022-05-22,Santa Ana,Rural,198,89,98
3355,2021-03-13,Sonsonate,Montaña,136,5,131
3356,2023-08-03,Ahuachapan,Rural,148,164,113
3357,2024-11-02,San Miguel,Rural,107,111,249
3358,2022-03-18,La Paz,Rural,65,91,105
3359,2021-06-10,Santa Ana,Montaña,42,124,163
3360,2024-12-12,Ahuachapan,Ciudad,122,94,39
3361,2023-07-08,Santa Ana,Ciudad,151,163,249
3362,2021-12-16,San Salvador,Playa,150,126,146
3363,2021-02-12,La Paz,Playa,187,95,233
3364,2021-07-01,La Libertad,Playa,57,129,77
3365,2021-12-16,Santa Ana,Playa,198,95,132
3366,2023-06-22,La Paz,Playa,76,103,41
3367,2022-12-15,Santa Ana,Playa,24,165,76
3368,2023-11-12,Sonsonate,Montaña,166,105,154
3369,2021-03-10,La Libertad,Montaña,91,50,103
3370,2024-01-26,Sonsonate,Playa,192,17,176
3371,2023-03-21,La Paz,Playa,170,127,102
3372,2021-01-02,Usulutan,Ciudad,179,141,227
3373,2024-09-29,San Salvador,Ciudad,25,47,212
3374,2024-09-28,San Salvador,Playa,197,38,104
3375,2022-03-24,Usulutan,Ciudad,133,142,175
3376,2023-05-17,Santa Ana,Ciudad,39,149,46
3377,2024-08-21,Santa Ana,Playa,165,53,138
3378,2022-05-11,Sonsonate,Montaña,163,48,142
3379,2023-12-01,San Salvador,Montaña,193,75,225
3380,2024-07-17,Santa Ana,Playa,40,108,69
3381,2024-10-05,La Libertad,Montaña,175,39,228
3382,2021-03-27,La Paz,Ciudad,149,55,201
3383,2022-04-07,Usulutan,Playa,176,98,98
3384,2023-01-26,San Miguel,Ciudad,167,79,91
3385,2023-11-05,La Libertad,Montaña,187,174,74
3386,2023-04-12,La Libertad,Rural,154,127,223
3387,2021-05-14,La Libertad,Ciudad,145,52,66
3388,2021-05-23,Usulutan,Montaña,24,158,87
3389,2023-09-16,San Miguel,Montaña,68,168,101
3390,2021-12-03,Ahuachapan,Playa,158,137,232
3391,2024-05-06,Ahuachapan,Ciudad,23,68,215
3392,2022-01-21,Santa Ana,Ciudad,169,51,39
3393,2024-10-18,La Libertad,Ciudad,48,122,216
3394,2023-10-01,La Libertad,Ciudad,156,148,225
3395,2024-10-28,San Miguel,Ciudad,80,48,159
3396,2021-12-11,San Salvador,Ciudad,193,141,202
3397,2021-03-22,Usulutan,Ciudad,140,108,233
3398,2021-10-14,La Paz,Rural,164,153,191
3399,2024-12-14,La Libertad,Playa,62,126,138
3400,2024-05-15,Ahuachapan,Montaña,152,98,82
3401,2022-05-17,Sonsonate,Playa,95,173,103
3402,2023-06-12,Sonsonate,Rural,109,108,235
3403,2024-06-12,Ahuachapan,Rural,54,141,134
3404,2021-04-22,La Paz,Montaña,91,33,194
3405,2023-07-25,Santa Ana,Ciudad,111,46,41
3406,2024-12-20,Sonsonate,Ciudad,167,137,196
3407,2021-07-21,Sonsonate,Rural,65,12,103
3408,2022-04-15,La Paz,Rural,87,52,183
3409,2024-08-25,San Miguel,Montaña,84,62,141
3410,2021-12-09,La Paz,Montaña,148,150,246
3411,2024-08-08,Sonsonate,Ciudad,173,151,227
3412,2024-07-10,Santa Ana,Rural,59,118,123
3413,2024-12-28,San Salvador,Montaña,26,98,60
3414,2021-05-27,Ahuachapan,Playa,35,39,77
3415,2021-07-02,La Paz,Montaña,146,20,170
3416,2023-11-30,Ahuachapan,Ciudad,176,77,244
3417,2022-11-20,San Miguel,Rural,130,41,175
3418,2023-04-29,Sonsonate,Rural,37,38,216
3419,2022-05-01,Ahuachapan,Ciudad,164,149,141
3420,2021-10-09,Santa Ana,Rural,41,156,190
3421,2021-12-05,Santa Ana,Ciudad,49,38,143
3422,2021-09-04,Usulutan,Montaña,179,58,212
3423,2024-02-28,Usulutan,Montaña,65,10,188
3424,2023-10-06,Ahuachapan,Ciudad,45,159,195
3425,2024-03-29,San Salvador,Montaña,58,172,166
3426,2023-01-13,La Libertad,Rural,41,88,110
3427,2023-02-04,Ahuachapan,Playa,178,75,106
3428,2022-08-19,San Miguel,Montaña,159,132,105
3429,2023-12-17,La Libertad,Playa,139,116,200
3430,2023-06-01,San Miguel,Montaña,35,51,155
3431,2022-06-19,La Paz,Rural,103,31,197
3432,2022-05-16,San Salvador,Rural,159,66,203
3433,2021-06-27,San Miguel,Ciudad,64,113,245
3434,2023-11-08,Usulutan,Montaña,132,54,182
3435,2021-06-21,Sonsonate,Playa,131,172,187
3436,2024-07-08,La Libertad,Rural,183,5,91
3437,2024-07-09,San Miguel,Rural,121,19,57
3438,2023-10-21,La Libertad,Playa,82,67,44
3439,2024-02-09,La Paz,Montaña,49,43,242
3440,2024-01-22,Ahuachapan,Montaña,177,167,158
3441,2023-02-22,San Miguel,Playa,198,179,129
3442,2023-10-26,Sonsonate,Ciudad,23,147,103
3443,2021-06-12,San Salvador,Montaña,99,170,186
3444,2022-06-22,Sonsonate,Rural,155,87,98
3445,2023-07-31,Usulutan,Rural,110,154,156
3446,2021-07-08,Sonsonate,Montaña,98,113,234
3447,2023-11-01,Ahuachapan,Montaña,188,139,45
3448,2024-08-02,Sonsonate,Ciudad,186,124,222
3449,2024-11-25,San Salvador,Playa,33,37,91
3450,2023-09-14,San Miguel,Montaña,77,102,155
3451,2024-10-11,La Libertad,Montaña,142,88,139
3452,2024-04-29,Ahuachapan,Playa,157,113,248
3453,2024-08-19,Ahuachapan,Ciudad,125,161,64
3454,2021-02-16,San Miguel,Rural,191,68,118
3455,2024-01-01,Santa Ana,Playa,173,63,240
3456,2021-02-16,La Libertad,Ciudad,38,116,215
3457,2024-09-24,La Libertad,Ciudad,75,118,60
3458,2024-03-01,San Salvador,Montaña,68,142,164
3459,2024-03-03,La Libertad,Montaña,139,129,205
3460,2024-09-10,San Miguel,Playa,136,18,151
3461,2023-04-18,La Libertad,Rural,73,171,195
3462,2022-12-27,Sonsonate,Rural,159,25,151
3463,2021-02-16,Santa Ana,Rural,58,151,103
3464,2022-03-02,San Miguel,Ciudad,144,44,84
3465,2024-03-31,Usulutan,Ciudad,199,57,246
3466,2022-04-06,San Salvador,Ciudad,57,62,104
3467,2023-03-21,Usulutan,Rural,185,175,119
3468,2022-05-23,La Paz,Playa,72,179,133
3469,2021-06-25,San Salvador,Montaña,92,135,152
3470,2023-12-06,Ahuachapan,Montaña,183,74,181
3471,2024-10-01,Ahuachapan,Rural,148,41,107
3472,2024-08-10,Usulutan,Ciudad,104,116,134
3473,2022-09-19,Sonsonate,Montaña,44,173,235
3474,2022-11-26,La Libertad,Playa,128,22,178
3475,2024-04-07,Santa Ana,Rural,48,88,135
3476,2022-06-26,La Paz,Ciudad,161,50,86
3477,2021-12-04,La Paz,Ciudad,108,154,231
3478,2022-06-28,Ahuachapan,Ciudad,160,138,238
3479,2021-06-02,La Libertad,Ciudad,182,92,185
3480,2021-10-22,La Libertad,Montaña,199,32,146
3481,2023-09-23,Usulutan,Rural,49,95,61
3482,2023-05-28,Sonsonate,Playa,121,18,99
3483,2022-03-23,Santa Ana,Playa,182,74,45
3484,2022-08-09,La Paz,Rural,31,97,123
3485,2021-09-13,La Paz,Montaña,160,88,82
3486,2023-08-25,Usulutan,Rural,183,55,111
3487,2022-01-13,San Salvador,Rural,109,61,186
3488,2023-11-26,Ahuachapan,Ciudad,120,177,135
3489,2023-02-17,La Paz,Rural,111,39,145
3490,2021-07-11,San Miguel,Ciudad,49,99,85
3491,2024-01-30,San Miguel,Ciudad,39,151,228
3492,2024-03-01,Sonsonate,Playa,67,151,228
3493,2023-04-18,La Paz,Ciudad,31,149,73
3494,2023-01-03,La Libertad,Ciudad,38,49,68
3495,2021-04-09,Ahuachapan,Montaña,169,136,68
3496,2023-02-24,La Paz,Rural,142,112,76
3497,2021-12-04,Ahuachapan,Rural,133,81,231
3498,2023-04-29,Ahuachapan,Montaña,30,131,76
3499,2022-10-15,La Paz,Rural,43,88,177
3500,2023-07-05,Usulutan,Playa,32,59,219
3501,2023-02-28,Sonsonate,Rural,99,163,172
3502,2023-06-30,San Miguel,Playa,167,149,104
3503,2021-07-01,San Miguel,Ciudad,84,16,213
3504,2021-10-20,San Miguel,Ciudad,164,119,91
3505,2024-03-02,Sonsonate,Montaña,42,107,245
3506,2024-11-17,La Paz,Playa,150,57,146
3507,2024-12-26,Santa Ana,Ciudad,141,106,58
3508,2023-02-22,Usulutan,Montaña,110,170,184
3509,2024-02-12,La Paz,Ciudad,69,131,70
3510,2024-04-07,San Miguel,Ciudad,74,155,136
3511,2022-04-23,La Paz,Rural,151,72,86
3512,2024-01-24,San Miguel,Rural,108,35,90
3513,2023-10-05,San Salvador,Rural,58,125,105
3514,2024-07-16,La Paz,Ciudad,71,23,126
3515,2023-06-21,Ahuachapan,Rural,25,139,50
3516,2022-04-10,San Salvador,Rural,159,59,221
3517,2022-12-30,La Libertad,Ciudad,28,99,142
3518,2021-09-05,Ahuachapan,Rural,32,81,118
3519,2021-03-18,Santa Ana,Playa,191,96,162
3520,2024-06-18,Sonsonate,Playa,32,59,207
3521,2023-03-09,San Salvador,Rural,73,86,71
3522,2021-11-23,Sonsonate,Playa,110,71,202
3523,2021-01-05,Sonsonate,Montaña,119,26,128
3524,2021-10-02,Usulutan,Playa,154,173,218
3525,2021-11-29,San Miguel,Ciudad,134,57,63
3526,2024-06-19,San Salvador,Ciudad,71,18,204
3527,2023-03-27,La Paz,Ciudad,74,75,236
3528,2022-02-16,Usulutan,Montaña,60,141,128
3529,2021-08-23,Sonsonate,Playa,192,59,72
3530,2021-09-27,La Paz,Ciudad,162,171,167
3531,2023-06-08,Usulutan,Ciudad,70,8,109
3532,2023-07-16,Sonsonate,Ciudad,53,99,190
3533,2021-01-11,San Salvador,Playa,186,114,108
3534,2021-07-29,Santa Ana,Montaña,68,163,60
3535,2022-08-20,San Miguel,Rural,199,52,232
3536,2024-11-09,Santa Ana,Playa,24,11,194
3537,2024-09-30,Ahuachapan,Rural,169,38,199
3538,2024-03-06,La Paz,Ciudad,70,153,191
3539,2023-12-14,San Miguel,Rural,117,44,230
3540,2024-08-15,Sonsonate,Montaña,53,111,219
3541,2023-07-03,Sonsonate,Montaña,140,26,70
3542,2021-06-23,San Salvador,Rural,60,108,205
3543,2024-07-25,San Miguel,Ciudad,48,82,68
3544,2022-10-17,Usulutan,Playa,106,98,148
3545,2024-09-30,Sonsonate,Playa,38,112,128
3546,2023-05-06,La Paz,Playa,151,135,117
3547,2022-06-25,Sonsonate,Playa,174,171,174
3548,2023-09-05,La Libertad,Montaña,122,7,141
3549,2024-10-10,San Salvador,Montaña,78,115,119
3550,2022-03-21,Santa Ana,Playa,54,53,176
3551,2023-02-20,Ahuachapan,Rural,72,150,172
3552,2022-06-26,Ahuachapan,Rural,168,160,202
3553,2023-05-31,Santa Ana,Ciudad,32,77,83
3554,2022-06-03,La Libertad,Ciudad,184,38,48
3555,2024-10-27,La Paz,Rural,150,94,229
3556,2024-07-26,Usulutan,Playa,25,118,124
3557,2021-05-24,San Salvador,Rural,36,26,203
3558,2021-09-23,Ahuachapan,Montaña,92,159,138
3559,2022-04-15,San Miguel,Ciudad,140,41,238
3560,2023-08-26,Usulutan,Playa,54,43,99
3561,2022-07-11,San Miguel,Playa,65,59,212
3562,2021-11-29,La Libertad,Ciudad,76,46,42
3563,2021-07-11,San Miguel,Playa,172,130,174
3564,2024-12-02,Ahuachapan,Playa,84,95,196
3565,2023-01-19,Ahuachapan,Ciudad,156,81,226
3566,2024-06-28,La Paz,Montaña,61,5,197
3567,2023-11-05,Ahuachapan,Rural,57,153,166
3568,2022-04-20,Sonsonate,Rural,49,74,61
3569,2021-04-27,Sonsonate,Rural,134,106,52
3570,2023-01-28,San Salvador,Montaña,117,143,172
3571,2023-03-31,Santa Ana,Playa,170,72,213
3572,2024-11-25,Santa Ana,Rural,187,67,151
3573,2023-06-14,San Salvador,Ciudad,45,53,245
3574,2022-04-30,Ahuachapan,Montaña,174,67,180
3575,2024-10-03,La Libertad,Montaña,186,174,149
3576,2023-11-15,Usulutan,Montaña,45,71,129
3577,2024-05-30,La Libertad,Rural,149,48,240
3578,2021-03-15,San Miguel,Rural,28,45,229
3579,2022-03-30,Ahuachapan,Ciudad,108,39,143
3580,2021-04-27,San Salvador,Rural,51,23,146
3581,2024-10-17,Ahuachapan,Montaña,40,119,182
3582,2021-06-29,Ahuachapan,Rural,103,146,78
3583,2021-07-20,San Miguel,Ciudad,120,102,215
3584,2023-09-18,Ahuachapan,Playa,46,49,54
3585,2021-05-25,San Salvador,Playa,86,101,64
3586,2024-08-29,La Paz,Playa,70,133,68
3587,2024-12-21,San Miguel,Rural,190,68,98
3588,2021-12-28,San Salvador,Ciudad,134,68,159
3589,2023-09-25,La Libertad,Ciudad,100,162,162
3590,2023-03-22,San Miguel,Rural,52,51,129
3591,2023-11-17,Usulutan,Rural,148,30,80
3592,2023-03-17,Sonsonate,Ciudad,113,52,170
3593,2022-10-08,Santa Ana,Rural,160,16,36
3594,2022-04-15,Usulutan,Ciudad,159,5,188
3595,2024-10-04,San Miguel,Rural,82,124,41
3596,2021-12-01,San Salvador,Ciudad,22,98,184
3597,2022-03-07,La Libertad,Ciudad,92,145,66
3598,2022-01-06,La Paz,Rural,119,98,219
3599,2024-05-02,La Libertad,Playa,53,97,200
3600,2023-11-08,Usulutan,Rural,181,175,132
3601,2021-07-08,San Miguel,Playa,80,82,164
3602,2024-09-15,Sonsonate,Montaña,109,129,203
3603,2021-05-21,San Miguel,Rural,110,40,148
3604,2024-11-03,Sonsonate,Ciudad,69,70,212
3605,2022-10-25,La Paz,Rural,159,133,249
3606,2021-06-10,La Paz,Ciudad,184,33,186
3607,2022-11-06,Santa Ana,Playa,95,109,220
3608,2021-10-20,San Miguel,Ciudad,50,113,155
3609,2024-11-26,La Libertad,Playa,47,83,113
3610,2023-06-06,Sonsonate,Rural,77,139,61
3611,2021-02-19,Usulutan,Playa,68,102,188
3612,2021-03-05,Santa Ana,Montaña,140,26,90
3613,2021-12-10,San Salvador,Rural,21,172,196
3614,2024-03-02,Sonsonate,Montaña,131,142,44
3615,2022-12-29,Sonsonate,Playa,168,82,240
3616,2021-08-24,San Miguel,Rural,72,87,71
3617,2022-10-23,San Salvador,Rural,89,106,104
3618,2022-11-19,San Miguel,Montaña,27,161,175
3619,2022-05-26,Santa Ana,Ciudad,124,90,225
3620,2022-06-03,La Paz,Playa,25,105,212
3621,2021-03-26,Usulutan,Ciudad,164,178,103
3622,2023-10-31,Santa Ana,Montaña,105,39,142
3623,2022-01-07,Sonsonate,Rural,162,108,64
3624,2023-11-17,Sonsonate,Montaña,41,94,39
3625,2024-12-22,Ahuachapan,Rural,40,47,42
3626,2021-09-06,La Paz,Rural,195,42,211
3627,2021-08-21,San Salvador,Rural,68,39,161
3628,2024-05-01,Usulutan,Montaña,55,74,249
3629,2021-04-05,Sonsonate,Playa,114,78,40
3630,2024-04-05,Usulutan,Rural,49,13,67
3631,2023-03-13,La Libertad,Montaña,28,39,70
3632,2022-12-15,San Miguel,Montaña,133,92,61
3633,2022-04-24,Sonsonate,Rural,21,178,64
3634,2021-03-03,La Paz,Ciudad,127,55,47
3635,2021-07-11,La Libertad,Montaña,132,92,158
3636,2022-04-13,San Miguel,Rural,199,117,171
3637,2024-03-03,Usulutan,Ciudad,53,176,203
3638,2023-07-28,Ahuachapan,Montaña,113,100,212
3639,2022-05-03,Sonsonate,Rural,80,99,104
3640,2021-10-29,La Libertad,Rural,121,125,213
3641,2023-01-19,Sonsonate,Rural,55,167,35
3642,2024-04-14,Santa Ana,Montaña,121,144,114
3643,2021-09-02,La Paz,Playa,131,152,136
3644,2022-12-08,La Paz,Playa,123,155,128
3645,2023-09-05,San Salvador,Ciudad,148,166,117
3646,2021-12-15,Sonsonate,Ciudad,175,139,239
3647,2022-12-16,La Paz,Ciudad,115,129,239
3648,2024-07-20,Santa Ana,Rural,59,86,120
3649,2024-12-25,San Miguel,Montaña,158,39,95
3650,2022-04-07,Sonsonate,Playa,82,60,123
3651,2024-01-31,La Libertad,Playa,55,179,157
3652,2021-05-27,San Salvador,Montaña,136,14,170
3653,2022-10-25,Santa Ana,Playa,157,9,113
3654,2022-10-11,Sonsonate,Ciudad,69,178,81
3655,2024-09-21,La Libertad,Playa,132,178,72
3656,2021-04-22,Sonsonate,Montaña,41,95,211
3657,2021-08-18,San Miguel,Playa,115,38,183
3658,2022-02-18,La Libertad,Ciudad,20,119,142
3659,2023-12-17,Sonsonate,Montaña,199,171,208
3660,2021-02-02,San Miguel,Playa,159,137,122
3661,2024-07-28,Sonsonate,Playa,192,31,114
3662,2022-08-13,Sonsonate,Rural,112,98,243
3663,2023-01-03,Usulutan,Montaña,131,60,109
3664,2023-03-20,La Libertad,Ciudad,54,67,62
3665,2022-06-07,San Miguel,Montaña,31,85,199
3666,2021-01-26,San Salvador,Rural,194,112,244
3667,2022-06-16,Sonsonate,Rural,57,96,200
3668,2024-09-18,Ahuachapan,Playa,119,124,245
3669,2024-11-07,Usulutan,Montaña,35,131,156
3670,2022-10-23,La Libertad,Ciudad,122,95,102
3671,2022-08-27,San Salvador,Montaña,20,40,133
3672,2021-09-10,Ahuachapan,Playa,78,176,130
3673,2024-04-17,Santa Ana,Montaña,153,150,149
3674,2023-11-09,Sonsonate,Ciudad,55,33,57
3675,2022-08-28,La Paz,Playa,78,21,196
3676,2024-07-26,La Libertad,Ciudad,187,163,211
3677,2023-06-30,Santa Ana,Rural,59,155,157
3678,2021-10-24,Santa Ana,Ciudad,153,158,111
3679,2021-05-25,San Miguel,Playa,91,165,99
3680,2021-01-26,La Paz,Playa,55,140,98
3681,2023-01-18,Ahuachapan,Rural,178,11,242
3682,2022-05-26,La Libertad,Montaña,68,102,186
3683,2021-06-21,San Salvador,Rural,113,23,105
3684,2022-11-17,San Miguel,Montaña,146,117,124
3685,2021-05-16,Usulutan,Ciudad,78,88,89
3686,2021-05-07,La Paz,Rural,104,117,46
3687,2022-05-20,La Paz,Playa,58,81,208
3688,2022-07-08,Santa Ana,Ciudad,108,15,80
3689,2024-09-11,Ahuachapan,Ciudad,108,141,209
3690,2021-03-31,Usulutan,Montaña,42,153,201
3691,2024-12-26,La Paz,Ciudad,167,156,129
3692,2021-07-18,Sonsonate,Rural,135,133,187
3693,2021-08-30,Ahuachapan,Ciudad,178,92,147
3694,2024-02-15,La Libertad,Ciudad,171,27,135
3695,2023-04-28,La Paz,Ciudad,52,108,184
3696,2021-05-02,San Salvador,Rural,27,99,228
3697,2024-08-21,Sonsonate,Playa,65,64,138
3698,2024-10-15,La Libertad,Montaña,119,9,188
3699,2024-08-30,La Libertad,Ciudad,164,47,65
3700,2022-01-31,Usulutan,Ciudad,192,66,127
3701,2023-06-26,San Salvador,Ciudad,92,157,56
3702,2023-04-30,San Salvador,Rural,42,63,194
3703,2024-12-08,Sonsonate,Montaña,31,13,212
3704,2021-09-18,San Miguel,Montaña,199,33,84
3705,2021-12-14,San Miguel,Ciudad,83,136,229
3706,2021-11-21,Sonsonate,Rural,32,179,136
3707,2023-12-10,Ahuachapan,Rural,36,50,128
3708,2022-08-01,San Salvador,Rural,106,81,215
3709,2021-09-04,Sonsonate,Rural,79,179,169
3710,2024-06-03,Usulutan,Rural,66,146,136
3711,2023-10-25,La Paz,Playa,46,85,82
3712,2024-08-18,Usulutan,Montaña,130,41,193
3713,2023-12-02,Ahuachapan,Playa,162,104,90
3714,2022-04-16,San Salvador,Rural,120,56,193
3715,2024-07-15,Santa Ana,Ciudad,176,86,206
3716,2021-09-24,Ahuachapan,Ciudad,177,70,91
3717,2023-11-16,Usulutan,Ciudad,194,140,166
3718,2024-02-23,Usulutan,Playa,61,114,77
3719,2021-02-14,La Paz,Ciudad,41,49,214
3720,2022-01-20,La Paz,Playa,194,138,97
3721,2022-06-26,La Paz,Playa,57,27,103
3722,2024-10-12,Ahuachapan,Ciudad,191,136,97
3723,2024-03-16,Usulutan,Rural,76,179,141
3724,2023-07-15,Ahuachapan,Montaña,183,133,209
3725,2023-10-12,La Paz,Montaña,196,159,81
3726,2022-03-19,La Libertad,Playa,98,41,238
3727,2022-09-12,La Paz,Montaña,89,125,214
3728,2021-11-11,San Salvador,Playa,89,11,69
3729,2024-11-01,San Salvador,Montaña,25,159,54
3730,2024-03-16,Usulutan,Playa,132,75,147
3731,2023-02-11,La Paz,Montaña,190,71,224
3732,2024-11-29,San Miguel,Ciudad,109,90,191
3733,2021-10-09,La Libertad,Playa,54,175,114
3734,2022-12-20,Usulutan,Playa,186,82,224
3735,2021-10-25,La Paz,Rural,131,170,137
3736,2024-11-25,Ahuachapan,Montaña,35,169,179
3737,2023-11-07,San Miguel,Rural,169,122,173
3738,2021-02-10,San Miguel,Ciudad,131,34,64
3739,2024-04-19,La Paz,Playa,78,41,221
3740,2023-10-23,La Libertad,Montaña,64,125,233
3741,2024-01-01,Ahuachapan,Rural,152,166,248
3742,2021-09-01,Ahuachapan,Rural,92,115,110
3743,2024-01-05,La Paz,Rural,158,157,113
3744,2024-12-02,Santa Ana,Ciudad,55,165,44
3745,2024-10-22,Ahuachapan,Ciudad,74,175,242
3746,2021-06-06,San Miguel,Playa,61,110,141
3747,2023-12-31,San Salvador,Montaña,192,30,73
3748,2021-03-18,La Libertad,Playa,78,106,113
3749,2023-11-27,Usulutan,Playa,52,100,96
3750,2023-10-10,La Libertad,Ciudad,95,150,45
3751,2021-07-01,San Salvador,Montaña,90,157,239
3752,2021-04-29,Sonsonate,Montaña,52,23,132
3753,2021-01-24,Santa Ana,Playa,160,158,138
3754,2023-04-26,Ahuachapan,Ciudad,104,61,166
3755,2022-06-01,Sonsonate,Ciudad,93,105,131
3756,2023-08-14,Usulutan,Montaña,74,92,105
3757,2021-03-11,Sonsonate,Playa,132,19,210
3758,2022-08-28,Usulutan,Playa,190,64,76
3759,2022-12-13,La Paz,Ciudad,102,92,59
3760,2021-02-06,San Salvador,Rural,165,169,79
3761,2021-11-06,La Paz,Playa,91,130,61
3762,2023-10-14,Santa Ana,Ciudad,127,110,226
3763,2021-06-15,La Paz,Playa,98,15,165
3764,2021-06-30,San Salvador,Ciudad,162,81,179
3765,2022-11-28,La Libertad,Ciudad,73,85,244
3766,2024-06-28,La Paz,Montaña,30,11,204
3767,2021-04-17,Usulutan,Rural,25,68,212
3768,2023-01-14,Ahuachapan,Montaña,106,44,184
3769,2024-10-28,Usulutan,Ciudad,79,83,107
3770,2022-04-17,Usulutan,Rural,138,66,169
3771,2022-09-15,San Salvador,Montaña,112,123,63
3772,2024-06-24,San Miguel,Montaña,180,172,74
3773,2023-11-01,Usulutan,Ciudad,76,114,168
3774,2022-05-30,La Libertad,Rural,20,38,53
3775,2024-08-07,La Libertad,Rural,173,60,196
3776,2023-07-17,La Libertad,Playa,67,42,232
3777,2021-12-22,La Libertad,Playa,188,34,197
3778,2022-11-19,San Salvador,Montaña,176,66,184
3779,2024-05-25,Usulutan,Playa,81,77,97
3780,2021-01-02,San Salvador,Ciudad,62,92,217
3781,2023-11-15,Santa Ana,Ciudad,67,61,248
3782,2023-05-18,La Paz,Playa,96,70,230
3783,2022-03-09,Ahuachapan,Montaña,107,112,223
3784,2022-09-01,San Miguel,Rural,83,168,107
3785,2022-07-30,La Paz,Montaña,113,72,77
3786,2021-06-10,La Libertad,Ciudad,30,136,43
3787,2024-03-23,La Paz,Playa,143,149,105
3788,2024-04-18,San Salvador,Montaña,197,84,163
3789,2024-06-16,San Miguel,Playa,96,165,167
3790,2024-02-14,Ahuachapan,Playa,84,144,202
3791,2021-04-09,Sonsonate,Playa,197,167,104
3792,2023-07-22,Sonsonate,Montaña,197,50,148
3793,2024-01-23,San Miguel,Rural,185,169,72
3794,2022-03-14,Usulutan,Ciudad,42,27,204
3795,2021-06-10,Santa Ana,Ciudad,80,44,241
3796,2024-03-03,La Paz,Playa,198,105,98
3797,2021-08-19,San Salvador,Montaña,159,79,164
3798,2024-09-16,Santa Ana,Rural,90,166,80
3799,2021-03-12,San Miguel,Montaña,170,110,100
3800,2023-05-13,La Libertad,Ciudad,58,137,185
3801,2023-03-30,Usulutan,Montaña,82,159,215
3802,2024-09-30,San Miguel,Playa,143,51,44
3803,2023-09-04,La Paz,Rural,90,12,239
3804,2024-04-18,Ahuachapan,Montaña,155,145,243
3805,2021-11-16,San Salvador,Montaña,112,144,102
3806,2021-10-05,La Libertad,Montaña,172,40,149
3807,2021-04-16,Sonsonate,Playa,40,126,227
3808,2021-07-12,San Miguel,Montaña,97,24,44
3809,2021-12-07,San Salvador,Montaña,166,106,140
3810,2021-06-11,La Paz,Rural,73,126,242
3811,2021-05-06,La Libertad,Montaña,25,46,69
3812,2023-08-12,San Salvador,Rural,117,159,197
3813,2022-02-23,Santa Ana,Montaña,122,82,215
3814,2022-11-29,Usulutan,Ciudad,87,93,62
3815,2024-09-06,Sonsonate,Rural,180,10,132
3816,2022-02-05,Ahuachapan,Playa,99,114,66
3817,2024-12-08,Ahuachapan,Montaña,183,131,222
3818,2024-02-29,La Paz,Playa,151,10,48
3819,2024-05-29,La Paz,Montaña,154,51,40
3820,2022-10-22,Santa Ana,Ciudad,102,97,54
3821,2024-03-24,Usulutan,Ciudad,25,104,66
3822,2023-08-27,Usulutan,Ciudad,54,5,179
3823,2023-11-06,San Salvador,Rural,109,113,50
3824,2024-09-15,San Salvador,Ciudad,36,141,207
3825,2021-10-15,Ahuachapan,Montaña,26,157,159
3826,2024-09-15,Sonsonate,Ciudad,120,177,161
3827,2024-11-18,Ahuachapan,Montaña,55,36,197
3828,2022-03-20,Usulutan,Playa,187,96,205
3829,2023-06-22,San Salvador,Ciudad,99,20,140
3830,2024-06-22,San Salvador,Rural,129,48,226
3831,2023-05-03,Ahuachapan,Rural,166,141,110
3832,2021-06-29,Sonsonate,Playa,46,81,172
3833,2023-02-25,La Paz,Playa,125,157,171
3834,2022-03-28,Santa Ana,Playa,154,173,162
3835,2023-08-23,Usulutan,Ciudad,90,107,75
3836,2024-03-14,Ahuachapan,Montaña,45,90,206
3837,2022-07-17,La Paz,Playa,42,75,182
3838,2022-06-24,La Libertad,Rural,53,107,127
3839,2021-04-24,Sonsonate,Montaña,70,112,190
3840,2024-10-04,San Salvador,Montaña,81,57,90
3841,2021-09-16,Ahuachapan,Montaña,150,166,219
3842,2023-09-19,San Salvador,Playa,62,123,136
3843,2024-07-17,La Paz,Playa,174,108,163
3844,2021-08-11,Santa Ana,Ciudad,32,126,68
3845,2024-01-25,La Libertad,Playa,74,158,38
3846,2024-01-12,Ahuachapan,Ciudad,183,9,59
3847,2022-06-12,San Miguel,Montaña,132,96,109
3848,2024-03-03,San Salvador,Rural,161,68,69
3849,2022-05-17,Usulutan,Ciudad,169,35,198
3850,2021-09-01,La Libertad,Ciudad,164,60,165
3851,2021-04-21,Sonsonate,Ciudad,122,128,140
3852,2023-12-12,La Libertad,Montaña,127,114,199
3853,2022-03-01,La Paz,Montaña,110,104,244
3854,2022-01-10,Santa Ana,Montaña,32,10,173
3855,2023-12-23,Santa Ana,Playa,97,127,46
3856,2022-03-13,San Salvador,Playa,179,62,187
3857,2022-10-05,San Miguel,Ciudad,185,154,193
3858,2024-02-07,Usulutan,Montaña,44,132,169
3859,2024-04-04,Santa Ana,Montaña,73,141,154
3860,2024-05-31,Ahuachapan,Rural,42,106,123
3861,2021-11-12,San Salvador,Ciudad,154,91,155
3862,2021-12-18,San Salvador,Ciudad,21,160,165
3863,2024-06-01,La Libertad,Montaña,129,54,220
3864,2024-09-02,Usulutan,Montaña,41,159,220
3865,2022-09-22,Usulutan,Montaña,132,21,202
3866,2024-12-20,San Miguel,Ciudad,76,75,93
3867,2021-03-31,San Salvador,Ciudad,143,30,95
3868,2022-03-08,La Libertad,Rural,48,66,219
3869,2021-01-09,Ahuachapan,Playa,30,96,238
3870,2022-12-11,La Libertad,Rural,185,32,147
3871,2022-03-21,La Libertad,Rural,108,116,112
3872,2022-07-30,La Paz,Ciudad,122,43,182
3873,2021-08-11,Sonsonate,Playa,143,51,61
3874,2022-11-26,San Salvador,Ciudad,36,10,72
3875,2022-11-01,San Salvador,Playa,49,57,102
3876,2024-11-27,Sonsonate,Montaña,87,127,134
3877,2024-05-11,Ahuachapan,Ciudad,70,28,150
3878,2023-01-06,Usulutan,Montaña,183,156,205
3879,2021-03-11,Ahuachapan,Rural,51,24,68
3880,2024-09-04,Ahuachapan,Playa,84,151,223
3881,2023-08-12,La Paz,Montaña,82,14,67
3882,2021-04-03,La Libertad,Rural,132,61,197
3883,2024-09-07,La Paz,Rural,135,169,127
3884,2022-03-15,San Miguel,Ciudad,199,16,98
3885,2023-03-16,Ahuachapan,Rural,197,61,57
3886,2021-04-11,La Paz,Rural,33,87,120
3887,2023-08-10,Ahuachapan,Rural,167,107,206
3888,2024-08-02,San Salvador,Montaña,131,154,105
3889,2021-03-30,La Paz,Rural,168,86,48
3890,2022-05-04,San Salvador,Playa,88,165,72
3891,2021-06-23,San Salvador,Montaña,172,111,210
3892,2023-06-10,San Miguel,Ciudad,111,161,103
3893,2022-07-15,La Libertad,Montaña,181,109,224
3894,2024-05-12,La Paz,Rural,126,163,43
3895,2022-09-19,Santa Ana,Playa,137,97,158
3896,2024-02-04,Ahuachapan,Playa,70,168,165
3897,2024-01-25,Sonsonate,Playa,81,134,120
3898,2024-06-14,Santa Ana,Playa,154,79,36
3899,2022-03-26,San Miguel,Playa,148,67,174
3900,2022-02-12,San Salvador,Rural,198,112,39
3901,2024-09-22,La Libertad,Ciudad,169,158,145
3902,2022-01-27,San Miguel,Playa,89,116,164
3903,2022-03-13,La Libertad,Rural,50,139,90
3904,2024-04-24,San Miguel,Montaña,153,139,146
3905,2022-01-14,Santa Ana,Montaña,146,24,120
3906,2022-10-19,La Paz,Rural,52,55,155
3907,2024-02-10,San Salvador,Rural,150,76,246
3908,2021-01-04,Usulutan,Rural,20,172,130
3909,2021-04-20,San Salvador,Rural,45,112,172
3910,2024-10-28,San Salvador,Playa,50,143,227
3911,2022-12-11,La Paz,Rural,68,157,65
3912,2024-01-06,La Paz,Ciudad,187,71,146
3913,2022-11-30,Santa Ana,Playa,109,88,192
3914,2024-10-24,Usulutan,Rural,122,22,44
3915,2022-04-23,Usulutan,Montaña,61,137,60
3916,2022-03-16,Usulutan,Rural,48,160,141
3917,2021-02-16,San Salvador,Ciudad,97,58,244
3918,2023-09-30,San Miguel,Rural,35,140,139
3919,2022-01-13,Usulutan,Montaña,161,13,160
3920,2021-05-05,Sonsonate,Montaña,113,172,75
3921,2022-05-27,San Salvador,Rural,125,39,69
3922,2022-08-26,La Libertad,Montaña,182,175,225
3923,2021-10-07,San Miguel,Rural,112,99,238
3924,2023-10-11,Ahuachapan,Playa,160,62,43
3925,2023-01-16,La Paz,Rural,135,97,197
3926,2021-10-16,La Paz,Ciudad,73,10,214
3927,2024-01-04,La Paz,Playa,122,6,184
3928,2024-08-13,Santa Ana,Montaña,187,84,191
3929,2022-07-31,Santa Ana,Playa,192,120,38
3930,2021-03-10,La Paz,Rural,141,108,100
3931,2021-07-16,Ahuachapan,Montaña,140,76,104
3932,2023-12-07,San Miguel,Playa,22,78,233
3933,2023-09-03,San Salvador,Rural,94,106,92
3934,2023-06-03,La Paz,Rural,78,70,158
3935,2024-08-14,Sonsonate,Montaña,42,135,215
3936,2023-02-24,Sonsonate,Ciudad,126,29,154
3937,2021-04-08,San Salvador,Ciudad,186,84,68
3938,2024-06-15,San Salvador,Montaña,41,162,187
3939,2023-04-18,Sonsonate,Rural,133,30,94
3940,2024-02-02,Ahuachapan,Ciudad,142,164,229
3941,2023-05-22,La Libertad,Playa,26,134,44
3942,2022-06-22,Sonsonate,Rural,41,173,151
3943,2023-09-17,San Salvador,Playa,77,122,189
3944,2024-05-08,Usulutan,Ciudad,57,119,75
3945,2023-12-19,Santa Ana,Playa,47,56,120
3946,2023-12-28,Sonsonate,Ciudad,131,68,64
3947,2024-11-01,La Libertad,Ciudad,183,57,227
3948,2024-07-16,Sonsonate,Ciudad,112,7,198
3949,2024-11-07,Santa Ana,Rural,135,56,190
3950,2022-07-26,Santa Ana,Montaña,73,171,134
3951,2021-12-20,San Salvador,Playa,101,85,109
3952,2021-07-07,San Miguel,Ciudad,178,126,243
3953,2024-08-29,La Paz,Montaña,67,161,78
3954,2021-12-24,Santa Ana,Montaña,49,163,70
3955,2024-06-17,Usulutan,Playa,70,12,219
3956,2024-09-16,Santa Ana,Montaña,67,70,162
3957,2024-10-18,Ahuachapan,Montaña,170,38,225
3958,2023-08-13,Santa Ana,Montaña,89,162,237
3959,2021-10-02,Ahuachapan,Montaña,124,99,99
3960,2022-04-16,Santa Ana,Montaña,67,101,91
3961,2021-06-22,Santa Ana,Rural,50,70,242
3962,2024-08-12,La Paz,Playa,138,177,97
3963,2021-03-24,Sonsonate,Montaña,141,63,212
3964,2021-06-12,Sonsonate,Ciudad,180,54,176
3965,2021-01-27,Santa Ana,Montaña,178,158,98
3966,2024-01-20,San Salvador,Rural,130,141,136
3967,2021-07-31,La Paz,Rural,71,120,226
3968,2022-08-20,Usulutan,Ciudad,197,170,214
3969,2022-06-08,Ahuachapan,Montaña,144,88,115
3970,2023-08-05,Santa Ana,Montaña,157,174,90
3971,2024-11-08,Santa Ana,Rural,24,52,89
3972,2024-07-27,La Libertad,Montaña,49,79,179
3973,2023-04-24,La Paz,Ciudad,195,132,97
3974,2024-02-01,Sonsonate,Ciudad,168,122,242
3975,2021-04-24,La Paz,Ciudad,147,56,139
3976,2022-03-23,Ahuachapan,Rural,48,171,247
3977,2021-03-14,Sonsonate,Ciudad,44,97,50
3978,2022-10-13,Sonsonate,Rural,112,79,221
3979,2021-11-05,San Miguel,Ciudad,70,110,67
3980,2024-12-18,La Libertad,Ciudad,194,103,176
3981,2023-03-02,San Miguel,Montaña,111,171,243
3982,2021-05-04,Santa Ana,Playa,132,18,149
3983,2021-05-25,La Paz,Playa,177,60,129
3984,2021-11-30,San Miguel,Rural,81,107,141
3985,2024-07-05,San Miguel,Ciudad,78,107,76
3986,2021-07-15,Sonsonate,Montaña,194,154,169
3987,2024-04-14,Usulutan,Playa,161,46,198
3988,2023-10-24,Usulutan,Playa,158,67,126
3989,2022-02-26,La Libertad,Playa,22,105,150
3990,2021-01-28,San Salvador,Montaña,192,138,51
3991,2022-05-03,San Salvador,Playa,41,86,176
3992,2024-09-27,San Salvador,Ciudad,123,45,111
3993,2022-03-30,Santa Ana,Rural,34,173,58
3994,2022-02-10,La Libertad,Ciudad,117,127,249
3995,2023-01-19,Ahuachapan,Montaña,84,28,189
3996,2022-11-28,Santa Ana,Montaña,55,147,107
3997,2023-12-03,Usulutan,Rural,83,145,228
3998,2022-01-02,Santa Ana,Playa,131,83,175
3999,2023-03-08,Sonsonate,Rural,108,71,54
4000,2021-01-12,Santa Ana,Rural,143,104,163
4001,2021-09-26,La Paz,Playa,55,163,105
4002,2021-12-11,Usulutan,Playa,23,21,172
4003,2022-07-13,San Salvador,Ciudad,120,174,234
4004,2021-04-15,La Libertad,Playa,85,23,67
4005,2023-10-31,Usulutan,Montaña,101,173,97
4006,2023-01-05,San Salvador,Playa,58,25,112
4007,2021-05-07,Santa Ana,Ciudad,159,80,242
4008,2021-09-23,San Miguel,Ciudad,141,12,82
4009,2024-11-04,Santa Ana,Ciudad,127,59,58
4010,2021-12-15,La Libertad,Playa,194,140,193
4011,2024-03-04,Santa Ana,Playa,26,19,169
4012,2022-11-01,La Libertad,Montaña,144,165,49
4013,2021-06-21,Ahuachapan,Ciudad,179,106,205
4014,2021-07-28,Sonsonate,Montaña,99,103,35
4015,2024-03-03,La Paz,Montaña,45,108,211
4016,2023-11-18,San Salvador,Ciudad,167,135,102
4017,2021-04-21,Santa Ana,Rural,90,116,43
4018,2024-05-03,La Libertad,Montaña,193,137,210
4019,2022-03-26,La Paz,Ciudad,131,147,228
4020,2022-02-28,Sonsonate,Montaña,49,35,237
4021,2021-04-25,La Libertad,Montaña,55,75,92
4022,2022-08-25,San Miguel,Montaña,133,145,164
4023,2024-09-26,San Salvador,Rural,134,107,93
4024,2022-07-27,La Libertad,Playa,169,7,248
4025,2022-05-14,Ahuachapan,Playa,144,113,248
4026,2021-08-20,Usulutan,Ciudad,42,175,109
4027,2021-02-03,La Paz,Playa,92,147,92
4028,2024-12-06,La Paz,Rural,34,132,101
4029,2023-11-04,Santa Ana,Playa,63,74,106
4030,2022-10-25,Santa Ana,Ciudad,99,141,239
4031,2022-05-17,La Paz,Ciudad,25,118,126
4032,2024-11-27,La Paz,Ciudad,84,161,206
4033,2021-01-28,San Salvador,Montaña,88,179,127
4034,2022-11-05,Usulutan,Ciudad,97,22,89
4035,2022-11-05,La Paz,Ciudad,97,131,117
4036,2022-01-05,San Miguel,Playa,55,90,55
4037,2023-09-24,San Miguel,Rural,61,151,137
4038,2024-04-10,La Libertad,Rural,135,123,145
4039,2022-05-11,San Salvador,Playa,129,71,136
4040,2023-08-17,La Libertad,Montaña,42,148,142
4041,2022-06-20,La Paz,Montaña,139,7,203
4042,2021-04-20,La Libertad,Rural,69,78,148
4043,2022-05-07,La Libertad,Rural,182,177,201
4044,2024-01-24,Ahuachapan,Playa,137,30,123
4045,2024-12-04,Usulutan,Playa,22,168,49
4046,2022-08-05,Santa Ana,Playa,40,28,101
4047,2022-06-30,Santa Ana,Montaña,35,73,190
4048,2022-05-15,Sonsonate,Montaña,126,76,237
4049,2024-10-15,Santa Ana,Rural,48,37,110
4050,2022-06-28,Ahuachapan,Montaña,174,143,194
4051,2023-06-20,Sonsonate,Ciudad,95,10,166
4052,2021-07-01,La Paz,Playa,93,136,216
4053,2021-06-27,San Miguel,Ciudad,103,134,174
4054,2022-04-19,Santa Ana,Rural,57,72,168
4055,2022-04-20,San Miguel,Rural,165,172,187
4056,2021-12-18,San Miguel,Playa,53,74,130
4057,2024-08-17,San Miguel,Rural,46,36,161
4058,2021-09-13,Ahuachapan,Ciudad,113,53,206
4059,2024-03-17,Sonsonate,Playa,184,17,92
4060,2022-05-20,San Salvador,Ciudad,151,174,121
4061,2021-01-18,Sonsonate,Rural,134,8,90
4062,2022-12-19,San Salvador,Montaña,176,93,100
4063,2023-10-20,Usulutan,Ciudad,129,89,208
4064,2021-09-10,San Salvador,Rural,38,82,152
4065,2021-11-08,San Salvador,Playa,45,151,93
4066,2024-05-29,San Salvador,Ciudad,108,160,40
4067,2021-07-22,Ahuachapan,Playa,115,44,65
4068,2022-09-18,San Miguel,Playa,183,159,187
4069,2022-09-15,Usulutan,Playa,57,81,73
4070,2024-07-09,La Libertad,Rural,197,179,242
4071,2022-08-30,San Miguel,Ciudad,108,179,125
4072,2024-10-18,San Salvador,Rural,178,28,243
4073,2021-08-21,La Libertad,Playa,188,114,92
4074,2021-04-17,Ahuachapan,Playa,27,115,232
4075,2022-11-20,La Libertad,Rural,90,89,154
4076,2021-07-12,La Libertad,Ciudad,56,32,151
4077,2021-02-05,Usulutan,Montaña,94,176,184
4078,2024-06-23,Santa Ana,Playa,88,136,233
4079,2021-07-15,Sonsonate,Playa,150,91,136
4080,2021-11-12,Sonsonate,Ciudad,127,151,73
4081,2024-07-30,Ahuachapan,Ciudad,126,71,214
4082,2022-07-26,San Miguel,Ciudad,91,108,57
4083,2023-03-24,La Paz,Rural,21,128,204
4084,2023-12-07,La Libertad,Montaña,107,34,245
4085,2021-03-13,San Salvador,Montaña,76,82,237
4086,2021-09-08,La Paz,Ciudad,135,125,245
4087,2021-03-29,Sonsonate,Montaña,66,114,235
4088,2022-02-18,Usulutan,Rural,58,49,73
4089,2022-02-07,Sonsonate,Ciudad,77,46,186
4090,2024-12-01,San Salvador,Rural,101,96,182
4091,2023-06-07,Sonsonate,Montaña,147,142,180
4092,2021-07-26,Sonsonate,Montaña,26,132,202
4093,2024-02-06,Santa Ana,Montaña,113,67,170
4094,2021-03-20,La Libertad,Montaña,169,113,87
4095,2024-07-05,Sonsonate,Rural,137,147,45
4096,2023-03-09,San Salvador,Playa,67,110,94
4097,2021-10-16,Santa Ana,Montaña,58,27,42
4098,2021-06-22,San Salvador,Ciudad,21,36,134
4099,2024-07-29,Ahuachapan,Rural,51,154,153
4100,2023-12-08,San Miguel,Playa,156,151,155
4101,2022-08-02,La Paz,Montaña,182,64,239
4102,2024-02-28,San Salvador,Ciudad,169,47,163
4103,2023-07-26,La Libertad,Montaña,193,70,144
4104,2023-03-04,Usulutan,Rural,158,120,202
4105,2021-02-12,Ahuachapan,Montaña,104,107,125
4106,2024-05-07,Ahuachapan,Rural,145,152,107
4107,2023-03-01,Sonsonate,Montaña,95,90,233
4108,2021-03-18,La Paz,Rural,50,8,104
4109,2021-03-20,Usulutan,Ciudad,162,60,243
4110,2022-01-14,La Paz,Playa,26,22,75
4111,2022-12-08,San Miguel,Playa,127,152,79
4112,2022-02-18,Usulutan,Playa,115,76,175
4113,2024-08-06,San Miguel,Ciudad,157,32,212
4114,2023-09-13,Ahuachapan,Playa,71,121,60
4115,2021-11-12,Sonsonate,Ciudad,64,56,107
4116,2022-01-23,La Paz,Playa,198,82,192
4117,2024-10-03,Usulutan,Montaña,169,14,130
4118,2023-02-08,San Salvador,Ciudad,75,98,246
4119,2021-01-15,Santa Ana,Playa,129,8,49
4120,2022-08-06,San Miguel,Playa,101,71,95
4121,2021-09-19,La Libertad,Ciudad,184,129,133
4122,2023-04-25,La Libertad,Rural,36,37,242
4123,2022-11-04,La Paz,Rural,70,149,80
4124,2023-06-29,La Paz,Montaña,62,46,221
4125,2021-09-23,Ahuachapan,Ciudad,159,9,214
4126,2023-03-21,Usulutan,Montaña,41,12,141
4127,2022-05-29,San Miguel,Montaña,23,109,159
4128,2021-03-30,San Miguel,Montaña,22,25,80
4129,2023-06-16,Ahuachapan,Ciudad,62,76,235
4130,2024-05-23,San Miguel,Playa,36,32,187
4131,2024-01-23,Usulutan,Rural,25,165,163
4132,2023-06-11,Ahuachapan,Playa,144,129,117
4133,2024-03-11,San Miguel,Montaña,184,55,239
4134,2021-01-29,Usulutan,Montaña,61,67,45
4135,2021-04-07,San Miguel,Montaña,20,164,81
4136,2024-07-27,La Libertad,Montaña,141,104,38
4137,2021-10-07,San Miguel,Ciudad,156,147,241
4138,2021-09-25,Usulutan,Playa,121,133,74
4139,2022-11-13,Santa Ana,Montaña,147,104,174
4140,2023-01-25,San Salvador,Ciudad,47,138,57
4141,2024-03-21,Santa Ana,Ciudad,114,63,103
4142,2023-07-19,Santa Ana,Montaña,130,21,121
4143,2021-05-27,Ahuachapan,Rural,192,158,177
4144,2021-06-17,San Salvador,Montaña,176,132,39
4145,2022-10-17,La Libertad,Montaña,66,151,40
4146,2023-01-15,La Paz,Rural,107,95,48
4147,2024-06-03,Ahuachapan,Playa,35,166,110
4148,2024-08-29,San Salvador,Playa,172,161,93
4149,2023-09-29,La Libertad,Rural,56,134,243
4150,2024-07-18,Ahuachapan,Ciudad,126,42,90
4151,2022-03-08,La Libertad,Montaña,27,87,76
4152,2022-10-27,Usulutan,Playa,190,62,233
4153,2024-05-17,Usulutan,Montaña,32,174,119
4154,2022-11-30,La Paz,Playa,30,6,143
4155,2023-09-06,La Libertad,Playa,115,148,43
4156,2023-07-13,Sonsonate,Playa,113,16,169
4157,2022-12-29,Usulutan,Montaña,21,38,97
4158,2021-05-06,La Paz,Ciudad,157,65,172
4159,2024-04-12,Usulutan,Montaña,75,67,155
4160,2024-07-09,La Paz,Ciudad,115,52,147
4161,2021-05-10,San Salvador,Montaña,67,146,180
4162,2023-08-03,Santa Ana,Playa,140,60,126
4163,2023-12-30,Santa Ana,Rural,182,162,162
4164,2023-11-16,Ahuachapan,Ciudad,93,71,37
4165,2023-03-05,La Paz,Montaña,199,108,118
4166,2023-02-01,Sonsonate,Playa,24,15,206
4167,2021-01-11,Usulutan,Playa,197,78,177
4168,2021-09-06,Ahuachapan,Rural,138,42,63
4169,2021-05-18,Santa Ana,Montaña,56,116,240
4170,2023-06-09,La Libertad,Ciudad,62,137,193
4171,2023-05-09,La Paz,Ciudad,177,99,134
4172,2021-10-11,Sonsonate,Montaña,131,145,82
4173,2022-10-17,San Salvador,Ciudad,43,170,190
4174,2021-01-27,San Salvador,Rural,115,34,91
4175,2023-08-19,Usulutan,Playa,95,76,38
4176,2023-11-30,Ahuachapan,Ciudad,108,160,209
4177,2024-04-14,San Miguel,Ciudad,43,114,173
4178,2022-12-28,San Salvador,Ciudad,82,98,213
4179,2024-05-21,Santa Ana,Playa,32,179,241
4180,2022-11-08,Usulutan,Playa,194,24,113
4181,2022-02-04,Usulutan,Ciudad,171,114,223
4182,2022-01-03,Usulutan,Ciudad,62,108,156
4183,2024-12-16,La Libertad,Rural,143,143,48
4184,2022-09-18,Ahuachapan,Playa,123,33,164
4185,2021-02-08,Sonsonate,Ciudad,177,147,99
4186,2022-02-11,Usulutan,Ciudad,108,112,184
4187,2021-07-05,Santa Ana,Rural,172,83,91
4188,2023-01-21,San Miguel,Ciudad,196,159,228
4189,2021-09-05,Santa Ana,Rural,161,112,99
4190,2023-04-21,La Paz,Rural,60,122,45
4191,2024-10-06,Sonsonate,Ciudad,148,25,155
4192,2021-12-30,Santa Ana,Ciudad,79,63,127
4193,2024-02-01,San Miguel,Playa,95,85,35
4194,2021-10-31,San Salvador,Rural,41,104,176
4195,2022-04-06,La Paz,Ciudad,80,165,69
4196,2024-09-04,San Salvador,Ciudad,116,59,165
4197,2023-04-09,Usulutan,Ciudad,94,7,215
4198,2023-08-27,San Miguel,Rural,169,43,136
4199,2022-10-23,Santa Ana,Montaña,88,112,64
4200,2022-03-10,La Paz,Montaña,23,139,69
4201,2024-04-01,San Salvador,Playa,78,110,88
4202,2023-06-13,Sonsonate,Playa,63,155,225
4203,2022-05-27,San Miguel,Montaña,164,131,88
4204,2022-05-16,San Miguel,Rural,26,149,169
4205,2024-07-27,San Miguel,Montaña,100,110,198
4206,2023-07-14,San Salvador,Playa,174,12,196
4207,2023-06-11,Ahuachapan,Ciudad,78,113,231
4208,2024-05-08,Usulutan,Playa,104,36,141
4209,2021-02-21,Santa Ana,Montaña,38,92,50
4210,2023-11-10,Santa Ana,Ciudad,84,164,44
4211,2023-01-04,La Libertad,Montaña,166,85,203
4212,2021-05-27,San Miguel,Rural,62,105,84
4213,2024-04-08,San Miguel,Ciudad,174,122,82
4214,2022-06-02,La Paz,Rural,40,53,233
4215,2023-03-18,Ahuachapan,Rural,130,54,120
4216,2021-06-06,Santa Ana,Playa,116,110,161
4217,2023-03-25,Sonsonate,Playa,196,95,239
4218,2023-04-17,La Paz,Rural,64,42,104
4219,2021-12-07,La Libertad,Ciudad,37,87,149
4220,2024-02-16,La Paz,Rural,140,32,149
4221,2022-07-04,Santa Ana,Montaña,164,73,186
4222,2022-02-23,San Salvador,Playa,182,50,36
4223,2021-11-13,La Paz,Playa,109,175,109
4224,2021-08-12,Ahuachapan,Ciudad,134,58,102
4225,2024-07-02,San Miguel,Montaña,195,9,69
4226,2021-10-19,San Miguel,Rural,161,15,203
4227,2022-05-27,Ahuachapan,Rural,66,77,158
4228,2023-05-30,San Miguel,Playa,146,105,232
4229,2023-08-03,Ahuachapan,Montaña,160,150,141
4230,2021-07-20,La Libertad,Rural,50,41,65
4231,2021-12-12,Santa Ana,Playa,28,122,60
4232,2021-03-18,Santa Ana,Montaña,176,166,45
4233,2022-06-07,Sonsonate,Ciudad,132,98,97
4234,2023-10-11,Sonsonate,Rural,35,14,90
4235,2021-03-16,Santa Ana,Playa,30,45,65
4236,2024-06-30,La Libertad,Montaña,193,123,244
4237,2024-10-28,Ahuachapan,Ciudad,75,140,143
4238,2023-11-14,San Salvador,Montaña,89,16,202
4239,2022-05-30,La Libertad,Playa,63,33,248
4240,2024-08-22,Sonsonate,Playa,143,78,179
4241,2024-07-31,Sonsonate,Playa,54,153,37
4242,2023-04-13,San Miguel,Rural,136,175,78
4243,2024-06-21,Ahuachapan,Ciudad,60,91,124
4244,2024-12-07,La Paz,Rural,180,92,146
4245,2024-08-15,Usulutan,Montaña,43,163,126
4246,2021-08-25,Usulutan,Ciudad,59,164,109
4247,2021-05-20,Santa Ana,Montaña,171,15,143
4248,2024-11-23,Ahuachapan,Ciudad,62,84,226
4249,2021-09-28,San Miguel,Ciudad,188,158,149
4250,2023-09-15,Santa Ana,Ciudad,168,168,85
4251,2023-10-06,Usulutan,Playa,98,101,87
4252,2022-08-15,La Libertad,Rural,41,6,169
4253,2024-04-19,La Paz,Montaña,57,5,110
4254,2021-03-08,Usulutan,Ciudad,118,176,240
4255,2021-01-29,San Salvador,Montaña,167,24,243
4256,2021-07-03,Usulutan,Ciudad,69,158,182
4257,2022-01-07,Santa Ana,Ciudad,76,141,227
4258,2023-09-05,La Libertad,Playa,28,82,126
4259,2024-05-06,Santa Ana,Playa,21,71,143
4260,2024-01-26,Santa Ana,Playa,60,124,179
4261,2022-01-31,San Salvador,Playa,136,73,209
4262,2021-02-16,San Salvador,Montaña,150,109,201
4263,2023-01-26,La Libertad,Ciudad,180,128,110
4264,2023-07-07,La Libertad,Montaña,50,61,119
4265,2024-02-24,San Miguel,Ciudad,198,16,41
4266,2024-05-05,La Libertad,Montaña,181,32,122
4267,2021-10-27,Ahuachapan,Montaña,179,144,74
4268,2021-07-25,Usulutan,Playa,117,127,165
4269,2023-10-15,La Libertad,Playa,22,29,214
4270,2024-02-12,San Miguel,Montaña,107,135,221
4271,2022-10-08,Sonsonate,Playa,99,142,209
4272,2024-12-20,Sonsonate,Rural,136,60,240
4273,2022-01-15,La Libertad,Montaña,62,24,89
4274,2024-10-13,La Paz,Montaña,112,170,149
4275,2021-12-11,Santa Ana,Montaña,69,61,82
4276,2023-11-24,San Salvador,Montaña,178,9,171
4277,2021-02-06,La Paz,Montaña,59,51,207
4278,2022-05-23,Santa Ana,Rural,143,28,97
4279,2023-05-23,Usulutan,Montaña,85,14,182
4280,2021-12-02,Sonsonate,Montaña,55,110,205
4281,2022-04-22,Sonsonate,Rural,28,104,200
4282,2023-03-04,San Miguel,Montaña,82,157,139
4283,2024-12-17,Santa Ana,Rural,48,110,156
4284,2024-02-24,San Miguel,Montaña,171,178,230
4285,2023-07-05,San Salvador,Montaña,160,118,55
4286,2021-06-26,San Salvador,Rural,56,95,169
4287,2023-09-04,Ahuachapan,Montaña,21,33,110
4288,2021-11-08,Ahuachapan,Montaña,97,109,110
4289,2021-03-11,Santa Ana,Montaña,68,167,113
4290,2022-07-28,Ahuachapan,Rural,151,141,49
4291,2021-06-18,La Paz,Ciudad,185,143,248
4292,2024-05-30,San Miguel,Montaña,129,87,100
4293,2021-04-14,La Paz,Ciudad,44,46,153
4294,2022-11-12,La Libertad,Playa,94,61,185
4295,2023-09-28,Usulutan,Playa,44,176,90
4296,2022-09-05,Usulutan,Playa,174,140,156
4297,2022-09-16,Usulutan,Rural,188,41,131
4298,2022-04-26,Sonsonate,Ciudad,21,92,35
4299,2022-10-19,La Libertad,Montaña,183,159,37
4300,2023-01-06,La Libertad,Rural,189,141,80
4301,2023-01-29,Ahuachapan,Montaña,91,135,241
4302,2021-06-07,San Miguel,Rural,23,167,116
4303,2024-05-18,San Salvador,Montaña,104,75,68
4304,2023-03-24,Santa Ana,Montaña,53,154,170
4305,2024-05-20,Usulutan,Rural,36,76,71
4306,2023-08-22,Santa Ana,Rural,66,173,128
4307,2021-09-25,San Salvador,Ciudad,70,142,81
4308,2024-04-29,Ahuachapan,Rural,73,98,68
4309,2024-03-30,La Libertad,Rural,25,78,100
4310,2021-09-29,Usulutan,Montaña,177,110,207
4311,2024-02-15,San Miguel,Rural,175,161,86
4312,2022-07-12,San Salvador,Montaña,147,17,160
4313,2022-06-16,Usulutan,Montaña,59,148,233
4314,2021-07-25,San Salvador,Rural,30,174,196
4315,2023-11-29,Usulutan,Ciudad,116,174,44
4316,2021-08-13,Sonsonate,Ciudad,80,50,114
4317,2024-12-20,La Libertad,Playa,26,68,92
4318,2024-11-02,La Libertad,Playa,123,19,221
4319,2021-05-29,La Paz,Montaña,25,172,221
4320,2023-07-13,San Miguel,Ciudad,198,124,191
4321,2024-11-26,Usulutan,Playa,73,83,196
4322,2024-09-27,La Libertad,Rural,21,38,66
4323,2021-08-24,Sonsonate,Ciudad,155,141,111
4324,2024-09-26,La Paz,Rural,168,86,91
4325,2021-04-03,Sonsonate,Rural,101,125,132
4326,2023-03-03,La Libertad,Ciudad,52,171,105
4327,2021-10-14,Ahuachapan,Playa,37,106,188
4328,2024-03-07,Santa Ana,Playa,89,157,190
4329,2024-12-20,Ahuachapan,Ciudad,174,21,72
4330,2023-03-20,San Miguel,Montaña,147,171,151
4331,2021-05-09,San Salvador,Rural,174,158,108
4332,2022-04-10,San Salvador,Playa,91,42,171
4333,2024-12-28,San Salvador,Montaña,185,37,75
4334,2023-03-09,Santa Ana,Ciudad,149,137,49
4335,2021-06-20,La Libertad,Rural,55,22,215
4336,2023-01-29,La Paz,Rural,107,54,235
4337,2023-04-29,Sonsonate,Montaña,123,80,169
4338,2024-02-09,San Salvador,Ciudad,82,136,211
4339,2022-02-24,Usulutan,Playa,147,71,204
4340,2022-10-31,San Salvador,Montaña,152,29,61
4341,2021-11-04,Ahuachapan,Montaña,194,100,119
4342,2024-04-30,La Libertad,Montaña,135,43,180
4343,2022-12-12,San Salvador,Rural,172,76,75
4344,2021-02-06,La Libertad,Montaña,86,19,147
4345,2024-12-24,La Paz,Playa,101,63,107
4346,2022-01-01,Santa Ana,Ciudad,160,16,231
4347,2024-09-03,San Miguel,Ciudad,104,113,79
4348,2021-11-17,Sonsonate,Montaña,45,43,175
4349,2021-06-14,San Miguel,Rural,154,121,179
4350,2023-01-21,Usulutan,Montaña,175,48,235
4351,2024-02-14,La Libertad,Rural,178,76,83
4352,2021-07-01,La Libertad,Ciudad,46,18,203
4353,2023-03-16,San Salvador,Montaña,165,127,196
4354,2022-02-25,Sonsonate,Montaña,73,155,75
4355,2024-02-03,Sonsonate,Montaña,106,146,134
4356,2022-09-08,San Salvador,Ciudad,184,137,149
4357,2021-10-23,San Salvador,Ciudad,152,163,225
4358,2023-01-11,San Salvador,Rural,20,119,152
4359,2023-05-31,Ahuachapan,Ciudad,157,27,123
4360,2021-01-08,La Paz,Rural,158,108,139
4361,2024-08-01,Sonsonate,Montaña,136,25,188
4362,2021-08-08,La Libertad,Rural,174,76,100
4363,2023-06-27,Usulutan,Montaña,98,22,232
4364,2024-11-27,Sonsonate,Montaña,125,26,211
4365,2021-07-30,La Paz,Rural,20,160,141
4366,2024-04-10,Ahuachapan,Montaña,121,19,69
4367,2024-11-13,La Libertad,Playa,105,34,243
4368,2023-04-11,San Miguel,Playa,34,75,139
4369,2024-01-21,San Miguel,Montaña,66,21,69
4370,2022-03-22,Sonsonate,Playa,41,68,151
4371,2022-04-07,Ahuachapan,Playa,36,107,130
4372,2021-07-11,Ahuachapan,Ciudad,22,49,232
4373,2021-04-18,Santa Ana,Ciudad,96,126,86
4374,2022-07-26,Sonsonate,Playa,168,94,238
4375,2023-10-20,San Miguel,Playa,52,127,59
4376,2022-05-01,Usulutan,Rural,30,71,137
4377,2024-03-25,Santa Ana,Ciudad,50,143,66
4378,2023-11-22,La Libertad,Rural,110,10,47
4379,2023-09-02,La Libertad,Montaña,180,160,60
4380,2022-07-24,San Miguel,Playa,180,72,36
4381,2023-11-17,La Libertad,Ciudad,43,173,95
4382,2023-08-19,Usulutan,Rural,145,72,75
4383,2021-07-19,Sonsonate,Rural,106,37,148
4384,2021-02-07,Usulutan,Rural,80,83,103
4385,2023-04-28,Sonsonate,Rural,124,118,187
4386,2021-08-27,San Salvador,Montaña,54,104,94
4387,2022-11-20,La Libertad,Rural,143,177,112
4388,2024-01-13,Usulutan,Rural,144,135,233
4389,2024-11-27,San Miguel,Ciudad,109,36,138
4390,2021-11-19,La Libertad,Playa,97,35,207
4391,2023-11-06,Usulutan,Rural,39,40,156
4392,2023-02-18,La Paz,Playa,132,158,216
4393,2021-05-15,La Libertad,Rural,42,171,216
4394,2022-07-08,Ahuachapan,Rural,182,159,54
4395,2024-09-24,La Paz,Ciudad,152,121,225
4396,2023-12-26,San Salvador,Playa,162,122,47
4397,2024-09-12,San Miguel,Montaña,80,86,176
4398,2022-07-13,San Miguel,Rural,158,28,103
4399,2021-05-06,Sonsonate,Montaña,141,40,80
4400,2021-07-21,Santa Ana,Rural,185,9,167
4401,2021-01-26,Ahuachapan,Ciudad,137,61,111
4402,2021-02-09,La Libertad,Playa,157,37,61
4403,2024-06-23,San Salvador,Montaña,192,115,181
4404,2023-04-26,San Miguel,Rural,159,66,92
4405,2023-11-29,Sonsonate,Ciudad,22,107,44
4406,2021-12-10,San Salvador,Montaña,130,113,219
4407,2021-07-10,San Salvador,Ciudad,43,175,174
4408,2024-09-04,La Libertad,Montaña,110,169,50
4409,2021-03-01,La Libertad,Ciudad,49,159,149
4410,2024-06-01,La Paz,Rural,130,160,38
4411,2024-06-09,Santa Ana,Rural,62,92,135
4412,2024-11-02,La Paz,Rural,68,36,61
4413,2023-11-17,Usulutan,Ciudad,133,161,231
4414,2024-03-25,San Miguel,Rural,63,118,88
4415,2022-10-25,San Miguel,Playa,109,88,97
4416,2022-06-30,La Libertad,Playa,145,38,174
4417,2024-01-23,La Paz,Montaña,22,81,90
4418,2021-06-12,La Paz,Playa,197,121,170
4419,2024-12-27,Sonsonate,Playa,132,97,159
4420,2023-09-04,San Salvador,Ciudad,158,144,197
4421,2024-04-26,San Miguel,Montaña,89,72,146
4422,2023-03-27,La Paz,Playa,28,44,43
4423,2021-02-09,Usulutan,Playa,91,47,122
4424,2022-04-18,Ahuachapan,Playa,107,149,130
4425,2022-05-01,La Libertad,Rural,38,28,143
4426,2023-01-05,Ahuachapan,Ciudad,171,48,59
4427,2023-04-07,San Salvador,Playa,126,123,233
4428,2021-09-16,Sonsonate,Rural,181,80,103
4429,2023-12-19,Usulutan,Ciudad,173,142,207
4430,2023-01-24,La Paz,Montaña,196,57,148
4431,2023-11-26,Sonsonate,Rural,186,95,134
4432,2024-04-18,La Libertad,Ciudad,137,170,225
4433,2022-08-17,La Paz,Playa,125,102,249
4434,2022-06-06,San Salvador,Montaña,132,121,216
4435,2021-05-16,Usulutan,Montaña,92,164,80
4436,2023-12-28,Sonsonate,Playa,97,31,62
4437,2021-05-10,La Libertad,Rural,108,112,158
4438,2021-04-25,Santa Ana,Montaña,45,160,141
4439,2023-11-25,Santa Ana,Montaña,153,49,249
4440,2022-11-27,La Paz,Rural,89,24,39
4441,2022-01-06,Santa Ana,Rural,134,104,144
4442,2022-07-27,Usulutan,Ciudad,89,54,204
4443,2022-07-12,Sonsonate,Playa,181,16,249
4444,2024-10-28,La Paz,Playa,161,75,150
4445,2024-01-31,Ahuachapan,Rural,132,81,207
4446,2024-06-09,La Libertad,Playa,136,38,172
4447,2021-04-04,Ahuachapan,Montaña,144,168,170
4448,2021-03-03,La Paz,Ciudad,69,7,49
4449,2023-08-09,San Salvador,Rural,61,68,89
4450,2021-06-24,Ahuachapan,Playa,134,11,122
4451,2024-09-07,La Libertad,Ciudad,45,82,209
4452,2023-03-01,Sonsonate,Montaña,62,11,228
4453,2023-03-02,La Libertad,Ciudad,88,149,72
4454,2021-11-14,Usulutan,Playa,160,38,200
4455,2021-04-25,San Miguel,Playa,114,30,231
4456,2023-02-19,Ahuachapan,Rural,170,173,131
4457,2024-06-25,Sonsonate,Rural,189,116,56
4458,2021-09-18,Sonsonate,Playa,145,95,73
4459,2023-09-13,Sonsonate,Rural,65,163,101
4460,2023-08-16,Sonsonate,Rural,82,82,216
4461,2024-02-08,Ahuachapan,Montaña,110,91,219
4462,2024-03-27,Santa Ana,Ciudad,83,9,177
4463,2024-05-23,Ahuachapan,Ciudad,71,64,211
4464,2024-06-13,San Miguel,Montaña,28,106,202
4465,2022-09-06,La Libertad,Montaña,72,18,155
4466,2023-02-20,La Libertad,Rural,149,9,128
4467,2021-04-06,San Salvador,Rural,67,119,200
4468,2024-10-09,La Paz,Playa,57,137,82
4469,2022-09-21,Ahuachapan,Ciudad,179,144,220
4470,2023-01-21,San Miguel,Playa,81,69,248
4471,2021-09-29,La Libertad,Playa,140,29,114
4472,2022-05-20,Sonsonate,Rural,39,91,86
4473,2023-01-18,San Miguel,Ciudad,173,120,145
4474,2024-03-14,San Salvador,Rural,96,33,143
4475,2023-04-10,La Libertad,Montaña,128,74,85
4476,2023-03-01,Sonsonate,Ciudad,57,149,231
4477,2022-11-12,San Salvador,Ciudad,38,66,199
4478,2022-12-27,Santa Ana,Rural,69,105,59
4479,2024-05-29,La Paz,Rural,115,34,162
4480,2024-05-24,Santa Ana,Playa,178,178,233
4481,2024-05-28,Sonsonate,Playa,136,171,159
4482,2023-05-16,San Miguel,Ciudad,72,95,55
4483,2024-08-21,La Libertad,Ciudad,122,47,108
4484,2022-05-24,Santa Ana,Ciudad,74,121,60
4485,2022-10-01,La Libertad,Ciudad,99,28,138
4486,2023-10-21,San Salvador,Playa,154,156,39
4487,2023-01-16,La Paz,Ciudad,32,110,144
4488,2024-10-26,Santa Ana,Montaña,148,83,167
4489,2023-12-27,San Miguel,Ciudad,106,50,89
4490,2021-08-02,Santa Ana,Rural,145,15,230
4491,2024-08-08,La Libertad,Playa,143,161,239
4492,2021-06-29,La Libertad,Montaña,126,90,159
4493,2022-05-26,Sonsonate,Ciudad,51,104,69
4494,2023-06-26,La Paz,Rural,82,79,135
4495,2023-10-03,Ahuachapan,Ciudad,96,114,198
4496,2021-03-19,Santa Ana,Ciudad,74,163,201
4497,2023-04-03,San Miguel,Ciudad,180,14,152
4498,2022-11-24,San Miguel,Montaña,151,47,239
4499,2023-04-26,San Salvador,Playa,66,25,117
4500,2024-04-02,Sonsonate,Playa,108,126,108
4501,2022-11-09,San Salvador,Ciudad,110,129,239
4502,2022-09-23,San Salvador,Playa,151,162,209
4503,2024-11-02,San Miguel,Ciudad,192,85,179
4504,2023-12-14,San Salvador,Playa,83,31,101
4505,2021-06-19,Ahuachapan,Montaña,178,46,181
4506,2022-03-04,Ahuachapan,Rural,189,86,182
4507,2022-05-21,Usulutan,Playa,125,122,136
4508,2024-01-23,Usulutan,Playa,28,8,182
4509,2022-04-24,San Miguel,Rural,123,78,189
4510,2024-01-29,Santa Ana,Rural,76,85,57
4511,2022-10-27,San Salvador,Playa,38,164,225
4512,2024-03-18,La Libertad,Ciudad,27,122,131
4513,2021-12-08,Sonsonate,Playa,197,175,168
4514,2021-11-30,La Paz,Montaña,190,105,235
4515,2024-12-07,Ahuachapan,Ciudad,78,165,196
4516,2021-03-14,San Salvador,Rural,142,117,150
4517,2021-05-19,Santa Ana,Ciudad,177,130,133
4518,2023-11-05,Usulutan,Rural,119,78,144
4519,2022-01-12,Santa Ana,Montaña,36,84,144
4520,2023-11-07,San Salvador,Ciudad,30,119,241
4521,2021-08-05,La Paz,Rural,149,63,82
4522,2022-03-21,Ahuachapan,Playa,188,30,88
4523,2023-11-14,Santa Ana,Montaña,149,71,133
4524,2022-08-05,San Salvador,Rural,190,88,84
4525,2022-06-02,San Salvador,Ciudad,123,96,42
4526,2023-01-25,La Libertad,Montaña,123,39,227
4527,2023-03-04,Usulutan,Ciudad,44,88,140
4528,2022-10-22,Santa Ana,Playa,158,59,221
4529,2022-08-26,San Salvador,Montaña,191,20,126
4530,2021-10-18,La Paz,Montaña,161,81,106
4531,2024-08-09,La Libertad,Montaña,40,167,143
4532,2023-09-12,Usulutan,Rural,37,84,66
4533,2022-10-14,La Libertad,Ciudad,132,67,168
4534,2021-07-26,San Miguel,Ciudad,62,83,79
4535,2022-02-17,Ahuachapan,Playa,126,42,141
4536,2023-06-07,La Paz,Montaña,34,160,180
4537,2022-08-26,Ahuachapan,Rural,74,176,62
4538,2022-09-10,Usulutan,Ciudad,22,111,49
4539,2024-08-17,San Miguel,Ciudad,184,66,66
4540,2022-02-17,La Libertad,Montaña,85,123,68
4541,2021-12-22,La Paz,Montaña,54,144,115
4542,2024-08-25,San Miguel,Montaña,161,175,180
4543,2024-12-08,San Miguel,Montaña,60,71,150
4544,2022-03-05,Usulutan,Montaña,77,87,210
4545,2021-03-29,Santa Ana,Rural,37,138,186
4546,2021-12-27,La Libertad,Rural,144,11,208
4547,2024-11-01,Sonsonate,Montaña,150,94,61
4548,2023-12-03,Santa Ana,Ciudad,181,128,125
4549,2024-07-18,La Libertad,Ciudad,71,171,35
4550,2022-06-30,Santa Ana,Playa,121,111,152
4551,2021-01-02,Santa Ana,Montaña,35,117,218
4552,2023-05-14,La Paz,Rural,50,95,44
4553,2022-12-17,Ahuachapan,Ciudad,119,159,79
4554,2024-08-31,Sonsonate,Rural,119,106,62
4555,2021-02-25,Ahuachapan,Playa,63,147,47
4556,2023-10-17,San Salvador,Ciudad,159,115,206
4557,2023-06-05,San Salvador,Playa,156,33,214
4558,2023-10-21,La Paz,Playa,126,101,206
4559,2021-09-27,La Paz,Playa,127,56,200
4560,2023-03-11,La Paz,Ciudad,128,166,164
4561,2023-10-30,San Miguel,Montaña,126,70,171
4562,2022-02-12,San Miguel,Rural,107,113,199
4563,2022-04-17,Sonsonate,Ciudad,149,163,110
4564,2024-09-20,Sonsonate,Rural,37,139,246
4565,2024-05-27,San Salvador,Rural,120,131,200
4566,2023-06-19,Santa Ana,Ciudad,131,31,224
4567,2023-11-27,Santa Ana,Ciudad,28,70,45
4568,2021-01-08,Sonsonate,Playa,87,25,187
4569,2023-09-29,Sonsonate,Ciudad,164,156,97
4570,2023-07-07,Santa Ana,Playa,187,169,164
4571,2021-03-08,La Libertad,Ciudad,192,9,238
4572,2024-12-20,Santa Ana,Ciudad,188,142,108
4573,2021-09-21,San Salvador,Ciudad,196,108,159
4574,2024-11-16,Usulutan,Playa,198,108,45
4575,2024-03-21,La Paz,Playa,111,28,245
4576,2022-09-11,La Paz,Playa,75,5,137
4577,2021-12-09,La Paz,Ciudad,75,51,196
4578,2023-04-26,San Salvador,Playa,146,61,120
4579,2021-03-11,San Salvador,Montaña,190,148,215
4580,2024-08-22,San Salvador,Ciudad,198,13,70
4581,2022-04-13,Santa Ana,Montaña,122,36,81
4582,2023-08-16,San Miguel,Rural,142,100,169
4583,2024-05-01,Sonsonate,Montaña,184,142,209
4584,2021-01-10,Sonsonate,Ciudad,25,65,204
4585,2021-07-29,San Miguel,Rural,99,175,116
4586,2024-09-16,La Libertad,Rural,102,153,198
4587,2023-02-06,La Libertad,Montaña,97,40,100
4588,2021-01-08,Usulutan,Montaña,31,147,50
4589,2021-09-18,San Salvador,Playa,116,45,48
4590,2021-10-28,Usulutan,Playa,67,109,247
4591,2024-05-01,La Paz,Ciudad,182,16,123
4592,2022-02-05,Sonsonate,Montaña,175,161,215
4593,2021-01-20,San Miguel,Playa,169,27,165
4594,2022-11-14,La Libertad,Rural,88,125,142
4595,2022-11-03,Sonsonate,Rural,82,62,225
4596,2022-10-23,Santa Ana,Ciudad,193,78,249
4597,2021-11-05,Sonsonate,Montaña,127,87,74
4598,2023-08-30,Sonsonate,Playa,88,60,120
4599,2023-09-13,Ahuachapan,Montaña,188,159,101
4600,2022-05-16,La Paz,Montaña,193,52,144
4601,2023-04-27,Santa Ana,Ciudad,189,34,141
4602,2021-11-06,La Libertad,Ciudad,123,57,243
4603,2024-11-14,La Paz,Montaña,45,30,141
4604,2024-10-26,Santa Ana,Rural,114,135,234
4605,2021-07-16,Santa Ana,Rural,146,17,157
4606,2021-12-07,Usulutan,Ciudad,26,150,68
4607,2022-10-04,Ahuachapan,Playa,109,111,63
4608,2021-05-10,La Paz,Montaña,22,166,230
4609,2023-01-25,La Paz,Montaña,85,124,98
4610,2022-07-05,San Miguel,Rural,134,151,180
4611,2021-05-06,Ahuachapan,Ciudad,122,82,81
4612,2023-01-19,Usulutan,Ciudad,46,156,50
4613,2022-08-12,Usulutan,Rural,144,116,51
4614,2024-05-28,Usulutan,Playa,128,63,233
4615,2022-11-26,San Salvador,Montaña,152,159,147
4616,2024-07-30,Sonsonate,Rural,101,86,163
4617,2023-07-13,San Miguel,Ciudad,82,148,247
4618,2022-01-25,San Miguel,Rural,131,21,165
4619,2021-11-14,La Paz,Playa,41,122,237
4620,2021-01-08,San Salvador,Rural,60,129,241
4621,2024-04-22,Ahuachapan,Ciudad,73,154,137
4622,2024-07-26,San Salvador,Playa,169,62,139
4623,2021-06-28,Usulutan,Rural,118,96,249
4624,2024-05-03,Sonsonate,Ciudad,149,101,53
4625,2022-07-03,La Libertad,Rural,113,108,51
4626,2024-10-04,La Libertad,Montaña,33,22,85
4627,2024-12-19,San Miguel,Playa,33,27,208
4628,2024-10-10,Ahuachapan,Ciudad,84,102,82
4629,2021-09-30,Sonsonate,Montaña,179,57,120
4630,2024-11-14,Usulutan,Playa,88,72,128
4631,2023-12-10,San Salvador,Playa,56,79,141
4632,2024-06-10,San Miguel,Ciudad,100,48,132
4633,2022-04-06,La Libertad,Montaña,147,79,204
4634,2022-05-30,La Libertad,Rural,180,75,231
4635,2023-08-24,San Miguel,Montaña,147,118,227
4636,2023-03-05,Usulutan,Rural,26,61,55
4637,2022-04-09,Santa Ana,Rural,50,165,103
4638,2021-12-01,Santa Ana,Playa,180,25,234
4639,2024-05-30,La Libertad,Ciudad,188,170,88
4640,2022-08-27,La Paz,Rural,33,38,61
4641,2021-07-31,Sonsonate,Ciudad,64,171,150
4642,2022-12-12,San Salvador,Montaña,158,6,214
4643,2021-01-31,La Libertad,Playa,180,150,152
4644,2021-11-12,La Libertad,Playa,183,37,122
4645,2022-04-28,Sonsonate,Playa,92,58,224
4646,2024-08-23,San Miguel,Rural,66,20,166
4647,2022-10-22,San Salvador,Montaña,62,45,144
4648,2024-04-04,San Salvador,Ciudad,51,133,45
4649,2024-06-16,San Salvador,Playa,104,106,122
4650,2024-06-06,La Libertad,Ciudad,77,135,116
4651,2021-12-17,San Miguel,Montaña,197,86,187
4652,2023-09-24,Usulutan,Montaña,197,139,222
4653,2022-01-18,Ahuachapan,Ciudad,116,105,236
4654,2023-03-30,San Salvador,Ciudad,50,91,211
4655,2024-04-05,La Libertad,Montaña,141,73,247
4656,2023-07-02,San Salvador,Rural,150,92,100
4657,2021-06-02,San Salvador,Ciudad,20,146,125
4658,2024-02-19,Sonsonate,Montaña,127,142,180
4659,2022-09-08,La Libertad,Rural,161,156,188
4660,2023-11-01,Santa Ana,Playa,81,71,216
4661,2022-05-01,San Miguel,Rural,150,17,181
4662,2021-03-26,Santa Ana,Playa,97,148,246
4663,2024-04-23,Santa Ana,Rural,56,147,77
4664,2021-02-17,San Salvador,Ciudad,172,7,241
4665,2021-01-25,La Libertad,Playa,148,142,86
4666,2021-03-17,Usulutan,Ciudad,147,71,38
4667,2022-10-25,San Salvador,Playa,61,93,161
4668,2021-09-07,Santa Ana,Playa,49,101,194
4669,2023-05-30,Usulutan,Rural,151,148,197
4670,2023-05-28,San Miguel,Playa,148,142,175
4671,2022-01-30,Usulutan,Ciudad,187,161,189
4672,2024-12-01,Santa Ana,Ciudad,157,95,138
4673,2021-03-29,La Libertad,Montaña,49,155,76
4674,2022-02-17,Ahuachapan,Montaña,155,142,65
4675,2024-09-18,Sonsonate,Ciudad,88,27,37
4676,2021-05-02,Usulutan,Ciudad,131,92,81
4677,2024-06-23,San Miguel,Ciudad,98,15,132
4678,2022-11-12,Santa Ana,Ciudad,190,107,90
4679,2024-09-12,San Miguel,Ciudad,62,23,120
4680,2023-08-17,Ahuachapan,Ciudad,152,90,186
4681,2021-08-08,Sonsonate,Rural,152,101,189
4682,2021-11-05,Sonsonate,Rural,145,102,135
4683,2021-10-14,Usulutan,Ciudad,47,161,238
4684,2021-10-24,Sonsonate,Ciudad,31,43,56
4685,2024-03-28,Santa Ana,Ciudad,198,96,229
4686,2024-08-30,Usulutan,Playa,116,120,52
4687,2023-02-18,San Salvador,Playa,118,178,242
4688,2021-07-19,Ahuachapan,Montaña,135,30,37
4689,2023-04-19,Ahuachapan,Playa,106,69,62
4690,2024-08-28,San Miguel,Playa,104,67,136
4691,2024-04-01,San Miguel,Rural,58,49,213
4692,2024-01-05,Sonsonate,Montaña,78,161,53
4693,2023-03-05,San Miguel,Ciudad,100,75,108
4694,2023-10-15,San Miguel,Ciudad,195,153,207
4695,2021-12-03,La Paz,Ciudad,67,87,161
4696,2024-02-09,Santa Ana,Playa,26,7,137
4697,2024-02-17,Usulutan,Playa,85,102,146
4698,2024-12-15,San Salvador,Montaña,78,12,166
4699,2023-05-30,La Libertad,Playa,174,152,170
4700,2024-01-27,Sonsonate,Ciudad,78,140,49
4701,2022-03-29,San Salvador,Playa,153,79,127
4702,2021-10-08,Santa Ana,Playa,83,165,172
4703,2022-08-26,San Miguel,Rural,79,162,152
4704,2023-05-18,San Miguel,Montaña,120,40,85
4705,2024-12-23,La Paz,Rural,20,124,129
4706,2024-11-05,La Libertad,Montaña,39,61,175
4707,2021-10-30,La Paz,Ciudad,109,164,65
4708,2023-08-08,Usulutan,Rural,173,140,36
4709,2024-05-21,San Salvador,Montaña,111,138,205
4710,2024-04-23,Santa Ana,Rural,35,120,84
4711,2022-10-24,Santa Ana,Rural,156,77,222
4712,2023-02-02,Usulutan,Montaña,52,88,149
4713,2023-09-05,La Paz,Montaña,166,66,236
4714,2021-06-09,San Miguel,Montaña,79,118,227
4715,2023-12-12,Ahuachapan,Rural,109,103,191
4716,2022-12-03,San Salvador,Montaña,26,82,236
4717,2022-04-11,Santa Ana,Playa,198,143,135
4718,2024-04-13,Santa Ana,Playa,77,44,117
4719,2023-08-30,San Salvador,Rural,154,76,197
4720,2023-04-22,San Miguel,Montaña,59,105,140
4721,2024-08-20,San Salvador,Rural,47,129,176
4722,2023-03-31,Santa Ana,Playa,64,41,176
4723,2023-12-28,Usulutan,Ciudad,183,151,242
4724,2022-04-05,Sonsonate,Montaña,107,33,90
4725,2023-10-11,La Libertad,Ciudad,198,30,156
4726,2021-11-14,La Paz,Rural,92,158,101
4727,2023-01-08,San Miguel,Playa,49,120,50
4728,2024-08-14,Santa Ana,Ciudad,189,151,200
4729,2021-04-14,Sonsonate,Montaña,50,127,37
4730,2023-07-24,Sonsonate,Montaña,124,28,98
4731,2023-12-30,San Salvador,Montaña,191,134,222
4732,2021-05-12,Ahuachapan,Ciudad,154,90,113
4733,2022-03-05,La Libertad,Playa,101,80,137
4734,2022-06-17,Santa Ana,Rural,66,134,153
4735,2023-07-12,La Paz,Rural,107,108,127
4736,2021-03-10,Ahuachapan,Montaña,26,60,104
4737,2022-01-15,La Paz,Montaña,28,91,224
4738,2024-04-25,Usulutan,Playa,192,38,84
4739,2023-11-08,Sonsonate,Ciudad,187,134,87
4740,2021-03-16,Sonsonate,Rural,168,149,69
4741,2023-08-24,Sonsonate,Playa,83,62,175
4742,2023-05-29,Santa Ana,Rural,76,120,60
4743,2024-06-01,La Paz,Rural,24,175,165
4744,2023-05-18,Sonsonate,Playa,172,137,82
4745,2023-09-23,La Paz,Playa,94,31,95
4746,2023-11-22,La Paz,Rural,73,145,205
4747,2022-06-25,La Paz,Playa,55,13,80
4748,2021-04-27,La Libertad,Montaña,173,121,180
4749,2023-03-22,Santa Ana,Playa,141,66,100
4750,2022-10-24,Ahuachapan,Rural,172,43,199
4751,2021-11-27,Santa Ana,Rural,118,94,187
4752,2024-11-29,Santa Ana,Montaña,151,169,194
4753,2021-01-12,Santa Ana,Montaña,76,102,248
4754,2024-09-15,Santa Ana,Montaña,138,116,62
4755,2021-04-05,San Salvador,Rural,172,116,169
4756,2022-05-25,La Libertad,Playa,56,152,165
4757,2021-02-16,San Miguel,Rural,24,157,241
4758,2021-04-05,La Libertad,Rural,125,78,213
4759,2021-07-15,Sonsonate,Rural,152,62,172
4760,2021-04-16,Ahuachapan,Rural,140,164,119
4761,2024-01-07,Usulutan,Playa,56,135,157
4762,2022-07-22,San Salvador,Rural,131,35,74
4763,2023-11-17,San Miguel,Rural,66,100,64
4764,2021-02-10,San Salvador,Playa,196,163,176
4765,2021-03-01,La Libertad,Playa,89,8,168
4766,2021-06-28,Ahuachapan,Ciudad,162,64,196
4767,2021-02-26,Santa Ana,Rural,187,97,157
4768,2021-02-19,Sonsonate,Rural,87,7,228
4769,2021-11-17,San Miguel,Rural,56,87,104
4770,2022-12-13,San Miguel,Playa,86,125,141
4771,2022-12-14,La Paz,Rural,62,141,247
4772,2022-05-10,San Salvador,Playa,141,33,86
4773,2022-07-12,San Salvador,Montaña,48,61,171
4774,2024-07-06,Santa Ana,Playa,80,25,95
4775,2021-08-10,San Salvador,Playa,166,165,228
4776,2021-12-03,La Libertad,Ciudad,132,125,89
4777,2021-11-09,San Salvador,Playa,117,117,203
4778,2024-07-31,La Paz,Rural,193,142,207
4779,2024-02-22,La Paz,Rural,190,120,127
4780,2023-02-09,San Miguel,Montaña,175,97,125
4781,2023-06-06,Usulutan,Ciudad,158,159,55
4782,2023-07-02,La Libertad,Playa,53,164,128
4783,2021-02-10,Usulutan,Rural,90,101,67
4784,2023-08-11,Ahuachapan,Montaña,190,103,246
4785,2021-12-31,Sonsonate,Playa,131,86,192
4786,2021-06-05,Ahuachapan,Ciudad,156,111,183
4787,2023-06-27,San Miguel,Playa,25,35,46
4788,2024-11-01,San Miguel,Playa,101,82,195
4789,2023-05-12,San Miguel,Ciudad,181,59,161
4790,2021-12-16,Santa Ana,Ciudad,155,119,245
4791,2024-01-17,Sonsonate,Rural,79,151,63
4792,2024-07-24,Ahuachapan,Rural,98,173,223
4793,2021-02-14,La Libertad,Rural,75,145,100
4794,2022-02-24,Ahuachapan,Ciudad,167,146,44
4795,2022-06-02,Ahuachapan,Playa,24,156,64
4796,2022-06-28,Sonsonate,Ciudad,164,95,213
4797,2022-10-22,San Salvador,Playa,117,135,43
4798,2022-11-02,San Miguel,Ciudad,151,125,55
4799,2023-01-10,Usulutan,Ciudad,127,66,97
4800,2024-04-25,La Paz,Ciudad,24,8,156
4801,2024-06-15,San Miguel,Montaña,157,164,184
4802,2023-12-15,Santa Ana,Montaña,94,53,43
4803,2022-09-09,Usulutan,Playa,147,165,56
4804,2021-09-28,La Libertad,Montaña,183,13,43
4805,2023-05-30,San Miguel,Ciudad,37,162,128
4806,2021-09-21,San Salvador,Rural,54,33,169
4807,2022-10-08,Sonsonate,Montaña,171,93,90
4808,2023-09-08,Santa Ana,Rural,91,161,188
4809,2024-05-20,La Paz,Playa,69,112,207
4810,2021-04-21,Sonsonate,Montaña,90,42,212
4811,2024-11-24,Santa Ana,Montaña,92,149,58
4812,2023-11-25,San Miguel,Playa,34,112,205
4813,2022-08-11,Usulutan,Ciudad,133,96,68
4814,2021-05-07,Usulutan,Montaña,64,96,227
4815,2021-03-23,Ahuachapan,Ciudad,95,19,244
4816,2023-02-28,San Salvador,Montaña,151,87,137
4817,2024-07-07,La Paz,Montaña,105,63,196
4818,2023-03-08,Sonsonate,Playa,133,105,79
4819,2024-05-09,Sonsonate,Montaña,55,59,171
4820,2021-06-28,La Libertad,Playa,153,87,154
4821,2021-03-24,San Miguel,Rural,105,34,174
4822,2024-03-17,Ahuachapan,Rural,30,136,229
4823,2023-08-20,La Libertad,Rural,106,20,232
4824,2022-12-01,Usulutan,Rural,63,21,148
4825,2024-09-11,San Miguel,Ciudad,25,65,168
4826,2022-01-09,San Salvador,Playa,132,63,228
4827,2023-11-30,San Miguel,Montaña,195,127,132
4828,2021-01-15,La Libertad,Montaña,154,104,239
4829,2021-07-25,La Libertad,Ciudad,149,83,65
4830,2023-04-06,Santa Ana,Rural,181,106,239
4831,2023-11-06,San Salvador,Rural,182,170,131
4832,2024-09-23,San Salvador,Playa,115,11,39
4833,2022-11-07,San Miguel,Rural,52,109,111
4834,2022-01-12,Santa Ana,Rural,109,116,102
4835,2021-05-18,Ahuachapan,Ciudad,157,91,41
4836,2023-03-10,Usulutan,Playa,83,52,130
4837,2022-07-22,La Libertad,Rural,89,177,179
4838,2023-12-30,Sonsonate,Rural,102,23,225
4839,2021-03-24,La Paz,Ciudad,159,99,211
4840,2024-03-20,San Salvador,Montaña,24,111,130
4841,2023-02-26,Ahuachapan,Playa,179,101,84
4842,2023-01-21,La Paz,Montaña,127,16,225
4843,2021-09-03,Usulutan,Montaña,134,133,40
4844,2022-03-29,Usulutan,Playa,97,90,210
4845,2024-07-30,Usulutan,Ciudad,43,167,242
4846,2024-02-24,Santa Ana,Montaña,172,51,147
4847,2022-05-03,Ahuachapan,Ciudad,193,77,226
4848,2023-12-31,La Libertad,Montaña,158,97,112
4849,2022-12-08,La Libertad,Playa,112,93,117
4850,2022-07-22,La Paz,Rural,151,19,39
4851,2023-03-12,La Paz,Ciudad,146,166,114
4852,2024-05-03,La Libertad,Rural,197,5,121
4853,2023-08-16,La Libertad,Rural,33,176,101
4854,2022-11-23,San Salvador,Rural,24,47,98
4855,2023-09-08,Usulutan,Ciudad,68,163,60
4856,2022-07-06,Santa Ana,Montaña,124,113,57
4857,2023-01-19,San Salvador,Ciudad,180,157,108
4858,2021-10-10,Usulutan,Montaña,45,91,58
4859,2023-07-25,Usulutan,Ciudad,175,58,39
4860,2021-01-19,Usulutan,Ciudad,89,106,216
4861,2023-07-05,Ahuachapan,Ciudad,78,112,163
4862,2023-04-21,Usulutan,Playa,142,47,206
4863,2021-11-28,La Paz,Playa,88,96,129
4864,2023-02-23,La Libertad,Playa,176,69,84
4865,2024-11-27,Ahuachapan,Ciudad,175,148,205
4866,2024-05-06,Usulutan,Montaña,166,52,64
4867,2022-03-25,La Paz,Montaña,150,140,91
4868,2024-03-28,La Paz,Rural,153,97,133
4869,2024-06-03,La Paz,Montaña,51,56,82
4870,2024-06-17,Santa Ana,Rural,196,6,213
4871,2024-09-11,San Salvador,Playa,192,150,200
4872,2022-08-29,Ahuachapan,Ciudad,114,67,196
4873,2023-09-14,San Salvador,Ciudad,140,170,179
4874,2023-12-04,Usulutan,Montaña,153,162,102
4875,2021-08-24,San Salvador,Montaña,190,65,185
4876,2024-05-30,San Salvador,Rural,123,120,79
4877,2021-01-20,Santa Ana,Montaña,188,40,50
4878,2024-02-12,La Libertad,Ciudad,199,173,238
4879,2021-09-06,Ahuachapan,Rural,197,75,118
4880,2024-02-09,San Salvador,Montaña,123,108,129
4881,2021-08-27,Santa Ana,Rural,96,111,87
4882,2022-12-22,La Paz,Rural,95,36,136
4883,2024-10-28,Usulutan,Playa,146,148,233
4884,2022-10-03,Sonsonate,Ciudad,37,96,86
4885,2024-03-18,Sonsonate,Ciudad,55,30,171
4886,2022-05-14,Santa Ana,Montaña,63,79,130
4887,2022-04-21,Santa Ana,Rural,55,11,93
4888,2024-01-04,Ahuachapan,Ciudad,94,99,218
4889,2024-03-31,San Miguel,Rural,172,48,170
4890,2023-10-21,Usulutan,Montaña,131,51,199
4891,2024-12-30,La Libertad,Playa,167,179,198
4892,2023-05-01,Sonsonate,Montaña,97,46,249
4893,2022-01-01,Usulutan,Ciudad,48,40,210
4894,2021-03-25,La Libertad,Playa,128,20,150
4895,2021-10-19,Usulutan,Montaña,119,178,143
4896,2024-10-10,La Paz,Playa,147,124,78
4897,2024-07-23,La Paz,Ciudad,160,120,43
4898,2024-09-19,Usulutan,Playa,29,118,227
4899,2022-09-25,San Salvador,Ciudad,191,29,143
4900,2022-03-09,San Salvador,Rural,173,143,128
4901,2023-02-22,Ahuachapan,Rural,139,96,64
4902,2022-06-29,Ahuachapan,Montaña,190,24,211
4903,2023-09-18,Ahuachapan,Playa,134,29,169
4904,2021-06-16,San Miguel,Montaña,92,60,116
4905,2021-09-30,Santa Ana,Playa,84,64,219
4906,2023-02-25,San Salvador,Playa,84,12,215
4907,2024-12-18,La Libertad,Rural,73,22,51
4908,2021-07-02,La Libertad,Ciudad,20,89,184
4909,2024-04-14,San Salvador,Montaña,145,96,246
4910,2021-08-21,Usulutan,Playa,195,114,204
4911,2023-07-15,Usulutan,Playa,97,26,139
4912,2021-03-07,Sonsonate,Montaña,115,100,122
4913,2021-08-22,Santa Ana,Playa,47,24,143
4914,2022-08-19,Ahuachapan,Montaña,155,14,106
4915,2024-01-20,Sonsonate,Rural,198,160,149
4916,2023-12-19,La Libertad,Playa,136,9,189
4917,2024-04-17,Usulutan,Ciudad,52,86,84
4918,2024-07-31,La Libertad,Ciudad,132,165,56
4919,2024-09-06,Sonsonate,Rural,129,84,144
4920,2024-01-23,Usulutan,Ciudad,150,109,180
4921,2024-05-29,Santa Ana,Playa,187,108,185
4922,2024-01-05,Ahuachapan,Playa,49,13,172
4923,2024-02-18,Usulutan,Montaña,28,96,66
4924,2022-02-06,La Paz,Montaña,42,160,248
4925,2022-04-09,San Salvador,Playa,158,105,203
4926,2022-12-06,San Miguel,Rural,118,17,91
4927,2021-05-03,Santa Ana,Playa,32,106,142
4928,2024-04-05,La Libertad,Montaña,106,71,106
4929,2022-03-05,La Paz,Montaña,33,41,242
4930,2023-07-25,San Salvador,Montaña,22,109,81
4931,2023-05-16,San Salvador,Montaña,28,105,167
4932,2023-02-06,Santa Ana,Montaña,82,170,45
4933,2021-01-31,San Salvador,Playa,73,138,58
4934,2021-11-26,Ahuachapan,Playa,32,37,153
4935,2021-04-19,Usulutan,Playa,70,26,125
4936,2024-10-17,La Libertad,Ciudad,120,36,38
4937,2023-02-15,San Miguel,Rural,67,167,36
4938,2022-09-30,San Miguel,Ciudad,47,53,84
4939,2024-01-01,Santa Ana,Ciudad,116,56,55
4940,2021-03-22,La Paz,Ciudad,172,53,102
4941,2023-04-11,San Miguel,Rural,94,135,97
4942,2023-09-15,Sonsonate,Montaña,109,82,44
4943,2021-09-04,Usulutan,Rural,107,48,128
4944,2021-10-21,Usulutan,Montaña,84,133,138
4945,2023-03-19,San Salvador,Playa,32,105,180
4946,2024-01-28,San Salvador,Montaña,86,113,45
4947,2023-05-23,Usulutan,Montaña,33,111,105
4948,2024-11-08,Santa Ana,Ciudad,98,111,201
4949,2023-04-21,Ahuachapan,Ciudad,58,24,172
4950,2023-09-20,Santa Ana,Playa,68,39,106
4951,2024-09-04,Santa Ana,Ciudad,184,25,150
4952,2023-08-20,Ahuachapan,Rural,54,176,146
4953,2022-05-10,La Libertad,Rural,63,79,143
4954,2021-10-13,Ahuachapan,Ciudad,63,18,65
4955,2021-10-19,Usulutan,Playa,22,77,63
4956,2022-04-13,San Miguel,Rural,192,95,129
4957,2024-05-07,San Miguel,Montaña,94,40,137
4958,2023-07-26,Santa Ana,Montaña,56,55,53
4959,2021-04-30,San Salvador,Ciudad,139,29,107
4960,2023-03-20,San Miguel,Montaña,152,76,166
4961,2023-07-02,Ahuachapan,Playa,143,94,213
4962,2021-08-16,Santa Ana,Montaña,178,140,41
4963,2023-01-17,Sonsonate,Ciudad,108,70,222
4964,2022-08-01,La Paz,Playa,43,30,177
4965,2022-09-13,Sonsonate,Ciudad,21,112,108
4966,2021-02-24,Ahuachapan,Rural,93,23,204
4967,2021-07-30,La Libertad,Playa,187,27,171
4968,2023-10-30,Usulutan,Montaña,103,179,119
4969,2023-02-03,Santa Ana,Montaña,160,160,152
4970,2024-04-25,Santa Ana,Ciudad,145,150,66
4971,2023-11-11,San Miguel,Montaña,41,74,224
4972,2022-10-02,Sonsonate,Playa,159,139,164
4973,2021-02-17,Santa Ana,Rural,50,56,161
4974,2023-10-07,Ahuachapan,Montaña,144,5,64
4975,2024-04-03,Usulutan,Rural,130,71,222
4976,2023-07-14,Ahuachapan,Ciudad,109,31,45
4977,2023-01-13,Ahuachapan,Playa,188,29,196
4978,2022-10-17,Ahuachapan,Playa,142,123,181
4979,2021-05-28,San Miguel,Rural,193,45,137
4980,2023-02-19,Sonsonate,Ciudad,20,159,247
4981,2021-08-18,La Libertad,Montaña,195,57,190
4982,2021-04-26,San Miguel,Ciudad,113,79,61
4983,2022-08-28,San Salvador,Playa,83,36,104
4984,2024-08-19,La Paz,Playa,70,133,56
4985,2022-02-27,Santa Ana,Playa,180,110,44
4986,2023-11-07,Usulutan,Ciudad,47,19,127
4987,2022-04-17,Usulutan,Rural,30,150,53
4988,2023-07-15,La Libertad,Ciudad,191,46,183
4989,2023-11-06,Ahuachapan,Rural,38,32,108
4990,2021-05-28,Sonsonate,Ciudad,195,68,144
4991,2021-09-24,La Libertad,Ciudad,189,165,113
4992,2024-10-08,San Salvador,Montaña,151,22,78
4993,2022-11-16,Ahuachapan,Montaña,60,53,42
4994,2022-05-17,Santa Ana,Playa,187,48,239
4995,2022-11-05,Sonsonate,Playa,169,5,160
4996,2021-02-01,Ahuachapan,Montaña,95,171,176
4997,2021-01-02,La Libertad,Ciudad,191,128,183
4998,2024-06-15,Sonsonate,Playa,176,141,91
4999,2023-01-14,Santa Ana,Rural,54,32,46
5000,2023-04-29,Santa Ana,Montaña,188,110,208
