id_visita_parque,fecha,parque,pais_origen,gasto_estimado,anio,mes,dia,trimestre,categoria_gasto
1,2022-11-07,Puerta Del Diablo,Canada,59,2022,11,7,4,Medio
2,2024-02-23,Amulapa,Costa Rica,59,2024,2,23,1,Medio
3,2021-07-09,Sunset Park,Mexico,74,2021,7,9,3,Alto
4,2024-03-21,Puerta Del Diablo,España,64,2024,3,21,1,Alto
5,2024-03-21,Sunset Park,Costa Rica,29,2024,3,21,1,Bajo
6,2024-05-30,Amulapa,Nicaragua,79,2024,5,30,2,Alto
7,2023-10-21,Apulo,Nicaragua,50,2023,10,21,4,Medio
8,2023-12-13,Apulo,Mexico,74,2023,12,13,4,Alto
9,2023-11-26,Apulo,España,50,2023,11,26,4,Medio
10,2022-06-27,Puerta Del Diablo,Nicaragua,27,2022,6,27,2,Bajo
11,2021-02-16,Cerro Verde,Canada,36,2021,2,16,1,Medio
12,2021-08-07,Sunset Park,Nicaragua,47,2021,8,7,3,Medio
13,2021-12-28,Sunset Park,Guatemala,25,2021,12,28,4,Bajo
14,2024-11-15,Puerta Del Diablo,Guatemala,76,2024,11,15,4,Alto
15,2021-11-03,Cerro Verde,España,72,2021,11,3,4,Alto
16,2024-03-25,Puerta Del Diablo,Canada,20,2024,3,25,1,Bajo
17,2023-12-25,Sunset Park,Honduras,63,2023,12,25,4,Alto
18,2023-03-04,Cerro Verde,España,53,2023,3,4,1,Medio
19,2022-09-09,Apulo,Costa Rica,44,2022,9,9,3,Medio
20,2021-09-06,Amulapa,Costa Rica,51,2021,9,6,3,Medio
21,2023-02-02,Apulo,Nicaragua,35,2023,2,2,1,Medio
22,2022-08-14,Amulapa,Estados Unidos,76,2022,8,14,3,Alto
23,2024-01-29,Apulo,Honduras,33,2024,1,29,1,Medio
24,2024-09-29,Balboa,Mexico,10,2024,9,29,3,Bajo
25,2023-12-20,Balboa,Honduras,15,2023,12,20,4,Bajo
26,2023-05-23,Apulo,Mexico,68,2023,5,23,2,Alto
27,2024-07-21,Sunset Park,Costa Rica,29,2024,7,21,3,Bajo
28,2021-11-23,Cerro Verde,Mexico,72,2021,11,23,4,Alto
29,2024-04-02,Sunset Park,Guatemala,45,2024,4,2,2,Medio
30,2024-03-15,Balboa,Guatemala,35,2024,3,15,1,Medio
31,2023-04-19,Cerro Verde,Guatemala,54,2023,4,19,2,Medio
32,2024-08-19,Amulapa,Guatemala,22,2024,8,19,3,Bajo
33,2024-08-08,Cerro Verde,Costa Rica,38,2024,8,8,3,Medio
34,2023-12-06,Puerta Del Diablo,Honduras,59,2023,12,6,4,Medio
35,2024-05-23,Apulo,Nicaragua,43,2024,5,23,2,Medio
36,2024-12-23,Sunset Park,Costa Rica,36,2024,12,23,4,Medio
37,2021-09-20,Cerro Verde,Guatemala,75,2021,9,20,3,Alto
38,2022-10-07,Amulapa,Nicaragua,26,2022,10,7,4,Bajo
39,2023-08-30,Amulapa,Honduras,36,2023,8,30,3,Medio
40,2024-09-09,Cerro Verde,Honduras,63,2024,9,9,3,Alto
41,2023-02-28,Puerta Del Diablo,Canada,61,2023,2,28,1,Alto
42,2023-03-28,Apulo,Honduras,13,2023,3,28,1,Bajo
43,2024-06-28,Apulo,Honduras,37,2024,6,28,2,Medio
44,2022-12-17,Balboa,Canada,10,2022,12,17,4,Bajo
45,2022-03-02,Sunset Park,España,19,2022,3,2,1,Bajo
46,2024-10-23,Amulapa,Estados Unidos,17,2024,10,23,4,Bajo
47,2022-02-12,Sunset Park,España,18,2022,2,12,1,Bajo
48,2022-10-27,Puerta Del Diablo,España,18,2022,10,27,4,Bajo
49,2023-10-04,Puerta Del Diablo,Costa Rica,78,2023,10,4,4,Alto
50,2022-07-01,Puerta Del Diablo,Mexico,43,2022,7,1,3,Medio
51,2021-03-09,Amulapa,Costa Rica,17,2021,3,9,1,Bajo
52,2022-08-04,Amulapa,Estados Unidos,43,2022,8,4,3,Medio
53,2024-09-10,Apulo,Canada,62,2024,9,10,3,Alto
54,2024-03-13,Cerro Verde,Estados Unidos,16,2024,3,13,1,Bajo
55,2024-02-24,Cerro Verde,Mexico,35,2024,2,24,1,Medio
56,2022-03-02,Cerro Verde,Honduras,64,2022,3,2,1,Alto
57,2022-04-30,Sunset Park,Guatemala,5,2022,4,30,2,Bajo
58,2023-12-13,Cerro Verde,Canada,17,2023,12,13,4,Bajo
59,2021-12-31,Sunset Park,Mexico,39,2021,12,31,4,Medio
60,2021-10-29,Balboa,Canada,50,2021,10,29,4,Medio
61,2021-10-25,Amulapa,Honduras,13,2021,10,25,4,Bajo
62,2022-02-06,Balboa,Guatemala,17,2022,2,6,1,Bajo
63,2021-01-17,Cerro Verde,España,54,2021,1,17,1,Medio
64,2022-05-31,Amulapa,Canada,39,2022,5,31,2,Medio
65,2022-12-12,Balboa,Mexico,76,2022,12,12,4,Alto
66,2021-06-04,Amulapa,Costa Rica,48,2021,6,4,2,Medio
67,2024-12-06,Amulapa,Nicaragua,15,2024,12,6,4,Bajo
68,2021-11-27,Puerta Del Diablo,Canada,70,2021,11,27,4,Alto
69,2024-06-12,Amulapa,Estados Unidos,52,2024,6,12,2,Medio
70,2023-06-01,Balboa,Guatemala,19,2023,6,1,2,Bajo
71,2021-08-21,Puerta Del Diablo,Canada,68,2021,8,21,3,Alto
72,2021-02-19,Balboa,Guatemala,44,2021,2,19,1,Medio
73,2024-09-23,Cerro Verde,Costa Rica,52,2024,9,23,3,Medio
74,2024-07-17,Cerro Verde,Costa Rica,27,2024,7,17,3,Bajo
75,2024-09-17,Puerta Del Diablo,España,19,2024,9,17,3,Bajo
76,2023-01-18,Amulapa,Mexico,70,2023,1,18,1,Alto
77,2024-10-17,Balboa,Canada,27,2024,10,17,4,Bajo
78,2024-08-01,Puerta Del Diablo,Canada,74,2024,8,1,3,Alto
79,2021-07-13,Puerta Del Diablo,Canada,16,2021,7,13,3,Bajo
80,2022-09-06,Apulo,Mexico,78,2022,9,6,3,Alto
81,2023-11-12,Apulo,Mexico,19,2023,11,12,4,Bajo
82,2023-06-30,Amulapa,Guatemala,22,2023,6,30,2,Bajo
83,2024-03-17,Puerta Del Diablo,Nicaragua,73,2024,3,17,1,Alto
84,2024-10-18,Sunset Park,España,77,2024,10,18,4,Alto
85,2023-12-15,Cerro Verde,España,25,2023,12,15,4,Bajo
86,2023-03-23,Cerro Verde,Costa Rica,33,2023,3,23,1,Medio
87,2024-09-07,Amulapa,Guatemala,64,2024,9,7,3,Alto
88,2021-09-08,Amulapa,Mexico,56,2021,9,8,3,Medio
89,2023-07-14,Amulapa,Canada,43,2023,7,14,3,Medio
90,2022-04-12,Cerro Verde,Guatemala,14,2022,4,12,2,Bajo
91,2024-05-19,Amulapa,Nicaragua,71,2024,5,19,2,Alto
92,2022-10-31,Amulapa,Estados Unidos,72,2022,10,31,4,Alto
93,2022-01-31,Cerro Verde,Guatemala,53,2022,1,31,1,Medio
94,2022-08-25,Apulo,España,46,2022,8,25,3,Medio
95,2021-06-22,Apulo,Nicaragua,18,2021,6,22,2,Bajo
96,2021-08-22,Puerta Del Diablo,Mexico,27,2021,8,22,3,Bajo
97,2021-06-28,Sunset Park,Mexico,35,2021,6,28,2,Medio
98,2022-04-19,Amulapa,Canada,42,2022,4,19,2,Medio
99,2023-08-11,Puerta Del Diablo,España,53,2023,8,11,3,Medio
100,2024-12-15,Sunset Park,Estados Unidos,71,2024,12,15,4,Alto
101,2023-05-26,Balboa,Canada,17,2023,5,26,2,Bajo
102,2023-12-02,Sunset Park,Estados Unidos,67,2023,12,2,4,Alto
103,2021-08-16,Sunset Park,Nicaragua,23,2021,8,16,3,Bajo
104,2024-11-08,Amulapa,Mexico,71,2024,11,8,4,Alto
105,2022-02-11,Cerro Verde,Honduras,10,2022,2,11,1,Bajo
106,2024-04-11,Sunset Park,Canada,53,2024,4,11,2,Medio
107,2022-05-16,Amulapa,Estados Unidos,57,2022,5,16,2,Medio
108,2021-08-02,Sunset Park,Costa Rica,57,2021,8,2,3,Medio
109,2023-06-06,Sunset Park,Canada,10,2023,6,6,2,Bajo
110,2022-04-11,Cerro Verde,Mexico,12,2022,4,11,2,Bajo
111,2023-09-15,Cerro Verde,Canada,36,2023,9,15,3,Medio
112,2024-11-17,Puerta Del Diablo,Canada,39,2024,11,17,4,Medio
113,2023-07-20,Amulapa,Honduras,6,2023,7,20,3,Bajo
114,2022-05-10,Apulo,Mexico,20,2022,5,10,2,Bajo
115,2022-02-23,Cerro Verde,Nicaragua,41,2022,2,23,1,Medio
116,2024-02-05,Apulo,Costa Rica,48,2024,2,5,1,Medio
117,2024-01-14,Amulapa,España,68,2024,1,14,1,Alto
118,2022-05-04,Cerro Verde,Mexico,14,2022,5,4,2,Bajo
119,2021-03-05,Amulapa,Guatemala,61,2021,3,5,1,Alto
120,2021-06-30,Puerta Del Diablo,Honduras,17,2021,6,30,2,Bajo
121,2021-09-13,Sunset Park,Canada,62,2021,9,13,3,Alto
122,2022-06-21,Balboa,Honduras,42,2022,6,21,2,Medio
123,2024-04-05,Amulapa,Canada,61,2024,4,5,2,Alto
124,2021-01-08,Amulapa,Mexico,30,2021,1,8,1,Medio
125,2022-05-05,Cerro Verde,Mexico,72,2022,5,5,2,Alto
126,2023-12-14,Puerta Del Diablo,Costa Rica,19,2023,12,14,4,Bajo
127,2021-05-05,Balboa,Costa Rica,48,2021,5,5,2,Medio
128,2023-01-29,Amulapa,Canada,42,2023,1,29,1,Medio
129,2024-12-17,Amulapa,España,61,2024,12,17,4,Alto
130,2023-07-28,Balboa,España,31,2023,7,28,3,Medio
131,2022-05-16,Sunset Park,España,28,2022,5,16,2,Bajo
132,2023-08-08,Sunset Park,Honduras,31,2023,8,8,3,Medio
133,2021-03-25,Amulapa,España,27,2021,3,25,1,Bajo
134,2022-06-03,Sunset Park,Mexico,17,2022,6,3,2,Bajo
135,2024-12-28,Cerro Verde,Honduras,8,2024,12,28,4,Bajo
136,2021-07-22,Sunset Park,Canada,63,2021,7,22,3,Alto
137,2022-08-22,Puerta Del Diablo,Costa Rica,37,2022,8,22,3,Medio
138,2022-07-10,Sunset Park,Honduras,35,2022,7,10,3,Medio
139,2021-10-12,Cerro Verde,Nicaragua,70,2021,10,12,4,Alto
140,2024-09-28,Amulapa,Honduras,31,2024,9,28,3,Medio
141,2024-08-14,Cerro Verde,Mexico,79,2024,8,14,3,Alto
142,2024-08-21,Apulo,Mexico,32,2024,8,21,3,Medio
143,2022-12-01,Balboa,Mexico,38,2022,12,1,4,Medio
144,2021-02-16,Amulapa,Mexico,70,2021,2,16,1,Alto
145,2022-06-12,Sunset Park,Honduras,44,2022,6,12,2,Medio
146,2023-01-20,Balboa,Canada,56,2023,1,20,1,Medio
147,2023-08-02,Cerro Verde,Costa Rica,14,2023,8,2,3,Bajo
148,2022-12-08,Puerta Del Diablo,Honduras,18,2022,12,8,4,Bajo
149,2024-03-30,Sunset Park,Costa Rica,7,2024,3,30,1,Bajo
150,2023-10-24,Balboa,Guatemala,58,2023,10,24,4,Medio
151,2023-05-30,Amulapa,Guatemala,77,2023,5,30,2,Alto
152,2023-01-01,Apulo,Estados Unidos,34,2023,1,1,1,Medio
153,2021-01-08,Cerro Verde,España,7,2021,1,8,1,Bajo
154,2023-02-03,Amulapa,Guatemala,21,2023,2,3,1,Bajo
155,2022-08-18,Amulapa,España,53,2022,8,18,3,Medio
156,2021-04-18,Puerta Del Diablo,España,58,2021,4,18,2,Medio
157,2021-03-03,Amulapa,Costa Rica,56,2021,3,3,1,Medio
158,2023-07-04,Balboa,Mexico,17,2023,7,4,3,Bajo
159,2021-07-07,Puerta Del Diablo,Estados Unidos,26,2021,7,7,3,Bajo
160,2021-04-19,Amulapa,Guatemala,50,2021,4,19,2,Medio
161,2024-09-12,Cerro Verde,Mexico,19,2024,9,12,3,Bajo
162,2024-02-09,Puerta Del Diablo,Costa Rica,12,2024,2,9,1,Bajo
163,2021-04-21,Puerta Del Diablo,Estados Unidos,51,2021,4,21,2,Medio
164,2021-03-31,Apulo,España,64,2021,3,31,1,Alto
165,2024-06-22,Balboa,España,62,2024,6,22,2,Alto
166,2022-03-11,Balboa,Guatemala,43,2022,3,11,1,Medio
167,2023-10-26,Balboa,Mexico,26,2023,10,26,4,Bajo
168,2023-03-30,Balboa,Nicaragua,35,2023,3,30,1,Medio
169,2022-07-23,Balboa,Nicaragua,48,2022,7,23,3,Medio
170,2022-11-22,Cerro Verde,Honduras,50,2022,11,22,4,Medio
171,2023-05-07,Cerro Verde,Honduras,23,2023,5,7,2,Bajo
172,2021-08-11,Apulo,Estados Unidos,19,2021,8,11,3,Bajo
173,2024-12-08,Amulapa,Mexico,52,2024,12,8,4,Medio
174,2023-12-20,Puerta Del Diablo,Costa Rica,40,2023,12,20,4,Medio
175,2021-03-25,Cerro Verde,Honduras,38,2021,3,25,1,Medio
176,2024-12-22,Amulapa,Canada,18,2024,12,22,4,Bajo
177,2023-05-09,Apulo,Guatemala,73,2023,5,9,2,Alto
178,2023-09-25,Amulapa,Costa Rica,69,2023,9,25,3,Alto
179,2023-11-27,Cerro Verde,Canada,39,2023,11,27,4,Medio
180,2021-11-14,Apulo,España,66,2021,11,14,4,Alto
181,2021-10-11,Amulapa,Estados Unidos,54,2021,10,11,4,Medio
182,2022-11-25,Amulapa,Honduras,29,2022,11,25,4,Bajo
183,2022-04-04,Amulapa,Mexico,21,2022,4,4,2,Bajo
184,2021-09-06,Balboa,Canada,65,2021,9,6,3,Alto
185,2023-03-23,Puerta Del Diablo,Guatemala,74,2023,3,23,1,Alto
186,2024-09-07,Sunset Park,Canada,52,2024,9,7,3,Medio
187,2022-02-07,Cerro Verde,Guatemala,25,2022,2,7,1,Bajo
188,2022-03-28,Puerta Del Diablo,Guatemala,64,2022,3,28,1,Alto
189,2021-07-13,Sunset Park,España,78,2021,7,13,3,Alto
190,2023-11-18,Apulo,Costa Rica,48,2023,11,18,4,Medio
191,2022-12-09,Puerta Del Diablo,Mexico,44,2022,12,9,4,Medio
192,2023-03-20,Amulapa,Nicaragua,50,2023,3,20,1,Medio
193,2021-04-14,Cerro Verde,Guatemala,19,2021,4,14,2,Bajo
194,2021-09-25,Cerro Verde,Nicaragua,27,2021,9,25,3,Bajo
195,2022-04-19,Cerro Verde,Costa Rica,36,2022,4,19,2,Medio
196,2021-03-12,Balboa,Canada,46,2021,3,12,1,Medio
197,2023-11-21,Cerro Verde,Costa Rica,56,2023,11,21,4,Medio
198,2023-07-15,Cerro Verde,Estados Unidos,66,2023,7,15,3,Alto
199,2024-08-16,Cerro Verde,Guatemala,54,2024,8,16,3,Medio
200,2022-03-11,Cerro Verde,Mexico,72,2022,3,11,1,Alto
201,2023-10-01,Cerro Verde,Canada,44,2023,10,1,4,Medio
202,2022-07-02,Amulapa,España,29,2022,7,2,3,Bajo
203,2021-07-06,Apulo,Mexico,24,2021,7,6,3,Bajo
204,2024-08-26,Cerro Verde,Costa Rica,28,2024,8,26,3,Bajo
205,2024-04-16,Amulapa,Guatemala,27,2024,4,16,2,Bajo
206,2024-02-16,Amulapa,Honduras,49,2024,2,16,1,Medio
207,2021-07-26,Balboa,Honduras,10,2021,7,26,3,Bajo
208,2023-12-28,Amulapa,Nicaragua,73,2023,12,28,4,Alto
209,2024-09-13,Amulapa,España,69,2024,9,13,3,Alto
210,2022-11-28,Amulapa,Guatemala,76,2022,11,28,4,Alto
211,2023-07-21,Cerro Verde,Nicaragua,46,2023,7,21,3,Medio
212,2024-11-09,Apulo,Canada,63,2024,11,9,4,Alto
213,2022-07-23,Balboa,Guatemala,13,2022,7,23,3,Bajo
214,2021-07-09,Apulo,Nicaragua,21,2021,7,9,3,Bajo
215,2021-07-25,Sunset Park,Estados Unidos,74,2021,7,25,3,Alto
216,2023-05-20,Puerta Del Diablo,Costa Rica,48,2023,5,20,2,Medio
217,2022-08-20,Sunset Park,Canada,78,2022,8,20,3,Alto
218,2023-05-03,Sunset Park,Costa Rica,10,2023,5,3,2,Bajo
219,2022-07-09,Balboa,Mexico,5,2022,7,9,3,Bajo
220,2022-09-17,Puerta Del Diablo,Honduras,28,2022,9,17,3,Bajo
221,2022-07-03,Puerta Del Diablo,Honduras,12,2022,7,3,3,Bajo
222,2022-03-11,Amulapa,Estados Unidos,34,2022,3,11,1,Medio
223,2022-12-17,Sunset Park,Mexico,48,2022,12,17,4,Medio
224,2022-03-24,Amulapa,España,6,2022,3,24,1,Bajo
225,2022-01-17,Puerta Del Diablo,Honduras,12,2022,1,17,1,Bajo
226,2021-12-30,Sunset Park,Estados Unidos,6,2021,12,30,4,Bajo
227,2021-11-05,Amulapa,Honduras,27,2021,11,5,4,Bajo
228,2021-07-04,Puerta Del Diablo,Canada,21,2021,7,4,3,Bajo
229,2021-06-28,Apulo,Honduras,14,2021,6,28,2,Bajo
230,2024-12-13,Apulo,Guatemala,21,2024,12,13,4,Bajo
231,2023-05-22,Sunset Park,Costa Rica,79,2023,5,22,2,Alto
232,2023-09-28,Cerro Verde,Estados Unidos,73,2023,9,28,3,Alto
233,2022-07-03,Sunset Park,Canada,64,2022,7,3,3,Alto
234,2022-01-12,Apulo,Canada,45,2022,1,12,1,Medio
235,2024-01-07,Balboa,Mexico,10,2024,1,7,1,Bajo
236,2021-10-03,Cerro Verde,España,77,2021,10,3,4,Alto
237,2024-12-25,Amulapa,Mexico,28,2024,12,25,4,Bajo
238,2024-09-01,Puerta Del Diablo,Honduras,10,2024,9,1,3,Bajo
239,2022-02-27,Balboa,Guatemala,69,2022,2,27,1,Alto
240,2021-03-10,Balboa,Costa Rica,32,2021,3,10,1,Medio
241,2022-04-24,Puerta Del Diablo,Estados Unidos,37,2022,4,24,2,Medio
242,2023-03-28,Sunset Park,España,45,2023,3,28,1,Medio
243,2022-10-17,Apulo,Mexico,39,2022,10,17,4,Medio
244,2023-03-04,Cerro Verde,Nicaragua,10,2023,3,4,1,Bajo
245,2023-08-13,Apulo,Nicaragua,64,2023,8,13,3,Alto
246,2022-12-22,Cerro Verde,Estados Unidos,65,2022,12,22,4,Alto
247,2023-11-23,Apulo,Costa Rica,24,2023,11,23,4,Bajo
248,2023-11-03,Amulapa,Guatemala,12,2023,11,3,4,Bajo
249,2021-07-30,Apulo,Nicaragua,57,2021,7,30,3,Medio
250,2022-01-18,Sunset Park,Costa Rica,55,2022,1,18,1,Medio
251,2023-09-05,Sunset Park,Nicaragua,67,2023,9,5,3,Alto
252,2024-04-19,Puerta Del Diablo,Honduras,47,2024,4,19,2,Medio
253,2024-01-26,Balboa,Nicaragua,24,2024,1,26,1,Bajo
254,2021-05-22,Amulapa,Honduras,11,2021,5,22,2,Bajo
255,2021-04-27,Sunset Park,Guatemala,20,2021,4,27,2,Bajo
256,2022-08-14,Cerro Verde,Estados Unidos,62,2022,8,14,3,Alto
257,2021-08-24,Cerro Verde,Nicaragua,60,2021,8,24,3,Alto
258,2024-02-19,Amulapa,Nicaragua,25,2024,2,19,1,Bajo
259,2022-01-28,Apulo,Nicaragua,15,2022,1,28,1,Bajo
260,2021-11-17,Amulapa,España,48,2021,11,17,4,Medio
261,2022-05-06,Balboa,Estados Unidos,10,2022,5,6,2,Bajo
262,2024-09-05,Apulo,Canada,27,2024,9,5,3,Bajo
263,2022-07-19,Balboa,Costa Rica,29,2022,7,19,3,Bajo
264,2024-08-03,Apulo,Estados Unidos,68,2024,8,3,3,Alto
265,2022-06-26,Balboa,Nicaragua,51,2022,6,26,2,Medio
266,2024-06-26,Sunset Park,Honduras,58,2024,6,26,2,Medio
267,2024-02-27,Sunset Park,Mexico,57,2024,2,27,1,Medio
268,2021-08-25,Sunset Park,Estados Unidos,9,2021,8,25,3,Bajo
269,2022-03-03,Sunset Park,España,78,2022,3,3,1,Alto
270,2023-06-25,Amulapa,Mexico,16,2023,6,25,2,Bajo
271,2024-07-11,Puerta Del Diablo,España,24,2024,7,11,3,Bajo
272,2024-08-12,Cerro Verde,Mexico,73,2024,8,12,3,Alto
273,2023-02-03,Sunset Park,Honduras,54,2023,2,3,1,Medio
274,2022-11-17,Sunset Park,Mexico,28,2022,11,17,4,Bajo
275,2023-04-04,Puerta Del Diablo,Honduras,14,2023,4,4,2,Bajo
276,2023-11-27,Cerro Verde,Canada,65,2023,11,27,4,Alto
277,2022-06-22,Apulo,Honduras,77,2022,6,22,2,Alto
278,2021-03-23,Cerro Verde,Mexico,17,2021,3,23,1,Bajo
279,2022-05-25,Balboa,Nicaragua,65,2022,5,25,2,Alto
280,2022-01-28,Apulo,Costa Rica,23,2022,1,28,1,Bajo
281,2022-10-11,Apulo,Guatemala,59,2022,10,11,4,Medio
282,2021-02-10,Balboa,Honduras,26,2021,2,10,1,Bajo
283,2022-03-03,Sunset Park,Guatemala,70,2022,3,3,1,Alto
284,2022-11-11,Cerro Verde,Nicaragua,5,2022,11,11,4,Bajo
285,2022-01-02,Balboa,Nicaragua,71,2022,1,2,1,Alto
286,2023-04-12,Cerro Verde,Guatemala,64,2023,4,12,2,Alto
287,2024-02-29,Amulapa,Nicaragua,56,2024,2,29,1,Medio
288,2021-01-11,Apulo,Costa Rica,65,2021,1,11,1,Alto
289,2022-01-29,Apulo,Mexico,29,2022,1,29,1,Bajo
290,2024-12-26,Sunset Park,Nicaragua,27,2024,12,26,4,Bajo
291,2023-02-16,Amulapa,Guatemala,10,2023,2,16,1,Bajo
292,2021-01-13,Sunset Park,Costa Rica,49,2021,1,13,1,Medio
293,2023-01-19,Balboa,Mexico,53,2023,1,19,1,Medio
294,2021-05-08,Cerro Verde,Costa Rica,78,2021,5,8,2,Alto
295,2022-09-26,Amulapa,Guatemala,41,2022,9,26,3,Medio
296,2023-03-01,Sunset Park,Guatemala,22,2023,3,1,1,Bajo
297,2024-09-03,Cerro Verde,Honduras,54,2024,9,3,3,Medio
298,2024-02-08,Puerta Del Diablo,Nicaragua,59,2024,2,8,1,Medio
299,2023-02-07,Balboa,Canada,8,2023,2,7,1,Bajo
300,2023-11-11,Amulapa,Estados Unidos,36,2023,11,11,4,Medio
301,2021-03-09,Cerro Verde,Nicaragua,19,2021,3,9,1,Bajo
302,2021-02-14,Sunset Park,Estados Unidos,52,2021,2,14,1,Medio
303,2024-01-28,Sunset Park,Canada,60,2024,1,28,1,Alto
304,2021-07-18,Amulapa,Canada,50,2021,7,18,3,Medio
305,2022-04-25,Cerro Verde,Estados Unidos,30,2022,4,25,2,Medio
306,2021-11-22,Apulo,Nicaragua,15,2021,11,22,4,Bajo
307,2021-05-17,Puerta Del Diablo,Nicaragua,19,2021,5,17,2,Bajo
308,2022-09-22,Balboa,Estados Unidos,70,2022,9,22,3,Alto
309,2021-08-26,Cerro Verde,Costa Rica,13,2021,8,26,3,Bajo
310,2024-06-04,Sunset Park,Costa Rica,35,2024,6,4,2,Medio
311,2024-09-25,Balboa,España,41,2024,9,25,3,Medio
312,2021-03-15,Cerro Verde,Estados Unidos,43,2021,3,15,1,Medio
313,2022-06-07,Sunset Park,Canada,53,2022,6,7,2,Medio
314,2022-10-16,Amulapa,Canada,75,2022,10,16,4,Alto
315,2021-01-30,Puerta Del Diablo,Canada,67,2021,1,30,1,Alto
316,2021-12-11,Amulapa,Estados Unidos,75,2021,12,11,4,Alto
317,2023-04-09,Cerro Verde,España,55,2023,4,9,2,Medio
318,2023-11-02,Cerro Verde,Costa Rica,16,2023,11,2,4,Bajo
319,2021-12-06,Balboa,Nicaragua,62,2021,12,6,4,Alto
320,2022-11-26,Balboa,Nicaragua,72,2022,11,26,4,Alto
321,2021-12-16,Sunset Park,España,77,2021,12,16,4,Alto
322,2024-01-23,Apulo,Guatemala,44,2024,1,23,1,Medio
323,2021-03-17,Puerta Del Diablo,Estados Unidos,55,2021,3,17,1,Medio
324,2022-02-05,Sunset Park,Nicaragua,22,2022,2,5,1,Bajo
325,2023-01-19,Amulapa,Mexico,18,2023,1,19,1,Bajo
326,2023-03-21,Amulapa,Guatemala,43,2023,3,21,1,Medio
327,2022-06-04,Sunset Park,Costa Rica,33,2022,6,4,2,Medio
328,2021-03-19,Balboa,Guatemala,58,2021,3,19,1,Medio
329,2024-12-23,Sunset Park,España,35,2024,12,23,4,Medio
330,2022-11-20,Amulapa,Canada,70,2022,11,20,4,Alto
331,2023-04-30,Puerta Del Diablo,Honduras,16,2023,4,30,2,Bajo
332,2024-07-03,Cerro Verde,Canada,73,2024,7,3,3,Alto
333,2022-05-06,Apulo,Guatemala,48,2022,5,6,2,Medio
334,2023-09-04,Apulo,Honduras,33,2023,9,4,3,Medio
335,2023-11-02,Cerro Verde,Costa Rica,11,2023,11,2,4,Bajo
336,2024-06-30,Balboa,Guatemala,55,2024,6,30,2,Medio
337,2021-08-16,Amulapa,Costa Rica,78,2021,8,16,3,Alto
338,2024-12-02,Sunset Park,Mexico,19,2024,12,2,4,Bajo
339,2024-05-21,Apulo,Nicaragua,68,2024,5,21,2,Alto
340,2021-06-22,Balboa,Canada,37,2021,6,22,2,Medio
341,2023-04-10,Sunset Park,Canada,32,2023,4,10,2,Medio
342,2022-02-15,Apulo,Costa Rica,72,2022,2,15,1,Alto
343,2024-09-22,Apulo,Canada,79,2024,9,22,3,Alto
344,2021-01-01,Cerro Verde,Guatemala,59,2021,1,1,1,Medio
345,2024-09-05,Balboa,Canada,11,2024,9,5,3,Bajo
346,2024-03-08,Puerta Del Diablo,Guatemala,59,2024,3,8,1,Medio
347,2024-02-01,Apulo,Honduras,58,2024,2,1,1,Medio
348,2024-09-11,Sunset Park,Nicaragua,66,2024,9,11,3,Alto
349,2024-02-04,Balboa,Estados Unidos,50,2024,2,4,1,Medio
350,2021-01-01,Amulapa,Mexico,28,2021,1,1,1,Bajo
351,2023-02-16,Amulapa,Estados Unidos,60,2023,2,16,1,Alto
352,2021-10-04,Amulapa,España,75,2021,10,4,4,Alto
353,2024-07-26,Apulo,Costa Rica,16,2024,7,26,3,Bajo
354,2022-02-22,Amulapa,Costa Rica,36,2022,2,22,1,Medio
355,2021-11-28,Amulapa,Estados Unidos,23,2021,11,28,4,Bajo
356,2023-08-28,Puerta Del Diablo,Mexico,48,2023,8,28,3,Medio
357,2021-03-23,Puerta Del Diablo,Honduras,32,2021,3,23,1,Medio
358,2023-05-20,Apulo,Nicaragua,28,2023,5,20,2,Bajo
359,2023-04-22,Cerro Verde,Mexico,24,2023,4,22,2,Bajo
360,2024-04-09,Amulapa,Estados Unidos,18,2024,4,9,2,Bajo
361,2024-11-22,Apulo,Honduras,7,2024,11,22,4,Bajo
362,2021-12-05,Apulo,Nicaragua,52,2021,12,5,4,Medio
363,2023-02-15,Amulapa,España,19,2023,2,15,1,Bajo
364,2022-01-21,Sunset Park,España,30,2022,1,21,1,Medio
365,2024-09-24,Sunset Park,Guatemala,77,2024,9,24,3,Alto
366,2021-09-18,Cerro Verde,Nicaragua,13,2021,9,18,3,Bajo
367,2021-03-15,Sunset Park,España,37,2021,3,15,1,Medio
368,2021-04-03,Apulo,Canada,63,2021,4,3,2,Alto
369,2022-02-21,Cerro Verde,Canada,7,2022,2,21,1,Bajo
370,2024-04-14,Sunset Park,Honduras,27,2024,4,14,2,Bajo
371,2024-11-23,Sunset Park,Nicaragua,10,2024,11,23,4,Bajo
372,2024-11-14,Apulo,Estados Unidos,76,2024,11,14,4,Alto
373,2023-02-19,Cerro Verde,Costa Rica,51,2023,2,19,1,Medio
374,2024-05-09,Sunset Park,Guatemala,47,2024,5,9,2,Medio
375,2023-01-30,Balboa,España,53,2023,1,30,1,Medio
376,2021-08-30,Apulo,Canada,21,2021,8,30,3,Bajo
377,2024-09-11,Balboa,Nicaragua,78,2024,9,11,3,Alto
378,2024-01-14,Puerta Del Diablo,Nicaragua,16,2024,1,14,1,Bajo
379,2022-03-21,Sunset Park,Estados Unidos,26,2022,3,21,1,Bajo
380,2022-02-18,Balboa,Canada,15,2022,2,18,1,Bajo
381,2021-12-04,Puerta Del Diablo,España,26,2021,12,4,4,Bajo
382,2023-11-06,Apulo,Costa Rica,8,2023,11,6,4,Bajo
383,2021-06-24,Balboa,España,19,2021,6,24,2,Bajo
384,2024-07-14,Cerro Verde,Honduras,47,2024,7,14,3,Medio
385,2023-11-12,Apulo,Guatemala,45,2023,11,12,4,Medio
386,2021-01-02,Apulo,Guatemala,26,2021,1,2,1,Bajo
387,2021-05-09,Amulapa,España,72,2021,5,9,2,Alto
388,2021-10-20,Cerro Verde,Guatemala,47,2021,10,20,4,Medio
389,2023-05-21,Amulapa,Mexico,54,2023,5,21,2,Medio
390,2023-11-21,Apulo,Mexico,77,2023,11,21,4,Alto
391,2021-05-13,Amulapa,Guatemala,52,2021,5,13,2,Medio
392,2024-10-10,Puerta Del Diablo,Mexico,58,2024,10,10,4,Medio
393,2022-12-07,Sunset Park,Nicaragua,11,2022,12,7,4,Bajo
394,2022-07-17,Apulo,Canada,64,2022,7,17,3,Alto
395,2021-01-22,Balboa,Nicaragua,27,2021,1,22,1,Bajo
396,2024-08-28,Apulo,Guatemala,45,2024,8,28,3,Medio
397,2021-03-27,Cerro Verde,Guatemala,65,2021,3,27,1,Alto
398,2021-06-07,Balboa,Canada,15,2021,6,7,2,Bajo
399,2023-10-14,Cerro Verde,Guatemala,70,2023,10,14,4,Alto
400,2024-05-25,Apulo,España,46,2024,5,25,2,Medio
401,2022-04-28,Puerta Del Diablo,Canada,19,2022,4,28,2,Bajo
402,2024-12-24,Balboa,Mexico,23,2024,12,24,4,Bajo
403,2023-10-04,Apulo,Canada,50,2023,10,4,4,Medio
404,2023-05-03,Apulo,Costa Rica,21,2023,5,3,2,Bajo
405,2023-11-25,Cerro Verde,Guatemala,70,2023,11,25,4,Alto
406,2023-10-10,Amulapa,Estados Unidos,10,2023,10,10,4,Bajo
407,2024-08-05,Apulo,Nicaragua,78,2024,8,5,3,Alto
408,2024-12-11,Puerta Del Diablo,Nicaragua,26,2024,12,11,4,Bajo
409,2022-09-05,Amulapa,Honduras,23,2022,9,5,3,Bajo
410,2021-01-26,Balboa,Canada,45,2021,1,26,1,Medio
411,2023-02-09,Apulo,Nicaragua,35,2023,2,9,1,Medio
412,2024-11-08,Cerro Verde,Nicaragua,8,2024,11,8,4,Bajo
413,2021-02-13,Puerta Del Diablo,España,66,2021,2,13,1,Alto
414,2023-07-05,Sunset Park,España,18,2023,7,5,3,Bajo
415,2022-05-09,Puerta Del Diablo,España,57,2022,5,9,2,Medio
416,2024-11-13,Apulo,Guatemala,42,2024,11,13,4,Medio
417,2021-08-23,Apulo,Honduras,64,2021,8,23,3,Alto
418,2021-10-01,Balboa,Estados Unidos,9,2021,10,1,4,Bajo
419,2024-01-09,Apulo,Canada,13,2024,1,9,1,Bajo
420,2023-02-10,Puerta Del Diablo,Canada,8,2023,2,10,1,Bajo
421,2022-09-16,Sunset Park,Estados Unidos,58,2022,9,16,3,Medio
422,2021-12-25,Puerta Del Diablo,Guatemala,61,2021,12,25,4,Alto
423,2024-12-08,Apulo,Guatemala,12,2024,12,8,4,Bajo
424,2021-03-14,Apulo,Estados Unidos,18,2021,3,14,1,Bajo
425,2022-11-24,Sunset Park,Costa Rica,32,2022,11,24,4,Medio
426,2024-02-20,Sunset Park,Estados Unidos,51,2024,2,20,1,Medio
427,2023-06-17,Balboa,Guatemala,57,2023,6,17,2,Medio
428,2022-05-06,Sunset Park,Nicaragua,78,2022,5,6,2,Alto
429,2022-11-17,Cerro Verde,España,71,2022,11,17,4,Alto
430,2024-11-03,Apulo,Estados Unidos,70,2024,11,3,4,Alto
431,2022-12-28,Balboa,Honduras,9,2022,12,28,4,Bajo
432,2024-01-28,Amulapa,Estados Unidos,13,2024,1,28,1,Bajo
433,2024-07-10,Puerta Del Diablo,Mexico,73,2024,7,10,3,Alto
434,2024-09-11,Balboa,Honduras,20,2024,9,11,3,Bajo
435,2022-03-25,Apulo,Nicaragua,28,2022,3,25,1,Bajo
436,2022-07-08,Apulo,Estados Unidos,79,2022,7,8,3,Alto
437,2021-01-29,Sunset Park,Costa Rica,62,2021,1,29,1,Alto
438,2022-08-04,Sunset Park,Guatemala,20,2022,8,4,3,Bajo
439,2021-11-29,Cerro Verde,Canada,36,2021,11,29,4,Medio
440,2021-09-08,Cerro Verde,Honduras,57,2021,9,8,3,Medio
441,2024-05-15,Apulo,Costa Rica,38,2024,5,15,2,Medio
442,2024-11-09,Apulo,Guatemala,9,2024,11,9,4,Bajo
443,2022-04-04,Cerro Verde,Canada,59,2022,4,4,2,Medio
444,2022-08-11,Cerro Verde,Mexico,51,2022,8,11,3,Medio
445,2024-12-09,Sunset Park,Estados Unidos,26,2024,12,9,4,Bajo
446,2023-02-27,Amulapa,España,39,2023,2,27,1,Medio
447,2023-04-21,Balboa,Estados Unidos,54,2023,4,21,2,Medio
448,2022-12-26,Sunset Park,Honduras,51,2022,12,26,4,Medio
449,2024-09-18,Cerro Verde,España,15,2024,9,18,3,Bajo
450,2021-09-18,Puerta Del Diablo,Nicaragua,22,2021,9,18,3,Bajo
451,2024-10-04,Cerro Verde,Costa Rica,23,2024,10,4,4,Bajo
452,2023-09-17,Puerta Del Diablo,Canada,62,2023,9,17,3,Alto
453,2021-04-11,Sunset Park,Guatemala,26,2021,4,11,2,Bajo
454,2023-04-03,Sunset Park,Guatemala,11,2023,4,3,2,Bajo
455,2023-08-03,Sunset Park,Guatemala,31,2023,8,3,3,Medio
456,2024-10-05,Amulapa,Mexico,6,2024,10,5,4,Bajo
457,2023-05-08,Apulo,Nicaragua,24,2023,5,8,2,Bajo
458,2022-11-10,Apulo,Costa Rica,25,2022,11,10,4,Bajo
459,2021-09-18,Sunset Park,España,46,2021,9,18,3,Medio
460,2021-12-25,Amulapa,Nicaragua,35,2021,12,25,4,Medio
461,2024-03-02,Balboa,Guatemala,67,2024,3,2,1,Alto
462,2024-11-12,Amulapa,Guatemala,8,2024,11,12,4,Bajo
463,2023-03-20,Apulo,Canada,13,2023,3,20,1,Bajo
464,2023-02-12,Balboa,Estados Unidos,40,2023,2,12,1,Medio
465,2021-01-06,Apulo,Honduras,17,2021,1,6,1,Bajo
466,2021-08-10,Cerro Verde,Nicaragua,60,2021,8,10,3,Alto
467,2022-02-26,Sunset Park,Nicaragua,9,2022,2,26,1,Bajo
468,2021-12-29,Apulo,Mexico,19,2021,12,29,4,Bajo
469,2022-07-17,Cerro Verde,España,66,2022,7,17,3,Alto
470,2023-10-29,Balboa,Guatemala,7,2023,10,29,4,Bajo
471,2024-05-09,Apulo,Mexico,56,2024,5,9,2,Medio
472,2024-11-14,Amulapa,Mexico,28,2024,11,14,4,Bajo
473,2024-01-10,Balboa,Estados Unidos,24,2024,1,10,1,Bajo
474,2024-02-06,Amulapa,Estados Unidos,14,2024,2,6,1,Bajo
475,2022-11-16,Sunset Park,Nicaragua,68,2022,11,16,4,Alto
476,2024-01-21,Apulo,Canada,31,2024,1,21,1,Medio
477,2021-04-08,Sunset Park,Estados Unidos,53,2021,4,8,2,Medio
478,2021-06-06,Amulapa,Mexico,56,2021,6,6,2,Medio
479,2021-12-05,Puerta Del Diablo,Estados Unidos,22,2021,12,5,4,Bajo
480,2022-04-11,Amulapa,Estados Unidos,53,2022,4,11,2,Medio
481,2023-08-23,Sunset Park,Canada,64,2023,8,23,3,Alto
482,2021-05-02,Balboa,Costa Rica,58,2021,5,2,2,Medio
483,2021-07-31,Balboa,Canada,63,2021,7,31,3,Alto
484,2021-12-12,Sunset Park,España,74,2021,12,12,4,Alto
485,2023-10-19,Apulo,Honduras,74,2023,10,19,4,Alto
486,2022-09-17,Apulo,Canada,7,2022,9,17,3,Bajo
487,2021-06-03,Balboa,Costa Rica,40,2021,6,3,2,Medio
488,2022-11-11,Balboa,Mexico,20,2022,11,11,4,Bajo
489,2021-09-17,Amulapa,Guatemala,23,2021,9,17,3,Bajo
490,2022-04-02,Cerro Verde,Guatemala,65,2022,4,2,2,Alto
491,2023-08-16,Apulo,Mexico,21,2023,8,16,3,Bajo
492,2021-11-03,Cerro Verde,Nicaragua,40,2021,11,3,4,Medio
493,2022-02-02,Balboa,Nicaragua,52,2022,2,2,1,Medio
494,2024-11-26,Balboa,España,31,2024,11,26,4,Medio
495,2022-10-16,Cerro Verde,Guatemala,53,2022,10,16,4,Medio
496,2024-06-29,Apulo,España,78,2024,6,29,2,Alto
497,2023-10-23,Apulo,España,61,2023,10,23,4,Alto
498,2021-09-15,Balboa,Honduras,30,2021,9,15,3,Medio
499,2022-07-29,Puerta Del Diablo,España,10,2022,7,29,3,Bajo
500,2024-05-28,Puerta Del Diablo,Costa Rica,55,2024,5,28,2,Medio
501,2022-10-03,Balboa,Nicaragua,69,2022,10,3,4,Alto
502,2021-04-02,Amulapa,Honduras,41,2021,4,2,2,Medio
503,2022-10-23,Puerta Del Diablo,Canada,46,2022,10,23,4,Medio
504,2024-01-03,Balboa,Costa Rica,39,2024,1,3,1,Medio
505,2023-08-13,Apulo,Estados Unidos,35,2023,8,13,3,Medio
506,2023-05-26,Apulo,España,36,2023,5,26,2,Medio
507,2024-03-16,Amulapa,Honduras,36,2024,3,16,1,Medio
508,2021-01-22,Puerta Del Diablo,Costa Rica,42,2021,1,22,1,Medio
509,2023-08-23,Amulapa,Estados Unidos,68,2023,8,23,3,Alto
510,2021-01-22,Puerta Del Diablo,Honduras,54,2021,1,22,1,Medio
511,2021-01-13,Apulo,Guatemala,25,2021,1,13,1,Bajo
512,2023-09-06,Sunset Park,España,40,2023,9,6,3,Medio
513,2022-03-17,Sunset Park,España,5,2022,3,17,1,Bajo
514,2022-04-11,Cerro Verde,Guatemala,24,2022,4,11,2,Bajo
515,2024-05-14,Cerro Verde,Canada,47,2024,5,14,2,Medio
516,2022-04-30,Amulapa,Costa Rica,26,2022,4,30,2,Bajo
517,2024-07-18,Puerta Del Diablo,Estados Unidos,5,2024,7,18,3,Bajo
518,2023-03-16,Amulapa,España,29,2023,3,16,1,Bajo
519,2023-05-21,Cerro Verde,Mexico,23,2023,5,21,2,Bajo
520,2023-10-14,Sunset Park,Guatemala,64,2023,10,14,4,Alto
521,2021-06-20,Balboa,Estados Unidos,14,2021,6,20,2,Bajo
522,2021-09-28,Balboa,Costa Rica,52,2021,9,28,3,Medio
523,2023-04-15,Sunset Park,Mexico,49,2023,4,15,2,Medio
524,2023-03-09,Balboa,Costa Rica,11,2023,3,9,1,Bajo
525,2021-09-20,Cerro Verde,Nicaragua,22,2021,9,20,3,Bajo
526,2022-08-13,Puerta Del Diablo,Nicaragua,63,2022,8,13,3,Alto
527,2023-05-19,Sunset Park,Guatemala,78,2023,5,19,2,Alto
528,2022-09-17,Apulo,Guatemala,54,2022,9,17,3,Medio
529,2021-10-01,Apulo,Guatemala,22,2021,10,1,4,Bajo
530,2023-08-27,Puerta Del Diablo,Guatemala,12,2023,8,27,3,Bajo
531,2021-11-06,Balboa,Guatemala,41,2021,11,6,4,Medio
532,2024-10-06,Apulo,Canada,57,2024,10,6,4,Medio
533,2022-10-27,Amulapa,Canada,39,2022,10,27,4,Medio
534,2022-08-12,Apulo,Nicaragua,20,2022,8,12,3,Bajo
535,2021-07-29,Sunset Park,Estados Unidos,53,2021,7,29,3,Medio
536,2024-11-26,Balboa,Costa Rica,66,2024,11,26,4,Alto
537,2021-10-14,Balboa,Nicaragua,7,2021,10,14,4,Bajo
538,2021-10-03,Puerta Del Diablo,Nicaragua,35,2021,10,3,4,Medio
539,2024-10-04,Amulapa,Costa Rica,27,2024,10,4,4,Bajo
540,2023-03-10,Sunset Park,España,52,2023,3,10,1,Medio
541,2021-05-21,Puerta Del Diablo,Costa Rica,26,2021,5,21,2,Bajo
542,2022-03-14,Cerro Verde,Costa Rica,42,2022,3,14,1,Medio
543,2021-09-12,Puerta Del Diablo,Mexico,33,2021,9,12,3,Medio
544,2024-06-13,Cerro Verde,Guatemala,77,2024,6,13,2,Alto
545,2023-07-05,Balboa,España,73,2023,7,5,3,Alto
546,2024-10-02,Puerta Del Diablo,Canada,24,2024,10,2,4,Bajo
547,2024-06-17,Amulapa,Nicaragua,64,2024,6,17,2,Alto
548,2022-01-06,Sunset Park,Canada,22,2022,1,6,1,Bajo
549,2023-05-23,Amulapa,Nicaragua,76,2023,5,23,2,Alto
550,2024-09-01,Amulapa,Canada,37,2024,9,1,3,Medio
551,2022-01-16,Apulo,Nicaragua,66,2022,1,16,1,Alto
552,2021-10-13,Sunset Park,Nicaragua,26,2021,10,13,4,Bajo
553,2023-05-18,Apulo,Nicaragua,24,2023,5,18,2,Bajo
554,2023-05-26,Apulo,Nicaragua,62,2023,5,26,2,Alto
555,2023-01-09,Puerta Del Diablo,Mexico,40,2023,1,9,1,Medio
556,2023-10-24,Sunset Park,Honduras,13,2023,10,24,4,Bajo
557,2024-09-29,Balboa,Estados Unidos,25,2024,9,29,3,Bajo
558,2024-10-23,Sunset Park,Nicaragua,32,2024,10,23,4,Medio
559,2021-09-16,Apulo,Mexico,19,2021,9,16,3,Bajo
560,2021-10-20,Balboa,Canada,48,2021,10,20,4,Medio
561,2021-09-30,Balboa,España,35,2021,9,30,3,Medio
562,2022-03-08,Cerro Verde,Nicaragua,37,2022,3,8,1,Medio
563,2023-03-06,Cerro Verde,Canada,32,2023,3,6,1,Medio
564,2023-11-22,Amulapa,Costa Rica,27,2023,11,22,4,Bajo
565,2023-12-28,Cerro Verde,Guatemala,60,2023,12,28,4,Alto
566,2022-03-24,Apulo,Honduras,44,2022,3,24,1,Medio
567,2024-08-13,Amulapa,Costa Rica,26,2024,8,13,3,Bajo
568,2021-06-18,Amulapa,España,79,2021,6,18,2,Alto
569,2021-12-26,Amulapa,Guatemala,62,2021,12,26,4,Alto
570,2024-05-13,Amulapa,Canada,68,2024,5,13,2,Alto
571,2023-03-05,Cerro Verde,Canada,27,2023,3,5,1,Bajo
572,2023-11-20,Balboa,Honduras,5,2023,11,20,4,Bajo
573,2022-06-21,Amulapa,Honduras,33,2022,6,21,2,Medio
574,2023-12-13,Puerta Del Diablo,Costa Rica,51,2023,12,13,4,Medio
575,2024-06-20,Sunset Park,Guatemala,48,2024,6,20,2,Medio
576,2022-08-23,Amulapa,Nicaragua,58,2022,8,23,3,Medio
577,2023-12-11,Cerro Verde,Honduras,36,2023,12,11,4,Medio
578,2022-08-01,Sunset Park,Costa Rica,63,2022,8,1,3,Alto
579,2024-08-31,Amulapa,Mexico,34,2024,8,31,3,Medio
580,2024-04-14,Apulo,Honduras,75,2024,4,14,2,Alto
581,2024-08-21,Amulapa,Guatemala,33,2024,8,21,3,Medio
582,2021-05-14,Amulapa,España,48,2021,5,14,2,Medio
583,2024-11-12,Balboa,España,42,2024,11,12,4,Medio
584,2023-11-04,Apulo,Costa Rica,37,2023,11,4,4,Medio
585,2022-05-16,Amulapa,Mexico,44,2022,5,16,2,Medio
586,2024-07-16,Amulapa,Estados Unidos,17,2024,7,16,3,Bajo
587,2022-04-26,Puerta Del Diablo,Honduras,6,2022,4,26,2,Bajo
588,2021-01-01,Amulapa,España,47,2021,1,1,1,Medio
589,2022-06-17,Apulo,España,69,2022,6,17,2,Alto
590,2021-06-04,Cerro Verde,Nicaragua,38,2021,6,4,2,Medio
591,2023-01-06,Balboa,Honduras,62,2023,1,6,1,Alto
592,2022-04-13,Puerta Del Diablo,Mexico,24,2022,4,13,2,Bajo
593,2023-10-06,Cerro Verde,Costa Rica,5,2023,10,6,4,Bajo
594,2024-01-12,Sunset Park,Canada,45,2024,1,12,1,Medio
595,2024-03-17,Sunset Park,Mexico,30,2024,3,17,1,Medio
596,2022-03-12,Cerro Verde,Costa Rica,66,2022,3,12,1,Alto
597,2022-03-14,Cerro Verde,Nicaragua,44,2022,3,14,1,Medio
598,2024-07-12,Sunset Park,Estados Unidos,22,2024,7,12,3,Bajo
599,2022-03-23,Puerta Del Diablo,Nicaragua,33,2022,3,23,1,Medio
600,2024-01-08,Amulapa,Honduras,46,2024,1,8,1,Medio
601,2024-12-20,Balboa,Mexico,30,2024,12,20,4,Medio
602,2024-08-31,Sunset Park,Estados Unidos,17,2024,8,31,3,Bajo
603,2023-11-24,Sunset Park,Guatemala,63,2023,11,24,4,Alto
604,2021-10-14,Balboa,Costa Rica,53,2021,10,14,4,Medio
605,2021-08-28,Amulapa,Mexico,37,2021,8,28,3,Medio
606,2021-12-02,Balboa,Mexico,11,2021,12,2,4,Bajo
607,2023-04-26,Cerro Verde,Guatemala,30,2023,4,26,2,Medio
608,2022-09-05,Apulo,Costa Rica,54,2022,9,5,3,Medio
609,2024-10-23,Amulapa,Guatemala,23,2024,10,23,4,Bajo
610,2023-05-30,Amulapa,Nicaragua,70,2023,5,30,2,Alto
611,2022-01-12,Balboa,Honduras,52,2022,1,12,1,Medio
612,2022-09-06,Balboa,Guatemala,26,2022,9,6,3,Bajo
613,2023-09-30,Apulo,Nicaragua,28,2023,9,30,3,Bajo
614,2022-02-11,Apulo,Estados Unidos,37,2022,2,11,1,Medio
615,2022-01-13,Apulo,Canada,70,2022,1,13,1,Alto
616,2024-11-19,Cerro Verde,Costa Rica,75,2024,11,19,4,Alto
617,2021-01-15,Puerta Del Diablo,Estados Unidos,34,2021,1,15,1,Medio
618,2022-01-02,Sunset Park,Estados Unidos,40,2022,1,2,1,Medio
619,2021-05-19,Sunset Park,Costa Rica,11,2021,5,19,2,Bajo
620,2024-01-10,Puerta Del Diablo,Mexico,77,2024,1,10,1,Alto
621,2021-02-09,Puerta Del Diablo,Nicaragua,28,2021,2,9,1,Bajo
622,2024-12-01,Apulo,España,47,2024,12,1,4,Medio
623,2024-03-17,Apulo,Honduras,47,2024,3,17,1,Medio
624,2023-03-07,Amulapa,Guatemala,65,2023,3,7,1,Alto
625,2022-01-19,Apulo,Costa Rica,8,2022,1,19,1,Bajo
626,2024-02-01,Cerro Verde,Guatemala,60,2024,2,1,1,Alto
627,2022-12-24,Puerta Del Diablo,Mexico,7,2022,12,24,4,Bajo
628,2022-04-12,Puerta Del Diablo,Costa Rica,21,2022,4,12,2,Bajo
629,2024-10-20,Cerro Verde,Nicaragua,13,2024,10,20,4,Bajo
630,2021-08-25,Puerta Del Diablo,Estados Unidos,60,2021,8,25,3,Alto
631,2024-10-02,Amulapa,Canada,59,2024,10,2,4,Medio
632,2023-09-12,Apulo,Guatemala,25,2023,9,12,3,Bajo
633,2024-10-10,Apulo,Estados Unidos,43,2024,10,10,4,Medio
634,2022-02-01,Amulapa,Estados Unidos,41,2022,2,1,1,Medio
635,2021-06-07,Apulo,España,46,2021,6,7,2,Medio
636,2021-08-14,Apulo,Nicaragua,63,2021,8,14,3,Alto
637,2024-02-17,Amulapa,Costa Rica,26,2024,2,17,1,Bajo
638,2023-04-03,Apulo,Nicaragua,74,2023,4,3,2,Alto
639,2024-08-05,Balboa,España,44,2024,8,5,3,Medio
640,2024-01-10,Apulo,Mexico,13,2024,1,10,1,Bajo
641,2021-04-29,Balboa,Canada,48,2021,4,29,2,Medio
642,2021-04-15,Amulapa,Honduras,31,2021,4,15,2,Medio
643,2022-10-10,Cerro Verde,Mexico,78,2022,10,10,4,Alto
644,2023-03-27,Cerro Verde,Costa Rica,61,2023,3,27,1,Alto
645,2021-02-18,Balboa,Guatemala,60,2021,2,18,1,Alto
646,2024-08-25,Amulapa,Guatemala,54,2024,8,25,3,Medio
647,2022-02-22,Puerta Del Diablo,Mexico,45,2022,2,22,1,Medio
648,2023-02-23,Apulo,Nicaragua,61,2023,2,23,1,Alto
649,2024-06-30,Sunset Park,Guatemala,16,2024,6,30,2,Bajo
650,2023-01-11,Amulapa,Costa Rica,29,2023,1,11,1,Bajo
651,2021-07-02,Puerta Del Diablo,España,62,2021,7,2,3,Alto
652,2023-06-23,Puerta Del Diablo,Costa Rica,44,2023,6,23,2,Medio
653,2023-05-17,Sunset Park,Nicaragua,38,2023,5,17,2,Medio
654,2023-07-04,Sunset Park,Mexico,30,2023,7,4,3,Medio
655,2022-08-07,Apulo,Mexico,38,2022,8,7,3,Medio
656,2022-06-21,Amulapa,Guatemala,15,2022,6,21,2,Bajo
657,2022-03-31,Balboa,Costa Rica,40,2022,3,31,1,Medio
658,2021-11-21,Amulapa,Estados Unidos,70,2021,11,21,4,Alto
659,2024-01-05,Apulo,Canada,53,2024,1,5,1,Medio
660,2022-09-16,Apulo,Honduras,37,2022,9,16,3,Medio
661,2023-05-24,Apulo,Nicaragua,40,2023,5,24,2,Medio
662,2021-09-13,Amulapa,España,50,2021,9,13,3,Medio
663,2022-08-17,Apulo,Honduras,68,2022,8,17,3,Alto
664,2023-02-15,Puerta Del Diablo,Honduras,52,2023,2,15,1,Medio
665,2022-12-25,Puerta Del Diablo,Mexico,52,2022,12,25,4,Medio
666,2022-06-12,Balboa,Mexico,26,2022,6,12,2,Bajo
667,2023-12-26,Sunset Park,Costa Rica,15,2023,12,26,4,Bajo
668,2023-09-08,Cerro Verde,Mexico,5,2023,9,8,3,Bajo
669,2021-07-13,Balboa,Nicaragua,24,2021,7,13,3,Bajo
670,2021-06-01,Amulapa,España,11,2021,6,1,2,Bajo
671,2021-01-24,Amulapa,Honduras,57,2021,1,24,1,Medio
672,2022-07-27,Apulo,Honduras,24,2022,7,27,3,Bajo
673,2023-07-27,Apulo,Canada,23,2023,7,27,3,Bajo
674,2022-05-23,Puerta Del Diablo,Mexico,71,2022,5,23,2,Alto
675,2021-10-30,Balboa,Estados Unidos,9,2021,10,30,4,Bajo
676,2024-08-30,Sunset Park,Mexico,10,2024,8,30,3,Bajo
677,2022-09-07,Amulapa,Costa Rica,58,2022,9,7,3,Medio
678,2021-02-12,Cerro Verde,Mexico,25,2021,2,12,1,Bajo
679,2024-10-27,Balboa,Guatemala,78,2024,10,27,4,Alto
680,2024-06-24,Sunset Park,Mexico,53,2024,6,24,2,Medio
681,2022-06-07,Apulo,Costa Rica,12,2022,6,7,2,Bajo
682,2024-09-19,Amulapa,Costa Rica,55,2024,9,19,3,Medio
683,2022-03-21,Cerro Verde,Nicaragua,46,2022,3,21,1,Medio
684,2021-01-07,Cerro Verde,España,60,2021,1,7,1,Alto
685,2024-07-15,Sunset Park,Honduras,73,2024,7,15,3,Alto
686,2022-04-10,Amulapa,España,46,2022,4,10,2,Medio
687,2022-02-27,Amulapa,Mexico,33,2022,2,27,1,Medio
688,2023-11-03,Balboa,Costa Rica,52,2023,11,3,4,Medio
689,2022-07-16,Balboa,Estados Unidos,41,2022,7,16,3,Medio
690,2023-10-15,Balboa,Honduras,48,2023,10,15,4,Medio
691,2023-10-30,Cerro Verde,Honduras,7,2023,10,30,4,Bajo
692,2022-12-09,Sunset Park,Estados Unidos,31,2022,12,9,4,Medio
693,2021-01-08,Puerta Del Diablo,Guatemala,26,2021,1,8,1,Bajo
694,2024-05-19,Cerro Verde,Canada,74,2024,5,19,2,Alto
695,2023-08-24,Amulapa,Costa Rica,23,2023,8,24,3,Bajo
696,2023-08-27,Cerro Verde,Estados Unidos,72,2023,8,27,3,Alto
697,2021-10-27,Balboa,Nicaragua,52,2021,10,27,4,Medio
698,2021-09-28,Puerta Del Diablo,Estados Unidos,22,2021,9,28,3,Bajo
699,2024-04-03,Amulapa,Canada,32,2024,4,3,2,Medio
700,2022-07-04,Puerta Del Diablo,Guatemala,46,2022,7,4,3,Medio
701,2022-05-13,Apulo,Mexico,16,2022,5,13,2,Bajo
702,2022-03-02,Puerta Del Diablo,Costa Rica,70,2022,3,2,1,Alto
703,2023-02-28,Balboa,Mexico,24,2023,2,28,1,Bajo
704,2022-06-16,Apulo,Honduras,43,2022,6,16,2,Medio
705,2023-08-29,Puerta Del Diablo,Mexico,68,2023,8,29,3,Alto
706,2021-12-27,Sunset Park,España,56,2021,12,27,4,Medio
707,2024-01-01,Apulo,Mexico,65,2024,1,1,1,Alto
708,2022-07-22,Apulo,Estados Unidos,38,2022,7,22,3,Medio
709,2021-11-25,Amulapa,España,6,2021,11,25,4,Bajo
710,2022-02-22,Amulapa,Honduras,38,2022,2,22,1,Medio
711,2024-11-17,Balboa,Honduras,23,2024,11,17,4,Bajo
712,2022-10-30,Puerta Del Diablo,Estados Unidos,64,2022,10,30,4,Alto
713,2022-07-04,Puerta Del Diablo,Nicaragua,36,2022,7,4,3,Medio
714,2024-10-14,Cerro Verde,Nicaragua,54,2024,10,14,4,Medio
715,2024-11-12,Balboa,Costa Rica,33,2024,11,12,4,Medio
716,2023-09-25,Puerta Del Diablo,Nicaragua,40,2023,9,25,3,Medio
717,2022-04-26,Sunset Park,Canada,6,2022,4,26,2,Bajo
718,2021-12-14,Cerro Verde,Estados Unidos,48,2021,12,14,4,Medio
719,2021-11-03,Amulapa,Mexico,42,2021,11,3,4,Medio
720,2024-05-18,Sunset Park,Guatemala,43,2024,5,18,2,Medio
721,2023-04-16,Apulo,Costa Rica,69,2023,4,16,2,Alto
722,2021-11-03,Amulapa,Nicaragua,28,2021,11,3,4,Bajo
723,2023-01-10,Amulapa,Mexico,13,2023,1,10,1,Bajo
724,2024-09-13,Balboa,Nicaragua,26,2024,9,13,3,Bajo
725,2021-11-30,Amulapa,España,16,2021,11,30,4,Bajo
726,2023-04-14,Sunset Park,Costa Rica,79,2023,4,14,2,Alto
727,2023-10-31,Balboa,Guatemala,10,2023,10,31,4,Bajo
728,2022-10-15,Apulo,Costa Rica,23,2022,10,15,4,Bajo
729,2024-02-01,Apulo,España,13,2024,2,1,1,Bajo
730,2022-06-11,Cerro Verde,Costa Rica,34,2022,6,11,2,Medio
731,2023-12-09,Sunset Park,Costa Rica,67,2023,12,9,4,Alto
732,2023-05-04,Apulo,Mexico,65,2023,5,4,2,Alto
733,2021-07-03,Amulapa,Nicaragua,40,2021,7,3,3,Medio
734,2023-05-31,Sunset Park,Estados Unidos,55,2023,5,31,2,Medio
735,2022-05-16,Balboa,Canada,34,2022,5,16,2,Medio
736,2024-01-13,Cerro Verde,Nicaragua,38,2024,1,13,1,Medio
737,2021-03-30,Apulo,Honduras,22,2021,3,30,1,Bajo
738,2023-03-23,Sunset Park,Estados Unidos,7,2023,3,23,1,Bajo
739,2024-07-22,Apulo,Estados Unidos,71,2024,7,22,3,Alto
740,2023-01-25,Sunset Park,Costa Rica,29,2023,1,25,1,Bajo
741,2021-05-15,Cerro Verde,Guatemala,16,2021,5,15,2,Bajo
742,2021-02-11,Sunset Park,Mexico,48,2021,2,11,1,Medio
743,2023-12-25,Cerro Verde,Guatemala,25,2023,12,25,4,Bajo
744,2021-02-16,Balboa,Estados Unidos,46,2021,2,16,1,Medio
745,2022-05-17,Balboa,Guatemala,28,2022,5,17,2,Bajo
746,2024-12-12,Amulapa,Mexico,17,2024,12,12,4,Bajo
747,2022-07-12,Balboa,Estados Unidos,16,2022,7,12,3,Bajo
748,2024-02-22,Apulo,Nicaragua,79,2024,2,22,1,Alto
749,2022-12-19,Cerro Verde,Canada,54,2022,12,19,4,Medio
750,2023-04-05,Sunset Park,Canada,24,2023,4,5,2,Bajo
751,2023-09-23,Amulapa,Guatemala,36,2023,9,23,3,Medio
752,2021-01-11,Puerta Del Diablo,Estados Unidos,35,2021,1,11,1,Medio
753,2021-01-27,Balboa,Canada,18,2021,1,27,1,Bajo
754,2021-03-10,Apulo,Estados Unidos,49,2021,3,10,1,Medio
755,2023-05-24,Balboa,Nicaragua,36,2023,5,24,2,Medio
756,2023-06-30,Balboa,Costa Rica,27,2023,6,30,2,Bajo
757,2022-06-05,Amulapa,España,67,2022,6,5,2,Alto
758,2021-05-14,Apulo,Honduras,44,2021,5,14,2,Medio
759,2024-02-25,Cerro Verde,Guatemala,23,2024,2,25,1,Bajo
760,2021-12-05,Amulapa,Mexico,17,2021,12,5,4,Bajo
761,2022-04-24,Amulapa,Costa Rica,12,2022,4,24,2,Bajo
762,2022-09-06,Apulo,Nicaragua,8,2022,9,6,3,Bajo
763,2024-07-31,Balboa,Costa Rica,35,2024,7,31,3,Medio
764,2023-03-14,Apulo,Nicaragua,6,2023,3,14,1,Bajo
765,2021-11-04,Sunset Park,Honduras,34,2021,11,4,4,Medio
766,2022-06-04,Balboa,Canada,66,2022,6,4,2,Alto
767,2023-02-08,Amulapa,Nicaragua,32,2023,2,8,1,Medio
768,2022-11-13,Sunset Park,Guatemala,23,2022,11,13,4,Bajo
769,2022-10-21,Sunset Park,Mexico,57,2022,10,21,4,Medio
770,2021-05-13,Puerta Del Diablo,Nicaragua,46,2021,5,13,2,Medio
771,2022-07-25,Puerta Del Diablo,Costa Rica,34,2022,7,25,3,Medio
772,2021-02-26,Balboa,Canada,37,2021,2,26,1,Medio
773,2022-05-30,Apulo,Canada,71,2022,5,30,2,Alto
774,2023-03-20,Amulapa,Estados Unidos,25,2023,3,20,1,Bajo
775,2023-02-06,Amulapa,Estados Unidos,45,2023,2,6,1,Medio
776,2022-08-20,Balboa,Nicaragua,67,2022,8,20,3,Alto
777,2023-11-28,Sunset Park,Canada,69,2023,11,28,4,Alto
778,2024-10-12,Balboa,Mexico,19,2024,10,12,4,Bajo
779,2022-10-28,Amulapa,Honduras,7,2022,10,28,4,Bajo
780,2021-02-03,Cerro Verde,Honduras,55,2021,2,3,1,Medio
781,2024-05-23,Apulo,Estados Unidos,73,2024,5,23,2,Alto
782,2024-03-18,Amulapa,España,35,2024,3,18,1,Medio
783,2021-01-20,Apulo,Guatemala,65,2021,1,20,1,Alto
784,2024-11-30,Apulo,Costa Rica,78,2024,11,30,4,Alto
785,2022-09-30,Sunset Park,Mexico,9,2022,9,30,3,Bajo
786,2024-09-29,Sunset Park,Costa Rica,67,2024,9,29,3,Alto
787,2024-01-30,Cerro Verde,Nicaragua,44,2024,1,30,1,Medio
788,2021-01-03,Amulapa,Canada,23,2021,1,3,1,Bajo
789,2023-12-19,Sunset Park,España,61,2023,12,19,4,Alto
790,2022-02-18,Balboa,Honduras,32,2022,2,18,1,Medio
791,2023-05-16,Amulapa,Estados Unidos,16,2023,5,16,2,Bajo
792,2023-10-15,Puerta Del Diablo,Costa Rica,23,2023,10,15,4,Bajo
793,2024-07-16,Amulapa,Guatemala,71,2024,7,16,3,Alto
794,2024-11-30,Puerta Del Diablo,Costa Rica,8,2024,11,30,4,Bajo
795,2022-06-23,Cerro Verde,Honduras,58,2022,6,23,2,Medio
796,2023-06-15,Amulapa,España,53,2023,6,15,2,Medio
797,2023-04-13,Apulo,Guatemala,50,2023,4,13,2,Medio
798,2021-03-06,Cerro Verde,Mexico,7,2021,3,6,1,Bajo
799,2024-06-23,Cerro Verde,Canada,43,2024,6,23,2,Medio
800,2024-11-05,Cerro Verde,Guatemala,78,2024,11,5,4,Alto
801,2024-05-27,Puerta Del Diablo,Canada,46,2024,5,27,2,Medio
802,2022-07-16,Cerro Verde,Guatemala,7,2022,7,16,3,Bajo
803,2023-07-07,Apulo,Costa Rica,55,2023,7,7,3,Medio
804,2021-02-26,Amulapa,Costa Rica,34,2021,2,26,1,Medio
805,2023-11-15,Sunset Park,España,30,2023,11,15,4,Medio
806,2021-10-25,Sunset Park,Estados Unidos,69,2021,10,25,4,Alto
807,2024-03-19,Puerta Del Diablo,Costa Rica,20,2024,3,19,1,Bajo
808,2021-05-18,Apulo,Guatemala,23,2021,5,18,2,Bajo
809,2021-05-28,Sunset Park,Canada,9,2021,5,28,2,Bajo
810,2024-02-19,Amulapa,España,59,2024,2,19,1,Medio
811,2023-11-01,Puerta Del Diablo,Canada,26,2023,11,1,4,Bajo
812,2024-09-18,Cerro Verde,España,79,2024,9,18,3,Alto
813,2023-03-13,Amulapa,Mexico,30,2023,3,13,1,Medio
814,2023-08-06,Sunset Park,Estados Unidos,60,2023,8,6,3,Alto
815,2023-03-06,Sunset Park,Guatemala,25,2023,3,6,1,Bajo
816,2022-03-31,Sunset Park,Estados Unidos,53,2022,3,31,1,Medio
817,2021-11-06,Amulapa,Canada,13,2021,11,6,4,Bajo
818,2022-12-31,Cerro Verde,Guatemala,35,2022,12,31,4,Medio
819,2021-05-25,Amulapa,Nicaragua,49,2021,5,25,2,Medio
820,2023-11-11,Puerta Del Diablo,Honduras,67,2023,11,11,4,Alto
821,2023-11-06,Sunset Park,Estados Unidos,7,2023,11,6,4,Bajo
822,2024-03-22,Cerro Verde,Honduras,29,2024,3,22,1,Bajo
823,2022-09-28,Amulapa,Nicaragua,42,2022,9,28,3,Medio
824,2024-12-26,Cerro Verde,Estados Unidos,32,2024,12,26,4,Medio
825,2022-03-06,Amulapa,Costa Rica,77,2022,3,6,1,Alto
826,2024-03-13,Puerta Del Diablo,Honduras,35,2024,3,13,1,Medio
827,2024-05-28,Puerta Del Diablo,Costa Rica,27,2024,5,28,2,Bajo
828,2021-12-13,Puerta Del Diablo,Mexico,77,2021,12,13,4,Alto
829,2022-03-28,Amulapa,Honduras,56,2022,3,28,1,Medio
830,2024-10-07,Puerta Del Diablo,Canada,23,2024,10,7,4,Bajo
831,2023-06-30,Cerro Verde,España,70,2023,6,30,2,Alto
832,2024-11-07,Amulapa,España,66,2024,11,7,4,Alto
833,2024-11-04,Balboa,Nicaragua,13,2024,11,4,4,Bajo
834,2021-05-13,Sunset Park,Nicaragua,65,2021,5,13,2,Alto
835,2021-10-30,Cerro Verde,Costa Rica,25,2021,10,30,4,Bajo
836,2023-06-01,Apulo,Mexico,7,2023,6,1,2,Bajo
837,2023-05-01,Amulapa,Estados Unidos,27,2023,5,1,2,Bajo
838,2022-06-15,Amulapa,Honduras,28,2022,6,15,2,Bajo
839,2022-08-11,Balboa,Costa Rica,57,2022,8,11,3,Medio
840,2021-01-23,Apulo,Costa Rica,21,2021,1,23,1,Bajo
841,2022-07-21,Sunset Park,Costa Rica,70,2022,7,21,3,Alto
842,2024-08-27,Apulo,Costa Rica,38,2024,8,27,3,Medio
843,2021-02-26,Cerro Verde,Nicaragua,58,2021,2,26,1,Medio
844,2022-12-05,Sunset Park,Nicaragua,52,2022,12,5,4,Medio
845,2023-05-13,Cerro Verde,Canada,35,2023,5,13,2,Medio
846,2022-08-10,Apulo,Costa Rica,25,2022,8,10,3,Bajo
847,2021-08-16,Puerta Del Diablo,Costa Rica,15,2021,8,16,3,Bajo
848,2021-08-02,Apulo,Nicaragua,45,2021,8,2,3,Medio
849,2021-06-18,Apulo,Costa Rica,73,2021,6,18,2,Alto
850,2021-01-14,Puerta Del Diablo,Estados Unidos,14,2021,1,14,1,Bajo
851,2021-09-28,Amulapa,Honduras,42,2021,9,28,3,Medio
852,2023-06-21,Puerta Del Diablo,Canada,27,2023,6,21,2,Bajo
853,2023-01-29,Puerta Del Diablo,Guatemala,20,2023,1,29,1,Bajo
854,2021-07-08,Amulapa,Costa Rica,16,2021,7,8,3,Bajo
855,2023-11-22,Apulo,Canada,54,2023,11,22,4,Medio
856,2023-12-05,Amulapa,Costa Rica,20,2023,12,5,4,Bajo
857,2023-11-25,Balboa,Estados Unidos,25,2023,11,25,4,Bajo
858,2023-02-13,Sunset Park,Canada,5,2023,2,13,1,Bajo
859,2022-01-25,Cerro Verde,Guatemala,42,2022,1,25,1,Medio
860,2021-08-18,Amulapa,Nicaragua,68,2021,8,18,3,Alto
861,2022-07-03,Amulapa,Honduras,48,2022,7,3,3,Medio
862,2022-09-16,Sunset Park,Costa Rica,56,2022,9,16,3,Medio
863,2021-09-19,Apulo,Canada,40,2021,9,19,3,Medio
864,2021-09-14,Cerro Verde,Mexico,37,2021,9,14,3,Medio
865,2024-09-20,Apulo,Canada,24,2024,9,20,3,Bajo
866,2024-02-24,Balboa,Costa Rica,37,2024,2,24,1,Medio
867,2022-05-02,Cerro Verde,Honduras,32,2022,5,2,2,Medio
868,2024-08-28,Apulo,Mexico,34,2024,8,28,3,Medio
869,2021-05-27,Cerro Verde,Costa Rica,24,2021,5,27,2,Bajo
870,2024-12-13,Sunset Park,Honduras,10,2024,12,13,4,Bajo
871,2022-03-17,Sunset Park,Honduras,65,2022,3,17,1,Alto
872,2022-02-14,Balboa,Guatemala,15,2022,2,14,1,Bajo
873,2024-08-23,Balboa,Mexico,27,2024,8,23,3,Bajo
874,2023-07-22,Amulapa,Mexico,73,2023,7,22,3,Alto
875,2023-08-09,Balboa,Mexico,23,2023,8,9,3,Bajo
876,2022-09-24,Amulapa,Honduras,39,2022,9,24,3,Medio
877,2022-11-29,Balboa,Guatemala,75,2022,11,29,4,Alto
878,2023-04-13,Balboa,Canada,38,2023,4,13,2,Medio
879,2022-03-20,Balboa,Costa Rica,25,2022,3,20,1,Bajo
880,2022-06-22,Sunset Park,Guatemala,69,2022,6,22,2,Alto
881,2021-02-09,Balboa,Honduras,37,2021,2,9,1,Medio
882,2024-08-06,Puerta Del Diablo,Estados Unidos,43,2024,8,6,3,Medio
883,2023-07-23,Apulo,Nicaragua,6,2023,7,23,3,Bajo
884,2021-02-10,Sunset Park,Honduras,48,2021,2,10,1,Medio
885,2024-02-19,Apulo,España,20,2024,2,19,1,Bajo
886,2022-01-20,Sunset Park,Estados Unidos,63,2022,1,20,1,Alto
887,2024-01-26,Amulapa,Mexico,5,2024,1,26,1,Bajo
888,2021-12-20,Sunset Park,Honduras,43,2021,12,20,4,Medio
889,2024-09-20,Apulo,Nicaragua,58,2024,9,20,3,Medio
890,2023-06-08,Balboa,Guatemala,37,2023,6,8,2,Medio
891,2024-11-10,Amulapa,Nicaragua,45,2024,11,10,4,Medio
892,2023-04-19,Sunset Park,Costa Rica,77,2023,4,19,2,Alto
893,2023-03-30,Cerro Verde,Nicaragua,38,2023,3,30,1,Medio
894,2022-11-17,Balboa,Guatemala,26,2022,11,17,4,Bajo
895,2022-02-14,Apulo,Costa Rica,21,2022,2,14,1,Bajo
896,2024-12-17,Apulo,Costa Rica,55,2024,12,17,4,Medio
897,2023-02-17,Sunset Park,España,15,2023,2,17,1,Bajo
898,2021-03-15,Sunset Park,España,29,2021,3,15,1,Bajo
899,2022-08-09,Amulapa,Honduras,41,2022,8,9,3,Medio
900,2022-07-04,Cerro Verde,España,42,2022,7,4,3,Medio
901,2023-01-02,Puerta Del Diablo,Nicaragua,63,2023,1,2,1,Alto
902,2022-08-29,Cerro Verde,Nicaragua,77,2022,8,29,3,Alto
903,2024-08-07,Amulapa,Costa Rica,75,2024,8,7,3,Alto
904,2024-08-24,Cerro Verde,Costa Rica,79,2024,8,24,3,Alto
905,2023-07-12,Balboa,Canada,49,2023,7,12,3,Medio
906,2024-01-01,Cerro Verde,Costa Rica,68,2024,1,1,1,Alto
907,2024-06-24,Puerta Del Diablo,Guatemala,12,2024,6,24,2,Bajo
908,2022-08-09,Sunset Park,Costa Rica,55,2022,8,9,3,Medio
909,2023-12-20,Amulapa,Honduras,18,2023,12,20,4,Bajo
910,2023-10-07,Amulapa,Honduras,67,2023,10,7,4,Alto
911,2023-11-11,Apulo,Mexico,79,2023,11,11,4,Alto
912,2024-01-18,Apulo,Costa Rica,39,2024,1,18,1,Medio
913,2021-08-11,Puerta Del Diablo,Guatemala,77,2021,8,11,3,Alto
914,2022-03-26,Sunset Park,Estados Unidos,10,2022,3,26,1,Bajo
915,2022-11-27,Balboa,Honduras,64,2022,11,27,4,Alto
916,2021-01-19,Sunset Park,Estados Unidos,52,2021,1,19,1,Medio
917,2021-01-30,Balboa,Mexico,78,2021,1,30,1,Alto
918,2023-07-14,Amulapa,España,56,2023,7,14,3,Medio
919,2024-11-12,Balboa,Nicaragua,15,2024,11,12,4,Bajo
920,2024-09-14,Amulapa,Nicaragua,49,2024,9,14,3,Medio
921,2023-11-09,Balboa,Honduras,7,2023,11,9,4,Bajo
922,2024-02-28,Sunset Park,Costa Rica,57,2024,2,28,1,Medio
923,2022-05-13,Balboa,Guatemala,50,2022,5,13,2,Medio
924,2024-07-30,Amulapa,España,9,2024,7,30,3,Bajo
925,2022-05-26,Sunset Park,Mexico,56,2022,5,26,2,Medio
926,2024-06-04,Cerro Verde,España,52,2024,6,4,2,Medio
927,2021-02-21,Apulo,Mexico,54,2021,2,21,1,Medio
928,2022-06-11,Amulapa,Estados Unidos,12,2022,6,11,2,Bajo
929,2024-08-24,Sunset Park,Estados Unidos,55,2024,8,24,3,Medio
930,2023-04-12,Apulo,Mexico,50,2023,4,12,2,Medio
931,2022-05-24,Sunset Park,Canada,18,2022,5,24,2,Bajo
932,2024-01-07,Balboa,Mexico,50,2024,1,7,1,Medio
933,2024-11-09,Apulo,Nicaragua,22,2024,11,9,4,Bajo
934,2021-09-18,Balboa,Mexico,58,2021,9,18,3,Medio
935,2022-11-06,Cerro Verde,Costa Rica,6,2022,11,6,4,Bajo
936,2021-07-04,Apulo,Nicaragua,70,2021,7,4,3,Alto
937,2024-10-07,Cerro Verde,Estados Unidos,27,2024,10,7,4,Bajo
938,2024-09-17,Balboa,Mexico,5,2024,9,17,3,Bajo
939,2024-12-16,Puerta Del Diablo,Honduras,37,2024,12,16,4,Medio
940,2024-05-29,Cerro Verde,Guatemala,70,2024,5,29,2,Alto
941,2024-10-25,Cerro Verde,España,19,2024,10,25,4,Bajo
942,2024-08-20,Cerro Verde,Nicaragua,40,2024,8,20,3,Medio
943,2021-10-28,Cerro Verde,Mexico,53,2021,10,28,4,Medio
944,2021-08-23,Balboa,Guatemala,54,2021,8,23,3,Medio
945,2023-05-07,Puerta Del Diablo,Estados Unidos,44,2023,5,7,2,Medio
946,2023-01-16,Sunset Park,Costa Rica,76,2023,1,16,1,Alto
947,2021-04-04,Amulapa,Honduras,31,2021,4,4,2,Medio
948,2024-06-01,Amulapa,España,68,2024,6,1,2,Alto
949,2024-12-07,Sunset Park,Costa Rica,18,2024,12,7,4,Bajo
950,2022-12-15,Sunset Park,España,43,2022,12,15,4,Medio
951,2024-01-09,Amulapa,Mexico,44,2024,1,9,1,Medio
952,2022-08-27,Balboa,Costa Rica,53,2022,8,27,3,Medio
953,2024-05-11,Balboa,Mexico,17,2024,5,11,2,Bajo
954,2024-06-29,Puerta Del Diablo,Canada,65,2024,6,29,2,Alto
955,2021-02-11,Sunset Park,Estados Unidos,25,2021,2,11,1,Bajo
956,2021-03-01,Sunset Park,Costa Rica,62,2021,3,1,1,Alto
957,2023-01-29,Sunset Park,Estados Unidos,79,2023,1,29,1,Alto
958,2021-07-23,Apulo,Canada,49,2021,7,23,3,Medio
959,2021-03-05,Sunset Park,Canada,51,2021,3,5,1,Medio
960,2022-07-09,Apulo,Nicaragua,9,2022,7,9,3,Bajo
961,2024-04-07,Amulapa,Costa Rica,5,2024,4,7,2,Bajo
962,2023-06-07,Apulo,Mexico,58,2023,6,7,2,Medio
963,2021-11-14,Balboa,España,44,2021,11,14,4,Medio
964,2021-06-15,Puerta Del Diablo,Mexico,5,2021,6,15,2,Bajo
965,2024-01-10,Sunset Park,España,35,2024,1,10,1,Medio
966,2021-08-20,Apulo,Costa Rica,79,2021,8,20,3,Alto
967,2022-03-10,Balboa,España,77,2022,3,10,1,Alto
968,2022-01-03,Sunset Park,Canada,36,2022,1,3,1,Medio
969,2024-12-14,Apulo,Canada,40,2024,12,14,4,Medio
970,2024-03-26,Cerro Verde,Honduras,15,2024,3,26,1,Bajo
971,2021-11-24,Puerta Del Diablo,Costa Rica,35,2021,11,24,4,Medio
972,2021-03-23,Amulapa,Nicaragua,22,2021,3,23,1,Bajo
973,2024-03-13,Cerro Verde,Honduras,50,2024,3,13,1,Medio
974,2022-05-22,Balboa,Nicaragua,57,2022,5,22,2,Medio
975,2021-03-28,Cerro Verde,España,28,2021,3,28,1,Bajo
976,2023-07-25,Puerta Del Diablo,Mexico,7,2023,7,25,3,Bajo
977,2022-10-16,Sunset Park,Nicaragua,50,2022,10,16,4,Medio
978,2024-07-22,Cerro Verde,Mexico,24,2024,7,22,3,Bajo
979,2022-12-12,Apulo,Canada,49,2022,12,12,4,Medio
980,2021-12-25,Sunset Park,Guatemala,65,2021,12,25,4,Alto
981,2023-07-20,Balboa,Guatemala,23,2023,7,20,3,Bajo
982,2024-01-30,Sunset Park,Nicaragua,57,2024,1,30,1,Medio
983,2024-08-20,Balboa,Estados Unidos,36,2024,8,20,3,Medio
984,2021-03-11,Amulapa,Guatemala,11,2021,3,11,1,Bajo
985,2022-11-14,Sunset Park,Canada,49,2022,11,14,4,Medio
986,2022-03-13,Cerro Verde,Mexico,62,2022,3,13,1,Alto
987,2022-03-04,Puerta Del Diablo,Nicaragua,44,2022,3,4,1,Medio
988,2022-12-09,Amulapa,Mexico,69,2022,12,9,4,Alto
989,2022-01-30,Apulo,Costa Rica,70,2022,1,30,1,Alto
990,2023-11-14,Sunset Park,Guatemala,17,2023,11,14,4,Bajo
991,2021-04-04,Sunset Park,Guatemala,52,2021,4,4,2,Medio
992,2022-01-28,Apulo,Mexico,29,2022,1,28,1,Bajo
993,2021-11-14,Cerro Verde,Estados Unidos,13,2021,11,14,4,Bajo
994,2023-12-30,Balboa,Nicaragua,12,2023,12,30,4,Bajo
995,2022-09-21,Cerro Verde,Honduras,46,2022,9,21,3,Medio
996,2022-04-01,Amulapa,Honduras,76,2022,4,1,2,Alto
997,2021-11-25,Cerro Verde,Mexico,29,2021,11,25,4,Bajo
998,2021-10-25,Sunset Park,Guatemala,20,2021,10,25,4,Bajo
999,2021-07-03,Balboa,España,56,2021,7,3,3,Medio
1000,2023-11-25,Puerta Del Diablo,España,34,2023,11,25,4,Medio
1001,2023-07-06,Balboa,Honduras,11,2023,7,6,3,Bajo
1002,2023-08-20,Apulo,Mexico,46,2023,8,20,3,Medio
1003,2021-03-29,Amulapa,Nicaragua,68,2021,3,29,1,Alto
1004,2022-09-22,Balboa,Costa Rica,44,2022,9,22,3,Medio
1005,2021-04-02,Apulo,Nicaragua,34,2021,4,2,2,Medio
1006,2024-03-14,Sunset Park,Canada,15,2024,3,14,1,Bajo
1007,2023-05-10,Apulo,Nicaragua,25,2023,5,10,2,Bajo
1008,2022-10-12,Amulapa,Canada,75,2022,10,12,4,Alto
1009,2023-04-25,Sunset Park,Canada,65,2023,4,25,2,Alto
1010,2021-08-13,Amulapa,Costa Rica,65,2021,8,13,3,Alto
1011,2023-08-06,Puerta Del Diablo,Estados Unidos,26,2023,8,6,3,Bajo
1012,2021-03-28,Balboa,Nicaragua,52,2021,3,28,1,Medio
1013,2021-01-26,Puerta Del Diablo,Guatemala,11,2021,1,26,1,Bajo
1014,2023-09-23,Puerta Del Diablo,Nicaragua,65,2023,9,23,3,Alto
1015,2023-07-23,Cerro Verde,Estados Unidos,76,2023,7,23,3,Alto
1016,2021-05-22,Balboa,Mexico,60,2021,5,22,2,Alto
1017,2022-12-18,Cerro Verde,España,61,2022,12,18,4,Alto
1018,2021-06-30,Apulo,Costa Rica,15,2021,6,30,2,Bajo
1019,2023-01-22,Sunset Park,Honduras,77,2023,1,22,1,Alto
1020,2024-07-31,Apulo,Costa Rica,60,2024,7,31,3,Alto
1021,2022-09-06,Cerro Verde,Estados Unidos,50,2022,9,6,3,Medio
1022,2022-12-30,Apulo,Mexico,24,2022,12,30,4,Bajo
1023,2023-07-04,Sunset Park,Canada,40,2023,7,4,3,Medio
1024,2022-03-15,Sunset Park,Honduras,51,2022,3,15,1,Medio
1025,2021-11-29,Apulo,Nicaragua,12,2021,11,29,4,Bajo
1026,2022-11-19,Balboa,Mexico,29,2022,11,19,4,Bajo
1027,2024-10-18,Puerta Del Diablo,Honduras,33,2024,10,18,4,Medio
1028,2022-07-23,Sunset Park,España,46,2022,7,23,3,Medio
1029,2024-12-13,Balboa,Nicaragua,28,2024,12,13,4,Bajo
1030,2023-02-01,Apulo,Guatemala,26,2023,2,1,1,Bajo
1031,2021-03-08,Puerta Del Diablo,España,10,2021,3,8,1,Bajo
1032,2022-03-28,Sunset Park,Guatemala,71,2022,3,28,1,Alto
1033,2023-12-04,Amulapa,Honduras,46,2023,12,4,4,Medio
1034,2022-08-11,Amulapa,España,65,2022,8,11,3,Alto
1035,2023-12-28,Amulapa,Guatemala,67,2023,12,28,4,Alto
1036,2024-08-06,Puerta Del Diablo,Guatemala,52,2024,8,6,3,Medio
1037,2024-01-09,Balboa,Nicaragua,47,2024,1,9,1,Medio
1038,2023-09-12,Balboa,Nicaragua,9,2023,9,12,3,Bajo
1039,2021-06-01,Balboa,España,35,2021,6,1,2,Medio
1040,2024-03-08,Cerro Verde,Mexico,20,2024,3,8,1,Bajo
1041,2023-02-05,Sunset Park,Costa Rica,67,2023,2,5,1,Alto
1042,2021-09-01,Apulo,Guatemala,54,2021,9,1,3,Medio
1043,2022-05-31,Apulo,Honduras,68,2022,5,31,2,Alto
1044,2022-12-25,Sunset Park,Guatemala,9,2022,12,25,4,Bajo
1045,2022-04-14,Amulapa,Estados Unidos,79,2022,4,14,2,Alto
1046,2022-02-26,Balboa,Costa Rica,68,2022,2,26,1,Alto
1047,2023-05-17,Balboa,Mexico,33,2023,5,17,2,Medio
1048,2022-05-07,Cerro Verde,Estados Unidos,7,2022,5,7,2,Bajo
1049,2021-02-15,Balboa,Costa Rica,44,2021,2,15,1,Medio
1050,2021-12-13,Puerta Del Diablo,Nicaragua,67,2021,12,13,4,Alto
1051,2022-10-03,Cerro Verde,Nicaragua,28,2022,10,3,4,Bajo
1052,2022-02-09,Balboa,Guatemala,57,2022,2,9,1,Medio
1053,2022-08-09,Sunset Park,Canada,10,2022,8,9,3,Bajo
1054,2021-06-15,Apulo,Honduras,54,2021,6,15,2,Medio
1055,2022-06-25,Apulo,Canada,24,2022,6,25,2,Bajo
1056,2024-07-23,Balboa,Guatemala,74,2024,7,23,3,Alto
1057,2023-05-20,Balboa,Estados Unidos,29,2023,5,20,2,Bajo
1058,2024-09-12,Apulo,Nicaragua,33,2024,9,12,3,Medio
1059,2023-07-18,Amulapa,España,65,2023,7,18,3,Alto
1060,2022-12-18,Cerro Verde,Estados Unidos,71,2022,12,18,4,Alto
1061,2024-03-14,Apulo,España,47,2024,3,14,1,Medio
1062,2022-10-18,Puerta Del Diablo,Honduras,69,2022,10,18,4,Alto
1063,2024-11-15,Cerro Verde,Guatemala,30,2024,11,15,4,Medio
1064,2024-12-18,Apulo,Estados Unidos,49,2024,12,18,4,Medio
1065,2023-05-23,Sunset Park,España,9,2023,5,23,2,Bajo
1066,2024-04-27,Cerro Verde,Guatemala,74,2024,4,27,2,Alto
1067,2022-03-29,Balboa,Estados Unidos,18,2022,3,29,1,Bajo
1068,2021-01-12,Sunset Park,Mexico,69,2021,1,12,1,Alto
1069,2021-11-02,Cerro Verde,Mexico,32,2021,11,2,4,Medio
1070,2022-02-02,Amulapa,Mexico,64,2022,2,2,1,Alto
1071,2023-06-10,Amulapa,España,29,2023,6,10,2,Bajo
1072,2021-06-21,Cerro Verde,Canada,33,2021,6,21,2,Medio
1073,2024-03-24,Cerro Verde,Guatemala,6,2024,3,24,1,Bajo
1074,2024-11-08,Cerro Verde,Estados Unidos,55,2024,11,8,4,Medio
1075,2024-04-15,Balboa,Honduras,42,2024,4,15,2,Medio
1076,2024-08-26,Puerta Del Diablo,Costa Rica,48,2024,8,26,3,Medio
1077,2021-03-15,Balboa,Costa Rica,42,2021,3,15,1,Medio
1078,2021-11-22,Sunset Park,Nicaragua,26,2021,11,22,4,Bajo
1079,2021-07-31,Puerta Del Diablo,Canada,54,2021,7,31,3,Medio
1080,2024-10-22,Sunset Park,Nicaragua,33,2024,10,22,4,Medio
1081,2021-02-18,Puerta Del Diablo,Honduras,71,2021,2,18,1,Alto
1082,2021-10-07,Puerta Del Diablo,Nicaragua,20,2021,10,7,4,Bajo
1083,2023-09-14,Amulapa,Costa Rica,27,2023,9,14,3,Bajo
1084,2022-03-29,Puerta Del Diablo,Mexico,76,2022,3,29,1,Alto
1085,2023-03-30,Cerro Verde,Estados Unidos,68,2023,3,30,1,Alto
1086,2023-03-31,Apulo,Guatemala,67,2023,3,31,1,Alto
1087,2023-12-31,Puerta Del Diablo,Nicaragua,8,2023,12,31,4,Bajo
1088,2024-11-02,Cerro Verde,Honduras,63,2024,11,2,4,Alto
1089,2021-01-08,Amulapa,Guatemala,18,2021,1,8,1,Bajo
1090,2021-10-27,Cerro Verde,España,28,2021,10,27,4,Bajo
1091,2024-06-19,Puerta Del Diablo,España,75,2024,6,19,2,Alto
1092,2024-07-28,Apulo,Estados Unidos,70,2024,7,28,3,Alto
1093,2023-06-11,Cerro Verde,Guatemala,63,2023,6,11,2,Alto
1094,2024-02-20,Apulo,Guatemala,23,2024,2,20,1,Bajo
1095,2024-08-05,Sunset Park,Estados Unidos,19,2024,8,5,3,Bajo
1096,2023-04-21,Puerta Del Diablo,Costa Rica,74,2023,4,21,2,Alto
1097,2022-03-03,Amulapa,Costa Rica,7,2022,3,3,1,Bajo
1098,2022-11-12,Apulo,Canada,7,2022,11,12,4,Bajo
1099,2023-10-06,Sunset Park,Mexico,52,2023,10,6,4,Medio
1100,2023-05-13,Amulapa,Estados Unidos,17,2023,5,13,2,Bajo
1101,2024-06-06,Amulapa,Guatemala,38,2024,6,6,2,Medio
1102,2021-04-23,Puerta Del Diablo,Honduras,22,2021,4,23,2,Bajo
1103,2021-11-07,Cerro Verde,Estados Unidos,52,2021,11,7,4,Medio
1104,2021-07-21,Puerta Del Diablo,Estados Unidos,18,2021,7,21,3,Bajo
1105,2022-01-27,Sunset Park,Mexico,70,2022,1,27,1,Alto
1106,2021-02-24,Balboa,Nicaragua,64,2021,2,24,1,Alto
1107,2024-04-18,Amulapa,Honduras,18,2024,4,18,2,Bajo
1108,2022-08-06,Balboa,Honduras,15,2022,8,6,3,Bajo
1109,2024-01-23,Puerta Del Diablo,Canada,58,2024,1,23,1,Medio
1110,2022-10-28,Cerro Verde,España,59,2022,10,28,4,Medio
1111,2023-09-29,Amulapa,Costa Rica,70,2023,9,29,3,Alto
1112,2024-08-31,Balboa,Costa Rica,72,2024,8,31,3,Alto
1113,2022-06-28,Sunset Park,Nicaragua,70,2022,6,28,2,Alto
1114,2022-06-27,Cerro Verde,Canada,79,2022,6,27,2,Alto
1115,2021-12-29,Amulapa,España,19,2021,12,29,4,Bajo
1116,2021-10-07,Cerro Verde,Guatemala,18,2021,10,7,4,Bajo
1117,2023-04-29,Sunset Park,España,50,2023,4,29,2,Medio
1118,2022-04-13,Apulo,Honduras,7,2022,4,13,2,Bajo
1119,2021-08-23,Amulapa,España,67,2021,8,23,3,Alto
1120,2021-12-21,Cerro Verde,Nicaragua,71,2021,12,21,4,Alto
1121,2024-01-10,Balboa,Canada,50,2024,1,10,1,Medio
1122,2021-10-31,Cerro Verde,Guatemala,56,2021,10,31,4,Medio
1123,2022-01-27,Puerta Del Diablo,Costa Rica,52,2022,1,27,1,Medio
1124,2024-12-29,Sunset Park,Costa Rica,21,2024,12,29,4,Bajo
1125,2022-07-05,Cerro Verde,Mexico,49,2022,7,5,3,Medio
1126,2024-12-11,Balboa,Estados Unidos,38,2024,12,11,4,Medio
1127,2023-09-25,Sunset Park,Honduras,34,2023,9,25,3,Medio
1128,2021-06-08,Sunset Park,Nicaragua,72,2021,6,8,2,Alto
1129,2022-02-05,Apulo,Costa Rica,41,2022,2,5,1,Medio
1130,2024-03-11,Cerro Verde,Guatemala,40,2024,3,11,1,Medio
1131,2021-06-02,Balboa,España,39,2021,6,2,2,Medio
1132,2023-02-07,Balboa,Nicaragua,72,2023,2,7,1,Alto
1133,2023-09-07,Apulo,Estados Unidos,65,2023,9,7,3,Alto
1134,2021-07-21,Amulapa,Canada,62,2021,7,21,3,Alto
1135,2022-11-19,Amulapa,Estados Unidos,59,2022,11,19,4,Medio
1136,2021-01-17,Cerro Verde,Estados Unidos,52,2021,1,17,1,Medio
1137,2024-01-21,Sunset Park,Guatemala,51,2024,1,21,1,Medio
1138,2023-09-14,Cerro Verde,Nicaragua,59,2023,9,14,3,Medio
1139,2023-09-02,Apulo,Nicaragua,19,2023,9,2,3,Bajo
1140,2022-08-17,Puerta Del Diablo,Mexico,6,2022,8,17,3,Bajo
1141,2023-01-06,Cerro Verde,España,53,2023,1,6,1,Medio
1142,2021-08-13,Puerta Del Diablo,Canada,37,2021,8,13,3,Medio
1143,2022-08-06,Puerta Del Diablo,Honduras,52,2022,8,6,3,Medio
1144,2023-05-15,Puerta Del Diablo,Canada,55,2023,5,15,2,Medio
1145,2024-08-21,Cerro Verde,Guatemala,30,2024,8,21,3,Medio
1146,2021-08-29,Cerro Verde,Mexico,72,2021,8,29,3,Alto
1147,2021-01-27,Balboa,Costa Rica,55,2021,1,27,1,Medio
1148,2023-06-09,Amulapa,España,58,2023,6,9,2,Medio
1149,2021-01-24,Balboa,Costa Rica,77,2021,1,24,1,Alto
1150,2021-12-22,Amulapa,España,49,2021,12,22,4,Medio
1151,2022-12-19,Sunset Park,Estados Unidos,25,2022,12,19,4,Bajo
1152,2022-10-06,Puerta Del Diablo,Guatemala,36,2022,10,6,4,Medio
1153,2022-08-03,Balboa,Costa Rica,79,2022,8,3,3,Alto
1154,2023-06-12,Apulo,Nicaragua,74,2023,6,12,2,Alto
1155,2024-11-27,Balboa,Nicaragua,78,2024,11,27,4,Alto
1156,2023-01-17,Sunset Park,Nicaragua,6,2023,1,17,1,Bajo
1157,2022-07-04,Amulapa,Honduras,48,2022,7,4,3,Medio
1158,2022-07-22,Amulapa,Costa Rica,12,2022,7,22,3,Bajo
1159,2024-10-23,Amulapa,España,59,2024,10,23,4,Medio
1160,2022-04-21,Apulo,Mexico,42,2022,4,21,2,Medio
1161,2022-12-31,Amulapa,Honduras,35,2022,12,31,4,Medio
1162,2023-01-21,Sunset Park,Estados Unidos,47,2023,1,21,1,Medio
1163,2022-09-13,Apulo,Honduras,23,2022,9,13,3,Bajo
1164,2022-09-16,Apulo,Costa Rica,20,2022,9,16,3,Bajo
1165,2023-09-08,Apulo,Costa Rica,6,2023,9,8,3,Bajo
1166,2023-01-08,Sunset Park,Canada,37,2023,1,8,1,Medio
1167,2023-06-25,Balboa,Canada,37,2023,6,25,2,Medio
1168,2021-07-12,Balboa,Honduras,32,2021,7,12,3,Medio
1169,2022-04-18,Balboa,Guatemala,16,2022,4,18,2,Bajo
1170,2021-04-28,Puerta Del Diablo,Mexico,23,2021,4,28,2,Bajo
1171,2021-01-18,Amulapa,Mexico,72,2021,1,18,1,Alto
1172,2021-03-13,Amulapa,España,67,2021,3,13,1,Alto
1173,2021-04-24,Sunset Park,España,26,2021,4,24,2,Bajo
1174,2022-11-11,Cerro Verde,Honduras,27,2022,11,11,4,Bajo
1175,2023-04-20,Amulapa,Canada,37,2023,4,20,2,Medio
1176,2021-01-27,Apulo,Nicaragua,12,2021,1,27,1,Bajo
1177,2024-12-28,Balboa,España,23,2024,12,28,4,Bajo
1178,2024-02-29,Cerro Verde,Canada,18,2024,2,29,1,Bajo
1179,2023-12-08,Amulapa,Costa Rica,26,2023,12,8,4,Bajo
1180,2021-12-17,Balboa,Canada,44,2021,12,17,4,Medio
1181,2023-06-18,Amulapa,Estados Unidos,22,2023,6,18,2,Bajo
1182,2021-03-28,Sunset Park,Canada,26,2021,3,28,1,Bajo
1183,2023-04-22,Cerro Verde,Nicaragua,18,2023,4,22,2,Bajo
1184,2024-05-10,Cerro Verde,Nicaragua,75,2024,5,10,2,Alto
1185,2023-05-19,Cerro Verde,Costa Rica,33,2023,5,19,2,Medio
1186,2021-02-10,Apulo,Honduras,66,2021,2,10,1,Alto
1187,2021-06-18,Amulapa,Mexico,24,2021,6,18,2,Bajo
1188,2023-09-08,Balboa,Guatemala,29,2023,9,8,3,Bajo
1189,2024-12-10,Balboa,España,40,2024,12,10,4,Medio
1190,2021-01-08,Puerta Del Diablo,España,42,2021,1,8,1,Medio
1191,2022-02-22,Balboa,Canada,13,2022,2,22,1,Bajo
1192,2023-11-08,Apulo,Nicaragua,14,2023,11,8,4,Bajo
1193,2023-10-22,Amulapa,Honduras,22,2023,10,22,4,Bajo
1194,2021-05-24,Amulapa,Honduras,28,2021,5,24,2,Bajo
1195,2022-05-29,Amulapa,Costa Rica,11,2022,5,29,2,Bajo
1196,2024-08-30,Cerro Verde,Guatemala,23,2024,8,30,3,Bajo
1197,2024-07-28,Sunset Park,España,17,2024,7,28,3,Bajo
1198,2023-05-24,Amulapa,Canada,69,2023,5,24,2,Alto
1199,2022-09-25,Sunset Park,Guatemala,71,2022,9,25,3,Alto
1200,2021-04-10,Puerta Del Diablo,Mexico,47,2021,4,10,2,Medio
1201,2022-05-07,Puerta Del Diablo,España,46,2022,5,7,2,Medio
1202,2023-06-30,Cerro Verde,Nicaragua,6,2023,6,30,2,Bajo
1203,2023-06-27,Apulo,Mexico,20,2023,6,27,2,Bajo
1204,2022-10-18,Cerro Verde,Mexico,14,2022,10,18,4,Bajo
1205,2021-09-08,Apulo,Estados Unidos,68,2021,9,8,3,Alto
1206,2021-11-19,Puerta Del Diablo,Honduras,16,2021,11,19,4,Bajo
1207,2024-04-22,Apulo,Costa Rica,67,2024,4,22,2,Alto
1208,2023-12-20,Cerro Verde,Guatemala,55,2023,12,20,4,Medio
1209,2022-01-24,Cerro Verde,Honduras,45,2022,1,24,1,Medio
1210,2023-01-16,Balboa,Honduras,70,2023,1,16,1,Alto
1211,2023-06-04,Apulo,Mexico,67,2023,6,4,2,Alto
1212,2023-07-02,Puerta Del Diablo,Honduras,7,2023,7,2,3,Bajo
1213,2024-04-24,Sunset Park,Canada,61,2024,4,24,2,Alto
1214,2024-07-02,Balboa,España,29,2024,7,2,3,Bajo
1215,2023-11-07,Puerta Del Diablo,Honduras,60,2023,11,7,4,Alto
1216,2022-12-17,Amulapa,Guatemala,38,2022,12,17,4,Medio
1217,2022-08-14,Puerta Del Diablo,Honduras,38,2022,8,14,3,Medio
1218,2024-01-18,Amulapa,Nicaragua,10,2024,1,18,1,Bajo
1219,2024-04-02,Amulapa,Estados Unidos,11,2024,4,2,2,Bajo
1220,2021-03-29,Puerta Del Diablo,España,28,2021,3,29,1,Bajo
1221,2023-03-28,Apulo,Costa Rica,8,2023,3,28,1,Bajo
1222,2023-09-05,Puerta Del Diablo,Estados Unidos,41,2023,9,5,3,Medio
1223,2021-10-02,Sunset Park,Nicaragua,29,2021,10,2,4,Bajo
1224,2024-03-28,Sunset Park,Estados Unidos,47,2024,3,28,1,Medio
1225,2021-06-12,Cerro Verde,Honduras,54,2021,6,12,2,Medio
1226,2024-12-15,Balboa,Guatemala,71,2024,12,15,4,Alto
1227,2022-06-10,Sunset Park,Mexico,8,2022,6,10,2,Bajo
1228,2023-08-18,Apulo,Honduras,36,2023,8,18,3,Medio
1229,2021-12-05,Balboa,Costa Rica,57,2021,12,5,4,Medio
1230,2022-05-14,Apulo,Mexico,70,2022,5,14,2,Alto
1231,2024-11-09,Sunset Park,Honduras,16,2024,11,9,4,Bajo
1232,2024-12-02,Balboa,Honduras,19,2024,12,2,4,Bajo
1233,2021-06-14,Sunset Park,Canada,69,2021,6,14,2,Alto
1234,2024-03-21,Puerta Del Diablo,Honduras,75,2024,3,21,1,Alto
1235,2024-05-17,Amulapa,Guatemala,75,2024,5,17,2,Alto
1236,2023-04-05,Balboa,Costa Rica,20,2023,4,5,2,Bajo
1237,2024-01-10,Amulapa,Guatemala,51,2024,1,10,1,Medio
1238,2021-04-19,Sunset Park,Guatemala,19,2021,4,19,2,Bajo
1239,2021-06-21,Amulapa,Canada,31,2021,6,21,2,Medio
1240,2023-04-04,Amulapa,Honduras,36,2023,4,4,2,Medio
1241,2024-09-21,Apulo,Honduras,58,2024,9,21,3,Medio
1242,2021-01-01,Amulapa,Nicaragua,56,2021,1,1,1,Medio
1243,2024-03-02,Amulapa,Nicaragua,60,2024,3,2,1,Alto
1244,2022-05-09,Balboa,España,64,2022,5,9,2,Alto
1245,2023-06-18,Balboa,Costa Rica,41,2023,6,18,2,Medio
1246,2022-11-30,Balboa,Mexico,30,2022,11,30,4,Medio
1247,2023-08-10,Cerro Verde,Guatemala,10,2023,8,10,3,Bajo
1248,2021-01-28,Puerta Del Diablo,Canada,56,2021,1,28,1,Medio
1249,2021-08-03,Balboa,España,37,2021,8,3,3,Medio
1250,2023-03-08,Amulapa,Estados Unidos,67,2023,3,8,1,Alto
1251,2023-06-11,Sunset Park,Mexico,13,2023,6,11,2,Bajo
1252,2024-07-15,Apulo,Canada,75,2024,7,15,3,Alto
1253,2023-06-24,Sunset Park,Mexico,61,2023,6,24,2,Alto
1254,2024-04-04,Cerro Verde,Estados Unidos,33,2024,4,4,2,Medio
1255,2024-01-25,Amulapa,Estados Unidos,26,2024,1,25,1,Bajo
1256,2024-01-03,Amulapa,Guatemala,38,2024,1,3,1,Medio
1257,2022-01-19,Balboa,Honduras,77,2022,1,19,1,Alto
1258,2022-07-16,Puerta Del Diablo,Mexico,40,2022,7,16,3,Medio
1259,2021-07-27,Amulapa,Canada,77,2021,7,27,3,Alto
1260,2022-09-13,Apulo,Estados Unidos,62,2022,9,13,3,Alto
1261,2024-09-23,Cerro Verde,Guatemala,66,2024,9,23,3,Alto
1262,2021-05-22,Amulapa,Mexico,73,2021,5,22,2,Alto
1263,2024-03-14,Balboa,España,32,2024,3,14,1,Medio
1264,2024-05-28,Puerta Del Diablo,Costa Rica,13,2024,5,28,2,Bajo
1265,2024-12-23,Apulo,España,77,2024,12,23,4,Alto
1266,2023-05-02,Apulo,Canada,37,2023,5,2,2,Medio
1267,2024-01-14,Apulo,Costa Rica,59,2024,1,14,1,Medio
1268,2023-01-15,Apulo,Honduras,42,2023,1,15,1,Medio
1269,2021-04-08,Puerta Del Diablo,Canada,73,2021,4,8,2,Alto
1270,2021-09-20,Balboa,Canada,53,2021,9,20,3,Medio
1271,2021-05-13,Balboa,Mexico,15,2021,5,13,2,Bajo
1272,2023-03-08,Puerta Del Diablo,Estados Unidos,76,2023,3,8,1,Alto
1273,2023-06-27,Apulo,Estados Unidos,33,2023,6,27,2,Medio
1274,2022-09-15,Sunset Park,Nicaragua,79,2022,9,15,3,Alto
1275,2024-02-16,Apulo,Guatemala,49,2024,2,16,1,Medio
1276,2024-08-22,Amulapa,Canada,52,2024,8,22,3,Medio
1277,2022-01-20,Balboa,Canada,33,2022,1,20,1,Medio
1278,2024-12-16,Puerta Del Diablo,Costa Rica,17,2024,12,16,4,Bajo
1279,2024-03-18,Amulapa,Guatemala,35,2024,3,18,1,Medio
1280,2023-07-10,Amulapa,España,53,2023,7,10,3,Medio
1281,2023-05-22,Apulo,España,70,2023,5,22,2,Alto
1282,2024-03-10,Amulapa,España,75,2024,3,10,1,Alto
1283,2021-03-27,Puerta Del Diablo,Honduras,62,2021,3,27,1,Alto
1284,2022-09-11,Apulo,Mexico,55,2022,9,11,3,Medio
1285,2022-10-26,Sunset Park,Honduras,63,2022,10,26,4,Alto
1286,2021-10-19,Puerta Del Diablo,Estados Unidos,64,2021,10,19,4,Alto
1287,2023-08-04,Sunset Park,España,26,2023,8,4,3,Bajo
1288,2023-09-26,Puerta Del Diablo,Mexico,54,2023,9,26,3,Medio
1289,2024-01-20,Apulo,Nicaragua,69,2024,1,20,1,Alto
1290,2023-03-15,Puerta Del Diablo,Nicaragua,50,2023,3,15,1,Medio
1291,2024-06-11,Sunset Park,Canada,35,2024,6,11,2,Medio
1292,2022-06-07,Balboa,Costa Rica,36,2022,6,7,2,Medio
1293,2024-03-26,Sunset Park,Mexico,22,2024,3,26,1,Bajo
1294,2024-07-13,Apulo,Guatemala,28,2024,7,13,3,Bajo
1295,2022-02-26,Balboa,España,60,2022,2,26,1,Alto
1296,2021-06-13,Balboa,Honduras,43,2021,6,13,2,Medio
1297,2023-04-24,Sunset Park,Canada,6,2023,4,24,2,Bajo
1298,2023-02-27,Balboa,Nicaragua,54,2023,2,27,1,Medio
1299,2022-06-30,Apulo,Nicaragua,27,2022,6,30,2,Bajo
1300,2022-05-19,Puerta Del Diablo,España,70,2022,5,19,2,Alto
1301,2024-05-26,Sunset Park,Costa Rica,72,2024,5,26,2,Alto
1302,2022-07-10,Apulo,España,46,2022,7,10,3,Medio
1303,2021-02-28,Amulapa,Mexico,62,2021,2,28,1,Alto
1304,2022-07-13,Apulo,España,12,2022,7,13,3,Bajo
1305,2024-11-28,Amulapa,Nicaragua,60,2024,11,28,4,Alto
1306,2023-09-18,Puerta Del Diablo,Canada,13,2023,9,18,3,Bajo
1307,2023-07-23,Amulapa,Estados Unidos,51,2023,7,23,3,Medio
1308,2021-09-24,Sunset Park,Mexico,75,2021,9,24,3,Alto
1309,2021-04-20,Puerta Del Diablo,Costa Rica,62,2021,4,20,2,Alto
1310,2021-07-14,Puerta Del Diablo,Estados Unidos,48,2021,7,14,3,Medio
1311,2021-10-23,Sunset Park,Costa Rica,40,2021,10,23,4,Medio
1312,2023-07-09,Cerro Verde,Mexico,47,2023,7,9,3,Medio
1313,2022-01-03,Balboa,Canada,28,2022,1,3,1,Bajo
1314,2024-09-20,Cerro Verde,España,11,2024,9,20,3,Bajo
1315,2022-05-01,Sunset Park,España,54,2022,5,1,2,Medio
1316,2024-02-23,Cerro Verde,Canada,74,2024,2,23,1,Alto
1317,2023-08-11,Sunset Park,Estados Unidos,50,2023,8,11,3,Medio
1318,2021-06-07,Cerro Verde,Canada,5,2021,6,7,2,Bajo
1319,2022-01-04,Cerro Verde,Honduras,31,2022,1,4,1,Medio
1320,2022-11-24,Apulo,España,50,2022,11,24,4,Medio
1321,2021-02-08,Balboa,Honduras,43,2021,2,8,1,Medio
1322,2024-12-17,Amulapa,Mexico,65,2024,12,17,4,Alto
1323,2022-08-08,Amulapa,Honduras,21,2022,8,8,3,Bajo
1324,2022-03-13,Puerta Del Diablo,Canada,9,2022,3,13,1,Bajo
1325,2021-11-25,Apulo,Honduras,23,2021,11,25,4,Bajo
1326,2024-08-28,Sunset Park,Canada,54,2024,8,28,3,Medio
1327,2024-07-27,Sunset Park,Nicaragua,74,2024,7,27,3,Alto
1328,2022-07-14,Puerta Del Diablo,Mexico,10,2022,7,14,3,Bajo
1329,2024-12-15,Apulo,Nicaragua,41,2024,12,15,4,Medio
1330,2024-06-19,Apulo,Estados Unidos,68,2024,6,19,2,Alto
1331,2021-02-13,Balboa,Canada,38,2021,2,13,1,Medio
1332,2023-07-22,Amulapa,Nicaragua,73,2023,7,22,3,Alto
1333,2023-03-31,Apulo,España,24,2023,3,31,1,Bajo
1334,2022-05-25,Apulo,Canada,26,2022,5,25,2,Bajo
1335,2023-12-14,Sunset Park,Canada,10,2023,12,14,4,Bajo
1336,2023-12-15,Balboa,Nicaragua,12,2023,12,15,4,Bajo
1337,2021-11-27,Balboa,Nicaragua,33,2021,11,27,4,Medio
1338,2024-04-09,Apulo,Costa Rica,58,2024,4,9,2,Medio
1339,2024-05-11,Amulapa,Mexico,27,2024,5,11,2,Bajo
1340,2024-02-02,Apulo,España,69,2024,2,2,1,Alto
1341,2022-03-08,Puerta Del Diablo,Guatemala,24,2022,3,8,1,Bajo
1342,2023-03-29,Apulo,Nicaragua,15,2023,3,29,1,Bajo
1343,2022-01-05,Amulapa,España,18,2022,1,5,1,Bajo
1344,2023-03-04,Cerro Verde,Guatemala,61,2023,3,4,1,Alto
1345,2023-12-20,Amulapa,Guatemala,43,2023,12,20,4,Medio
1346,2024-09-24,Sunset Park,España,33,2024,9,24,3,Medio
1347,2021-12-30,Cerro Verde,Costa Rica,16,2021,12,30,4,Bajo
1348,2024-05-25,Amulapa,Guatemala,28,2024,5,25,2,Bajo
1349,2021-11-23,Balboa,Nicaragua,76,2021,11,23,4,Alto
1350,2024-03-13,Sunset Park,Estados Unidos,54,2024,3,13,1,Medio
1351,2022-02-15,Cerro Verde,Estados Unidos,39,2022,2,15,1,Medio
1352,2022-06-29,Apulo,Nicaragua,37,2022,6,29,2,Medio
1353,2021-04-16,Cerro Verde,Mexico,40,2021,4,16,2,Medio
1354,2023-02-20,Cerro Verde,Honduras,63,2023,2,20,1,Alto
1355,2021-07-26,Apulo,Mexico,45,2021,7,26,3,Medio
1356,2022-10-20,Amulapa,Canada,70,2022,10,20,4,Alto
1357,2024-07-08,Amulapa,Canada,15,2024,7,8,3,Bajo
1358,2024-12-29,Sunset Park,Canada,51,2024,12,29,4,Medio
1359,2021-11-23,Puerta Del Diablo,Estados Unidos,44,2021,11,23,4,Medio
1360,2022-11-21,Amulapa,Costa Rica,59,2022,11,21,4,Medio
1361,2023-10-21,Apulo,Estados Unidos,14,2023,10,21,4,Bajo
1362,2023-03-13,Apulo,Guatemala,14,2023,3,13,1,Bajo
1363,2021-05-22,Sunset Park,Nicaragua,45,2021,5,22,2,Medio
1364,2023-02-27,Balboa,Nicaragua,35,2023,2,27,1,Medio
1365,2021-10-15,Amulapa,Guatemala,12,2021,10,15,4,Bajo
1366,2022-11-11,Apulo,Estados Unidos,50,2022,11,11,4,Medio
1367,2022-02-23,Puerta Del Diablo,España,73,2022,2,23,1,Alto
1368,2021-09-25,Puerta Del Diablo,Canada,26,2021,9,25,3,Bajo
1369,2021-02-05,Apulo,Estados Unidos,39,2021,2,5,1,Medio
1370,2023-02-20,Apulo,Costa Rica,10,2023,2,20,1,Bajo
1371,2021-04-18,Apulo,Honduras,22,2021,4,18,2,Bajo
1372,2022-07-17,Apulo,Mexico,40,2022,7,17,3,Medio
1373,2024-10-07,Balboa,Canada,37,2024,10,7,4,Medio
1374,2022-08-11,Apulo,Mexico,73,2022,8,11,3,Alto
1375,2023-08-01,Sunset Park,Nicaragua,72,2023,8,1,3,Alto
1376,2021-10-26,Sunset Park,Estados Unidos,16,2021,10,26,4,Bajo
1377,2023-10-15,Balboa,España,10,2023,10,15,4,Bajo
1378,2023-09-02,Cerro Verde,Estados Unidos,66,2023,9,2,3,Alto
1379,2024-10-25,Balboa,Guatemala,66,2024,10,25,4,Alto
1380,2024-01-08,Apulo,Mexico,20,2024,1,8,1,Bajo
1381,2022-02-19,Cerro Verde,Canada,68,2022,2,19,1,Alto
1382,2024-12-01,Cerro Verde,Guatemala,11,2024,12,1,4,Bajo
1383,2023-01-26,Puerta Del Diablo,Canada,59,2023,1,26,1,Medio
1384,2022-06-24,Sunset Park,Guatemala,24,2022,6,24,2,Bajo
1385,2022-07-08,Amulapa,España,78,2022,7,8,3,Alto
1386,2021-11-06,Balboa,Costa Rica,21,2021,11,6,4,Bajo
1387,2024-03-24,Amulapa,Honduras,26,2024,3,24,1,Bajo
1388,2024-06-13,Amulapa,Mexico,62,2024,6,13,2,Alto
1389,2023-03-27,Balboa,España,66,2023,3,27,1,Alto
1390,2021-07-15,Balboa,Estados Unidos,6,2021,7,15,3,Bajo
1391,2022-10-04,Apulo,Canada,27,2022,10,4,4,Bajo
1392,2022-04-07,Apulo,Guatemala,17,2022,4,7,2,Bajo
1393,2021-07-21,Puerta Del Diablo,Mexico,70,2021,7,21,3,Alto
1394,2022-02-08,Amulapa,Canada,47,2022,2,8,1,Medio
1395,2024-04-20,Balboa,Estados Unidos,69,2024,4,20,2,Alto
1396,2022-04-16,Cerro Verde,Mexico,63,2022,4,16,2,Alto
1397,2021-12-26,Sunset Park,Honduras,10,2021,12,26,4,Bajo
1398,2024-04-25,Apulo,Mexico,74,2024,4,25,2,Alto
1399,2024-05-03,Cerro Verde,Canada,41,2024,5,3,2,Medio
1400,2022-05-09,Puerta Del Diablo,Mexico,67,2022,5,9,2,Alto
1401,2024-08-05,Amulapa,Costa Rica,14,2024,8,5,3,Bajo
1402,2021-06-26,Balboa,Honduras,76,2021,6,26,2,Alto
1403,2024-10-20,Puerta Del Diablo,Guatemala,47,2024,10,20,4,Medio
1404,2021-05-29,Amulapa,Canada,78,2021,5,29,2,Alto
1405,2023-04-10,Cerro Verde,Guatemala,5,2023,4,10,2,Bajo
1406,2024-07-28,Puerta Del Diablo,Nicaragua,64,2024,7,28,3,Alto
1407,2024-03-13,Apulo,Nicaragua,9,2024,3,13,1,Bajo
1408,2022-01-17,Cerro Verde,Canada,23,2022,1,17,1,Bajo
1409,2023-03-02,Cerro Verde,Nicaragua,72,2023,3,2,1,Alto
1410,2023-09-20,Sunset Park,Canada,68,2023,9,20,3,Alto
1411,2024-02-23,Sunset Park,Guatemala,32,2024,2,23,1,Medio
1412,2024-09-06,Apulo,Estados Unidos,41,2024,9,6,3,Medio
1413,2023-11-05,Apulo,Guatemala,13,2023,11,5,4,Bajo
1414,2023-12-21,Apulo,Nicaragua,31,2023,12,21,4,Medio
1415,2022-06-30,Puerta Del Diablo,España,8,2022,6,30,2,Bajo
1416,2022-09-22,Sunset Park,Nicaragua,32,2022,9,22,3,Medio
1417,2022-12-31,Cerro Verde,Estados Unidos,73,2022,12,31,4,Alto
1418,2023-11-11,Balboa,Estados Unidos,26,2023,11,11,4,Bajo
1419,2021-05-24,Balboa,Costa Rica,22,2021,5,24,2,Bajo
1420,2024-03-15,Puerta Del Diablo,Honduras,17,2024,3,15,1,Bajo
1421,2024-07-16,Balboa,Mexico,68,2024,7,16,3,Alto
1422,2021-09-25,Puerta Del Diablo,Mexico,72,2021,9,25,3,Alto
1423,2024-06-01,Apulo,Guatemala,7,2024,6,1,2,Bajo
1424,2021-01-15,Amulapa,Canada,79,2021,1,15,1,Alto
1425,2024-04-14,Sunset Park,Canada,50,2024,4,14,2,Medio
1426,2022-01-14,Apulo,Guatemala,24,2022,1,14,1,Bajo
1427,2023-09-20,Puerta Del Diablo,Honduras,15,2023,9,20,3,Bajo
1428,2024-08-23,Cerro Verde,Canada,13,2024,8,23,3,Bajo
1429,2023-05-22,Cerro Verde,Canada,38,2023,5,22,2,Medio
1430,2022-06-02,Apulo,España,71,2022,6,2,2,Alto
1431,2023-11-07,Balboa,Costa Rica,12,2023,11,7,4,Bajo
1432,2021-10-11,Amulapa,Nicaragua,42,2021,10,11,4,Medio
1433,2023-01-11,Cerro Verde,Estados Unidos,39,2023,1,11,1,Medio
1434,2023-08-14,Puerta Del Diablo,Guatemala,38,2023,8,14,3,Medio
1435,2022-12-29,Balboa,Honduras,9,2022,12,29,4,Bajo
1436,2023-08-29,Puerta Del Diablo,España,77,2023,8,29,3,Alto
1437,2024-05-18,Apulo,España,24,2024,5,18,2,Bajo
1438,2024-05-30,Balboa,Costa Rica,69,2024,5,30,2,Alto
1439,2022-05-10,Cerro Verde,Nicaragua,24,2022,5,10,2,Bajo
1440,2022-05-29,Amulapa,Guatemala,33,2022,5,29,2,Medio
1441,2022-04-01,Cerro Verde,Estados Unidos,49,2022,4,1,2,Medio
1442,2024-07-20,Sunset Park,Honduras,19,2024,7,20,3,Bajo
1443,2023-10-21,Apulo,España,19,2023,10,21,4,Bajo
1444,2021-08-30,Balboa,Honduras,76,2021,8,30,3,Alto
1445,2024-11-03,Sunset Park,Honduras,12,2024,11,3,4,Bajo
1446,2023-01-19,Puerta Del Diablo,Estados Unidos,51,2023,1,19,1,Medio
1447,2021-09-08,Apulo,Honduras,77,2021,9,8,3,Alto
1448,2024-02-16,Amulapa,Estados Unidos,61,2024,2,16,1,Alto
1449,2024-02-12,Cerro Verde,Canada,69,2024,2,12,1,Alto
1450,2022-08-19,Puerta Del Diablo,Nicaragua,34,2022,8,19,3,Medio
1451,2021-04-11,Puerta Del Diablo,España,41,2021,4,11,2,Medio
1452,2023-02-11,Puerta Del Diablo,Canada,67,2023,2,11,1,Alto
1453,2021-05-21,Puerta Del Diablo,Estados Unidos,68,2021,5,21,2,Alto
1454,2024-09-29,Apulo,Guatemala,7,2024,9,29,3,Bajo
1455,2024-11-04,Sunset Park,Canada,38,2024,11,4,4,Medio
1456,2023-12-26,Apulo,Costa Rica,75,2023,12,26,4,Alto
1457,2022-05-19,Amulapa,Estados Unidos,7,2022,5,19,2,Bajo
1458,2021-05-16,Amulapa,Honduras,24,2021,5,16,2,Bajo
1459,2021-06-15,Cerro Verde,Nicaragua,13,2021,6,15,2,Bajo
1460,2021-04-12,Amulapa,Honduras,77,2021,4,12,2,Alto
1461,2024-11-02,Balboa,Nicaragua,43,2024,11,2,4,Medio
1462,2021-07-20,Cerro Verde,Estados Unidos,41,2021,7,20,3,Medio
1463,2024-06-22,Balboa,Canada,71,2024,6,22,2,Alto
1464,2022-04-09,Cerro Verde,Honduras,29,2022,4,9,2,Bajo
1465,2024-10-19,Sunset Park,Estados Unidos,68,2024,10,19,4,Alto
1466,2024-10-17,Amulapa,Mexico,9,2024,10,17,4,Bajo
1467,2021-07-15,Amulapa,España,39,2021,7,15,3,Medio
1468,2021-06-21,Cerro Verde,Honduras,21,2021,6,21,2,Bajo
1469,2022-11-18,Balboa,Guatemala,14,2022,11,18,4,Bajo
1470,2023-04-06,Apulo,Guatemala,71,2023,4,6,2,Alto
1471,2022-12-30,Balboa,Honduras,7,2022,12,30,4,Bajo
1472,2021-11-24,Amulapa,Mexico,57,2021,11,24,4,Medio
1473,2024-01-24,Sunset Park,Honduras,59,2024,1,24,1,Medio
1474,2021-07-11,Balboa,Mexico,72,2021,7,11,3,Alto
1475,2021-04-02,Puerta Del Diablo,Mexico,29,2021,4,2,2,Bajo
1476,2023-10-25,Balboa,Honduras,62,2023,10,25,4,Alto
1477,2021-07-09,Balboa,España,47,2021,7,9,3,Medio
1478,2021-06-19,Cerro Verde,Honduras,62,2021,6,19,2,Alto
1479,2021-11-20,Cerro Verde,Estados Unidos,23,2021,11,20,4,Bajo
1480,2021-08-26,Apulo,Guatemala,71,2021,8,26,3,Alto
1481,2023-06-05,Puerta Del Diablo,Canada,35,2023,6,5,2,Medio
1482,2024-06-05,Amulapa,Guatemala,71,2024,6,5,2,Alto
1483,2021-06-06,Apulo,Honduras,12,2021,6,6,2,Bajo
1484,2023-12-18,Puerta Del Diablo,Costa Rica,38,2023,12,18,4,Medio
1485,2021-12-19,Balboa,Canada,68,2021,12,19,4,Alto
1486,2022-01-03,Puerta Del Diablo,Estados Unidos,45,2022,1,3,1,Medio
1487,2023-06-03,Sunset Park,Nicaragua,76,2023,6,3,2,Alto
1488,2024-06-09,Balboa,España,68,2024,6,9,2,Alto
1489,2022-08-18,Puerta Del Diablo,Costa Rica,31,2022,8,18,3,Medio
1490,2024-07-01,Puerta Del Diablo,Canada,25,2024,7,1,3,Bajo
1491,2021-03-18,Amulapa,Estados Unidos,44,2021,3,18,1,Medio
1492,2023-12-08,Amulapa,Costa Rica,15,2023,12,8,4,Bajo
1493,2022-10-16,Cerro Verde,Estados Unidos,68,2022,10,16,4,Alto
1494,2024-03-31,Puerta Del Diablo,Canada,56,2024,3,31,1,Medio
1495,2024-09-02,Apulo,Guatemala,41,2024,9,2,3,Medio
1496,2022-12-10,Sunset Park,Estados Unidos,53,2022,12,10,4,Medio
1497,2022-03-17,Cerro Verde,Estados Unidos,35,2022,3,17,1,Medio
1498,2022-05-31,Balboa,Mexico,61,2022,5,31,2,Alto
1499,2022-11-19,Apulo,Mexico,41,2022,11,19,4,Medio
1500,2024-06-11,Balboa,Nicaragua,69,2024,6,11,2,Alto
1501,2023-08-15,Apulo,España,59,2023,8,15,3,Medio
1502,2021-04-16,Cerro Verde,Estados Unidos,36,2021,4,16,2,Medio
1503,2021-07-19,Balboa,Canada,59,2021,7,19,3,Medio
1504,2024-03-06,Apulo,Honduras,11,2024,3,6,1,Bajo
1505,2024-10-29,Amulapa,España,42,2024,10,29,4,Medio
1506,2024-08-23,Balboa,Estados Unidos,19,2024,8,23,3,Bajo
1507,2021-05-07,Apulo,Mexico,35,2021,5,7,2,Medio
1508,2021-05-01,Sunset Park,Guatemala,23,2021,5,1,2,Bajo
1509,2024-12-15,Amulapa,Costa Rica,50,2024,12,15,4,Medio
1510,2023-11-16,Amulapa,España,46,2023,11,16,4,Medio
1511,2022-03-17,Cerro Verde,Nicaragua,79,2022,3,17,1,Alto
1512,2022-10-09,Sunset Park,Canada,25,2022,10,9,4,Bajo
1513,2022-07-01,Amulapa,Nicaragua,48,2022,7,1,3,Medio
1514,2022-02-09,Sunset Park,Canada,13,2022,2,9,1,Bajo
1515,2021-10-18,Puerta Del Diablo,Costa Rica,35,2021,10,18,4,Medio
1516,2023-11-23,Balboa,Guatemala,21,2023,11,23,4,Bajo
1517,2021-05-26,Sunset Park,Estados Unidos,11,2021,5,26,2,Bajo
1518,2022-12-21,Apulo,Costa Rica,66,2022,12,21,4,Alto
1519,2021-12-29,Cerro Verde,España,24,2021,12,29,4,Bajo
1520,2021-03-20,Puerta Del Diablo,Costa Rica,22,2021,3,20,1,Bajo
1521,2023-12-17,Cerro Verde,Canada,28,2023,12,17,4,Bajo
1522,2023-06-23,Puerta Del Diablo,Nicaragua,13,2023,6,23,2,Bajo
1523,2021-06-05,Apulo,Estados Unidos,42,2021,6,5,2,Medio
1524,2023-09-20,Sunset Park,Honduras,66,2023,9,20,3,Alto
1525,2024-09-22,Sunset Park,Costa Rica,36,2024,9,22,3,Medio
1526,2024-07-31,Puerta Del Diablo,Guatemala,9,2024,7,31,3,Bajo
1527,2021-02-20,Sunset Park,Estados Unidos,12,2021,2,20,1,Bajo
1528,2023-11-06,Apulo,Honduras,67,2023,11,6,4,Alto
1529,2022-04-10,Sunset Park,Canada,43,2022,4,10,2,Medio
1530,2021-08-24,Balboa,Mexico,59,2021,8,24,3,Medio
1531,2022-05-05,Sunset Park,Honduras,47,2022,5,5,2,Medio
1532,2023-08-28,Puerta Del Diablo,Canada,68,2023,8,28,3,Alto
1533,2022-03-05,Puerta Del Diablo,Honduras,26,2022,3,5,1,Bajo
1534,2022-07-28,Sunset Park,Nicaragua,32,2022,7,28,3,Medio
1535,2023-12-25,Sunset Park,España,71,2023,12,25,4,Alto
1536,2021-02-26,Apulo,Estados Unidos,51,2021,2,26,1,Medio
1537,2022-03-04,Balboa,Honduras,63,2022,3,4,1,Alto
1538,2023-01-10,Amulapa,Estados Unidos,23,2023,1,10,1,Bajo
1539,2024-07-17,Sunset Park,Nicaragua,16,2024,7,17,3,Bajo
1540,2021-11-21,Balboa,Nicaragua,40,2021,11,21,4,Medio
1541,2022-12-17,Puerta Del Diablo,Honduras,76,2022,12,17,4,Alto
1542,2021-05-31,Apulo,Guatemala,7,2021,5,31,2,Bajo
1543,2021-11-16,Sunset Park,Mexico,73,2021,11,16,4,Alto
1544,2023-04-20,Cerro Verde,España,65,2023,4,20,2,Alto
1545,2022-07-07,Cerro Verde,Mexico,57,2022,7,7,3,Medio
1546,2023-12-12,Amulapa,Estados Unidos,64,2023,12,12,4,Alto
1547,2023-06-08,Puerta Del Diablo,Honduras,65,2023,6,8,2,Alto
1548,2021-07-05,Puerta Del Diablo,España,15,2021,7,5,3,Bajo
1549,2023-05-11,Cerro Verde,Canada,18,2023,5,11,2,Bajo
1550,2021-08-01,Cerro Verde,Costa Rica,46,2021,8,1,3,Medio
1551,2022-02-25,Balboa,Canada,58,2022,2,25,1,Medio
1552,2023-06-23,Puerta Del Diablo,Estados Unidos,19,2023,6,23,2,Bajo
1553,2021-03-29,Cerro Verde,Guatemala,64,2021,3,29,1,Alto
1554,2024-02-09,Cerro Verde,Canada,5,2024,2,9,1,Bajo
1555,2023-07-12,Apulo,Estados Unidos,30,2023,7,12,3,Medio
1556,2024-12-13,Amulapa,Mexico,71,2024,12,13,4,Alto
1557,2023-08-13,Cerro Verde,Nicaragua,53,2023,8,13,3,Medio
1558,2023-07-31,Cerro Verde,Costa Rica,56,2023,7,31,3,Medio
1559,2023-06-15,Cerro Verde,Costa Rica,59,2023,6,15,2,Medio
1560,2023-06-18,Sunset Park,Honduras,16,2023,6,18,2,Bajo
1561,2023-07-29,Cerro Verde,Nicaragua,67,2023,7,29,3,Alto
1562,2022-09-18,Amulapa,Guatemala,27,2022,9,18,3,Bajo
1563,2021-06-17,Puerta Del Diablo,Mexico,20,2021,6,17,2,Bajo
1564,2023-09-08,Sunset Park,Nicaragua,23,2023,9,8,3,Bajo
1565,2022-11-26,Sunset Park,España,17,2022,11,26,4,Bajo
1566,2024-11-14,Apulo,Guatemala,53,2024,11,14,4,Medio
1567,2023-03-08,Sunset Park,Costa Rica,15,2023,3,8,1,Bajo
1568,2024-12-16,Amulapa,Estados Unidos,7,2024,12,16,4,Bajo
1569,2021-11-15,Cerro Verde,Canada,46,2021,11,15,4,Medio
1570,2023-03-06,Apulo,Nicaragua,20,2023,3,6,1,Bajo
1571,2024-05-17,Apulo,Canada,36,2024,5,17,2,Medio
1572,2021-08-16,Balboa,Estados Unidos,68,2021,8,16,3,Alto
1573,2024-05-27,Sunset Park,Canada,35,2024,5,27,2,Medio
1574,2024-10-12,Apulo,Honduras,33,2024,10,12,4,Medio
1575,2023-03-20,Balboa,Estados Unidos,34,2023,3,20,1,Medio
1576,2023-05-09,Apulo,Honduras,27,2023,5,9,2,Bajo
1577,2021-03-23,Sunset Park,Estados Unidos,24,2021,3,23,1,Bajo
1578,2021-05-30,Sunset Park,Nicaragua,24,2021,5,30,2,Bajo
1579,2024-04-11,Amulapa,España,69,2024,4,11,2,Alto
1580,2023-11-13,Puerta Del Diablo,Canada,20,2023,11,13,4,Bajo
1581,2022-05-08,Cerro Verde,Costa Rica,29,2022,5,8,2,Bajo
1582,2023-07-20,Cerro Verde,Costa Rica,41,2023,7,20,3,Medio
1583,2021-07-25,Cerro Verde,Canada,57,2021,7,25,3,Medio
1584,2021-04-19,Puerta Del Diablo,Guatemala,38,2021,4,19,2,Medio
1585,2023-09-12,Puerta Del Diablo,Estados Unidos,77,2023,9,12,3,Alto
1586,2023-05-04,Balboa,Estados Unidos,36,2023,5,4,2,Medio
1587,2022-05-14,Cerro Verde,Estados Unidos,18,2022,5,14,2,Bajo
1588,2023-02-24,Balboa,Nicaragua,8,2023,2,24,1,Bajo
1589,2024-04-30,Balboa,España,66,2024,4,30,2,Alto
1590,2022-03-23,Apulo,Guatemala,24,2022,3,23,1,Bajo
1591,2024-06-13,Cerro Verde,Guatemala,22,2024,6,13,2,Bajo
1592,2022-06-25,Puerta Del Diablo,Mexico,25,2022,6,25,2,Bajo
1593,2021-01-23,Balboa,Nicaragua,50,2021,1,23,1,Medio
1594,2023-07-29,Cerro Verde,Nicaragua,54,2023,7,29,3,Medio
1595,2023-09-05,Amulapa,España,36,2023,9,5,3,Medio
1596,2024-08-26,Amulapa,Costa Rica,8,2024,8,26,3,Bajo
1597,2022-08-31,Amulapa,Mexico,41,2022,8,31,3,Medio
1598,2022-09-14,Sunset Park,Canada,30,2022,9,14,3,Medio
1599,2021-04-17,Cerro Verde,Canada,39,2021,4,17,2,Medio
1600,2022-11-28,Balboa,Costa Rica,20,2022,11,28,4,Bajo
1601,2024-03-02,Amulapa,Mexico,21,2024,3,2,1,Bajo
1602,2022-11-08,Sunset Park,Canada,13,2022,11,8,4,Bajo
1603,2023-06-13,Cerro Verde,Canada,57,2023,6,13,2,Medio
1604,2024-08-24,Sunset Park,Costa Rica,68,2024,8,24,3,Alto
1605,2021-05-22,Balboa,Guatemala,32,2021,5,22,2,Medio
1606,2021-11-24,Amulapa,Estados Unidos,34,2021,11,24,4,Medio
1607,2021-07-15,Amulapa,España,78,2021,7,15,3,Alto
1608,2021-02-18,Apulo,Mexico,62,2021,2,18,1,Alto
1609,2024-02-23,Amulapa,Costa Rica,24,2024,2,23,1,Bajo
1610,2023-07-20,Cerro Verde,Estados Unidos,70,2023,7,20,3,Alto
1611,2022-07-06,Apulo,Nicaragua,10,2022,7,6,3,Bajo
1612,2023-09-22,Sunset Park,Nicaragua,60,2023,9,22,3,Alto
1613,2022-02-09,Cerro Verde,Estados Unidos,59,2022,2,9,1,Medio
1614,2021-09-21,Puerta Del Diablo,Estados Unidos,45,2021,9,21,3,Medio
1615,2024-01-06,Apulo,Canada,7,2024,1,6,1,Bajo
1616,2024-11-05,Apulo,Nicaragua,64,2024,11,5,4,Alto
1617,2021-02-13,Sunset Park,Estados Unidos,47,2021,2,13,1,Medio
1618,2023-06-03,Balboa,Mexico,39,2023,6,3,2,Medio
1619,2024-09-29,Puerta Del Diablo,Honduras,67,2024,9,29,3,Alto
1620,2022-09-04,Balboa,Honduras,76,2022,9,4,3,Alto
1621,2022-10-21,Cerro Verde,Guatemala,38,2022,10,21,4,Medio
1622,2024-12-11,Balboa,Estados Unidos,73,2024,12,11,4,Alto
1623,2022-09-07,Apulo,Mexico,38,2022,9,7,3,Medio
1624,2023-06-25,Puerta Del Diablo,Estados Unidos,58,2023,6,25,2,Medio
1625,2022-01-31,Cerro Verde,Guatemala,77,2022,1,31,1,Alto
1626,2022-03-07,Cerro Verde,Mexico,69,2022,3,7,1,Alto
1627,2022-05-02,Apulo,Costa Rica,41,2022,5,2,2,Medio
1628,2024-10-31,Balboa,Nicaragua,65,2024,10,31,4,Alto
1629,2021-05-26,Cerro Verde,España,31,2021,5,26,2,Medio
1630,2021-10-31,Cerro Verde,Nicaragua,74,2021,10,31,4,Alto
1631,2021-06-02,Cerro Verde,España,15,2021,6,2,2,Bajo
1632,2021-03-30,Amulapa,Canada,63,2021,3,30,1,Alto
1633,2021-01-27,Puerta Del Diablo,Costa Rica,39,2021,1,27,1,Medio
1634,2021-07-17,Apulo,Honduras,21,2021,7,17,3,Bajo
1635,2021-12-07,Cerro Verde,Mexico,18,2021,12,7,4,Bajo
1636,2023-12-06,Puerta Del Diablo,Nicaragua,26,2023,12,6,4,Bajo
1637,2021-04-23,Amulapa,Estados Unidos,30,2021,4,23,2,Medio
1638,2021-06-09,Puerta Del Diablo,España,67,2021,6,9,2,Alto
1639,2024-03-27,Sunset Park,Mexico,54,2024,3,27,1,Medio
1640,2021-05-07,Cerro Verde,Nicaragua,55,2021,5,7,2,Medio
1641,2022-08-02,Sunset Park,Guatemala,50,2022,8,2,3,Medio
1642,2024-08-04,Amulapa,Costa Rica,78,2024,8,4,3,Alto
1643,2023-11-05,Sunset Park,Costa Rica,64,2023,11,5,4,Alto
1644,2021-03-28,Amulapa,España,25,2021,3,28,1,Bajo
1645,2024-05-25,Puerta Del Diablo,Canada,25,2024,5,25,2,Bajo
1646,2024-03-15,Cerro Verde,Honduras,52,2024,3,15,1,Medio
1647,2024-01-08,Amulapa,Costa Rica,7,2024,1,8,1,Bajo
1648,2021-12-10,Puerta Del Diablo,Estados Unidos,41,2021,12,10,4,Medio
1649,2023-09-11,Balboa,Estados Unidos,11,2023,9,11,3,Bajo
1650,2022-07-11,Cerro Verde,Mexico,67,2022,7,11,3,Alto
1651,2022-02-12,Balboa,Mexico,14,2022,2,12,1,Bajo
1652,2021-06-18,Amulapa,Estados Unidos,30,2021,6,18,2,Medio
1653,2021-10-16,Balboa,Costa Rica,65,2021,10,16,4,Alto
1654,2022-06-22,Amulapa,Canada,13,2022,6,22,2,Bajo
1655,2024-07-15,Apulo,Costa Rica,28,2024,7,15,3,Bajo
1656,2022-07-21,Balboa,Canada,47,2022,7,21,3,Medio
1657,2023-01-02,Balboa,España,74,2023,1,2,1,Alto
1658,2024-05-27,Sunset Park,Costa Rica,19,2024,5,27,2,Bajo
1659,2024-05-18,Cerro Verde,Nicaragua,46,2024,5,18,2,Medio
1660,2024-09-12,Balboa,Guatemala,74,2024,9,12,3,Alto
1661,2022-05-22,Sunset Park,Mexico,63,2022,5,22,2,Alto
1662,2022-04-02,Amulapa,Canada,32,2022,4,2,2,Medio
1663,2023-03-03,Puerta Del Diablo,Costa Rica,12,2023,3,3,1,Bajo
1664,2023-09-26,Puerta Del Diablo,Honduras,5,2023,9,26,3,Bajo
1665,2021-03-13,Cerro Verde,Canada,67,2021,3,13,1,Alto
1666,2023-12-29,Balboa,Guatemala,59,2023,12,29,4,Medio
1667,2022-02-04,Apulo,Canada,56,2022,2,4,1,Medio
1668,2023-06-16,Apulo,Guatemala,78,2023,6,16,2,Alto
1669,2023-07-12,Balboa,Honduras,41,2023,7,12,3,Medio
1670,2021-03-21,Puerta Del Diablo,España,75,2021,3,21,1,Alto
1671,2024-03-21,Puerta Del Diablo,Mexico,36,2024,3,21,1,Medio
1672,2024-09-21,Sunset Park,Estados Unidos,41,2024,9,21,3,Medio
1673,2024-09-10,Amulapa,España,64,2024,9,10,3,Alto
1674,2023-12-09,Sunset Park,Estados Unidos,15,2023,12,9,4,Bajo
1675,2023-07-27,Apulo,Canada,24,2023,7,27,3,Bajo
1676,2023-08-27,Sunset Park,Guatemala,29,2023,8,27,3,Bajo
1677,2023-05-25,Amulapa,Guatemala,73,2023,5,25,2,Alto
1678,2022-08-17,Balboa,Guatemala,32,2022,8,17,3,Medio
1679,2021-05-09,Amulapa,Costa Rica,75,2021,5,9,2,Alto
1680,2023-04-16,Sunset Park,Guatemala,26,2023,4,16,2,Bajo
1681,2024-12-08,Amulapa,Honduras,8,2024,12,8,4,Bajo
1682,2024-06-07,Cerro Verde,Costa Rica,39,2024,6,7,2,Medio
1683,2023-06-29,Apulo,España,23,2023,6,29,2,Bajo
1684,2021-01-22,Puerta Del Diablo,Canada,20,2021,1,22,1,Bajo
1685,2024-09-07,Sunset Park,Mexico,73,2024,9,7,3,Alto
1686,2022-08-03,Amulapa,Costa Rica,46,2022,8,3,3,Medio
1687,2022-10-08,Cerro Verde,Estados Unidos,13,2022,10,8,4,Bajo
1688,2024-05-26,Puerta Del Diablo,Estados Unidos,37,2024,5,26,2,Medio
1689,2021-01-13,Sunset Park,Honduras,23,2021,1,13,1,Bajo
1690,2021-12-21,Balboa,Nicaragua,42,2021,12,21,4,Medio
1691,2021-11-03,Apulo,España,38,2021,11,3,4,Medio
1692,2021-06-30,Puerta Del Diablo,Costa Rica,76,2021,6,30,2,Alto
1693,2021-05-04,Puerta Del Diablo,España,33,2021,5,4,2,Medio
1694,2024-08-11,Cerro Verde,Costa Rica,74,2024,8,11,3,Alto
1695,2021-01-28,Apulo,Canada,74,2021,1,28,1,Alto
1696,2024-05-22,Apulo,Canada,78,2024,5,22,2,Alto
1697,2021-11-29,Cerro Verde,Estados Unidos,5,2021,11,29,4,Bajo
1698,2024-09-05,Sunset Park,España,79,2024,9,5,3,Alto
1699,2024-10-20,Cerro Verde,Honduras,5,2024,10,20,4,Bajo
1700,2024-05-07,Puerta Del Diablo,Guatemala,58,2024,5,7,2,Medio
1701,2021-01-28,Puerta Del Diablo,Estados Unidos,71,2021,1,28,1,Alto
1702,2023-02-07,Balboa,Costa Rica,37,2023,2,7,1,Medio
1703,2024-01-08,Apulo,Nicaragua,20,2024,1,8,1,Bajo
1704,2023-03-05,Amulapa,Honduras,62,2023,3,5,1,Alto
1705,2022-12-17,Puerta Del Diablo,Honduras,63,2022,12,17,4,Alto
1706,2022-07-04,Puerta Del Diablo,Costa Rica,65,2022,7,4,3,Alto
1707,2021-06-01,Apulo,Estados Unidos,59,2021,6,1,2,Medio
1708,2024-05-04,Sunset Park,Guatemala,33,2024,5,4,2,Medio
1709,2022-05-11,Apulo,Mexico,53,2022,5,11,2,Medio
1710,2024-08-26,Puerta Del Diablo,España,46,2024,8,26,3,Medio
1711,2024-03-29,Apulo,Canada,55,2024,3,29,1,Medio
1712,2022-03-24,Sunset Park,Costa Rica,52,2022,3,24,1,Medio
1713,2022-10-04,Amulapa,Estados Unidos,29,2022,10,4,4,Bajo
1714,2021-08-17,Puerta Del Diablo,Estados Unidos,78,2021,8,17,3,Alto
1715,2023-08-15,Sunset Park,Nicaragua,45,2023,8,15,3,Medio
1716,2024-03-29,Balboa,Mexico,56,2024,3,29,1,Medio
1717,2024-09-27,Sunset Park,Guatemala,42,2024,9,27,3,Medio
1718,2021-10-20,Puerta Del Diablo,Honduras,65,2021,10,20,4,Alto
1719,2022-01-03,Apulo,Honduras,9,2022,1,3,1,Bajo
1720,2024-10-22,Sunset Park,Costa Rica,11,2024,10,22,4,Bajo
1721,2023-09-26,Apulo,Canada,75,2023,9,26,3,Alto
1722,2021-10-17,Puerta Del Diablo,Honduras,42,2021,10,17,4,Medio
1723,2022-04-01,Apulo,Estados Unidos,14,2022,4,1,2,Bajo
1724,2021-12-15,Puerta Del Diablo,España,68,2021,12,15,4,Alto
1725,2022-05-01,Puerta Del Diablo,Nicaragua,15,2022,5,1,2,Bajo
1726,2021-03-26,Sunset Park,Costa Rica,9,2021,3,26,1,Bajo
1727,2024-02-24,Amulapa,España,33,2024,2,24,1,Medio
1728,2021-07-06,Balboa,Mexico,58,2021,7,6,3,Medio
1729,2021-03-15,Cerro Verde,España,12,2021,3,15,1,Bajo
1730,2024-02-16,Sunset Park,España,14,2024,2,16,1,Bajo
1731,2024-05-08,Balboa,Canada,17,2024,5,8,2,Bajo
1732,2021-02-16,Sunset Park,Mexico,77,2021,2,16,1,Alto
1733,2023-12-14,Sunset Park,Canada,50,2023,12,14,4,Medio
1734,2022-01-10,Puerta Del Diablo,Estados Unidos,21,2022,1,10,1,Bajo
1735,2021-05-30,Balboa,Guatemala,19,2021,5,30,2,Bajo
1736,2024-01-08,Cerro Verde,Guatemala,70,2024,1,8,1,Alto
1737,2023-09-14,Apulo,Canada,61,2023,9,14,3,Alto
1738,2023-06-09,Puerta Del Diablo,Mexico,75,2023,6,9,2,Alto
1739,2024-12-09,Sunset Park,España,5,2024,12,9,4,Bajo
1740,2022-12-21,Amulapa,Mexico,31,2022,12,21,4,Medio
1741,2023-04-12,Apulo,Estados Unidos,15,2023,4,12,2,Bajo
1742,2021-10-09,Sunset Park,Canada,23,2021,10,9,4,Bajo
1743,2021-07-18,Puerta Del Diablo,Mexico,33,2021,7,18,3,Medio
1744,2023-06-01,Sunset Park,Nicaragua,75,2023,6,1,2,Alto
1745,2024-07-15,Puerta Del Diablo,Guatemala,27,2024,7,15,3,Bajo
1746,2023-10-28,Sunset Park,Nicaragua,17,2023,10,28,4,Bajo
1747,2021-12-28,Apulo,Costa Rica,7,2021,12,28,4,Bajo
1748,2022-05-27,Amulapa,Estados Unidos,69,2022,5,27,2,Alto
1749,2023-02-23,Amulapa,Canada,71,2023,2,23,1,Alto
1750,2023-08-21,Puerta Del Diablo,Honduras,17,2023,8,21,3,Bajo
1751,2022-10-17,Balboa,Estados Unidos,57,2022,10,17,4,Medio
1752,2023-03-15,Apulo,Estados Unidos,51,2023,3,15,1,Medio
1753,2023-11-11,Puerta Del Diablo,Honduras,30,2023,11,11,4,Medio
1754,2021-08-31,Puerta Del Diablo,Mexico,56,2021,8,31,3,Medio
1755,2021-12-05,Balboa,Honduras,75,2021,12,5,4,Alto
1756,2024-01-05,Sunset Park,Canada,7,2024,1,5,1,Bajo
1757,2021-07-04,Amulapa,Mexico,46,2021,7,4,3,Medio
1758,2024-05-20,Cerro Verde,Guatemala,27,2024,5,20,2,Bajo
1759,2021-06-06,Puerta Del Diablo,Nicaragua,64,2021,6,6,2,Alto
1760,2021-12-14,Apulo,Guatemala,50,2021,12,14,4,Medio
1761,2021-06-11,Sunset Park,España,26,2021,6,11,2,Bajo
1762,2023-12-18,Amulapa,Guatemala,5,2023,12,18,4,Bajo
1763,2021-10-22,Apulo,Guatemala,66,2021,10,22,4,Alto
1764,2021-05-11,Puerta Del Diablo,Guatemala,15,2021,5,11,2,Bajo
1765,2023-07-21,Balboa,Guatemala,59,2023,7,21,3,Medio
1766,2024-06-24,Balboa,España,72,2024,6,24,2,Alto
1767,2021-10-18,Balboa,Canada,64,2021,10,18,4,Alto
1768,2024-01-01,Amulapa,Honduras,79,2024,1,1,1,Alto
1769,2021-12-10,Amulapa,Guatemala,60,2021,12,10,4,Alto
1770,2022-06-26,Sunset Park,Guatemala,66,2022,6,26,2,Alto
1771,2021-03-21,Balboa,Estados Unidos,21,2021,3,21,1,Bajo
1772,2024-12-21,Sunset Park,Canada,68,2024,12,21,4,Alto
1773,2022-05-09,Puerta Del Diablo,Estados Unidos,22,2022,5,9,2,Bajo
1774,2022-03-11,Amulapa,Costa Rica,57,2022,3,11,1,Medio
1775,2023-07-26,Amulapa,Estados Unidos,8,2023,7,26,3,Bajo
1776,2021-10-20,Puerta Del Diablo,Guatemala,51,2021,10,20,4,Medio
1777,2022-08-14,Cerro Verde,Guatemala,67,2022,8,14,3,Alto
1778,2023-10-30,Apulo,Honduras,55,2023,10,30,4,Medio
1779,2024-04-04,Puerta Del Diablo,Guatemala,15,2024,4,4,2,Bajo
1780,2024-03-26,Sunset Park,España,14,2024,3,26,1,Bajo
1781,2022-02-02,Sunset Park,España,13,2022,2,2,1,Bajo
1782,2024-04-12,Sunset Park,Mexico,35,2024,4,12,2,Medio
1783,2024-04-12,Balboa,Estados Unidos,11,2024,4,12,2,Bajo
1784,2021-04-02,Apulo,España,48,2021,4,2,2,Medio
1785,2022-08-13,Amulapa,Canada,36,2022,8,13,3,Medio
1786,2022-01-08,Cerro Verde,Nicaragua,54,2022,1,8,1,Medio
1787,2023-12-28,Apulo,Estados Unidos,21,2023,12,28,4,Bajo
1788,2024-04-05,Amulapa,Costa Rica,35,2024,4,5,2,Medio
1789,2022-05-22,Apulo,Costa Rica,35,2022,5,22,2,Medio
1790,2024-04-18,Puerta Del Diablo,Canada,66,2024,4,18,2,Alto
1791,2022-11-05,Balboa,Canada,8,2022,11,5,4,Bajo
1792,2023-09-18,Puerta Del Diablo,Honduras,61,2023,9,18,3,Alto
1793,2023-11-07,Balboa,Honduras,15,2023,11,7,4,Bajo
1794,2024-02-14,Cerro Verde,Canada,25,2024,2,14,1,Bajo
1795,2024-09-19,Puerta Del Diablo,Guatemala,26,2024,9,19,3,Bajo
1796,2024-07-26,Balboa,Mexico,32,2024,7,26,3,Medio
1797,2023-12-28,Balboa,Guatemala,35,2023,12,28,4,Medio
1798,2022-01-14,Sunset Park,Estados Unidos,62,2022,1,14,1,Alto
1799,2023-04-04,Puerta Del Diablo,Nicaragua,60,2023,4,4,2,Alto
1800,2024-09-03,Balboa,Guatemala,37,2024,9,3,3,Medio
1801,2024-03-24,Sunset Park,Honduras,52,2024,3,24,1,Medio
1802,2022-02-05,Sunset Park,Nicaragua,24,2022,2,5,1,Bajo
1803,2022-07-28,Sunset Park,España,6,2022,7,28,3,Bajo
1804,2023-03-05,Puerta Del Diablo,Guatemala,63,2023,3,5,1,Alto
1805,2023-12-29,Amulapa,Nicaragua,71,2023,12,29,4,Alto
1806,2021-02-06,Amulapa,Honduras,78,2021,2,6,1,Alto
1807,2022-04-30,Cerro Verde,Honduras,61,2022,4,30,2,Alto
1808,2022-03-08,Apulo,Guatemala,76,2022,3,8,1,Alto
1809,2021-08-01,Sunset Park,Guatemala,67,2021,8,1,3,Alto
1810,2024-12-21,Puerta Del Diablo,Canada,70,2024,12,21,4,Alto
1811,2023-11-23,Balboa,Guatemala,18,2023,11,23,4,Bajo
1812,2022-03-20,Balboa,Costa Rica,78,2022,3,20,1,Alto
1813,2023-11-10,Apulo,Guatemala,30,2023,11,10,4,Medio
1814,2022-04-09,Puerta Del Diablo,Estados Unidos,67,2022,4,9,2,Alto
1815,2022-05-22,Balboa,Costa Rica,31,2022,5,22,2,Medio
1816,2022-12-11,Apulo,Mexico,34,2022,12,11,4,Medio
1817,2023-01-18,Amulapa,Guatemala,9,2023,1,18,1,Bajo
1818,2023-09-29,Sunset Park,Honduras,19,2023,9,29,3,Bajo
1819,2021-04-30,Amulapa,Guatemala,60,2021,4,30,2,Alto
1820,2022-09-28,Apulo,Estados Unidos,66,2022,9,28,3,Alto
1821,2022-02-10,Cerro Verde,Estados Unidos,62,2022,2,10,1,Alto
1822,2024-04-30,Sunset Park,Honduras,60,2024,4,30,2,Alto
1823,2021-10-31,Balboa,Honduras,16,2021,10,31,4,Bajo
1824,2024-09-28,Amulapa,Nicaragua,15,2024,9,28,3,Bajo
1825,2021-12-16,Apulo,España,17,2021,12,16,4,Bajo
1826,2022-02-08,Puerta Del Diablo,Canada,23,2022,2,8,1,Bajo
1827,2023-08-17,Puerta Del Diablo,Guatemala,56,2023,8,17,3,Medio
1828,2022-02-21,Balboa,España,50,2022,2,21,1,Medio
1829,2023-08-31,Sunset Park,Estados Unidos,63,2023,8,31,3,Alto
1830,2023-01-01,Amulapa,Nicaragua,32,2023,1,1,1,Medio
1831,2022-07-08,Apulo,España,75,2022,7,8,3,Alto
1832,2023-04-26,Cerro Verde,Guatemala,20,2023,4,26,2,Bajo
1833,2023-06-22,Amulapa,Costa Rica,6,2023,6,22,2,Bajo
1834,2022-05-23,Sunset Park,Canada,36,2022,5,23,2,Medio
1835,2024-05-10,Cerro Verde,Honduras,10,2024,5,10,2,Bajo
1836,2024-10-15,Apulo,Mexico,18,2024,10,15,4,Bajo
1837,2024-09-06,Puerta Del Diablo,España,61,2024,9,6,3,Alto
1838,2021-01-14,Puerta Del Diablo,Mexico,20,2021,1,14,1,Bajo
1839,2023-06-07,Puerta Del Diablo,Nicaragua,65,2023,6,7,2,Alto
1840,2022-12-16,Puerta Del Diablo,Mexico,17,2022,12,16,4,Bajo
1841,2024-01-20,Balboa,Costa Rica,73,2024,1,20,1,Alto
1842,2024-07-13,Sunset Park,España,78,2024,7,13,3,Alto
1843,2022-12-06,Apulo,Nicaragua,64,2022,12,6,4,Alto
1844,2023-02-02,Sunset Park,Estados Unidos,19,2023,2,2,1,Bajo
1845,2022-09-10,Balboa,Honduras,55,2022,9,10,3,Medio
1846,2024-01-02,Puerta Del Diablo,Mexico,74,2024,1,2,1,Alto
1847,2023-03-02,Sunset Park,Honduras,24,2023,3,2,1,Bajo
1848,2023-02-20,Amulapa,Estados Unidos,73,2023,2,20,1,Alto
1849,2022-12-13,Balboa,Canada,59,2022,12,13,4,Medio
1850,2022-10-12,Apulo,Costa Rica,68,2022,10,12,4,Alto
1851,2022-02-02,Sunset Park,Canada,12,2022,2,2,1,Bajo
1852,2022-02-25,Amulapa,Estados Unidos,78,2022,2,25,1,Alto
1853,2021-03-11,Cerro Verde,Costa Rica,33,2021,3,11,1,Medio
1854,2023-06-19,Sunset Park,Estados Unidos,55,2023,6,19,2,Medio
1855,2022-10-14,Balboa,España,11,2022,10,14,4,Bajo
1856,2022-10-11,Cerro Verde,Guatemala,35,2022,10,11,4,Medio
1857,2021-09-26,Puerta Del Diablo,Honduras,6,2021,9,26,3,Bajo
1858,2021-03-04,Cerro Verde,Canada,75,2021,3,4,1,Alto
1859,2022-09-24,Puerta Del Diablo,Estados Unidos,30,2022,9,24,3,Medio
1860,2024-08-06,Puerta Del Diablo,Estados Unidos,59,2024,8,6,3,Medio
1861,2022-10-29,Puerta Del Diablo,Costa Rica,54,2022,10,29,4,Medio
1862,2022-05-23,Amulapa,Guatemala,18,2022,5,23,2,Bajo
1863,2024-12-01,Balboa,España,57,2024,12,1,4,Medio
1864,2023-04-15,Sunset Park,Honduras,26,2023,4,15,2,Bajo
1865,2024-02-12,Puerta Del Diablo,Nicaragua,52,2024,2,12,1,Medio
1866,2022-11-04,Balboa,Guatemala,19,2022,11,4,4,Bajo
1867,2021-02-09,Sunset Park,Honduras,45,2021,2,9,1,Medio
1868,2023-07-29,Puerta Del Diablo,Mexico,24,2023,7,29,3,Bajo
1869,2023-10-03,Puerta Del Diablo,Estados Unidos,52,2023,10,3,4,Medio
1870,2022-09-23,Puerta Del Diablo,Guatemala,25,2022,9,23,3,Bajo
1871,2024-03-20,Amulapa,Nicaragua,35,2024,3,20,1,Medio
1872,2024-10-17,Amulapa,Canada,50,2024,10,17,4,Medio
1873,2022-07-11,Amulapa,Guatemala,37,2022,7,11,3,Medio
1874,2024-12-02,Cerro Verde,Honduras,44,2024,12,2,4,Medio
1875,2023-04-26,Balboa,Honduras,73,2023,4,26,2,Alto
1876,2023-05-16,Amulapa,Canada,37,2023,5,16,2,Medio
1877,2022-06-07,Puerta Del Diablo,España,64,2022,6,7,2,Alto
1878,2021-10-16,Apulo,Guatemala,27,2021,10,16,4,Bajo
1879,2021-04-18,Sunset Park,Canada,25,2021,4,18,2,Bajo
1880,2023-08-09,Puerta Del Diablo,Guatemala,43,2023,8,9,3,Medio
1881,2024-07-17,Apulo,Estados Unidos,35,2024,7,17,3,Medio
1882,2021-04-28,Sunset Park,Canada,75,2021,4,28,2,Alto
1883,2023-06-11,Amulapa,Mexico,24,2023,6,11,2,Bajo
1884,2024-03-11,Puerta Del Diablo,Nicaragua,69,2024,3,11,1,Alto
1885,2022-10-14,Amulapa,Nicaragua,20,2022,10,14,4,Bajo
1886,2022-12-24,Puerta Del Diablo,España,41,2022,12,24,4,Medio
1887,2024-12-12,Sunset Park,Canada,28,2024,12,12,4,Bajo
1888,2024-02-12,Puerta Del Diablo,Estados Unidos,49,2024,2,12,1,Medio
1889,2021-12-19,Amulapa,Canada,38,2021,12,19,4,Medio
1890,2021-04-13,Apulo,España,12,2021,4,13,2,Bajo
1891,2024-06-26,Sunset Park,Honduras,79,2024,6,26,2,Alto
1892,2021-01-03,Balboa,Costa Rica,71,2021,1,3,1,Alto
1893,2022-09-20,Puerta Del Diablo,Canada,62,2022,9,20,3,Alto
1894,2023-11-08,Apulo,Costa Rica,55,2023,11,8,4,Medio
1895,2021-10-07,Amulapa,Nicaragua,44,2021,10,7,4,Medio
1896,2022-10-11,Sunset Park,Estados Unidos,23,2022,10,11,4,Bajo
1897,2024-07-24,Balboa,Costa Rica,67,2024,7,24,3,Alto
1898,2022-11-17,Apulo,Mexico,56,2022,11,17,4,Medio
1899,2023-11-25,Apulo,Honduras,8,2023,11,25,4,Bajo
1900,2024-03-25,Cerro Verde,Guatemala,37,2024,3,25,1,Medio
1901,2024-06-01,Balboa,Mexico,75,2024,6,1,2,Alto
1902,2024-10-22,Sunset Park,España,30,2024,10,22,4,Medio
1903,2021-03-01,Amulapa,Nicaragua,20,2021,3,1,1,Bajo
1904,2024-06-18,Sunset Park,España,55,2024,6,18,2,Medio
1905,2021-07-10,Amulapa,Costa Rica,16,2021,7,10,3,Bajo
1906,2024-10-08,Puerta Del Diablo,España,12,2024,10,8,4,Bajo
1907,2023-05-13,Puerta Del Diablo,España,16,2023,5,13,2,Bajo
1908,2021-03-05,Sunset Park,Costa Rica,40,2021,3,5,1,Medio
1909,2024-10-25,Sunset Park,Estados Unidos,78,2024,10,25,4,Alto
1910,2023-06-03,Balboa,Guatemala,79,2023,6,3,2,Alto
1911,2022-07-11,Sunset Park,Nicaragua,52,2022,7,11,3,Medio
1912,2023-03-20,Apulo,Nicaragua,37,2023,3,20,1,Medio
1913,2024-01-05,Amulapa,España,12,2024,1,5,1,Bajo
1914,2022-12-22,Apulo,Canada,31,2022,12,22,4,Medio
1915,2024-07-20,Apulo,Guatemala,34,2024,7,20,3,Medio
1916,2023-02-11,Amulapa,Canada,16,2023,2,11,1,Bajo
1917,2023-02-26,Amulapa,Estados Unidos,17,2023,2,26,1,Bajo
1918,2023-10-09,Cerro Verde,Honduras,77,2023,10,9,4,Alto
1919,2024-05-04,Balboa,España,29,2024,5,4,2,Bajo
1920,2022-07-13,Sunset Park,Costa Rica,48,2022,7,13,3,Medio
1921,2023-12-05,Puerta Del Diablo,Costa Rica,78,2023,12,5,4,Alto
1922,2021-10-03,Amulapa,Nicaragua,10,2021,10,3,4,Bajo
1923,2022-10-13,Cerro Verde,España,44,2022,10,13,4,Medio
1924,2024-04-30,Balboa,Costa Rica,63,2024,4,30,2,Alto
1925,2022-05-06,Puerta Del Diablo,Mexico,35,2022,5,6,2,Medio
1926,2021-09-01,Apulo,Nicaragua,5,2021,9,1,3,Bajo
1927,2022-06-16,Cerro Verde,Nicaragua,18,2022,6,16,2,Bajo
1928,2022-06-27,Amulapa,Nicaragua,51,2022,6,27,2,Medio
1929,2022-09-07,Balboa,Canada,59,2022,9,7,3,Medio
1930,2024-04-13,Apulo,Costa Rica,20,2024,4,13,2,Bajo
1931,2022-04-04,Balboa,Mexico,56,2022,4,4,2,Medio
1932,2021-07-18,Amulapa,Estados Unidos,78,2021,7,18,3,Alto
1933,2022-07-10,Amulapa,Nicaragua,57,2022,7,10,3,Medio
1934,2024-01-14,Amulapa,Nicaragua,52,2024,1,14,1,Medio
1935,2024-07-11,Puerta Del Diablo,Guatemala,18,2024,7,11,3,Bajo
1936,2021-02-24,Apulo,Nicaragua,45,2021,2,24,1,Medio
1937,2024-10-10,Sunset Park,Nicaragua,53,2024,10,10,4,Medio
1938,2023-05-10,Amulapa,Honduras,55,2023,5,10,2,Medio
1939,2022-05-29,Sunset Park,Honduras,16,2022,5,29,2,Bajo
1940,2023-03-17,Sunset Park,Guatemala,13,2023,3,17,1,Bajo
1941,2023-09-17,Apulo,Estados Unidos,70,2023,9,17,3,Alto
1942,2023-09-08,Amulapa,España,9,2023,9,8,3,Bajo
1943,2022-08-15,Balboa,Nicaragua,70,2022,8,15,3,Alto
1944,2021-04-15,Sunset Park,Estados Unidos,6,2021,4,15,2,Bajo
1945,2021-04-18,Sunset Park,Canada,70,2021,4,18,2,Alto
1946,2023-03-19,Cerro Verde,Costa Rica,25,2023,3,19,1,Bajo
1947,2021-06-04,Apulo,Nicaragua,32,2021,6,4,2,Medio
1948,2021-04-09,Cerro Verde,Estados Unidos,63,2021,4,9,2,Alto
1949,2022-11-15,Puerta Del Diablo,Mexico,49,2022,11,15,4,Medio
1950,2024-10-20,Cerro Verde,Canada,56,2024,10,20,4,Medio
1951,2022-01-26,Apulo,Nicaragua,49,2022,1,26,1,Medio
1952,2021-12-28,Amulapa,Honduras,34,2021,12,28,4,Medio
1953,2021-10-11,Cerro Verde,Estados Unidos,72,2021,10,11,4,Alto
1954,2022-12-16,Sunset Park,Guatemala,19,2022,12,16,4,Bajo
1955,2021-10-13,Amulapa,Mexico,36,2021,10,13,4,Medio
1956,2024-03-10,Cerro Verde,Honduras,5,2024,3,10,1,Bajo
1957,2023-12-10,Sunset Park,Costa Rica,61,2023,12,10,4,Alto
1958,2021-05-08,Puerta Del Diablo,Mexico,58,2021,5,8,2,Medio
1959,2022-01-01,Amulapa,España,26,2022,1,1,1,Bajo
1960,2023-05-04,Cerro Verde,Mexico,35,2023,5,4,2,Medio
1961,2024-02-25,Apulo,Estados Unidos,12,2024,2,25,1,Bajo
1962,2024-11-22,Cerro Verde,Canada,67,2024,11,22,4,Alto
1963,2022-03-24,Puerta Del Diablo,Costa Rica,19,2022,3,24,1,Bajo
1964,2023-05-29,Cerro Verde,Estados Unidos,51,2023,5,29,2,Medio
1965,2023-09-28,Sunset Park,Nicaragua,60,2023,9,28,3,Alto
1966,2023-12-24,Balboa,Mexico,68,2023,12,24,4,Alto
1967,2021-08-14,Apulo,Nicaragua,28,2021,8,14,3,Bajo
1968,2023-04-03,Puerta Del Diablo,España,19,2023,4,3,2,Bajo
1969,2021-12-01,Apulo,Costa Rica,35,2021,12,1,4,Medio
1970,2024-10-11,Cerro Verde,España,68,2024,10,11,4,Alto
1971,2022-03-13,Sunset Park,Mexico,44,2022,3,13,1,Medio
1972,2024-08-19,Balboa,Mexico,43,2024,8,19,3,Medio
1973,2022-01-22,Balboa,Canada,60,2022,1,22,1,Alto
1974,2021-08-30,Sunset Park,Nicaragua,13,2021,8,30,3,Bajo
1975,2023-05-30,Cerro Verde,Honduras,6,2023,5,30,2,Bajo
1976,2023-12-25,Sunset Park,Nicaragua,51,2023,12,25,4,Medio
1977,2022-04-16,Apulo,Guatemala,78,2022,4,16,2,Alto
1978,2021-07-23,Apulo,Guatemala,64,2021,7,23,3,Alto
1979,2021-01-16,Cerro Verde,Guatemala,18,2021,1,16,1,Bajo
1980,2023-08-29,Sunset Park,España,68,2023,8,29,3,Alto
1981,2021-02-28,Sunset Park,Costa Rica,51,2021,2,28,1,Medio
1982,2024-04-30,Amulapa,Canada,6,2024,4,30,2,Bajo
1983,2021-06-10,Puerta Del Diablo,Guatemala,53,2021,6,10,2,Medio
1984,2024-10-01,Balboa,España,15,2024,10,1,4,Bajo
1985,2021-05-18,Puerta Del Diablo,Canada,26,2021,5,18,2,Bajo
1986,2023-10-31,Cerro Verde,Honduras,13,2023,10,31,4,Bajo
1987,2024-05-16,Balboa,Canada,53,2024,5,16,2,Medio
1988,2023-07-02,Cerro Verde,Guatemala,49,2023,7,2,3,Medio
1989,2023-12-13,Sunset Park,Honduras,46,2023,12,13,4,Medio
1990,2023-11-12,Puerta Del Diablo,Honduras,48,2023,11,12,4,Medio
1991,2024-09-13,Cerro Verde,Nicaragua,68,2024,9,13,3,Alto
1992,2021-11-19,Amulapa,Estados Unidos,66,2021,11,19,4,Alto
1993,2021-09-12,Amulapa,Costa Rica,74,2021,9,12,3,Alto
1994,2021-01-13,Puerta Del Diablo,España,39,2021,1,13,1,Medio
1995,2022-11-29,Amulapa,Costa Rica,55,2022,11,29,4,Medio
1996,2023-12-05,Sunset Park,Guatemala,9,2023,12,5,4,Bajo
1997,2023-07-30,Cerro Verde,Estados Unidos,60,2023,7,30,3,Alto
1998,2023-09-25,Amulapa,Guatemala,42,2023,9,25,3,Medio
1999,2022-11-14,Sunset Park,Estados Unidos,40,2022,11,14,4,Medio
2000,2023-08-18,Amulapa,Estados Unidos,12,2023,8,18,3,Bajo
2001,2024-08-11,Cerro Verde,Honduras,22,2024,8,11,3,Bajo
2002,2022-10-10,Sunset Park,España,78,2022,10,10,4,Alto
2003,2023-08-28,Amulapa,Canada,54,2023,8,28,3,Medio
2004,2024-04-06,Balboa,Costa Rica,64,2024,4,6,2,Alto
2005,2023-08-05,Amulapa,Guatemala,70,2023,8,5,3,Alto
2006,2023-09-16,Balboa,España,29,2023,9,16,3,Bajo
2007,2024-10-05,Amulapa,Guatemala,69,2024,10,5,4,Alto
2008,2023-07-05,Amulapa,Guatemala,54,2023,7,5,3,Medio
2009,2021-07-13,Cerro Verde,Estados Unidos,75,2021,7,13,3,Alto
2010,2024-08-30,Cerro Verde,Nicaragua,63,2024,8,30,3,Alto
2011,2022-05-21,Balboa,Costa Rica,46,2022,5,21,2,Medio
2012,2022-05-02,Cerro Verde,Guatemala,78,2022,5,2,2,Alto
2013,2023-12-25,Puerta Del Diablo,Canada,39,2023,12,25,4,Medio
2014,2022-09-05,Amulapa,Honduras,78,2022,9,5,3,Alto
2015,2022-04-03,Amulapa,España,65,2022,4,3,2,Alto
2016,2021-08-07,Apulo,Estados Unidos,20,2021,8,7,3,Bajo
2017,2022-04-03,Apulo,España,61,2022,4,3,2,Alto
2018,2022-11-05,Balboa,Estados Unidos,57,2022,11,5,4,Medio
2019,2022-06-19,Puerta Del Diablo,Costa Rica,61,2022,6,19,2,Alto
2020,2021-03-19,Apulo,Honduras,14,2021,3,19,1,Bajo
2021,2024-04-19,Sunset Park,Mexico,77,2024,4,19,2,Alto
2022,2021-12-13,Puerta Del Diablo,España,51,2021,12,13,4,Medio
2023,2024-01-07,Puerta Del Diablo,Mexico,9,2024,1,7,1,Bajo
2024,2022-07-02,Balboa,España,73,2022,7,2,3,Alto
2025,2021-05-22,Apulo,Nicaragua,50,2021,5,22,2,Medio
2026,2021-08-29,Sunset Park,Nicaragua,10,2021,8,29,3,Bajo
2027,2024-02-10,Cerro Verde,Canada,65,2024,2,10,1,Alto
2028,2023-03-13,Cerro Verde,Mexico,9,2023,3,13,1,Bajo
2029,2022-09-26,Amulapa,Mexico,6,2022,9,26,3,Bajo
2030,2022-07-29,Balboa,Estados Unidos,53,2022,7,29,3,Medio
2031,2021-11-22,Puerta Del Diablo,Canada,32,2021,11,22,4,Medio
2032,2022-07-03,Sunset Park,Mexico,65,2022,7,3,3,Alto
2033,2023-03-02,Cerro Verde,Costa Rica,48,2023,3,2,1,Medio
2034,2023-05-27,Cerro Verde,Nicaragua,8,2023,5,27,2,Bajo
2035,2021-10-15,Balboa,Canada,61,2021,10,15,4,Alto
2036,2024-12-22,Amulapa,Mexico,32,2024,12,22,4,Medio
2037,2024-12-25,Puerta Del Diablo,Honduras,56,2024,12,25,4,Medio
2038,2022-10-07,Cerro Verde,Canada,26,2022,10,7,4,Bajo
2039,2022-10-14,Sunset Park,España,54,2022,10,14,4,Medio
2040,2022-08-07,Cerro Verde,Canada,14,2022,8,7,3,Bajo
2041,2023-10-30,Balboa,Mexico,57,2023,10,30,4,Medio
2042,2024-08-16,Apulo,Nicaragua,40,2024,8,16,3,Medio
2043,2024-12-24,Cerro Verde,Guatemala,66,2024,12,24,4,Alto
2044,2022-06-04,Amulapa,Nicaragua,13,2022,6,4,2,Bajo
2045,2023-12-16,Amulapa,Costa Rica,26,2023,12,16,4,Bajo
2046,2023-03-07,Balboa,Mexico,30,2023,3,7,1,Medio
2047,2022-09-20,Amulapa,Canada,70,2022,9,20,3,Alto
2048,2022-12-14,Cerro Verde,Estados Unidos,60,2022,12,14,4,Alto
2049,2023-07-20,Puerta Del Diablo,Estados Unidos,10,2023,7,20,3,Bajo
2050,2023-11-11,Balboa,Canada,18,2023,11,11,4,Bajo
2051,2021-02-02,Apulo,Honduras,29,2021,2,2,1,Bajo
2052,2024-08-20,Cerro Verde,Estados Unidos,52,2024,8,20,3,Medio
2053,2021-03-15,Cerro Verde,Mexico,44,2021,3,15,1,Medio
2054,2023-01-31,Puerta Del Diablo,Guatemala,38,2023,1,31,1,Medio
2055,2022-12-19,Amulapa,Guatemala,10,2022,12,19,4,Bajo
2056,2022-01-21,Balboa,Estados Unidos,6,2022,1,21,1,Bajo
2057,2023-07-18,Balboa,Mexico,9,2023,7,18,3,Bajo
2058,2021-08-19,Cerro Verde,España,19,2021,8,19,3,Bajo
2059,2024-07-19,Amulapa,Canada,13,2024,7,19,3,Bajo
2060,2021-01-20,Amulapa,Estados Unidos,11,2021,1,20,1,Bajo
2061,2024-09-08,Cerro Verde,España,29,2024,9,8,3,Bajo
2062,2021-10-18,Apulo,Canada,41,2021,10,18,4,Medio
2063,2021-08-13,Cerro Verde,Nicaragua,32,2021,8,13,3,Medio
2064,2024-08-01,Balboa,Honduras,49,2024,8,1,3,Medio
2065,2022-05-22,Balboa,Nicaragua,5,2022,5,22,2,Bajo
2066,2021-09-09,Apulo,España,72,2021,9,9,3,Alto
2067,2021-05-23,Cerro Verde,Guatemala,42,2021,5,23,2,Medio
2068,2024-07-06,Sunset Park,Nicaragua,50,2024,7,6,3,Medio
2069,2022-08-28,Amulapa,Costa Rica,15,2022,8,28,3,Bajo
2070,2024-02-07,Amulapa,Costa Rica,28,2024,2,7,1,Bajo
2071,2024-01-27,Puerta Del Diablo,España,14,2024,1,27,1,Bajo
2072,2023-05-24,Amulapa,España,6,2023,5,24,2,Bajo
2073,2021-03-25,Sunset Park,Canada,38,2021,3,25,1,Medio
2074,2024-05-07,Balboa,Guatemala,77,2024,5,7,2,Alto
2075,2023-02-11,Cerro Verde,Honduras,5,2023,2,11,1,Bajo
2076,2022-08-10,Amulapa,España,39,2022,8,10,3,Medio
2077,2023-01-08,Apulo,España,72,2023,1,8,1,Alto
2078,2024-11-27,Cerro Verde,Costa Rica,60,2024,11,27,4,Alto
2079,2024-11-29,Apulo,Honduras,31,2024,11,29,4,Medio
2080,2024-07-20,Amulapa,España,6,2024,7,20,3,Bajo
2081,2022-07-20,Apulo,Costa Rica,7,2022,7,20,3,Bajo
2082,2021-02-06,Apulo,Guatemala,58,2021,2,6,1,Medio
2083,2022-07-20,Amulapa,Mexico,22,2022,7,20,3,Bajo
2084,2024-07-25,Balboa,Estados Unidos,14,2024,7,25,3,Bajo
2085,2022-06-04,Cerro Verde,Honduras,52,2022,6,4,2,Medio
2086,2023-11-01,Apulo,Honduras,24,2023,11,1,4,Bajo
2087,2023-04-18,Balboa,Estados Unidos,33,2023,4,18,2,Medio
2088,2021-01-09,Amulapa,Honduras,9,2021,1,9,1,Bajo
2089,2023-01-20,Cerro Verde,Honduras,33,2023,1,20,1,Medio
2090,2023-09-02,Cerro Verde,Canada,17,2023,9,2,3,Bajo
2091,2021-09-02,Amulapa,Mexico,27,2021,9,2,3,Bajo
2092,2023-04-27,Balboa,Costa Rica,49,2023,4,27,2,Medio
2093,2024-07-05,Puerta Del Diablo,Nicaragua,74,2024,7,5,3,Alto
2094,2021-10-15,Balboa,Nicaragua,5,2021,10,15,4,Bajo
2095,2021-02-20,Balboa,Estados Unidos,10,2021,2,20,1,Bajo
2096,2021-06-14,Sunset Park,Guatemala,78,2021,6,14,2,Alto
2097,2022-12-30,Apulo,España,47,2022,12,30,4,Medio
2098,2023-02-19,Apulo,España,77,2023,2,19,1,Alto
2099,2023-03-25,Balboa,España,53,2023,3,25,1,Medio
2100,2024-12-11,Apulo,Costa Rica,36,2024,12,11,4,Medio
2101,2023-02-05,Balboa,Costa Rica,52,2023,2,5,1,Medio
2102,2022-10-20,Amulapa,Estados Unidos,62,2022,10,20,4,Alto
2103,2023-07-23,Balboa,Honduras,38,2023,7,23,3,Medio
2104,2022-07-25,Cerro Verde,Costa Rica,77,2022,7,25,3,Alto
2105,2022-10-09,Puerta Del Diablo,Nicaragua,40,2022,10,9,4,Medio
2106,2023-09-28,Cerro Verde,Nicaragua,55,2023,9,28,3,Medio
2107,2021-07-30,Amulapa,Guatemala,72,2021,7,30,3,Alto
2108,2021-03-29,Puerta Del Diablo,Nicaragua,55,2021,3,29,1,Medio
2109,2024-01-23,Balboa,Estados Unidos,10,2024,1,23,1,Bajo
2110,2023-01-21,Balboa,Guatemala,77,2023,1,21,1,Alto
2111,2024-02-23,Apulo,Mexico,49,2024,2,23,1,Medio
2112,2023-06-16,Apulo,Estados Unidos,43,2023,6,16,2,Medio
2113,2021-06-09,Cerro Verde,Honduras,23,2021,6,9,2,Bajo
2114,2022-08-29,Balboa,Mexico,25,2022,8,29,3,Bajo
2115,2023-05-13,Cerro Verde,Nicaragua,73,2023,5,13,2,Alto
2116,2021-05-28,Amulapa,Nicaragua,59,2021,5,28,2,Medio
2117,2024-06-22,Puerta Del Diablo,Costa Rica,16,2024,6,22,2,Bajo
2118,2024-11-30,Balboa,Costa Rica,73,2024,11,30,4,Alto
2119,2021-01-04,Apulo,Costa Rica,16,2021,1,4,1,Bajo
2120,2024-02-17,Sunset Park,España,5,2024,2,17,1,Bajo
2121,2024-05-29,Balboa,Costa Rica,53,2024,5,29,2,Medio
2122,2021-07-01,Cerro Verde,España,33,2021,7,1,3,Medio
2123,2021-04-02,Amulapa,Costa Rica,53,2021,4,2,2,Medio
2124,2023-04-13,Apulo,Guatemala,21,2023,4,13,2,Bajo
2125,2023-08-05,Puerta Del Diablo,España,39,2023,8,5,3,Medio
2126,2022-06-23,Puerta Del Diablo,España,67,2022,6,23,2,Alto
2127,2023-01-14,Puerta Del Diablo,Mexico,8,2023,1,14,1,Bajo
2128,2023-02-03,Apulo,Honduras,25,2023,2,3,1,Bajo
2129,2023-07-11,Amulapa,Nicaragua,39,2023,7,11,3,Medio
2130,2024-02-26,Cerro Verde,España,59,2024,2,26,1,Medio
2131,2021-12-04,Amulapa,Estados Unidos,77,2021,12,4,4,Alto
2132,2023-02-24,Balboa,Nicaragua,57,2023,2,24,1,Medio
2133,2023-07-27,Apulo,Guatemala,76,2023,7,27,3,Alto
2134,2023-03-12,Sunset Park,España,8,2023,3,12,1,Bajo
2135,2023-06-06,Balboa,Canada,53,2023,6,6,2,Medio
2136,2023-12-21,Apulo,España,76,2023,12,21,4,Alto
2137,2022-06-25,Amulapa,Costa Rica,27,2022,6,25,2,Bajo
2138,2023-12-23,Balboa,Honduras,46,2023,12,23,4,Medio
2139,2022-07-03,Cerro Verde,España,70,2022,7,3,3,Alto
2140,2022-05-04,Amulapa,Honduras,40,2022,5,4,2,Medio
2141,2021-11-08,Sunset Park,Nicaragua,26,2021,11,8,4,Bajo
2142,2021-06-19,Amulapa,Mexico,37,2021,6,19,2,Medio
2143,2024-07-27,Balboa,Mexico,56,2024,7,27,3,Medio
2144,2023-08-23,Sunset Park,España,27,2023,8,23,3,Bajo
2145,2021-10-14,Cerro Verde,Mexico,27,2021,10,14,4,Bajo
2146,2024-01-28,Balboa,Honduras,17,2024,1,28,1,Bajo
2147,2024-11-19,Sunset Park,Estados Unidos,5,2024,11,19,4,Bajo
2148,2021-05-10,Amulapa,Honduras,38,2021,5,10,2,Medio
2149,2024-09-26,Puerta Del Diablo,Costa Rica,42,2024,9,26,3,Medio
2150,2023-08-25,Balboa,España,28,2023,8,25,3,Bajo
2151,2023-09-01,Sunset Park,Honduras,69,2023,9,1,3,Alto
2152,2024-09-22,Amulapa,Costa Rica,73,2024,9,22,3,Alto
2153,2023-09-21,Cerro Verde,Canada,11,2023,9,21,3,Bajo
2154,2021-07-09,Puerta Del Diablo,Nicaragua,66,2021,7,9,3,Alto
2155,2022-11-25,Cerro Verde,Nicaragua,32,2022,11,25,4,Medio
2156,2022-12-10,Apulo,España,5,2022,12,10,4,Bajo
2157,2022-07-17,Amulapa,Mexico,17,2022,7,17,3,Bajo
2158,2024-02-22,Apulo,Honduras,55,2024,2,22,1,Medio
2159,2024-02-22,Cerro Verde,Honduras,75,2024,2,22,1,Alto
2160,2024-05-16,Sunset Park,Guatemala,54,2024,5,16,2,Medio
2161,2022-12-22,Apulo,Nicaragua,65,2022,12,22,4,Alto
2162,2024-02-11,Cerro Verde,Costa Rica,60,2024,2,11,1,Alto
2163,2024-11-17,Balboa,Guatemala,26,2024,11,17,4,Bajo
2164,2023-09-18,Puerta Del Diablo,Honduras,57,2023,9,18,3,Medio
2165,2024-02-15,Apulo,España,25,2024,2,15,1,Bajo
2166,2022-11-05,Balboa,Canada,20,2022,11,5,4,Bajo
2167,2023-06-16,Apulo,Estados Unidos,62,2023,6,16,2,Alto
2168,2021-06-15,Puerta Del Diablo,Canada,19,2021,6,15,2,Bajo
2169,2023-11-07,Amulapa,Canada,57,2023,11,7,4,Medio
2170,2023-06-07,Balboa,Canada,24,2023,6,7,2,Bajo
2171,2024-11-24,Apulo,Canada,57,2024,11,24,4,Medio
2172,2021-12-20,Puerta Del Diablo,Canada,27,2021,12,20,4,Bajo
2173,2022-07-14,Cerro Verde,Costa Rica,61,2022,7,14,3,Alto
2174,2024-08-22,Amulapa,Canada,24,2024,8,22,3,Bajo
2175,2021-03-12,Sunset Park,Guatemala,35,2021,3,12,1,Medio
2176,2022-05-21,Amulapa,Nicaragua,52,2022,5,21,2,Medio
2177,2024-04-07,Amulapa,Canada,13,2024,4,7,2,Bajo
2178,2022-01-17,Amulapa,Honduras,9,2022,1,17,1,Bajo
2179,2023-03-23,Sunset Park,Guatemala,18,2023,3,23,1,Bajo
2180,2021-12-13,Cerro Verde,Costa Rica,43,2021,12,13,4,Medio
2181,2022-02-03,Apulo,Canada,53,2022,2,3,1,Medio
2182,2021-04-14,Amulapa,Nicaragua,14,2021,4,14,2,Bajo
2183,2021-11-13,Sunset Park,Honduras,36,2021,11,13,4,Medio
2184,2024-05-22,Apulo,Honduras,68,2024,5,22,2,Alto
2185,2022-03-12,Cerro Verde,Guatemala,74,2022,3,12,1,Alto
2186,2022-03-12,Amulapa,Costa Rica,64,2022,3,12,1,Alto
2187,2023-06-09,Apulo,Guatemala,31,2023,6,9,2,Medio
2188,2021-06-13,Cerro Verde,España,6,2021,6,13,2,Bajo
2189,2024-08-05,Balboa,España,45,2024,8,5,3,Medio
2190,2023-12-05,Sunset Park,Nicaragua,55,2023,12,5,4,Medio
2191,2021-01-02,Sunset Park,Estados Unidos,71,2021,1,2,1,Alto
2192,2024-11-02,Sunset Park,Guatemala,65,2024,11,2,4,Alto
2193,2024-09-11,Balboa,Nicaragua,12,2024,9,11,3,Bajo
2194,2024-09-27,Puerta Del Diablo,Honduras,10,2024,9,27,3,Bajo
2195,2022-10-01,Amulapa,Nicaragua,61,2022,10,1,4,Alto
2196,2024-12-25,Sunset Park,Guatemala,60,2024,12,25,4,Alto
2197,2023-07-03,Apulo,Mexico,26,2023,7,3,3,Bajo
2198,2021-12-30,Sunset Park,Guatemala,54,2021,12,30,4,Medio
2199,2021-12-20,Cerro Verde,Nicaragua,40,2021,12,20,4,Medio
2200,2021-10-18,Balboa,Canada,41,2021,10,18,4,Medio
2201,2024-08-08,Amulapa,Canada,66,2024,8,8,3,Alto
2202,2023-07-11,Puerta Del Diablo,Costa Rica,33,2023,7,11,3,Medio
2203,2022-07-11,Sunset Park,Mexico,69,2022,7,11,3,Alto
2204,2023-08-23,Balboa,Costa Rica,11,2023,8,23,3,Bajo
2205,2024-12-08,Amulapa,España,13,2024,12,8,4,Bajo
2206,2024-01-06,Sunset Park,Guatemala,15,2024,1,6,1,Bajo
2207,2024-03-18,Apulo,Estados Unidos,65,2024,3,18,1,Alto
2208,2022-07-29,Amulapa,Costa Rica,8,2022,7,29,3,Bajo
2209,2022-11-08,Sunset Park,Mexico,66,2022,11,8,4,Alto
2210,2024-11-08,Sunset Park,España,67,2024,11,8,4,Alto
2211,2023-02-08,Balboa,Nicaragua,44,2023,2,8,1,Medio
2212,2021-10-09,Apulo,Mexico,25,2021,10,9,4,Bajo
2213,2022-11-13,Cerro Verde,Mexico,29,2022,11,13,4,Bajo
2214,2023-07-25,Cerro Verde,Nicaragua,46,2023,7,25,3,Medio
2215,2021-08-20,Sunset Park,Estados Unidos,53,2021,8,20,3,Medio
2216,2022-08-13,Amulapa,España,33,2022,8,13,3,Medio
2217,2024-06-27,Amulapa,Nicaragua,65,2024,6,27,2,Alto
2218,2021-07-09,Amulapa,Mexico,14,2021,7,9,3,Bajo
2219,2023-09-08,Balboa,España,45,2023,9,8,3,Medio
2220,2021-06-13,Amulapa,Nicaragua,50,2021,6,13,2,Medio
2221,2024-07-07,Balboa,Honduras,63,2024,7,7,3,Alto
2222,2022-06-13,Balboa,España,73,2022,6,13,2,Alto
2223,2024-07-19,Sunset Park,España,62,2024,7,19,3,Alto
2224,2021-02-10,Apulo,Nicaragua,8,2021,2,10,1,Bajo
2225,2024-10-23,Apulo,Estados Unidos,45,2024,10,23,4,Medio
2226,2021-11-07,Amulapa,Costa Rica,21,2021,11,7,4,Bajo
2227,2024-10-03,Sunset Park,Costa Rica,58,2024,10,3,4,Medio
2228,2021-11-09,Balboa,Nicaragua,68,2021,11,9,4,Alto
2229,2022-07-04,Cerro Verde,Honduras,51,2022,7,4,3,Medio
2230,2024-01-11,Apulo,Canada,76,2024,1,11,1,Alto
2231,2024-04-03,Amulapa,Honduras,59,2024,4,3,2,Medio
2232,2023-12-10,Sunset Park,Canada,45,2023,12,10,4,Medio
2233,2024-05-27,Apulo,Mexico,17,2024,5,27,2,Bajo
2234,2022-10-03,Balboa,Costa Rica,54,2022,10,3,4,Medio
2235,2021-09-09,Sunset Park,Nicaragua,44,2021,9,9,3,Medio
2236,2022-07-10,Puerta Del Diablo,Nicaragua,62,2022,7,10,3,Alto
2237,2021-04-11,Cerro Verde,Estados Unidos,37,2021,4,11,2,Medio
2238,2023-04-24,Cerro Verde,Nicaragua,36,2023,4,24,2,Medio
2239,2021-11-05,Cerro Verde,Guatemala,49,2021,11,5,4,Medio
2240,2022-12-02,Sunset Park,España,15,2022,12,2,4,Bajo
2241,2022-06-09,Puerta Del Diablo,Honduras,79,2022,6,9,2,Alto
2242,2024-08-14,Puerta Del Diablo,Estados Unidos,77,2024,8,14,3,Alto
2243,2021-06-23,Balboa,Canada,32,2021,6,23,2,Medio
2244,2021-07-28,Puerta Del Diablo,España,43,2021,7,28,3,Medio
2245,2023-03-21,Puerta Del Diablo,Estados Unidos,36,2023,3,21,1,Medio
2246,2021-05-24,Puerta Del Diablo,Canada,64,2021,5,24,2,Alto
2247,2023-05-22,Balboa,Costa Rica,7,2023,5,22,2,Bajo
2248,2023-02-05,Sunset Park,Mexico,79,2023,2,5,1,Alto
2249,2024-04-10,Amulapa,Nicaragua,30,2024,4,10,2,Medio
2250,2021-04-19,Sunset Park,Nicaragua,30,2021,4,19,2,Medio
2251,2023-04-30,Sunset Park,Nicaragua,23,2023,4,30,2,Bajo
2252,2022-06-18,Apulo,Canada,64,2022,6,18,2,Alto
2253,2023-09-11,Balboa,Mexico,50,2023,9,11,3,Medio
2254,2022-04-14,Sunset Park,España,26,2022,4,14,2,Bajo
2255,2021-04-15,Amulapa,Costa Rica,18,2021,4,15,2,Bajo
2256,2024-01-02,Sunset Park,Nicaragua,39,2024,1,2,1,Medio
2257,2021-11-01,Sunset Park,Nicaragua,9,2021,11,1,4,Bajo
2258,2021-07-18,Puerta Del Diablo,Honduras,38,2021,7,18,3,Medio
2259,2024-06-22,Cerro Verde,Nicaragua,45,2024,6,22,2,Medio
2260,2021-03-17,Cerro Verde,Estados Unidos,14,2021,3,17,1,Bajo
2261,2021-03-05,Cerro Verde,Nicaragua,59,2021,3,5,1,Medio
2262,2024-02-27,Sunset Park,Guatemala,51,2024,2,27,1,Medio
2263,2024-12-03,Puerta Del Diablo,Guatemala,15,2024,12,3,4,Bajo
2264,2021-08-19,Balboa,Guatemala,72,2021,8,19,3,Alto
2265,2024-01-30,Balboa,Honduras,76,2024,1,30,1,Alto
2266,2022-10-22,Cerro Verde,Guatemala,79,2022,10,22,4,Alto
2267,2024-10-08,Sunset Park,Guatemala,56,2024,10,8,4,Medio
2268,2024-09-26,Amulapa,Mexico,35,2024,9,26,3,Medio
2269,2024-09-29,Balboa,España,29,2024,9,29,3,Bajo
2270,2021-07-20,Apulo,Guatemala,38,2021,7,20,3,Medio
2271,2023-01-22,Amulapa,Canada,79,2023,1,22,1,Alto
2272,2022-01-27,Balboa,Guatemala,31,2022,1,27,1,Medio
2273,2023-04-12,Amulapa,Nicaragua,69,2023,4,12,2,Alto
2274,2022-09-02,Sunset Park,Costa Rica,78,2022,9,2,3,Alto
2275,2024-07-19,Balboa,Canada,17,2024,7,19,3,Bajo
2276,2021-09-04,Sunset Park,Canada,42,2021,9,4,3,Medio
2277,2024-10-31,Puerta Del Diablo,España,70,2024,10,31,4,Alto
2278,2022-11-26,Balboa,España,69,2022,11,26,4,Alto
2279,2023-11-16,Balboa,Estados Unidos,6,2023,11,16,4,Bajo
2280,2024-01-14,Amulapa,Costa Rica,36,2024,1,14,1,Medio
2281,2023-04-25,Cerro Verde,Estados Unidos,43,2023,4,25,2,Medio
2282,2024-12-06,Amulapa,Guatemala,37,2024,12,6,4,Medio
2283,2022-03-06,Amulapa,Nicaragua,40,2022,3,6,1,Medio
2284,2024-08-26,Sunset Park,Canada,25,2024,8,26,3,Bajo
2285,2021-09-10,Puerta Del Diablo,Costa Rica,9,2021,9,10,3,Bajo
2286,2023-04-02,Puerta Del Diablo,Guatemala,18,2023,4,2,2,Bajo
2287,2022-12-13,Cerro Verde,Estados Unidos,58,2022,12,13,4,Medio
2288,2022-12-26,Sunset Park,Guatemala,16,2022,12,26,4,Bajo
2289,2024-01-12,Cerro Verde,Guatemala,39,2024,1,12,1,Medio
2290,2021-11-30,Cerro Verde,Estados Unidos,71,2021,11,30,4,Alto
2291,2024-05-09,Sunset Park,Guatemala,24,2024,5,9,2,Bajo
2292,2024-10-02,Cerro Verde,Mexico,77,2024,10,2,4,Alto
2293,2021-05-09,Amulapa,Mexico,76,2021,5,9,2,Alto
2294,2023-12-04,Balboa,Mexico,63,2023,12,4,4,Alto
2295,2022-06-27,Sunset Park,Nicaragua,21,2022,6,27,2,Bajo
2296,2023-06-07,Apulo,Estados Unidos,60,2023,6,7,2,Alto
2297,2023-02-22,Sunset Park,Mexico,36,2023,2,22,1,Medio
2298,2023-02-02,Puerta Del Diablo,Nicaragua,19,2023,2,2,1,Bajo
2299,2021-10-10,Balboa,España,47,2021,10,10,4,Medio
2300,2023-07-11,Amulapa,Guatemala,26,2023,7,11,3,Bajo
2301,2024-09-07,Amulapa,Nicaragua,70,2024,9,7,3,Alto
2302,2023-11-03,Balboa,Mexico,15,2023,11,3,4,Bajo
2303,2023-09-17,Apulo,Estados Unidos,45,2023,9,17,3,Medio
2304,2022-12-12,Balboa,Costa Rica,50,2022,12,12,4,Medio
2305,2024-10-02,Balboa,Costa Rica,13,2024,10,2,4,Bajo
2306,2022-08-22,Balboa,Mexico,43,2022,8,22,3,Medio
2307,2023-07-25,Apulo,Costa Rica,70,2023,7,25,3,Alto
2308,2024-05-16,Apulo,Mexico,77,2024,5,16,2,Alto
2309,2021-06-20,Apulo,Guatemala,53,2021,6,20,2,Medio
2310,2022-08-22,Amulapa,Mexico,46,2022,8,22,3,Medio
2311,2021-03-30,Balboa,España,18,2021,3,30,1,Bajo
2312,2024-03-04,Sunset Park,Honduras,68,2024,3,4,1,Alto
2313,2023-03-18,Sunset Park,Nicaragua,69,2023,3,18,1,Alto
2314,2024-10-27,Puerta Del Diablo,Estados Unidos,16,2024,10,27,4,Bajo
2315,2021-07-13,Sunset Park,Mexico,75,2021,7,13,3,Alto
2316,2022-12-30,Cerro Verde,Nicaragua,49,2022,12,30,4,Medio
2317,2021-08-25,Sunset Park,Guatemala,79,2021,8,25,3,Alto
2318,2022-07-02,Apulo,Nicaragua,11,2022,7,2,3,Bajo
2319,2022-12-05,Amulapa,Costa Rica,27,2022,12,5,4,Bajo
2320,2023-01-15,Cerro Verde,España,65,2023,1,15,1,Alto
2321,2024-03-01,Balboa,España,69,2024,3,1,1,Alto
2322,2022-04-07,Apulo,Canada,59,2022,4,7,2,Medio
2323,2022-01-08,Sunset Park,Estados Unidos,40,2022,1,8,1,Medio
2324,2021-08-11,Amulapa,España,47,2021,8,11,3,Medio
2325,2023-12-31,Balboa,Guatemala,14,2023,12,31,4,Bajo
2326,2024-09-27,Puerta Del Diablo,Costa Rica,17,2024,9,27,3,Bajo
2327,2022-10-06,Apulo,Canada,67,2022,10,6,4,Alto
2328,2023-04-12,Cerro Verde,Estados Unidos,62,2023,4,12,2,Alto
2329,2022-06-18,Apulo,España,35,2022,6,18,2,Medio
2330,2024-01-28,Cerro Verde,Nicaragua,47,2024,1,28,1,Medio
2331,2021-10-23,Cerro Verde,España,79,2021,10,23,4,Alto
2332,2023-11-10,Puerta Del Diablo,Honduras,27,2023,11,10,4,Bajo
2333,2022-07-31,Cerro Verde,Honduras,39,2022,7,31,3,Medio
2334,2022-01-18,Balboa,España,63,2022,1,18,1,Alto
2335,2021-08-29,Cerro Verde,Guatemala,59,2021,8,29,3,Medio
2336,2024-03-20,Amulapa,Canada,32,2024,3,20,1,Medio
2337,2023-11-25,Cerro Verde,Nicaragua,52,2023,11,25,4,Medio
2338,2022-08-27,Amulapa,Canada,23,2022,8,27,3,Bajo
2339,2022-11-30,Cerro Verde,Canada,20,2022,11,30,4,Bajo
2340,2021-01-14,Apulo,Canada,43,2021,1,14,1,Medio
2341,2024-08-16,Cerro Verde,Guatemala,71,2024,8,16,3,Alto
2342,2024-03-19,Apulo,España,9,2024,3,19,1,Bajo
2343,2023-11-18,Amulapa,España,41,2023,11,18,4,Medio
2344,2024-04-13,Apulo,Canada,30,2024,4,13,2,Medio
2345,2021-03-09,Sunset Park,Nicaragua,32,2021,3,9,1,Medio
2346,2021-12-21,Puerta Del Diablo,Canada,59,2021,12,21,4,Medio
2347,2022-08-05,Puerta Del Diablo,Canada,30,2022,8,5,3,Medio
2348,2023-05-23,Amulapa,España,38,2023,5,23,2,Medio
2349,2021-12-18,Amulapa,Canada,72,2021,12,18,4,Alto
2350,2021-01-31,Puerta Del Diablo,Costa Rica,11,2021,1,31,1,Bajo
2351,2023-11-04,Cerro Verde,España,77,2023,11,4,4,Alto
2352,2021-04-19,Sunset Park,Canada,38,2021,4,19,2,Medio
2353,2023-08-21,Amulapa,Mexico,49,2023,8,21,3,Medio
2354,2022-06-17,Sunset Park,Mexico,48,2022,6,17,2,Medio
2355,2021-09-26,Puerta Del Diablo,Estados Unidos,9,2021,9,26,3,Bajo
2356,2024-05-11,Puerta Del Diablo,Costa Rica,49,2024,5,11,2,Medio
2357,2023-10-17,Puerta Del Diablo,España,44,2023,10,17,4,Medio
2358,2024-06-04,Apulo,Estados Unidos,78,2024,6,4,2,Alto
2359,2022-03-10,Amulapa,Nicaragua,29,2022,3,10,1,Bajo
2360,2024-02-25,Apulo,Honduras,14,2024,2,25,1,Bajo
2361,2023-12-28,Cerro Verde,Canada,40,2023,12,28,4,Medio
2362,2021-01-12,Balboa,Canada,48,2021,1,12,1,Medio
2363,2023-12-08,Apulo,España,25,2023,12,8,4,Bajo
2364,2023-12-24,Sunset Park,Estados Unidos,25,2023,12,24,4,Bajo
2365,2021-05-23,Apulo,España,43,2021,5,23,2,Medio
2366,2023-02-23,Sunset Park,Costa Rica,46,2023,2,23,1,Medio
2367,2023-05-30,Sunset Park,Canada,42,2023,5,30,2,Medio
2368,2024-02-01,Apulo,España,8,2024,2,1,1,Bajo
2369,2021-11-24,Amulapa,España,50,2021,11,24,4,Medio
2370,2021-06-27,Apulo,Honduras,49,2021,6,27,2,Medio
2371,2021-01-04,Puerta Del Diablo,Estados Unidos,58,2021,1,4,1,Medio
2372,2023-02-15,Sunset Park,Costa Rica,23,2023,2,15,1,Bajo
2373,2021-03-30,Cerro Verde,España,22,2021,3,30,1,Bajo
2374,2021-08-30,Balboa,Estados Unidos,42,2021,8,30,3,Medio
2375,2024-09-09,Apulo,Estados Unidos,22,2024,9,9,3,Bajo
2376,2023-11-23,Puerta Del Diablo,Estados Unidos,59,2023,11,23,4,Medio
2377,2022-04-19,Balboa,Nicaragua,51,2022,4,19,2,Medio
2378,2023-10-26,Cerro Verde,Guatemala,9,2023,10,26,4,Bajo
2379,2023-09-15,Apulo,Estados Unidos,31,2023,9,15,3,Medio
2380,2021-12-19,Puerta Del Diablo,Nicaragua,27,2021,12,19,4,Bajo
2381,2023-12-21,Puerta Del Diablo,Estados Unidos,9,2023,12,21,4,Bajo
2382,2021-06-01,Apulo,Costa Rica,13,2021,6,1,2,Bajo
2383,2023-01-07,Sunset Park,Costa Rica,75,2023,1,7,1,Alto
2384,2023-10-02,Apulo,España,5,2023,10,2,4,Bajo
2385,2024-06-15,Puerta Del Diablo,España,41,2024,6,15,2,Medio
2386,2022-06-23,Amulapa,Mexico,31,2022,6,23,2,Medio
2387,2022-10-31,Cerro Verde,Honduras,42,2022,10,31,4,Medio
2388,2022-08-02,Cerro Verde,Canada,63,2022,8,2,3,Alto
2389,2022-08-29,Cerro Verde,Mexico,46,2022,8,29,3,Medio
2390,2022-07-03,Puerta Del Diablo,Honduras,76,2022,7,3,3,Alto
2391,2021-09-04,Apulo,Mexico,25,2021,9,4,3,Bajo
2392,2023-08-07,Apulo,Canada,17,2023,8,7,3,Bajo
2393,2021-04-30,Apulo,Estados Unidos,38,2021,4,30,2,Medio
2394,2024-02-28,Sunset Park,Guatemala,21,2024,2,28,1,Bajo
2395,2024-09-28,Sunset Park,Honduras,53,2024,9,28,3,Medio
2396,2021-02-06,Apulo,Mexico,28,2021,2,6,1,Bajo
2397,2021-03-14,Sunset Park,Guatemala,60,2021,3,14,1,Alto
2398,2022-05-19,Sunset Park,Estados Unidos,49,2022,5,19,2,Medio
2399,2021-12-17,Apulo,Guatemala,40,2021,12,17,4,Medio
2400,2022-12-17,Apulo,Estados Unidos,47,2022,12,17,4,Medio
2401,2022-12-13,Puerta Del Diablo,Honduras,37,2022,12,13,4,Medio
2402,2022-04-05,Apulo,Guatemala,39,2022,4,5,2,Medio
2403,2024-05-01,Amulapa,España,33,2024,5,1,2,Medio
2404,2024-04-14,Apulo,Mexico,72,2024,4,14,2,Alto
2405,2024-08-21,Apulo,Canada,17,2024,8,21,3,Bajo
2406,2023-08-29,Amulapa,Costa Rica,34,2023,8,29,3,Medio
2407,2023-06-19,Apulo,Nicaragua,70,2023,6,19,2,Alto
2408,2023-01-05,Amulapa,Honduras,57,2023,1,5,1,Medio
2409,2021-06-13,Balboa,Costa Rica,46,2021,6,13,2,Medio
2410,2024-11-14,Balboa,España,31,2024,11,14,4,Medio
2411,2024-12-12,Cerro Verde,Canada,71,2024,12,12,4,Alto
2412,2023-03-31,Apulo,Canada,30,2023,3,31,1,Medio
2413,2021-03-25,Sunset Park,Nicaragua,65,2021,3,25,1,Alto
2414,2021-01-31,Amulapa,Mexico,47,2021,1,31,1,Medio
2415,2024-12-12,Amulapa,Estados Unidos,28,2024,12,12,4,Bajo
2416,2024-01-16,Balboa,Estados Unidos,15,2024,1,16,1,Bajo
2417,2022-03-02,Amulapa,Honduras,34,2022,3,2,1,Medio
2418,2024-12-26,Balboa,Canada,7,2024,12,26,4,Bajo
2419,2021-10-01,Puerta Del Diablo,Mexico,78,2021,10,1,4,Alto
2420,2024-11-22,Sunset Park,Honduras,12,2024,11,22,4,Bajo
2421,2024-10-15,Amulapa,España,33,2024,10,15,4,Medio
2422,2022-09-26,Sunset Park,Canada,52,2022,9,26,3,Medio
2423,2023-09-08,Balboa,Estados Unidos,41,2023,9,8,3,Medio
2424,2024-05-29,Amulapa,Canada,30,2024,5,29,2,Medio
2425,2022-05-15,Puerta Del Diablo,España,16,2022,5,15,2,Bajo
2426,2021-07-16,Cerro Verde,Canada,23,2021,7,16,3,Bajo
2427,2022-11-29,Apulo,Mexico,31,2022,11,29,4,Medio
2428,2021-08-01,Sunset Park,Guatemala,57,2021,8,1,3,Medio
2429,2022-04-30,Apulo,Nicaragua,25,2022,4,30,2,Bajo
2430,2023-08-10,Apulo,Honduras,32,2023,8,10,3,Medio
2431,2024-05-09,Apulo,España,75,2024,5,9,2,Alto
2432,2024-06-26,Cerro Verde,España,62,2024,6,26,2,Alto
2433,2023-11-22,Apulo,Nicaragua,67,2023,11,22,4,Alto
2434,2023-07-07,Cerro Verde,Guatemala,79,2023,7,7,3,Alto
2435,2024-11-12,Balboa,Estados Unidos,31,2024,11,12,4,Medio
2436,2024-07-03,Balboa,Mexico,74,2024,7,3,3,Alto
2437,2021-03-02,Puerta Del Diablo,Guatemala,53,2021,3,2,1,Medio
2438,2024-03-09,Amulapa,España,75,2024,3,9,1,Alto
2439,2022-02-19,Sunset Park,Nicaragua,48,2022,2,19,1,Medio
2440,2024-02-22,Puerta Del Diablo,Canada,62,2024,2,22,1,Alto
2441,2024-02-12,Sunset Park,Guatemala,45,2024,2,12,1,Medio
2442,2022-01-20,Sunset Park,España,13,2022,1,20,1,Bajo
2443,2023-01-10,Balboa,España,72,2023,1,10,1,Alto
2444,2023-09-29,Puerta Del Diablo,Estados Unidos,46,2023,9,29,3,Medio
2445,2022-12-28,Cerro Verde,Costa Rica,61,2022,12,28,4,Alto
2446,2021-12-06,Cerro Verde,España,77,2021,12,6,4,Alto
2447,2023-01-06,Amulapa,Guatemala,17,2023,1,6,1,Bajo
2448,2022-06-18,Sunset Park,Guatemala,69,2022,6,18,2,Alto
2449,2022-09-24,Cerro Verde,Honduras,53,2022,9,24,3,Medio
2450,2021-04-23,Balboa,Costa Rica,75,2021,4,23,2,Alto
2451,2021-05-22,Amulapa,Mexico,32,2021,5,22,2,Medio
2452,2022-05-11,Puerta Del Diablo,Costa Rica,61,2022,5,11,2,Alto
2453,2021-05-30,Cerro Verde,Mexico,47,2021,5,30,2,Medio
2454,2021-09-29,Sunset Park,Honduras,41,2021,9,29,3,Medio
2455,2021-08-09,Puerta Del Diablo,Mexico,28,2021,8,9,3,Bajo
2456,2024-02-04,Amulapa,España,72,2024,2,4,1,Alto
2457,2024-11-23,Amulapa,Estados Unidos,57,2024,11,23,4,Medio
2458,2024-02-28,Cerro Verde,Nicaragua,18,2024,2,28,1,Bajo
2459,2023-07-07,Cerro Verde,Nicaragua,14,2023,7,7,3,Bajo
2460,2024-04-29,Amulapa,España,24,2024,4,29,2,Bajo
2461,2024-07-18,Apulo,España,46,2024,7,18,3,Medio
2462,2023-11-09,Puerta Del Diablo,Guatemala,70,2023,11,9,4,Alto
2463,2023-05-09,Sunset Park,Costa Rica,40,2023,5,9,2,Medio
2464,2021-12-09,Puerta Del Diablo,Canada,35,2021,12,9,4,Medio
2465,2024-10-28,Sunset Park,Mexico,66,2024,10,28,4,Alto
2466,2021-01-21,Amulapa,Honduras,48,2021,1,21,1,Medio
2467,2021-10-10,Sunset Park,Nicaragua,38,2021,10,10,4,Medio
2468,2022-06-15,Sunset Park,Nicaragua,56,2022,6,15,2,Medio
2469,2022-06-22,Balboa,Costa Rica,46,2022,6,22,2,Medio
2470,2021-09-10,Amulapa,Mexico,26,2021,9,10,3,Bajo
2471,2024-04-15,Cerro Verde,España,75,2024,4,15,2,Alto
2472,2021-09-11,Cerro Verde,Guatemala,73,2021,9,11,3,Alto
2473,2023-04-06,Cerro Verde,Costa Rica,62,2023,4,6,2,Alto
2474,2022-04-26,Balboa,Estados Unidos,45,2022,4,26,2,Medio
2475,2023-05-21,Cerro Verde,Honduras,63,2023,5,21,2,Alto
2476,2021-06-02,Amulapa,Costa Rica,55,2021,6,2,2,Medio
2477,2021-11-30,Apulo,Estados Unidos,57,2021,11,30,4,Medio
2478,2022-12-15,Balboa,Estados Unidos,6,2022,12,15,4,Bajo
2479,2022-05-18,Balboa,Nicaragua,30,2022,5,18,2,Medio
2480,2022-08-23,Cerro Verde,Estados Unidos,71,2022,8,23,3,Alto
2481,2022-09-11,Apulo,Canada,52,2022,9,11,3,Medio
2482,2023-06-01,Sunset Park,Canada,7,2023,6,1,2,Bajo
2483,2023-07-07,Sunset Park,Canada,61,2023,7,7,3,Alto
2484,2021-04-08,Cerro Verde,Honduras,45,2021,4,8,2,Medio
2485,2022-10-16,Puerta Del Diablo,Nicaragua,22,2022,10,16,4,Bajo
2486,2022-01-28,Cerro Verde,Honduras,48,2022,1,28,1,Medio
2487,2022-09-26,Cerro Verde,Guatemala,60,2022,9,26,3,Alto
2488,2022-09-18,Cerro Verde,Estados Unidos,52,2022,9,18,3,Medio
2489,2021-07-23,Amulapa,Costa Rica,21,2021,7,23,3,Bajo
2490,2023-03-01,Sunset Park,Nicaragua,79,2023,3,1,1,Alto
2491,2024-06-02,Cerro Verde,Canada,74,2024,6,2,2,Alto
2492,2022-12-23,Apulo,Nicaragua,58,2022,12,23,4,Medio
2493,2021-04-30,Puerta Del Diablo,España,19,2021,4,30,2,Bajo
2494,2024-10-06,Amulapa,Canada,52,2024,10,6,4,Medio
2495,2021-04-08,Cerro Verde,España,73,2021,4,8,2,Alto
2496,2024-07-18,Puerta Del Diablo,Honduras,38,2024,7,18,3,Medio
2497,2022-07-06,Amulapa,Nicaragua,47,2022,7,6,3,Medio
2498,2021-07-12,Balboa,España,53,2021,7,12,3,Medio
2499,2022-11-24,Puerta Del Diablo,Mexico,74,2022,11,24,4,Alto
2500,2022-02-19,Sunset Park,España,68,2022,2,19,1,Alto
2501,2021-09-23,Sunset Park,Costa Rica,26,2021,9,23,3,Bajo
2502,2021-10-20,Sunset Park,España,65,2021,10,20,4,Alto
2503,2023-06-28,Puerta Del Diablo,Honduras,46,2023,6,28,2,Medio
2504,2023-03-17,Amulapa,Honduras,39,2023,3,17,1,Medio
2505,2021-05-18,Cerro Verde,Guatemala,57,2021,5,18,2,Medio
2506,2021-10-05,Cerro Verde,Costa Rica,53,2021,10,5,4,Medio
2507,2024-09-02,Apulo,Mexico,73,2024,9,2,3,Alto
2508,2023-07-23,Cerro Verde,Costa Rica,26,2023,7,23,3,Bajo
2509,2024-12-04,Sunset Park,Estados Unidos,39,2024,12,4,4,Medio
2510,2024-01-04,Amulapa,Guatemala,74,2024,1,4,1,Alto
2511,2021-11-01,Cerro Verde,Estados Unidos,77,2021,11,1,4,Alto
2512,2022-04-03,Balboa,España,53,2022,4,3,2,Medio
2513,2021-12-17,Balboa,Guatemala,52,2021,12,17,4,Medio
2514,2022-09-14,Apulo,España,15,2022,9,14,3,Bajo
2515,2022-09-02,Balboa,Estados Unidos,41,2022,9,2,3,Medio
2516,2023-05-07,Balboa,Mexico,53,2023,5,7,2,Medio
2517,2022-07-28,Sunset Park,Canada,20,2022,7,28,3,Bajo
2518,2021-05-17,Apulo,Nicaragua,73,2021,5,17,2,Alto
2519,2022-12-23,Apulo,Estados Unidos,23,2022,12,23,4,Bajo
2520,2021-10-13,Puerta Del Diablo,Costa Rica,34,2021,10,13,4,Medio
2521,2023-02-28,Puerta Del Diablo,Honduras,78,2023,2,28,1,Alto
2522,2024-12-28,Apulo,Honduras,35,2024,12,28,4,Medio
2523,2022-06-25,Puerta Del Diablo,Estados Unidos,23,2022,6,25,2,Bajo
2524,2022-05-24,Cerro Verde,Costa Rica,75,2022,5,24,2,Alto
2525,2024-03-14,Amulapa,Estados Unidos,10,2024,3,14,1,Bajo
2526,2021-07-15,Cerro Verde,Costa Rica,49,2021,7,15,3,Medio
2527,2022-09-01,Amulapa,Nicaragua,66,2022,9,1,3,Alto
2528,2021-03-05,Balboa,Mexico,23,2021,3,5,1,Bajo
2529,2024-07-26,Cerro Verde,Honduras,33,2024,7,26,3,Medio
2530,2023-06-22,Sunset Park,Canada,52,2023,6,22,2,Medio
2531,2022-02-22,Amulapa,Mexico,46,2022,2,22,1,Medio
2532,2021-05-15,Puerta Del Diablo,Honduras,75,2021,5,15,2,Alto
2533,2024-07-11,Sunset Park,Costa Rica,70,2024,7,11,3,Alto
2534,2023-05-22,Sunset Park,Estados Unidos,54,2023,5,22,2,Medio
2535,2023-01-25,Apulo,Canada,67,2023,1,25,1,Alto
2536,2023-10-06,Balboa,Costa Rica,66,2023,10,6,4,Alto
2537,2021-08-07,Balboa,Nicaragua,40,2021,8,7,3,Medio
2538,2021-05-12,Sunset Park,Nicaragua,14,2021,5,12,2,Bajo
2539,2021-07-13,Balboa,España,58,2021,7,13,3,Medio
2540,2024-11-18,Cerro Verde,Guatemala,47,2024,11,18,4,Medio
2541,2022-04-02,Sunset Park,España,20,2022,4,2,2,Bajo
2542,2024-02-29,Puerta Del Diablo,Canada,77,2024,2,29,1,Alto
2543,2024-03-26,Balboa,Canada,53,2024,3,26,1,Medio
2544,2021-07-09,Puerta Del Diablo,Mexico,50,2021,7,9,3,Medio
2545,2021-10-16,Cerro Verde,Costa Rica,19,2021,10,16,4,Bajo
2546,2024-04-08,Balboa,Estados Unidos,9,2024,4,8,2,Bajo
2547,2023-04-10,Apulo,Mexico,73,2023,4,10,2,Alto
2548,2022-05-27,Cerro Verde,Guatemala,72,2022,5,27,2,Alto
2549,2021-08-22,Cerro Verde,España,59,2021,8,22,3,Medio
2550,2021-11-27,Amulapa,Estados Unidos,12,2021,11,27,4,Bajo
2551,2021-05-14,Apulo,Canada,62,2021,5,14,2,Alto
2552,2022-09-16,Puerta Del Diablo,Guatemala,58,2022,9,16,3,Medio
2553,2022-05-23,Puerta Del Diablo,Honduras,9,2022,5,23,2,Bajo
2554,2022-11-20,Amulapa,Mexico,48,2022,11,20,4,Medio
2555,2022-08-07,Cerro Verde,Guatemala,11,2022,8,7,3,Bajo
2556,2024-10-28,Cerro Verde,Costa Rica,10,2024,10,28,4,Bajo
2557,2023-07-28,Balboa,Canada,60,2023,7,28,3,Alto
2558,2024-07-12,Balboa,Honduras,23,2024,7,12,3,Bajo
2559,2023-06-10,Cerro Verde,Guatemala,42,2023,6,10,2,Medio
2560,2021-09-10,Balboa,Mexico,66,2021,9,10,3,Alto
2561,2023-02-21,Apulo,Mexico,73,2023,2,21,1,Alto
2562,2024-03-21,Balboa,Guatemala,51,2024,3,21,1,Medio
2563,2021-03-13,Cerro Verde,Canada,14,2021,3,13,1,Bajo
2564,2021-06-10,Puerta Del Diablo,Nicaragua,55,2021,6,10,2,Medio
2565,2023-11-19,Amulapa,Canada,11,2023,11,19,4,Bajo
2566,2023-10-23,Puerta Del Diablo,Mexico,20,2023,10,23,4,Bajo
2567,2022-12-28,Apulo,Honduras,34,2022,12,28,4,Medio
2568,2024-01-24,Puerta Del Diablo,Guatemala,66,2024,1,24,1,Alto
2569,2024-05-22,Puerta Del Diablo,Honduras,41,2024,5,22,2,Medio
2570,2021-06-29,Cerro Verde,Honduras,18,2021,6,29,2,Bajo
2571,2024-10-19,Cerro Verde,Honduras,52,2024,10,19,4,Medio
2572,2022-03-05,Cerro Verde,Mexico,21,2022,3,5,1,Bajo
2573,2023-05-02,Cerro Verde,Costa Rica,12,2023,5,2,2,Bajo
2574,2024-04-04,Cerro Verde,Guatemala,17,2024,4,4,2,Bajo
2575,2023-12-05,Amulapa,Mexico,33,2023,12,5,4,Medio
2576,2021-05-24,Amulapa,Guatemala,71,2021,5,24,2,Alto
2577,2023-10-08,Amulapa,Guatemala,76,2023,10,8,4,Alto
2578,2023-10-11,Amulapa,Honduras,9,2023,10,11,4,Bajo
2579,2021-12-09,Balboa,Nicaragua,79,2021,12,9,4,Alto
2580,2024-06-24,Amulapa,Nicaragua,66,2024,6,24,2,Alto
2581,2023-03-26,Apulo,Estados Unidos,40,2023,3,26,1,Medio
2582,2022-02-13,Cerro Verde,Estados Unidos,39,2022,2,13,1,Medio
2583,2023-01-11,Balboa,Mexico,54,2023,1,11,1,Medio
2584,2021-11-09,Sunset Park,Nicaragua,9,2021,11,9,4,Bajo
2585,2024-11-27,Amulapa,Honduras,17,2024,11,27,4,Bajo
2586,2024-09-24,Cerro Verde,Estados Unidos,28,2024,9,24,3,Bajo
2587,2021-06-15,Apulo,Mexico,29,2021,6,15,2,Bajo
2588,2021-05-08,Apulo,España,13,2021,5,8,2,Bajo
2589,2021-08-16,Amulapa,Nicaragua,28,2021,8,16,3,Bajo
2590,2021-03-07,Apulo,Honduras,32,2021,3,7,1,Medio
2591,2022-01-23,Cerro Verde,Honduras,58,2022,1,23,1,Medio
2592,2022-04-19,Amulapa,Canada,74,2022,4,19,2,Alto
2593,2024-01-04,Puerta Del Diablo,Honduras,22,2024,1,4,1,Bajo
2594,2021-09-01,Amulapa,Nicaragua,57,2021,9,1,3,Medio
2595,2022-05-27,Puerta Del Diablo,Estados Unidos,77,2022,5,27,2,Alto
2596,2024-01-30,Sunset Park,Nicaragua,64,2024,1,30,1,Alto
2597,2023-05-25,Sunset Park,Estados Unidos,73,2023,5,25,2,Alto
2598,2024-07-18,Sunset Park,Estados Unidos,37,2024,7,18,3,Medio
2599,2022-12-17,Cerro Verde,Nicaragua,13,2022,12,17,4,Bajo
2600,2021-07-11,Balboa,Guatemala,55,2021,7,11,3,Medio
2601,2021-07-04,Sunset Park,España,51,2021,7,4,3,Medio
2602,2021-06-27,Amulapa,Costa Rica,57,2021,6,27,2,Medio
2603,2021-01-17,Sunset Park,España,73,2021,1,17,1,Alto
2604,2021-04-15,Balboa,Nicaragua,54,2021,4,15,2,Medio
2605,2024-11-24,Sunset Park,Estados Unidos,65,2024,11,24,4,Alto
2606,2024-02-10,Sunset Park,Mexico,10,2024,2,10,1,Bajo
2607,2023-09-03,Balboa,Canada,45,2023,9,3,3,Medio
2608,2024-01-28,Apulo,Mexico,66,2024,1,28,1,Alto
2609,2021-09-16,Cerro Verde,Mexico,33,2021,9,16,3,Medio
2610,2022-05-19,Cerro Verde,Canada,57,2022,5,19,2,Medio
2611,2024-04-11,Balboa,Nicaragua,38,2024,4,11,2,Medio
2612,2021-10-27,Amulapa,Canada,26,2021,10,27,4,Bajo
2613,2023-04-10,Sunset Park,Estados Unidos,42,2023,4,10,2,Medio
2614,2021-12-14,Apulo,Guatemala,7,2021,12,14,4,Bajo
2615,2022-01-11,Balboa,Estados Unidos,57,2022,1,11,1,Medio
2616,2022-01-28,Puerta Del Diablo,Nicaragua,52,2022,1,28,1,Medio
2617,2022-01-18,Sunset Park,Canada,30,2022,1,18,1,Medio
2618,2021-11-12,Puerta Del Diablo,Canada,30,2021,11,12,4,Medio
2619,2021-03-16,Apulo,Guatemala,73,2021,3,16,1,Alto
2620,2023-08-30,Apulo,Nicaragua,32,2023,8,30,3,Medio
2621,2023-04-05,Puerta Del Diablo,Mexico,24,2023,4,5,2,Bajo
2622,2023-05-17,Sunset Park,Costa Rica,56,2023,5,17,2,Medio
2623,2022-05-26,Puerta Del Diablo,Costa Rica,41,2022,5,26,2,Medio
2624,2024-01-24,Balboa,Guatemala,45,2024,1,24,1,Medio
2625,2022-03-21,Sunset Park,España,61,2022,3,21,1,Alto
2626,2023-01-18,Amulapa,Guatemala,14,2023,1,18,1,Bajo
2627,2024-07-20,Cerro Verde,Costa Rica,65,2024,7,20,3,Alto
2628,2022-09-17,Amulapa,Guatemala,64,2022,9,17,3,Alto
2629,2023-12-18,Puerta Del Diablo,Mexico,59,2023,12,18,4,Medio
2630,2023-03-26,Cerro Verde,Guatemala,7,2023,3,26,1,Bajo
2631,2023-02-25,Puerta Del Diablo,Nicaragua,68,2023,2,25,1,Alto
2632,2023-11-27,Amulapa,Nicaragua,74,2023,11,27,4,Alto
2633,2022-12-11,Puerta Del Diablo,Estados Unidos,79,2022,12,11,4,Alto
2634,2022-02-05,Sunset Park,Honduras,30,2022,2,5,1,Medio
2635,2023-02-10,Cerro Verde,Mexico,21,2023,2,10,1,Bajo
2636,2021-08-18,Balboa,Guatemala,29,2021,8,18,3,Bajo
2637,2023-03-12,Amulapa,Mexico,67,2023,3,12,1,Alto
2638,2022-12-25,Apulo,Mexico,31,2022,12,25,4,Medio
2639,2023-10-14,Balboa,Guatemala,17,2023,10,14,4,Bajo
2640,2024-02-01,Cerro Verde,Honduras,18,2024,2,1,1,Bajo
2641,2023-10-12,Apulo,Canada,24,2023,10,12,4,Bajo
2642,2023-06-22,Cerro Verde,Costa Rica,53,2023,6,22,2,Medio
2643,2022-11-05,Amulapa,Nicaragua,47,2022,11,5,4,Medio
2644,2022-10-06,Apulo,Mexico,77,2022,10,6,4,Alto
2645,2024-09-12,Cerro Verde,Guatemala,57,2024,9,12,3,Medio
2646,2021-07-23,Amulapa,Guatemala,11,2021,7,23,3,Bajo
2647,2021-03-15,Cerro Verde,España,27,2021,3,15,1,Bajo
2648,2024-04-10,Apulo,Mexico,67,2024,4,10,2,Alto
2649,2022-03-09,Cerro Verde,Canada,29,2022,3,9,1,Bajo
2650,2021-05-04,Apulo,Costa Rica,6,2021,5,4,2,Bajo
2651,2021-03-10,Cerro Verde,Nicaragua,65,2021,3,10,1,Alto
2652,2023-11-07,Cerro Verde,Nicaragua,27,2023,11,7,4,Bajo
2653,2022-05-18,Cerro Verde,España,35,2022,5,18,2,Medio
2654,2021-06-15,Sunset Park,Costa Rica,17,2021,6,15,2,Bajo
2655,2023-01-24,Sunset Park,Canada,58,2023,1,24,1,Medio
2656,2024-08-28,Apulo,Canada,43,2024,8,28,3,Medio
2657,2022-05-16,Puerta Del Diablo,Honduras,15,2022,5,16,2,Bajo
2658,2023-08-15,Puerta Del Diablo,Mexico,70,2023,8,15,3,Alto
2659,2024-05-11,Sunset Park,Guatemala,34,2024,5,11,2,Medio
2660,2024-10-20,Puerta Del Diablo,Nicaragua,69,2024,10,20,4,Alto
2661,2024-01-15,Sunset Park,Mexico,15,2024,1,15,1,Bajo
2662,2021-03-25,Balboa,Honduras,77,2021,3,25,1,Alto
2663,2024-06-20,Apulo,Nicaragua,56,2024,6,20,2,Medio
2664,2024-08-04,Apulo,Guatemala,62,2024,8,4,3,Alto
2665,2023-09-10,Amulapa,Guatemala,18,2023,9,10,3,Bajo
2666,2022-10-25,Sunset Park,Nicaragua,68,2022,10,25,4,Alto
2667,2023-04-15,Cerro Verde,Estados Unidos,13,2023,4,15,2,Bajo
2668,2022-04-26,Sunset Park,Nicaragua,52,2022,4,26,2,Medio
2669,2024-03-02,Cerro Verde,España,5,2024,3,2,1,Bajo
2670,2023-06-14,Apulo,Honduras,44,2023,6,14,2,Medio
2671,2022-10-27,Sunset Park,Mexico,62,2022,10,27,4,Alto
2672,2021-01-24,Apulo,Mexico,66,2021,1,24,1,Alto
2673,2024-08-23,Amulapa,Guatemala,74,2024,8,23,3,Alto
2674,2023-11-20,Cerro Verde,Costa Rica,62,2023,11,20,4,Alto
2675,2021-03-13,Sunset Park,Canada,41,2021,3,13,1,Medio
2676,2022-03-06,Balboa,Nicaragua,51,2022,3,6,1,Medio
2677,2023-01-10,Apulo,Honduras,38,2023,1,10,1,Medio
2678,2024-12-07,Balboa,Nicaragua,23,2024,12,7,4,Bajo
2679,2021-08-01,Apulo,Canada,69,2021,8,1,3,Alto
2680,2023-01-28,Sunset Park,Nicaragua,63,2023,1,28,1,Alto
2681,2021-03-03,Sunset Park,Estados Unidos,6,2021,3,3,1,Bajo
2682,2023-11-19,Cerro Verde,Nicaragua,23,2023,11,19,4,Bajo
2683,2022-11-08,Balboa,Nicaragua,51,2022,11,8,4,Medio
2684,2021-12-12,Balboa,Honduras,31,2021,12,12,4,Medio
2685,2022-08-23,Puerta Del Diablo,España,12,2022,8,23,3,Bajo
2686,2021-05-05,Cerro Verde,Guatemala,72,2021,5,5,2,Alto
2687,2022-07-06,Sunset Park,Mexico,41,2022,7,6,3,Medio
2688,2024-04-21,Puerta Del Diablo,Mexico,27,2024,4,21,2,Bajo
2689,2022-05-21,Balboa,Estados Unidos,73,2022,5,21,2,Alto
2690,2022-10-29,Amulapa,Mexico,58,2022,10,29,4,Medio
2691,2022-04-04,Sunset Park,Nicaragua,18,2022,4,4,2,Bajo
2692,2023-10-14,Sunset Park,Honduras,48,2023,10,14,4,Medio
2693,2023-12-11,Apulo,Canada,32,2023,12,11,4,Medio
2694,2024-10-21,Amulapa,Nicaragua,10,2024,10,21,4,Bajo
2695,2024-02-17,Amulapa,España,19,2024,2,17,1,Bajo
2696,2024-07-25,Cerro Verde,Canada,45,2024,7,25,3,Medio
2697,2023-01-01,Puerta Del Diablo,España,72,2023,1,1,1,Alto
2698,2022-05-28,Cerro Verde,Costa Rica,41,2022,5,28,2,Medio
2699,2021-09-24,Balboa,Costa Rica,61,2021,9,24,3,Alto
2700,2023-08-10,Apulo,España,77,2023,8,10,3,Alto
2701,2022-11-09,Amulapa,Nicaragua,69,2022,11,9,4,Alto
2702,2024-10-04,Apulo,Nicaragua,9,2024,10,4,4,Bajo
2703,2022-11-25,Apulo,Honduras,34,2022,11,25,4,Medio
2704,2024-05-30,Puerta Del Diablo,Estados Unidos,69,2024,5,30,2,Alto
2705,2022-06-19,Cerro Verde,Guatemala,23,2022,6,19,2,Bajo
2706,2024-02-04,Balboa,Costa Rica,32,2024,2,4,1,Medio
2707,2024-12-15,Apulo,Guatemala,28,2024,12,15,4,Bajo
2708,2023-08-05,Puerta Del Diablo,Guatemala,76,2023,8,5,3,Alto
2709,2021-11-13,Balboa,Mexico,15,2021,11,13,4,Bajo
2710,2022-08-14,Sunset Park,Canada,14,2022,8,14,3,Bajo
2711,2024-10-15,Sunset Park,Honduras,57,2024,10,15,4,Medio
2712,2023-07-07,Amulapa,Honduras,10,2023,7,7,3,Bajo
2713,2024-07-03,Apulo,Honduras,68,2024,7,3,3,Alto
2714,2023-04-15,Amulapa,Canada,19,2023,4,15,2,Bajo
2715,2024-07-29,Puerta Del Diablo,España,30,2024,7,29,3,Medio
2716,2024-01-22,Balboa,Costa Rica,25,2024,1,22,1,Bajo
2717,2021-05-02,Amulapa,España,64,2021,5,2,2,Alto
2718,2023-09-16,Cerro Verde,Costa Rica,35,2023,9,16,3,Medio
2719,2021-02-19,Cerro Verde,Costa Rica,15,2021,2,19,1,Bajo
2720,2024-03-20,Balboa,Guatemala,13,2024,3,20,1,Bajo
2721,2022-07-19,Sunset Park,Nicaragua,11,2022,7,19,3,Bajo
2722,2024-12-01,Apulo,Costa Rica,41,2024,12,1,4,Medio
2723,2023-05-10,Cerro Verde,Costa Rica,31,2023,5,10,2,Medio
2724,2022-09-16,Puerta Del Diablo,Costa Rica,8,2022,9,16,3,Bajo
2725,2022-05-06,Puerta Del Diablo,Nicaragua,55,2022,5,6,2,Medio
2726,2021-06-05,Amulapa,Honduras,55,2021,6,5,2,Medio
2727,2022-04-17,Puerta Del Diablo,Costa Rica,26,2022,4,17,2,Bajo
2728,2022-03-27,Puerta Del Diablo,España,11,2022,3,27,1,Bajo
2729,2022-01-29,Balboa,Canada,11,2022,1,29,1,Bajo
2730,2022-05-25,Balboa,España,52,2022,5,25,2,Medio
2731,2023-03-13,Balboa,Guatemala,11,2023,3,13,1,Bajo
2732,2022-05-28,Balboa,Costa Rica,8,2022,5,28,2,Bajo
2733,2024-06-07,Cerro Verde,Honduras,28,2024,6,7,2,Bajo
2734,2023-07-22,Apulo,Guatemala,55,2023,7,22,3,Medio
2735,2023-02-01,Cerro Verde,España,78,2023,2,1,1,Alto
2736,2021-03-12,Apulo,Nicaragua,23,2021,3,12,1,Bajo
2737,2023-08-21,Puerta Del Diablo,Mexico,16,2023,8,21,3,Bajo
2738,2021-07-25,Amulapa,Nicaragua,65,2021,7,25,3,Alto
2739,2021-02-27,Cerro Verde,Mexico,8,2021,2,27,1,Bajo
2740,2022-06-12,Cerro Verde,Estados Unidos,52,2022,6,12,2,Medio
2741,2024-01-21,Sunset Park,Canada,66,2024,1,21,1,Alto
2742,2022-02-16,Amulapa,Guatemala,36,2022,2,16,1,Medio
2743,2021-03-11,Apulo,España,48,2021,3,11,1,Medio
2744,2024-07-31,Puerta Del Diablo,Canada,46,2024,7,31,3,Medio
2745,2022-08-17,Balboa,Costa Rica,48,2022,8,17,3,Medio
2746,2024-04-09,Amulapa,Estados Unidos,69,2024,4,9,2,Alto
2747,2024-05-15,Puerta Del Diablo,Guatemala,51,2024,5,15,2,Medio
2748,2023-06-29,Amulapa,Costa Rica,11,2023,6,29,2,Bajo
2749,2024-07-25,Apulo,Honduras,67,2024,7,25,3,Alto
2750,2022-10-16,Cerro Verde,Canada,38,2022,10,16,4,Medio
2751,2023-11-09,Puerta Del Diablo,Guatemala,51,2023,11,9,4,Medio
2752,2023-05-12,Puerta Del Diablo,Mexico,29,2023,5,12,2,Bajo
2753,2021-10-02,Balboa,Estados Unidos,72,2021,10,2,4,Alto
2754,2023-06-15,Sunset Park,Guatemala,44,2023,6,15,2,Medio
2755,2024-04-05,Puerta Del Diablo,Honduras,14,2024,4,5,2,Bajo
2756,2023-07-18,Cerro Verde,Costa Rica,78,2023,7,18,3,Alto
2757,2021-06-15,Balboa,España,10,2021,6,15,2,Bajo
2758,2021-02-01,Amulapa,Canada,36,2021,2,1,1,Medio
2759,2023-11-04,Sunset Park,Nicaragua,35,2023,11,4,4,Medio
2760,2022-10-25,Balboa,Guatemala,30,2022,10,25,4,Medio
2761,2021-04-08,Apulo,Nicaragua,47,2021,4,8,2,Medio
2762,2022-08-24,Puerta Del Diablo,Estados Unidos,29,2022,8,24,3,Bajo
2763,2023-09-09,Apulo,Estados Unidos,75,2023,9,9,3,Alto
2764,2024-10-06,Balboa,Costa Rica,71,2024,10,6,4,Alto
2765,2023-05-23,Apulo,Estados Unidos,9,2023,5,23,2,Bajo
2766,2024-10-29,Puerta Del Diablo,Canada,48,2024,10,29,4,Medio
2767,2021-12-30,Sunset Park,Nicaragua,75,2021,12,30,4,Alto
2768,2022-04-24,Balboa,Mexico,69,2022,4,24,2,Alto
2769,2024-08-27,Apulo,Canada,66,2024,8,27,3,Alto
2770,2023-08-21,Apulo,Canada,48,2023,8,21,3,Medio
2771,2021-05-23,Apulo,Costa Rica,76,2021,5,23,2,Alto
2772,2023-08-13,Sunset Park,Costa Rica,53,2023,8,13,3,Medio
2773,2024-08-29,Balboa,Canada,22,2024,8,29,3,Bajo
2774,2022-11-02,Balboa,Estados Unidos,34,2022,11,2,4,Medio
2775,2022-08-04,Apulo,Honduras,15,2022,8,4,3,Bajo
2776,2021-01-14,Balboa,Canada,19,2021,1,14,1,Bajo
2777,2021-10-05,Amulapa,Estados Unidos,53,2021,10,5,4,Medio
2778,2023-02-04,Amulapa,Honduras,37,2023,2,4,1,Medio
2779,2024-08-19,Balboa,Costa Rica,54,2024,8,19,3,Medio
2780,2023-05-01,Sunset Park,Mexico,18,2023,5,1,2,Bajo
2781,2021-04-16,Sunset Park,Costa Rica,33,2021,4,16,2,Medio
2782,2021-08-22,Amulapa,Honduras,52,2021,8,22,3,Medio
2783,2021-05-08,Amulapa,Canada,63,2021,5,8,2,Alto
2784,2024-08-14,Amulapa,Guatemala,22,2024,8,14,3,Bajo
2785,2022-03-31,Puerta Del Diablo,Canada,67,2022,3,31,1,Alto
2786,2024-06-25,Sunset Park,España,29,2024,6,25,2,Bajo
2787,2022-05-17,Sunset Park,Nicaragua,18,2022,5,17,2,Bajo
2788,2022-10-07,Balboa,Mexico,66,2022,10,7,4,Alto
2789,2023-11-14,Puerta Del Diablo,Estados Unidos,41,2023,11,14,4,Medio
2790,2024-11-22,Sunset Park,España,36,2024,11,22,4,Medio
2791,2023-12-08,Apulo,Guatemala,64,2023,12,8,4,Alto
2792,2023-02-22,Apulo,Honduras,59,2023,2,22,1,Medio
2793,2023-03-07,Amulapa,Canada,54,2023,3,7,1,Medio
2794,2022-01-16,Balboa,Canada,63,2022,1,16,1,Alto
2795,2024-06-27,Apulo,España,12,2024,6,27,2,Bajo
2796,2024-03-30,Sunset Park,Guatemala,30,2024,3,30,1,Medio
2797,2024-01-29,Balboa,Costa Rica,8,2024,1,29,1,Bajo
2798,2024-12-29,Puerta Del Diablo,Guatemala,64,2024,12,29,4,Alto
2799,2023-05-03,Sunset Park,Mexico,17,2023,5,3,2,Bajo
2800,2022-12-07,Amulapa,España,29,2022,12,7,4,Bajo
2801,2023-12-14,Puerta Del Diablo,Guatemala,65,2023,12,14,4,Alto
2802,2021-05-09,Cerro Verde,Mexico,30,2021,5,9,2,Medio
2803,2023-04-28,Cerro Verde,Estados Unidos,55,2023,4,28,2,Medio
2804,2022-09-05,Balboa,Guatemala,20,2022,9,5,3,Bajo
2805,2021-07-26,Balboa,España,13,2021,7,26,3,Bajo
2806,2023-01-13,Puerta Del Diablo,Estados Unidos,48,2023,1,13,1,Medio
2807,2023-05-02,Sunset Park,Mexico,35,2023,5,2,2,Medio
2808,2021-05-07,Puerta Del Diablo,Costa Rica,27,2021,5,7,2,Bajo
2809,2022-05-25,Apulo,Nicaragua,41,2022,5,25,2,Medio
2810,2024-08-26,Amulapa,Estados Unidos,57,2024,8,26,3,Medio
2811,2022-05-13,Sunset Park,Mexico,7,2022,5,13,2,Bajo
2812,2023-04-26,Amulapa,Honduras,27,2023,4,26,2,Bajo
2813,2022-12-08,Puerta Del Diablo,Guatemala,47,2022,12,8,4,Medio
2814,2023-04-27,Balboa,Canada,75,2023,4,27,2,Alto
2815,2021-12-30,Apulo,Nicaragua,70,2021,12,30,4,Alto
2816,2023-02-07,Sunset Park,Honduras,63,2023,2,7,1,Alto
2817,2022-11-20,Amulapa,Guatemala,68,2022,11,20,4,Alto
2818,2024-03-06,Sunset Park,Estados Unidos,20,2024,3,6,1,Bajo
2819,2021-06-20,Sunset Park,Mexico,23,2021,6,20,2,Bajo
2820,2024-06-14,Cerro Verde,Mexico,42,2024,6,14,2,Medio
2821,2024-04-30,Puerta Del Diablo,Honduras,6,2024,4,30,2,Bajo
2822,2023-07-24,Puerta Del Diablo,Nicaragua,27,2023,7,24,3,Bajo
2823,2024-08-09,Apulo,Costa Rica,57,2024,8,9,3,Medio
2824,2021-10-09,Sunset Park,Nicaragua,6,2021,10,9,4,Bajo
2825,2023-07-19,Amulapa,España,61,2023,7,19,3,Alto
2826,2021-03-27,Cerro Verde,Mexico,37,2021,3,27,1,Medio
2827,2021-02-05,Puerta Del Diablo,Estados Unidos,50,2021,2,5,1,Medio
2828,2022-04-10,Apulo,Honduras,54,2022,4,10,2,Medio
2829,2022-12-15,Sunset Park,Honduras,66,2022,12,15,4,Alto
2830,2023-01-31,Sunset Park,Canada,27,2023,1,31,1,Bajo
2831,2021-01-31,Balboa,España,36,2021,1,31,1,Medio
2832,2024-08-30,Sunset Park,Mexico,50,2024,8,30,3,Medio
2833,2024-07-31,Apulo,Mexico,27,2024,7,31,3,Bajo
2834,2022-02-23,Amulapa,Estados Unidos,17,2022,2,23,1,Bajo
2835,2024-07-03,Apulo,Canada,16,2024,7,3,3,Bajo
2836,2022-12-24,Apulo,Honduras,23,2022,12,24,4,Bajo
2837,2022-08-12,Apulo,España,7,2022,8,12,3,Bajo
2838,2023-07-05,Puerta Del Diablo,Honduras,22,2023,7,5,3,Bajo
2839,2021-03-04,Apulo,Nicaragua,8,2021,3,4,1,Bajo
2840,2023-12-30,Sunset Park,Nicaragua,19,2023,12,30,4,Bajo
2841,2022-10-15,Cerro Verde,Estados Unidos,20,2022,10,15,4,Bajo
2842,2022-02-21,Cerro Verde,España,31,2022,2,21,1,Medio
2843,2022-03-10,Sunset Park,Costa Rica,26,2022,3,10,1,Bajo
2844,2021-07-02,Balboa,España,65,2021,7,2,3,Alto
2845,2023-05-02,Apulo,Costa Rica,26,2023,5,2,2,Bajo
2846,2022-07-18,Balboa,Honduras,65,2022,7,18,3,Alto
2847,2024-12-21,Amulapa,Estados Unidos,79,2024,12,21,4,Alto
2848,2021-12-09,Puerta Del Diablo,Mexico,59,2021,12,9,4,Medio
2849,2022-01-29,Apulo,Guatemala,52,2022,1,29,1,Medio
2850,2021-04-16,Puerta Del Diablo,Nicaragua,56,2021,4,16,2,Medio
2851,2024-01-07,Balboa,Honduras,69,2024,1,7,1,Alto
2852,2022-01-05,Cerro Verde,España,8,2022,1,5,1,Bajo
2853,2024-05-04,Balboa,Nicaragua,62,2024,5,4,2,Alto
2854,2023-04-26,Apulo,Mexico,53,2023,4,26,2,Medio
2855,2022-01-16,Cerro Verde,Guatemala,60,2022,1,16,1,Alto
2856,2021-04-15,Cerro Verde,Costa Rica,20,2021,4,15,2,Bajo
2857,2022-01-08,Apulo,España,49,2022,1,8,1,Medio
2858,2024-06-29,Cerro Verde,Mexico,51,2024,6,29,2,Medio
2859,2023-12-02,Sunset Park,Nicaragua,66,2023,12,2,4,Alto
2860,2023-10-18,Cerro Verde,Canada,25,2023,10,18,4,Bajo
2861,2021-08-08,Apulo,Honduras,27,2021,8,8,3,Bajo
2862,2021-01-31,Amulapa,Canada,24,2021,1,31,1,Bajo
2863,2024-12-08,Cerro Verde,Mexico,73,2024,12,8,4,Alto
2864,2024-09-11,Puerta Del Diablo,España,36,2024,9,11,3,Medio
2865,2024-06-14,Amulapa,Honduras,23,2024,6,14,2,Bajo
2866,2021-01-07,Puerta Del Diablo,España,28,2021,1,7,1,Bajo
2867,2024-12-10,Balboa,Mexico,15,2024,12,10,4,Bajo
2868,2023-03-21,Cerro Verde,España,21,2023,3,21,1,Bajo
2869,2024-12-04,Balboa,Honduras,34,2024,12,4,4,Medio
2870,2023-03-20,Cerro Verde,Estados Unidos,50,2023,3,20,1,Medio
2871,2021-02-12,Balboa,Costa Rica,39,2021,2,12,1,Medio
2872,2024-08-02,Amulapa,Costa Rica,19,2024,8,2,3,Bajo
2873,2021-01-09,Cerro Verde,Honduras,75,2021,1,9,1,Alto
2874,2024-09-19,Apulo,España,6,2024,9,19,3,Bajo
2875,2024-11-28,Sunset Park,Guatemala,7,2024,11,28,4,Bajo
2876,2023-11-15,Balboa,Costa Rica,53,2023,11,15,4,Medio
2877,2022-05-17,Sunset Park,Costa Rica,55,2022,5,17,2,Medio
2878,2021-05-11,Cerro Verde,Costa Rica,38,2021,5,11,2,Medio
2879,2023-11-27,Balboa,Nicaragua,75,2023,11,27,4,Alto
2880,2022-02-16,Balboa,España,54,2022,2,16,1,Medio
2881,2022-03-20,Sunset Park,Estados Unidos,5,2022,3,20,1,Bajo
2882,2021-11-26,Apulo,España,69,2021,11,26,4,Alto
2883,2021-07-07,Sunset Park,Canada,33,2021,7,7,3,Medio
2884,2021-08-24,Cerro Verde,Mexico,9,2021,8,24,3,Bajo
2885,2024-03-17,Apulo,Mexico,71,2024,3,17,1,Alto
2886,2024-05-16,Sunset Park,Canada,64,2024,5,16,2,Alto
2887,2022-08-04,Puerta Del Diablo,Nicaragua,34,2022,8,4,3,Medio
2888,2023-06-07,Puerta Del Diablo,Canada,69,2023,6,7,2,Alto
2889,2022-01-27,Puerta Del Diablo,Nicaragua,79,2022,1,27,1,Alto
2890,2022-08-07,Cerro Verde,Estados Unidos,21,2022,8,7,3,Bajo
2891,2024-01-22,Cerro Verde,Estados Unidos,43,2024,1,22,1,Medio
2892,2021-04-18,Sunset Park,Guatemala,59,2021,4,18,2,Medio
2893,2022-10-26,Balboa,España,8,2022,10,26,4,Bajo
2894,2022-12-24,Apulo,Estados Unidos,44,2022,12,24,4,Medio
2895,2021-01-25,Sunset Park,Mexico,79,2021,1,25,1,Alto
2896,2024-10-23,Amulapa,Costa Rica,56,2024,10,23,4,Medio
2897,2024-05-24,Puerta Del Diablo,Canada,70,2024,5,24,2,Alto
2898,2021-09-13,Cerro Verde,Canada,59,2021,9,13,3,Medio
2899,2022-06-16,Puerta Del Diablo,Guatemala,77,2022,6,16,2,Alto
2900,2024-08-25,Cerro Verde,Nicaragua,56,2024,8,25,3,Medio
2901,2022-05-15,Balboa,Honduras,16,2022,5,15,2,Bajo
2902,2024-02-11,Amulapa,Costa Rica,10,2024,2,11,1,Bajo
2903,2023-02-07,Sunset Park,Estados Unidos,65,2023,2,7,1,Alto
2904,2024-02-01,Sunset Park,España,45,2024,2,1,1,Medio
2905,2022-05-08,Cerro Verde,Honduras,65,2022,5,8,2,Alto
2906,2023-11-11,Puerta Del Diablo,Canada,58,2023,11,11,4,Medio
2907,2021-10-12,Apulo,Costa Rica,48,2021,10,12,4,Medio
2908,2024-05-09,Puerta Del Diablo,Guatemala,37,2024,5,9,2,Medio
2909,2021-03-13,Cerro Verde,Nicaragua,49,2021,3,13,1,Medio
2910,2022-09-02,Sunset Park,España,34,2022,9,2,3,Medio
2911,2021-01-09,Apulo,Nicaragua,14,2021,1,9,1,Bajo
2912,2021-12-01,Amulapa,España,12,2021,12,1,4,Bajo
2913,2023-01-11,Sunset Park,Estados Unidos,27,2023,1,11,1,Bajo
2914,2024-12-14,Sunset Park,Mexico,8,2024,12,14,4,Bajo
2915,2023-10-28,Cerro Verde,Canada,57,2023,10,28,4,Medio
2916,2022-05-20,Cerro Verde,Estados Unidos,37,2022,5,20,2,Medio
2917,2022-12-08,Cerro Verde,Costa Rica,72,2022,12,8,4,Alto
2918,2021-08-30,Puerta Del Diablo,Costa Rica,19,2021,8,30,3,Bajo
2919,2023-10-06,Amulapa,Estados Unidos,16,2023,10,6,4,Bajo
2920,2024-12-12,Cerro Verde,España,24,2024,12,12,4,Bajo
2921,2024-06-14,Balboa,España,66,2024,6,14,2,Alto
2922,2021-04-14,Puerta Del Diablo,España,39,2021,4,14,2,Medio
2923,2021-09-03,Amulapa,Honduras,35,2021,9,3,3,Medio
2924,2021-12-21,Sunset Park,Honduras,60,2021,12,21,4,Alto
2925,2024-06-27,Apulo,Canada,75,2024,6,27,2,Alto
2926,2023-11-27,Puerta Del Diablo,España,47,2023,11,27,4,Medio
2927,2021-07-02,Cerro Verde,Nicaragua,68,2021,7,2,3,Alto
2928,2024-12-14,Amulapa,España,36,2024,12,14,4,Medio
2929,2022-09-23,Amulapa,España,31,2022,9,23,3,Medio
2930,2022-10-12,Balboa,Nicaragua,27,2022,10,12,4,Bajo
2931,2022-04-06,Puerta Del Diablo,Mexico,48,2022,4,6,2,Medio
2932,2024-04-17,Apulo,Guatemala,39,2024,4,17,2,Medio
2933,2024-04-03,Puerta Del Diablo,Honduras,42,2024,4,3,2,Medio
2934,2021-02-26,Sunset Park,Guatemala,77,2021,2,26,1,Alto
2935,2024-06-25,Amulapa,Estados Unidos,53,2024,6,25,2,Medio
2936,2023-11-19,Cerro Verde,España,54,2023,11,19,4,Medio
2937,2023-05-15,Puerta Del Diablo,Canada,8,2023,5,15,2,Bajo
2938,2024-08-03,Balboa,Canada,16,2024,8,3,3,Bajo
2939,2023-01-21,Cerro Verde,Canada,55,2023,1,21,1,Medio
2940,2024-01-25,Apulo,Estados Unidos,16,2024,1,25,1,Bajo
2941,2023-01-28,Amulapa,Nicaragua,67,2023,1,28,1,Alto
2942,2021-06-29,Cerro Verde,Costa Rica,35,2021,6,29,2,Medio
2943,2024-07-16,Puerta Del Diablo,Nicaragua,49,2024,7,16,3,Medio
2944,2023-01-10,Sunset Park,Mexico,75,2023,1,10,1,Alto
2945,2021-01-29,Cerro Verde,Costa Rica,27,2021,1,29,1,Bajo
2946,2022-09-13,Puerta Del Diablo,Guatemala,45,2022,9,13,3,Medio
2947,2021-07-05,Puerta Del Diablo,Honduras,37,2021,7,5,3,Medio
2948,2021-06-05,Sunset Park,Canada,43,2021,6,5,2,Medio
2949,2024-02-03,Puerta Del Diablo,Mexico,77,2024,2,3,1,Alto
2950,2023-08-14,Apulo,Costa Rica,62,2023,8,14,3,Alto
2951,2022-06-26,Sunset Park,Estados Unidos,68,2022,6,26,2,Alto
2952,2021-04-12,Apulo,España,48,2021,4,12,2,Medio
2953,2022-05-17,Amulapa,Canada,60,2022,5,17,2,Alto
2954,2022-04-01,Apulo,Costa Rica,40,2022,4,1,2,Medio
2955,2021-11-06,Puerta Del Diablo,Nicaragua,21,2021,11,6,4,Bajo
2956,2022-08-21,Cerro Verde,España,65,2022,8,21,3,Alto
2957,2024-11-20,Apulo,Canada,46,2024,11,20,4,Medio
2958,2023-10-09,Apulo,Estados Unidos,52,2023,10,9,4,Medio
2959,2021-01-12,Cerro Verde,Estados Unidos,12,2021,1,12,1,Bajo
2960,2023-08-10,Balboa,Estados Unidos,60,2023,8,10,3,Alto
2961,2023-03-15,Balboa,Mexico,79,2023,3,15,1,Alto
2962,2021-05-22,Amulapa,Canada,49,2021,5,22,2,Medio
2963,2024-03-01,Amulapa,España,23,2024,3,1,1,Bajo
2964,2022-10-07,Sunset Park,Costa Rica,27,2022,10,7,4,Bajo
2965,2024-08-14,Amulapa,Mexico,35,2024,8,14,3,Medio
2966,2023-05-25,Amulapa,Honduras,49,2023,5,25,2,Medio
2967,2023-04-08,Sunset Park,Canada,7,2023,4,8,2,Bajo
2968,2024-11-04,Apulo,Nicaragua,20,2024,11,4,4,Bajo
2969,2021-11-09,Amulapa,Nicaragua,79,2021,11,9,4,Alto
2970,2024-06-19,Cerro Verde,Honduras,45,2024,6,19,2,Medio
2971,2022-07-09,Cerro Verde,España,6,2022,7,9,3,Bajo
2972,2022-12-15,Balboa,Costa Rica,42,2022,12,15,4,Medio
2973,2021-11-07,Amulapa,Costa Rica,68,2021,11,7,4,Alto
2974,2022-08-24,Amulapa,Guatemala,22,2022,8,24,3,Bajo
2975,2023-09-07,Puerta Del Diablo,Guatemala,7,2023,9,7,3,Bajo
2976,2024-07-12,Puerta Del Diablo,Nicaragua,18,2024,7,12,3,Bajo
2977,2022-09-12,Balboa,Mexico,25,2022,9,12,3,Bajo
2978,2021-11-29,Balboa,Canada,48,2021,11,29,4,Medio
2979,2024-04-19,Amulapa,Mexico,68,2024,4,19,2,Alto
2980,2021-12-29,Amulapa,Mexico,52,2021,12,29,4,Medio
2981,2021-10-16,Sunset Park,Costa Rica,72,2021,10,16,4,Alto
2982,2021-01-02,Puerta Del Diablo,Guatemala,66,2021,1,2,1,Alto
2983,2022-06-19,Sunset Park,Nicaragua,53,2022,6,19,2,Medio
2984,2023-02-23,Balboa,Honduras,38,2023,2,23,1,Medio
2985,2024-04-14,Balboa,Canada,75,2024,4,14,2,Alto
2986,2021-09-05,Balboa,Guatemala,60,2021,9,5,3,Alto
2987,2021-12-27,Cerro Verde,Guatemala,58,2021,12,27,4,Medio
2988,2021-08-02,Balboa,Estados Unidos,73,2021,8,2,3,Alto
2989,2022-02-13,Puerta Del Diablo,España,60,2022,2,13,1,Alto
2990,2022-08-03,Puerta Del Diablo,Costa Rica,44,2022,8,3,3,Medio
2991,2022-12-08,Balboa,España,8,2022,12,8,4,Bajo
2992,2022-05-13,Sunset Park,Nicaragua,66,2022,5,13,2,Alto
2993,2021-04-18,Amulapa,Canada,27,2021,4,18,2,Bajo
2994,2021-02-08,Sunset Park,Estados Unidos,72,2021,2,8,1,Alto
2995,2024-02-07,Cerro Verde,Canada,22,2024,2,7,1,Bajo
2996,2023-10-03,Balboa,Estados Unidos,72,2023,10,3,4,Alto
2997,2022-01-07,Apulo,Mexico,45,2022,1,7,1,Medio
2998,2023-11-12,Puerta Del Diablo,Canada,75,2023,11,12,4,Alto
2999,2021-07-07,Sunset Park,Guatemala,58,2021,7,7,3,Medio
3000,2021-06-13,Sunset Park,Guatemala,50,2021,6,13,2,Medio
3001,2022-11-20,Amulapa,Costa Rica,53,2022,11,20,4,Medio
3002,2022-08-24,Puerta Del Diablo,Canada,5,2022,8,24,3,Bajo
3003,2021-10-16,Amulapa,Guatemala,8,2021,10,16,4,Bajo
3004,2024-01-06,Sunset Park,Canada,68,2024,1,6,1,Alto
3005,2021-07-30,Apulo,Estados Unidos,37,2021,7,30,3,Medio
3006,2022-10-21,Puerta Del Diablo,Canada,36,2022,10,21,4,Medio
3007,2023-04-19,Apulo,Mexico,57,2023,4,19,2,Medio
3008,2024-10-24,Puerta Del Diablo,Costa Rica,26,2024,10,24,4,Bajo
3009,2022-06-02,Balboa,España,9,2022,6,2,2,Bajo
3010,2024-05-01,Sunset Park,España,18,2024,5,1,2,Bajo
3011,2023-08-30,Puerta Del Diablo,Costa Rica,29,2023,8,30,3,Bajo
3012,2024-05-13,Amulapa,Nicaragua,9,2024,5,13,2,Bajo
3013,2021-07-25,Cerro Verde,Mexico,62,2021,7,25,3,Alto
3014,2024-10-11,Puerta Del Diablo,Estados Unidos,73,2024,10,11,4,Alto
3015,2021-01-08,Balboa,Costa Rica,8,2021,1,8,1,Bajo
3016,2022-08-13,Puerta Del Diablo,Costa Rica,46,2022,8,13,3,Medio
3017,2024-07-13,Amulapa,Canada,16,2024,7,13,3,Bajo
3018,2024-09-27,Amulapa,Costa Rica,42,2024,9,27,3,Medio
3019,2021-12-23,Puerta Del Diablo,Guatemala,36,2021,12,23,4,Medio
3020,2022-08-15,Apulo,Costa Rica,41,2022,8,15,3,Medio
3021,2023-03-27,Sunset Park,Estados Unidos,74,2023,3,27,1,Alto
3022,2022-08-23,Apulo,Mexico,42,2022,8,23,3,Medio
3023,2023-08-08,Sunset Park,Canada,26,2023,8,8,3,Bajo
3024,2021-09-11,Cerro Verde,Nicaragua,25,2021,9,11,3,Bajo
3025,2021-12-24,Cerro Verde,Guatemala,74,2021,12,24,4,Alto
3026,2023-10-30,Apulo,Costa Rica,49,2023,10,30,4,Medio
3027,2023-10-05,Sunset Park,Honduras,74,2023,10,5,4,Alto
3028,2023-01-09,Balboa,Canada,20,2023,1,9,1,Bajo
3029,2023-04-17,Apulo,Honduras,65,2023,4,17,2,Alto
3030,2023-12-14,Puerta Del Diablo,Mexico,27,2023,12,14,4,Bajo
3031,2024-11-24,Apulo,Nicaragua,52,2024,11,24,4,Medio
3032,2022-05-14,Puerta Del Diablo,España,58,2022,5,14,2,Medio
3033,2023-06-23,Apulo,Nicaragua,16,2023,6,23,2,Bajo
3034,2024-03-12,Sunset Park,Costa Rica,15,2024,3,12,1,Bajo
3035,2022-09-25,Balboa,Guatemala,7,2022,9,25,3,Bajo
3036,2024-03-25,Balboa,Canada,5,2024,3,25,1,Bajo
3037,2022-02-17,Puerta Del Diablo,Nicaragua,71,2022,2,17,1,Alto
3038,2021-02-01,Balboa,Nicaragua,28,2021,2,1,1,Bajo
3039,2022-05-08,Puerta Del Diablo,Honduras,42,2022,5,8,2,Medio
3040,2023-11-23,Sunset Park,España,38,2023,11,23,4,Medio
3041,2023-09-06,Balboa,Mexico,15,2023,9,6,3,Bajo
3042,2024-04-05,Amulapa,España,12,2024,4,5,2,Bajo
3043,2022-03-10,Balboa,Canada,77,2022,3,10,1,Alto
3044,2023-05-17,Balboa,Canada,6,2023,5,17,2,Bajo
3045,2023-03-18,Sunset Park,Honduras,54,2023,3,18,1,Medio
3046,2023-09-12,Puerta Del Diablo,Honduras,13,2023,9,12,3,Bajo
3047,2024-05-07,Sunset Park,Estados Unidos,27,2024,5,7,2,Bajo
3048,2022-06-16,Apulo,Mexico,66,2022,6,16,2,Alto
3049,2022-11-10,Amulapa,Costa Rica,16,2022,11,10,4,Bajo
3050,2023-02-15,Balboa,Honduras,49,2023,2,15,1,Medio
3051,2023-06-10,Amulapa,España,64,2023,6,10,2,Alto
3052,2023-11-20,Puerta Del Diablo,España,19,2023,11,20,4,Bajo
3053,2023-01-29,Puerta Del Diablo,Costa Rica,53,2023,1,29,1,Medio
3054,2023-05-02,Balboa,Nicaragua,44,2023,5,2,2,Medio
3055,2021-08-19,Apulo,Costa Rica,63,2021,8,19,3,Alto
3056,2022-10-22,Puerta Del Diablo,Nicaragua,44,2022,10,22,4,Medio
3057,2022-06-24,Amulapa,España,45,2022,6,24,2,Medio
3058,2023-04-18,Apulo,Estados Unidos,47,2023,4,18,2,Medio
3059,2023-08-08,Apulo,Honduras,50,2023,8,8,3,Medio
3060,2022-04-02,Amulapa,Honduras,39,2022,4,2,2,Medio
3061,2023-07-05,Cerro Verde,Guatemala,78,2023,7,5,3,Alto
3062,2022-10-25,Amulapa,Canada,61,2022,10,25,4,Alto
3063,2022-07-05,Cerro Verde,Mexico,70,2022,7,5,3,Alto
3064,2021-10-17,Cerro Verde,España,30,2021,10,17,4,Medio
3065,2021-05-30,Puerta Del Diablo,Mexico,54,2021,5,30,2,Medio
3066,2024-04-13,Sunset Park,Canada,44,2024,4,13,2,Medio
3067,2022-06-14,Puerta Del Diablo,Costa Rica,39,2022,6,14,2,Medio
3068,2024-07-11,Apulo,Nicaragua,44,2024,7,11,3,Medio
3069,2021-11-13,Sunset Park,Costa Rica,34,2021,11,13,4,Medio
3070,2022-04-14,Puerta Del Diablo,Estados Unidos,12,2022,4,14,2,Bajo
3071,2022-02-18,Cerro Verde,Mexico,73,2022,2,18,1,Alto
3072,2021-05-02,Cerro Verde,Canada,70,2021,5,2,2,Alto
3073,2023-10-11,Puerta Del Diablo,Guatemala,14,2023,10,11,4,Bajo
3074,2024-12-27,Sunset Park,Estados Unidos,61,2024,12,27,4,Alto
3075,2024-05-08,Apulo,Guatemala,53,2024,5,8,2,Medio
3076,2023-08-03,Balboa,Nicaragua,44,2023,8,3,3,Medio
3077,2021-04-03,Sunset Park,Costa Rica,5,2021,4,3,2,Bajo
3078,2021-05-25,Apulo,Estados Unidos,76,2021,5,25,2,Alto
3079,2023-04-20,Apulo,Estados Unidos,71,2023,4,20,2,Alto
3080,2022-03-03,Amulapa,Honduras,51,2022,3,3,1,Medio
3081,2023-08-09,Amulapa,Costa Rica,73,2023,8,9,3,Alto
3082,2023-01-27,Cerro Verde,España,74,2023,1,27,1,Alto
3083,2021-10-05,Puerta Del Diablo,Honduras,62,2021,10,5,4,Alto
3084,2021-09-30,Amulapa,Estados Unidos,29,2021,9,30,3,Bajo
3085,2021-09-07,Puerta Del Diablo,Canada,51,2021,9,7,3,Medio
3086,2023-12-28,Amulapa,Guatemala,46,2023,12,28,4,Medio
3087,2024-03-17,Sunset Park,Guatemala,47,2024,3,17,1,Medio
3088,2023-07-14,Balboa,Costa Rica,43,2023,7,14,3,Medio
3089,2024-11-22,Amulapa,Guatemala,28,2024,11,22,4,Bajo
3090,2024-12-09,Puerta Del Diablo,Estados Unidos,69,2024,12,9,4,Alto
3091,2023-11-21,Puerta Del Diablo,Honduras,61,2023,11,21,4,Alto
3092,2023-09-18,Amulapa,Mexico,39,2023,9,18,3,Medio
3093,2021-05-06,Cerro Verde,Canada,47,2021,5,6,2,Medio
3094,2024-04-19,Balboa,Canada,44,2024,4,19,2,Medio
3095,2022-07-20,Puerta Del Diablo,Honduras,43,2022,7,20,3,Medio
3096,2021-01-27,Balboa,Nicaragua,11,2021,1,27,1,Bajo
3097,2023-07-17,Apulo,España,20,2023,7,17,3,Bajo
3098,2024-08-03,Apulo,Honduras,50,2024,8,3,3,Medio
3099,2023-09-19,Amulapa,Guatemala,55,2023,9,19,3,Medio
3100,2023-06-03,Puerta Del Diablo,Canada,15,2023,6,3,2,Bajo
3101,2023-10-05,Balboa,España,40,2023,10,5,4,Medio
3102,2022-07-23,Balboa,España,34,2022,7,23,3,Medio
3103,2024-09-08,Puerta Del Diablo,Canada,30,2024,9,8,3,Medio
3104,2021-04-13,Puerta Del Diablo,Nicaragua,38,2021,4,13,2,Medio
3105,2023-04-10,Amulapa,Honduras,36,2023,4,10,2,Medio
3106,2024-10-02,Cerro Verde,Costa Rica,11,2024,10,2,4,Bajo
3107,2021-10-16,Sunset Park,Mexico,76,2021,10,16,4,Alto
3108,2021-03-01,Puerta Del Diablo,Estados Unidos,58,2021,3,1,1,Medio
3109,2024-12-08,Balboa,Guatemala,41,2024,12,8,4,Medio
3110,2024-11-21,Balboa,Estados Unidos,12,2024,11,21,4,Bajo
3111,2021-05-28,Apulo,España,58,2021,5,28,2,Medio
3112,2021-03-17,Puerta Del Diablo,Canada,14,2021,3,17,1,Bajo
3113,2024-11-29,Cerro Verde,Nicaragua,41,2024,11,29,4,Medio
3114,2021-05-21,Cerro Verde,Costa Rica,16,2021,5,21,2,Bajo
3115,2023-11-20,Sunset Park,Nicaragua,8,2023,11,20,4,Bajo
3116,2022-04-23,Cerro Verde,España,53,2022,4,23,2,Medio
3117,2024-04-24,Sunset Park,Estados Unidos,49,2024,4,24,2,Medio
3118,2021-01-02,Amulapa,Nicaragua,38,2021,1,2,1,Medio
3119,2023-07-04,Puerta Del Diablo,Honduras,19,2023,7,4,3,Bajo
3120,2024-03-04,Amulapa,Costa Rica,18,2024,3,4,1,Bajo
3121,2022-11-21,Amulapa,Estados Unidos,39,2022,11,21,4,Medio
3122,2024-05-27,Balboa,Nicaragua,20,2024,5,27,2,Bajo
3123,2024-08-25,Puerta Del Diablo,Canada,19,2024,8,25,3,Bajo
3124,2024-01-03,Sunset Park,Canada,71,2024,1,3,1,Alto
3125,2024-03-09,Amulapa,Costa Rica,73,2024,3,9,1,Alto
3126,2022-02-05,Balboa,España,47,2022,2,5,1,Medio
3127,2021-04-30,Puerta Del Diablo,Canada,74,2021,4,30,2,Alto
3128,2022-06-17,Puerta Del Diablo,España,48,2022,6,17,2,Medio
3129,2023-04-21,Apulo,Honduras,30,2023,4,21,2,Medio
3130,2021-09-27,Amulapa,Honduras,77,2021,9,27,3,Alto
3131,2024-10-19,Sunset Park,Guatemala,44,2024,10,19,4,Medio
3132,2021-01-22,Balboa,Guatemala,76,2021,1,22,1,Alto
3133,2023-10-27,Cerro Verde,Canada,51,2023,10,27,4,Medio
3134,2021-05-02,Apulo,Nicaragua,35,2021,5,2,2,Medio
3135,2023-11-06,Apulo,Estados Unidos,7,2023,11,6,4,Bajo
3136,2021-10-27,Puerta Del Diablo,Mexico,39,2021,10,27,4,Medio
3137,2023-03-08,Balboa,Costa Rica,54,2023,3,8,1,Medio
3138,2022-06-17,Balboa,Estados Unidos,77,2022,6,17,2,Alto
3139,2021-10-19,Apulo,Mexico,28,2021,10,19,4,Bajo
3140,2021-05-11,Cerro Verde,España,77,2021,5,11,2,Alto
3141,2023-08-11,Apulo,Estados Unidos,26,2023,8,11,3,Bajo
3142,2021-02-10,Puerta Del Diablo,Guatemala,40,2021,2,10,1,Medio
3143,2023-01-11,Cerro Verde,Guatemala,38,2023,1,11,1,Medio
3144,2022-08-27,Sunset Park,Estados Unidos,41,2022,8,27,3,Medio
3145,2022-03-10,Balboa,Guatemala,39,2022,3,10,1,Medio
3146,2023-11-04,Amulapa,Nicaragua,5,2023,11,4,4,Bajo
3147,2023-07-08,Balboa,Guatemala,57,2023,7,8,3,Medio
3148,2023-04-14,Sunset Park,Estados Unidos,8,2023,4,14,2,Bajo
3149,2023-01-03,Sunset Park,Honduras,5,2023,1,3,1,Bajo
3150,2024-06-02,Amulapa,Canada,51,2024,6,2,2,Medio
3151,2023-03-22,Cerro Verde,Estados Unidos,43,2023,3,22,1,Medio
3152,2022-03-08,Balboa,Nicaragua,68,2022,3,8,1,Alto
3153,2023-09-12,Amulapa,Nicaragua,37,2023,9,12,3,Medio
3154,2024-05-05,Puerta Del Diablo,Canada,31,2024,5,5,2,Medio
3155,2021-10-13,Balboa,España,34,2021,10,13,4,Medio
3156,2021-10-25,Cerro Verde,Guatemala,46,2021,10,25,4,Medio
3157,2022-05-14,Apulo,Nicaragua,74,2022,5,14,2,Alto
3158,2023-11-14,Cerro Verde,Guatemala,62,2023,11,14,4,Alto
3159,2021-07-28,Amulapa,Nicaragua,74,2021,7,28,3,Alto
3160,2021-11-11,Sunset Park,España,12,2021,11,11,4,Bajo
3161,2021-07-12,Cerro Verde,Costa Rica,46,2021,7,12,3,Medio
3162,2022-07-20,Apulo,Mexico,23,2022,7,20,3,Bajo
3163,2021-08-22,Cerro Verde,Costa Rica,24,2021,8,22,3,Bajo
3164,2023-06-13,Amulapa,Canada,70,2023,6,13,2,Alto
3165,2021-12-01,Amulapa,Costa Rica,64,2021,12,1,4,Alto
3166,2024-09-01,Amulapa,Mexico,43,2024,9,1,3,Medio
3167,2023-10-05,Amulapa,Estados Unidos,62,2023,10,5,4,Alto
3168,2022-06-07,Puerta Del Diablo,Guatemala,53,2022,6,7,2,Medio
3169,2023-07-27,Amulapa,Honduras,55,2023,7,27,3,Medio
3170,2021-09-01,Sunset Park,Nicaragua,31,2021,9,1,3,Medio
3171,2022-11-26,Apulo,Mexico,11,2022,11,26,4,Bajo
3172,2022-03-01,Cerro Verde,Guatemala,56,2022,3,1,1,Medio
3173,2021-08-17,Puerta Del Diablo,Honduras,71,2021,8,17,3,Alto
3174,2022-10-05,Balboa,Costa Rica,34,2022,10,5,4,Medio
3175,2021-11-12,Cerro Verde,Honduras,30,2021,11,12,4,Medio
3176,2021-05-20,Cerro Verde,España,7,2021,5,20,2,Bajo
3177,2021-02-08,Amulapa,Estados Unidos,47,2021,2,8,1,Medio
3178,2022-05-27,Balboa,Costa Rica,40,2022,5,27,2,Medio
3179,2021-01-16,Amulapa,Canada,32,2021,1,16,1,Medio
3180,2023-06-03,Balboa,España,45,2023,6,3,2,Medio
3181,2024-10-10,Puerta Del Diablo,Guatemala,74,2024,10,10,4,Alto
3182,2024-12-03,Amulapa,Estados Unidos,49,2024,12,3,4,Medio
3183,2023-07-13,Amulapa,Mexico,6,2023,7,13,3,Bajo
3184,2021-09-09,Apulo,Honduras,31,2021,9,9,3,Medio
3185,2023-04-29,Cerro Verde,Nicaragua,61,2023,4,29,2,Alto
3186,2024-10-28,Sunset Park,Mexico,56,2024,10,28,4,Medio
3187,2021-09-09,Cerro Verde,Guatemala,9,2021,9,9,3,Bajo
3188,2022-10-31,Apulo,Canada,56,2022,10,31,4,Medio
3189,2024-05-11,Amulapa,Mexico,70,2024,5,11,2,Alto
3190,2021-03-23,Balboa,Honduras,36,2021,3,23,1,Medio
3191,2024-09-17,Puerta Del Diablo,España,67,2024,9,17,3,Alto
3192,2022-12-04,Cerro Verde,España,6,2022,12,4,4,Bajo
3193,2024-03-08,Balboa,Honduras,61,2024,3,8,1,Alto
3194,2023-06-16,Apulo,Costa Rica,61,2023,6,16,2,Alto
3195,2023-03-07,Sunset Park,Nicaragua,15,2023,3,7,1,Bajo
3196,2024-02-17,Sunset Park,Guatemala,73,2024,2,17,1,Alto
3197,2021-02-15,Sunset Park,Honduras,54,2021,2,15,1,Medio
3198,2024-09-23,Balboa,Estados Unidos,30,2024,9,23,3,Medio
3199,2022-05-30,Cerro Verde,España,38,2022,5,30,2,Medio
3200,2021-05-22,Balboa,Honduras,62,2021,5,22,2,Alto
3201,2022-11-10,Apulo,Nicaragua,6,2022,11,10,4,Bajo
3202,2022-06-21,Apulo,Honduras,79,2022,6,21,2,Alto
3203,2024-04-01,Cerro Verde,Canada,7,2024,4,1,2,Bajo
3204,2024-08-02,Sunset Park,Guatemala,19,2024,8,2,3,Bajo
3205,2023-09-07,Apulo,Honduras,20,2023,9,7,3,Bajo
3206,2021-05-02,Amulapa,Mexico,74,2021,5,2,2,Alto
3207,2023-01-13,Sunset Park,España,73,2023,1,13,1,Alto
3208,2023-06-26,Amulapa,Costa Rica,63,2023,6,26,2,Alto
3209,2022-08-01,Puerta Del Diablo,Estados Unidos,5,2022,8,1,3,Bajo
3210,2021-02-08,Sunset Park,Nicaragua,50,2021,2,8,1,Medio
3211,2024-07-31,Balboa,España,70,2024,7,31,3,Alto
3212,2024-04-30,Balboa,Costa Rica,6,2024,4,30,2,Bajo
3213,2021-08-19,Puerta Del Diablo,Mexico,17,2021,8,19,3,Bajo
3214,2022-01-12,Amulapa,Guatemala,19,2022,1,12,1,Bajo
3215,2024-01-13,Amulapa,Mexico,76,2024,1,13,1,Alto
3216,2022-08-09,Cerro Verde,Nicaragua,69,2022,8,9,3,Alto
3217,2024-05-28,Puerta Del Diablo,Guatemala,50,2024,5,28,2,Medio
3218,2022-01-10,Balboa,Estados Unidos,55,2022,1,10,1,Medio
3219,2022-05-08,Amulapa,Honduras,37,2022,5,8,2,Medio
3220,2023-10-02,Balboa,Honduras,41,2023,10,2,4,Medio
3221,2021-06-13,Balboa,Honduras,76,2021,6,13,2,Alto
3222,2022-06-16,Amulapa,Canada,23,2022,6,16,2,Bajo
3223,2024-06-21,Cerro Verde,Honduras,38,2024,6,21,2,Medio
3224,2021-05-01,Cerro Verde,Costa Rica,59,2021,5,1,2,Medio
3225,2022-09-09,Sunset Park,Honduras,33,2022,9,9,3,Medio
3226,2021-03-16,Apulo,España,63,2021,3,16,1,Alto
3227,2021-11-20,Apulo,Canada,7,2021,11,20,4,Bajo
3228,2021-11-02,Balboa,Estados Unidos,48,2021,11,2,4,Medio
3229,2023-04-04,Apulo,Honduras,49,2023,4,4,2,Medio
3230,2023-11-07,Apulo,Guatemala,62,2023,11,7,4,Alto
3231,2023-03-11,Amulapa,Canada,44,2023,3,11,1,Medio
3232,2023-09-11,Puerta Del Diablo,España,13,2023,9,11,3,Bajo
3233,2021-09-24,Cerro Verde,Honduras,76,2021,9,24,3,Alto
3234,2024-06-12,Apulo,Honduras,47,2024,6,12,2,Medio
3235,2024-03-23,Puerta Del Diablo,Costa Rica,75,2024,3,23,1,Alto
3236,2021-05-26,Sunset Park,España,17,2021,5,26,2,Bajo
3237,2022-06-26,Sunset Park,Nicaragua,36,2022,6,26,2,Medio
3238,2021-12-29,Sunset Park,Canada,25,2021,12,29,4,Bajo
3239,2021-03-03,Sunset Park,Mexico,55,2021,3,3,1,Medio
3240,2022-01-26,Amulapa,Canada,20,2022,1,26,1,Bajo
3241,2023-06-20,Apulo,Guatemala,52,2023,6,20,2,Medio
3242,2023-04-18,Cerro Verde,España,52,2023,4,18,2,Medio
3243,2021-05-22,Amulapa,Costa Rica,61,2021,5,22,2,Alto
3244,2023-05-01,Balboa,Canada,73,2023,5,1,2,Alto
3245,2021-04-13,Amulapa,Estados Unidos,27,2021,4,13,2,Bajo
3246,2023-11-02,Amulapa,Guatemala,59,2023,11,2,4,Medio
3247,2022-01-18,Balboa,Canada,28,2022,1,18,1,Bajo
3248,2024-01-12,Balboa,Costa Rica,74,2024,1,12,1,Alto
3249,2023-10-06,Puerta Del Diablo,Estados Unidos,8,2023,10,6,4,Bajo
3250,2023-10-13,Puerta Del Diablo,Canada,14,2023,10,13,4,Bajo
3251,2023-12-10,Sunset Park,Nicaragua,16,2023,12,10,4,Bajo
3252,2023-05-26,Puerta Del Diablo,Honduras,46,2023,5,26,2,Medio
3253,2023-04-27,Apulo,España,34,2023,4,27,2,Medio
3254,2024-01-02,Amulapa,España,5,2024,1,2,1,Bajo
3255,2024-12-19,Amulapa,Mexico,23,2024,12,19,4,Bajo
3256,2022-06-04,Cerro Verde,Costa Rica,41,2022,6,4,2,Medio
3257,2024-03-08,Cerro Verde,Canada,26,2024,3,8,1,Bajo
3258,2024-03-09,Puerta Del Diablo,Guatemala,6,2024,3,9,1,Bajo
3259,2024-06-22,Sunset Park,Guatemala,70,2024,6,22,2,Alto
3260,2022-09-18,Cerro Verde,Canada,43,2022,9,18,3,Medio
3261,2022-10-19,Balboa,Guatemala,11,2022,10,19,4,Bajo
3262,2023-03-08,Amulapa,Costa Rica,22,2023,3,8,1,Bajo
3263,2022-02-11,Apulo,España,5,2022,2,11,1,Bajo
3264,2023-12-22,Puerta Del Diablo,Mexico,69,2023,12,22,4,Alto
3265,2022-10-02,Amulapa,Nicaragua,42,2022,10,2,4,Medio
3266,2021-03-20,Amulapa,Nicaragua,71,2021,3,20,1,Alto
3267,2021-05-20,Puerta Del Diablo,España,22,2021,5,20,2,Bajo
3268,2022-07-14,Puerta Del Diablo,Honduras,26,2022,7,14,3,Bajo
3269,2022-02-21,Apulo,Guatemala,12,2022,2,21,1,Bajo
3270,2024-11-21,Apulo,España,42,2024,11,21,4,Medio
3271,2024-10-06,Puerta Del Diablo,Nicaragua,78,2024,10,6,4,Alto
3272,2022-04-28,Apulo,Nicaragua,7,2022,4,28,2,Bajo
3273,2024-04-04,Balboa,Estados Unidos,21,2024,4,4,2,Bajo
3274,2024-02-19,Amulapa,Canada,11,2024,2,19,1,Bajo
3275,2021-08-03,Cerro Verde,Guatemala,15,2021,8,3,3,Bajo
3276,2023-10-04,Sunset Park,España,52,2023,10,4,4,Medio
3277,2022-12-18,Apulo,Nicaragua,23,2022,12,18,4,Bajo
3278,2021-04-24,Balboa,Guatemala,33,2021,4,24,2,Medio
3279,2021-06-27,Balboa,Costa Rica,32,2021,6,27,2,Medio
3280,2023-06-12,Puerta Del Diablo,Estados Unidos,32,2023,6,12,2,Medio
3281,2021-09-25,Sunset Park,Mexico,65,2021,9,25,3,Alto
3282,2023-03-05,Cerro Verde,Honduras,40,2023,3,5,1,Medio
3283,2021-12-17,Apulo,Canada,28,2021,12,17,4,Bajo
3284,2021-04-23,Apulo,Mexico,59,2021,4,23,2,Medio
3285,2024-10-05,Puerta Del Diablo,España,79,2024,10,5,4,Alto
3286,2022-07-31,Balboa,España,35,2022,7,31,3,Medio
3287,2022-05-30,Sunset Park,Canada,12,2022,5,30,2,Bajo
3288,2024-03-05,Cerro Verde,Nicaragua,52,2024,3,5,1,Medio
3289,2023-06-10,Balboa,Nicaragua,22,2023,6,10,2,Bajo
3290,2023-02-05,Cerro Verde,Guatemala,44,2023,2,5,1,Medio
3291,2024-01-19,Cerro Verde,Nicaragua,16,2024,1,19,1,Bajo
3292,2023-08-27,Sunset Park,Mexico,56,2023,8,27,3,Medio
3293,2024-03-27,Amulapa,Canada,55,2024,3,27,1,Medio
3294,2024-11-22,Amulapa,Estados Unidos,62,2024,11,22,4,Alto
3295,2021-01-17,Balboa,Nicaragua,12,2021,1,17,1,Bajo
3296,2024-10-28,Sunset Park,España,23,2024,10,28,4,Bajo
3297,2022-12-12,Puerta Del Diablo,Mexico,28,2022,12,12,4,Bajo
3298,2023-06-23,Puerta Del Diablo,Honduras,34,2023,6,23,2,Medio
3299,2024-06-25,Amulapa,Honduras,36,2024,6,25,2,Medio
3300,2024-03-03,Puerta Del Diablo,Costa Rica,15,2024,3,3,1,Bajo
3301,2023-07-03,Cerro Verde,Canada,6,2023,7,3,3,Bajo
3302,2024-06-08,Balboa,Estados Unidos,78,2024,6,8,2,Alto
3303,2021-11-18,Apulo,Honduras,70,2021,11,18,4,Alto
3304,2021-05-10,Apulo,Mexico,32,2021,5,10,2,Medio
3305,2022-03-20,Puerta Del Diablo,Estados Unidos,15,2022,3,20,1,Bajo
3306,2022-09-28,Puerta Del Diablo,Mexico,31,2022,9,28,3,Medio
3307,2022-01-22,Apulo,Nicaragua,76,2022,1,22,1,Alto
3308,2021-08-09,Amulapa,Honduras,47,2021,8,9,3,Medio
3309,2021-04-23,Puerta Del Diablo,Honduras,11,2021,4,23,2,Bajo
3310,2024-07-10,Amulapa,Nicaragua,29,2024,7,10,3,Bajo
3311,2023-11-20,Puerta Del Diablo,España,21,2023,11,20,4,Bajo
3312,2024-08-31,Amulapa,Nicaragua,62,2024,8,31,3,Alto
3313,2022-04-10,Amulapa,España,51,2022,4,10,2,Medio
3314,2022-03-22,Puerta Del Diablo,Mexico,24,2022,3,22,1,Bajo
3315,2023-08-01,Amulapa,Mexico,70,2023,8,1,3,Alto
3316,2023-09-04,Puerta Del Diablo,Honduras,70,2023,9,4,3,Alto
3317,2023-02-24,Cerro Verde,Estados Unidos,32,2023,2,24,1,Medio
3318,2023-04-11,Puerta Del Diablo,Estados Unidos,18,2023,4,11,2,Bajo
3319,2022-09-29,Apulo,España,19,2022,9,29,3,Bajo
3320,2023-07-27,Balboa,Costa Rica,62,2023,7,27,3,Alto
3321,2021-06-25,Sunset Park,Costa Rica,72,2021,6,25,2,Alto
3322,2022-07-28,Apulo,Honduras,23,2022,7,28,3,Bajo
3323,2024-01-28,Balboa,Nicaragua,51,2024,1,28,1,Medio
3324,2021-04-25,Apulo,Nicaragua,39,2021,4,25,2,Medio
3325,2023-01-13,Puerta Del Diablo,España,10,2023,1,13,1,Bajo
3326,2022-11-26,Apulo,Canada,76,2022,11,26,4,Alto
3327,2021-08-17,Puerta Del Diablo,Estados Unidos,47,2021,8,17,3,Medio
3328,2021-06-15,Sunset Park,Canada,28,2021,6,15,2,Bajo
3329,2021-11-21,Apulo,Mexico,34,2021,11,21,4,Medio
3330,2023-11-29,Amulapa,Guatemala,47,2023,11,29,4,Medio
3331,2022-02-17,Apulo,Nicaragua,20,2022,2,17,1,Bajo
3332,2022-05-27,Sunset Park,Mexico,25,2022,5,27,2,Bajo
3333,2023-04-26,Cerro Verde,Estados Unidos,75,2023,4,26,2,Alto
3334,2022-10-31,Balboa,Canada,15,2022,10,31,4,Bajo
3335,2021-04-19,Sunset Park,Canada,38,2021,4,19,2,Medio
3336,2023-05-21,Apulo,España,35,2023,5,21,2,Medio
3337,2024-05-15,Puerta Del Diablo,Canada,31,2024,5,15,2,Medio
3338,2023-12-20,Balboa,Estados Unidos,75,2023,12,20,4,Alto
3339,2022-05-05,Sunset Park,España,49,2022,5,5,2,Medio
3340,2021-09-09,Apulo,España,16,2021,9,9,3,Bajo
3341,2021-07-13,Cerro Verde,Mexico,41,2021,7,13,3,Medio
3342,2021-01-04,Balboa,Mexico,71,2021,1,4,1,Alto
3343,2022-06-16,Balboa,Costa Rica,49,2022,6,16,2,Medio
3344,2022-12-23,Amulapa,Costa Rica,60,2022,12,23,4,Alto
3345,2024-06-11,Apulo,Mexico,54,2024,6,11,2,Medio
3346,2024-05-06,Sunset Park,Canada,54,2024,5,6,2,Medio
3347,2022-07-21,Balboa,Mexico,37,2022,7,21,3,Medio
3348,2023-12-07,Amulapa,Costa Rica,60,2023,12,7,4,Alto
3349,2022-08-21,Sunset Park,Estados Unidos,32,2022,8,21,3,Medio
3350,2024-01-05,Apulo,Costa Rica,23,2024,1,5,1,Bajo
3351,2021-11-22,Balboa,Canada,72,2021,11,22,4,Alto
3352,2023-06-29,Balboa,Estados Unidos,43,2023,6,29,2,Medio
3353,2024-05-18,Balboa,Nicaragua,14,2024,5,18,2,Bajo
3354,2024-11-13,Puerta Del Diablo,Honduras,10,2024,11,13,4,Bajo
3355,2023-03-11,Cerro Verde,Guatemala,58,2023,3,11,1,Medio
3356,2022-01-13,Apulo,Canada,48,2022,1,13,1,Medio
3357,2024-06-18,Apulo,Estados Unidos,63,2024,6,18,2,Alto
3358,2022-11-13,Puerta Del Diablo,Guatemala,23,2022,11,13,4,Bajo
3359,2023-07-25,Balboa,Costa Rica,38,2023,7,25,3,Medio
3360,2022-02-08,Sunset Park,Estados Unidos,10,2022,2,8,1,Bajo
3361,2023-03-24,Amulapa,Estados Unidos,65,2023,3,24,1,Alto
3362,2021-08-30,Puerta Del Diablo,España,8,2021,8,30,3,Bajo
3363,2024-06-15,Balboa,Canada,58,2024,6,15,2,Medio
3364,2024-03-07,Amulapa,Mexico,43,2024,3,7,1,Medio
3365,2023-06-04,Puerta Del Diablo,Honduras,16,2023,6,4,2,Bajo
3366,2022-05-05,Cerro Verde,Honduras,47,2022,5,5,2,Medio
3367,2022-01-21,Puerta Del Diablo,Estados Unidos,55,2022,1,21,1,Medio
3368,2023-08-10,Puerta Del Diablo,Mexico,69,2023,8,10,3,Alto
3369,2022-10-18,Balboa,Canada,13,2022,10,18,4,Bajo
3370,2023-12-05,Balboa,Nicaragua,42,2023,12,5,4,Medio
3371,2021-06-18,Apulo,Honduras,74,2021,6,18,2,Alto
3372,2021-10-27,Cerro Verde,Canada,79,2021,10,27,4,Alto
3373,2024-04-21,Cerro Verde,Nicaragua,42,2024,4,21,2,Medio
3374,2021-08-01,Apulo,Costa Rica,47,2021,8,1,3,Medio
3375,2021-10-08,Amulapa,Honduras,57,2021,10,8,4,Medio
3376,2023-10-08,Apulo,Nicaragua,58,2023,10,8,4,Medio
3377,2024-07-15,Apulo,Mexico,54,2024,7,15,3,Medio
3378,2022-03-25,Balboa,Estados Unidos,34,2022,3,25,1,Medio
3379,2023-04-27,Cerro Verde,Mexico,39,2023,4,27,2,Medio
3380,2024-09-05,Puerta Del Diablo,España,31,2024,9,5,3,Medio
3381,2021-07-10,Balboa,Mexico,60,2021,7,10,3,Alto
3382,2024-10-31,Puerta Del Diablo,Estados Unidos,9,2024,10,31,4,Bajo
3383,2021-12-21,Sunset Park,Estados Unidos,79,2021,12,21,4,Alto
3384,2023-06-21,Balboa,Guatemala,74,2023,6,21,2,Alto
3385,2021-06-06,Sunset Park,Mexico,37,2021,6,6,2,Medio
3386,2023-07-11,Puerta Del Diablo,Nicaragua,74,2023,7,11,3,Alto
3387,2021-12-29,Cerro Verde,Honduras,34,2021,12,29,4,Medio
3388,2022-04-09,Balboa,Estados Unidos,57,2022,4,9,2,Medio
3389,2022-02-17,Amulapa,Estados Unidos,5,2022,2,17,1,Bajo
3390,2024-05-12,Cerro Verde,Mexico,25,2024,5,12,2,Bajo
3391,2023-03-25,Sunset Park,Estados Unidos,22,2023,3,25,1,Bajo
3392,2021-07-11,Apulo,España,20,2021,7,11,3,Bajo
3393,2024-12-15,Cerro Verde,España,9,2024,12,15,4,Bajo
3394,2022-03-15,Balboa,Honduras,13,2022,3,15,1,Bajo
3395,2024-01-03,Apulo,Honduras,20,2024,1,3,1,Bajo
3396,2022-10-19,Amulapa,Mexico,37,2022,10,19,4,Medio
3397,2022-12-13,Cerro Verde,Honduras,50,2022,12,13,4,Medio
3398,2021-05-15,Balboa,Canada,10,2021,5,15,2,Bajo
3399,2022-08-08,Amulapa,Honduras,57,2022,8,8,3,Medio
3400,2023-02-10,Apulo,Canada,66,2023,2,10,1,Alto
3401,2022-03-14,Sunset Park,Nicaragua,67,2022,3,14,1,Alto
3402,2024-04-30,Sunset Park,Honduras,8,2024,4,30,2,Bajo
3403,2023-02-16,Cerro Verde,Costa Rica,64,2023,2,16,1,Alto
3404,2023-12-10,Puerta Del Diablo,Mexico,6,2023,12,10,4,Bajo
3405,2021-03-12,Balboa,Estados Unidos,18,2021,3,12,1,Bajo
3406,2024-08-29,Cerro Verde,Mexico,30,2024,8,29,3,Medio
3407,2023-10-29,Cerro Verde,España,33,2023,10,29,4,Medio
3408,2024-10-30,Puerta Del Diablo,Costa Rica,40,2024,10,30,4,Medio
3409,2024-08-25,Cerro Verde,Costa Rica,56,2024,8,25,3,Medio
3410,2021-03-16,Apulo,Honduras,12,2021,3,16,1,Bajo
3411,2024-12-13,Apulo,Mexico,54,2024,12,13,4,Medio
3412,2024-02-11,Sunset Park,Guatemala,18,2024,2,11,1,Bajo
3413,2021-06-26,Puerta Del Diablo,Estados Unidos,56,2021,6,26,2,Medio
3414,2023-10-11,Amulapa,Honduras,17,2023,10,11,4,Bajo
3415,2024-03-21,Sunset Park,Nicaragua,66,2024,3,21,1,Alto
3416,2021-03-19,Apulo,Honduras,72,2021,3,19,1,Alto
3417,2023-03-19,Apulo,Guatemala,15,2023,3,19,1,Bajo
3418,2022-02-24,Amulapa,Mexico,16,2022,2,24,1,Bajo
3419,2021-06-11,Sunset Park,Honduras,69,2021,6,11,2,Alto
3420,2021-11-26,Cerro Verde,Nicaragua,68,2021,11,26,4,Alto
3421,2024-10-12,Sunset Park,Honduras,52,2024,10,12,4,Medio
3422,2023-06-12,Balboa,España,13,2023,6,12,2,Bajo
3423,2021-03-08,Sunset Park,Costa Rica,41,2021,3,8,1,Medio
3424,2023-04-28,Apulo,España,30,2023,4,28,2,Medio
3425,2024-06-23,Apulo,Costa Rica,5,2024,6,23,2,Bajo
3426,2021-08-30,Apulo,Estados Unidos,72,2021,8,30,3,Alto
3427,2023-05-22,Balboa,Honduras,18,2023,5,22,2,Bajo
3428,2021-11-18,Puerta Del Diablo,Canada,79,2021,11,18,4,Alto
3429,2022-09-10,Cerro Verde,Canada,50,2022,9,10,3,Medio
3430,2021-11-06,Sunset Park,Nicaragua,36,2021,11,6,4,Medio
3431,2023-02-04,Cerro Verde,Canada,43,2023,2,4,1,Medio
3432,2024-05-05,Balboa,Canada,7,2024,5,5,2,Bajo
3433,2024-08-12,Sunset Park,Mexico,41,2024,8,12,3,Medio
3434,2023-04-28,Puerta Del Diablo,Mexico,28,2023,4,28,2,Bajo
3435,2024-02-08,Amulapa,Estados Unidos,21,2024,2,8,1,Bajo
3436,2022-10-12,Apulo,Mexico,37,2022,10,12,4,Medio
3437,2023-09-05,Apulo,Honduras,79,2023,9,5,3,Alto
3438,2021-01-14,Amulapa,Mexico,70,2021,1,14,1,Alto
3439,2024-02-23,Balboa,Mexico,35,2024,2,23,1,Medio
3440,2021-02-20,Sunset Park,Nicaragua,8,2021,2,20,1,Bajo
3441,2023-06-16,Balboa,Mexico,11,2023,6,16,2,Bajo
3442,2024-02-20,Apulo,Honduras,79,2024,2,20,1,Alto
3443,2022-04-27,Puerta Del Diablo,Costa Rica,66,2022,4,27,2,Alto
3444,2022-06-18,Sunset Park,Canada,32,2022,6,18,2,Medio
3445,2022-07-02,Cerro Verde,España,52,2022,7,2,3,Medio
3446,2021-08-26,Puerta Del Diablo,Nicaragua,11,2021,8,26,3,Bajo
3447,2024-12-09,Puerta Del Diablo,Guatemala,69,2024,12,9,4,Alto
3448,2022-04-22,Balboa,Mexico,77,2022,4,22,2,Alto
3449,2024-09-21,Balboa,Mexico,63,2024,9,21,3,Alto
3450,2024-03-05,Cerro Verde,Nicaragua,63,2024,3,5,1,Alto
3451,2021-03-03,Sunset Park,Honduras,19,2021,3,3,1,Bajo
3452,2023-01-05,Apulo,Guatemala,71,2023,1,5,1,Alto
3453,2023-06-25,Apulo,Costa Rica,45,2023,6,25,2,Medio
3454,2024-02-13,Balboa,Guatemala,40,2024,2,13,1,Medio
3455,2021-07-27,Apulo,Costa Rica,20,2021,7,27,3,Bajo
3456,2021-02-04,Puerta Del Diablo,Mexico,70,2021,2,4,1,Alto
3457,2023-09-09,Puerta Del Diablo,Nicaragua,66,2023,9,9,3,Alto
3458,2022-04-14,Sunset Park,Canada,51,2022,4,14,2,Medio
3459,2023-03-05,Sunset Park,Mexico,36,2023,3,5,1,Medio
3460,2023-10-05,Puerta Del Diablo,Costa Rica,29,2023,10,5,4,Bajo
3461,2022-08-09,Sunset Park,Canada,61,2022,8,9,3,Alto
3462,2023-04-20,Apulo,Estados Unidos,27,2023,4,20,2,Bajo
3463,2021-11-16,Cerro Verde,Mexico,74,2021,11,16,4,Alto
3464,2023-02-05,Puerta Del Diablo,Estados Unidos,20,2023,2,5,1,Bajo
3465,2024-05-24,Balboa,Estados Unidos,35,2024,5,24,2,Medio
3466,2024-02-03,Amulapa,Nicaragua,49,2024,2,3,1,Medio
3467,2023-05-26,Sunset Park,Canada,46,2023,5,26,2,Medio
3468,2021-09-26,Puerta Del Diablo,Estados Unidos,36,2021,9,26,3,Medio
3469,2024-06-04,Cerro Verde,Guatemala,41,2024,6,4,2,Medio
3470,2022-11-21,Balboa,Guatemala,50,2022,11,21,4,Medio
3471,2021-11-19,Amulapa,Canada,47,2021,11,19,4,Medio
3472,2024-12-10,Amulapa,España,73,2024,12,10,4,Alto
3473,2022-05-30,Apulo,Honduras,33,2022,5,30,2,Medio
3474,2024-10-07,Apulo,Costa Rica,61,2024,10,7,4,Alto
3475,2024-01-24,Amulapa,España,31,2024,1,24,1,Medio
3476,2022-07-04,Amulapa,Nicaragua,23,2022,7,4,3,Bajo
3477,2021-07-14,Apulo,España,70,2021,7,14,3,Alto
3478,2022-05-09,Apulo,España,22,2022,5,9,2,Bajo
3479,2024-08-11,Balboa,Costa Rica,47,2024,8,11,3,Medio
3480,2024-04-23,Cerro Verde,Estados Unidos,71,2024,4,23,2,Alto
3481,2022-07-21,Sunset Park,Mexico,34,2022,7,21,3,Medio
3482,2023-07-12,Amulapa,Nicaragua,60,2023,7,12,3,Alto
3483,2022-06-12,Cerro Verde,Estados Unidos,75,2022,6,12,2,Alto
3484,2022-01-23,Balboa,Estados Unidos,6,2022,1,23,1,Bajo
3485,2024-06-08,Balboa,Guatemala,27,2024,6,8,2,Bajo
3486,2021-10-29,Apulo,Nicaragua,38,2021,10,29,4,Medio
3487,2024-12-20,Apulo,Canada,37,2024,12,20,4,Medio
3488,2023-03-28,Sunset Park,Estados Unidos,59,2023,3,28,1,Medio
3489,2024-12-22,Cerro Verde,Honduras,59,2024,12,22,4,Medio
3490,2021-03-13,Sunset Park,Costa Rica,79,2021,3,13,1,Alto
3491,2024-08-18,Sunset Park,Nicaragua,48,2024,8,18,3,Medio
3492,2023-05-08,Puerta Del Diablo,Nicaragua,43,2023,5,8,2,Medio
3493,2021-09-09,Puerta Del Diablo,Canada,23,2021,9,9,3,Bajo
3494,2023-01-31,Amulapa,Estados Unidos,7,2023,1,31,1,Bajo
3495,2021-07-23,Puerta Del Diablo,Nicaragua,22,2021,7,23,3,Bajo
3496,2023-08-25,Amulapa,Guatemala,73,2023,8,25,3,Alto
3497,2023-10-23,Cerro Verde,Guatemala,53,2023,10,23,4,Medio
3498,2024-09-22,Apulo,Mexico,27,2024,9,22,3,Bajo
3499,2024-04-29,Cerro Verde,Guatemala,24,2024,4,29,2,Bajo
3500,2024-06-29,Puerta Del Diablo,Mexico,18,2024,6,29,2,Bajo
3501,2021-06-26,Balboa,Mexico,43,2021,6,26,2,Medio
3502,2022-12-29,Apulo,Estados Unidos,34,2022,12,29,4,Medio
3503,2022-12-25,Cerro Verde,Mexico,68,2022,12,25,4,Alto
3504,2021-05-22,Puerta Del Diablo,España,66,2021,5,22,2,Alto
3505,2023-09-13,Puerta Del Diablo,Costa Rica,27,2023,9,13,3,Bajo
3506,2023-11-15,Balboa,Estados Unidos,20,2023,11,15,4,Bajo
3507,2022-02-04,Amulapa,Mexico,65,2022,2,4,1,Alto
3508,2021-10-22,Apulo,Honduras,69,2021,10,22,4,Alto
3509,2023-09-17,Puerta Del Diablo,Mexico,35,2023,9,17,3,Medio
3510,2021-01-30,Amulapa,Canada,73,2021,1,30,1,Alto
3511,2023-01-09,Balboa,Nicaragua,53,2023,1,9,1,Medio
3512,2021-10-04,Balboa,Estados Unidos,47,2021,10,4,4,Medio
3513,2021-03-13,Apulo,Guatemala,79,2021,3,13,1,Alto
3514,2022-11-14,Puerta Del Diablo,Honduras,64,2022,11,14,4,Alto
3515,2021-08-09,Puerta Del Diablo,Costa Rica,50,2021,8,9,3,Medio
3516,2024-05-31,Apulo,Costa Rica,19,2024,5,31,2,Bajo
3517,2021-07-08,Apulo,Honduras,53,2021,7,8,3,Medio
3518,2024-06-10,Amulapa,Guatemala,57,2024,6,10,2,Medio
3519,2024-11-27,Sunset Park,Mexico,9,2024,11,27,4,Bajo
3520,2022-06-16,Amulapa,Mexico,11,2022,6,16,2,Bajo
3521,2024-12-25,Balboa,Estados Unidos,25,2024,12,25,4,Bajo
3522,2021-10-07,Amulapa,Guatemala,48,2021,10,7,4,Medio
3523,2022-07-30,Apulo,España,69,2022,7,30,3,Alto
3524,2023-10-14,Apulo,Honduras,66,2023,10,14,4,Alto
3525,2024-10-15,Apulo,Costa Rica,51,2024,10,15,4,Medio
3526,2021-03-06,Balboa,Estados Unidos,33,2021,3,6,1,Medio
3527,2024-09-12,Apulo,Mexico,67,2024,9,12,3,Alto
3528,2024-07-28,Balboa,Costa Rica,28,2024,7,28,3,Bajo
3529,2023-05-08,Amulapa,Guatemala,52,2023,5,8,2,Medio
3530,2023-05-24,Balboa,Estados Unidos,9,2023,5,24,2,Bajo
3531,2023-04-23,Cerro Verde,Mexico,26,2023,4,23,2,Bajo
3532,2023-07-18,Sunset Park,Costa Rica,5,2023,7,18,3,Bajo
3533,2024-06-10,Sunset Park,Nicaragua,32,2024,6,10,2,Medio
3534,2024-01-02,Sunset Park,España,74,2024,1,2,1,Alto
3535,2023-07-29,Apulo,España,5,2023,7,29,3,Bajo
3536,2024-11-07,Sunset Park,Canada,41,2024,11,7,4,Medio
3537,2022-05-01,Cerro Verde,Estados Unidos,42,2022,5,1,2,Medio
3538,2022-04-28,Balboa,Mexico,13,2022,4,28,2,Bajo
3539,2023-03-11,Amulapa,Mexico,38,2023,3,11,1,Medio
3540,2024-10-16,Apulo,Canada,47,2024,10,16,4,Medio
3541,2024-11-12,Apulo,Costa Rica,64,2024,11,12,4,Alto
3542,2022-05-10,Cerro Verde,Honduras,57,2022,5,10,2,Medio
3543,2024-09-06,Balboa,Nicaragua,52,2024,9,6,3,Medio
3544,2022-05-24,Sunset Park,España,37,2022,5,24,2,Medio
3545,2022-12-20,Balboa,Estados Unidos,49,2022,12,20,4,Medio
3546,2022-02-18,Balboa,Guatemala,30,2022,2,18,1,Medio
3547,2023-06-01,Puerta Del Diablo,Estados Unidos,13,2023,6,1,2,Bajo
3548,2022-04-28,Sunset Park,Honduras,64,2022,4,28,2,Alto
3549,2023-05-08,Apulo,España,10,2023,5,8,2,Bajo
3550,2023-10-23,Cerro Verde,Guatemala,43,2023,10,23,4,Medio
3551,2023-03-27,Balboa,Honduras,23,2023,3,27,1,Bajo
3552,2024-07-09,Puerta Del Diablo,España,48,2024,7,9,3,Medio
3553,2022-08-02,Apulo,Guatemala,32,2022,8,2,3,Medio
3554,2022-08-05,Cerro Verde,Guatemala,7,2022,8,5,3,Bajo
3555,2023-03-13,Amulapa,Canada,18,2023,3,13,1,Bajo
3556,2023-06-06,Amulapa,España,19,2023,6,6,2,Bajo
3557,2024-08-09,Sunset Park,Canada,31,2024,8,9,3,Medio
3558,2021-07-01,Apulo,Canada,34,2021,7,1,3,Medio
3559,2021-12-08,Sunset Park,Honduras,13,2021,12,8,4,Bajo
3560,2023-03-01,Sunset Park,Honduras,75,2023,3,1,1,Alto
3561,2024-10-23,Puerta Del Diablo,Canada,49,2024,10,23,4,Medio
3562,2022-05-24,Balboa,Estados Unidos,64,2022,5,24,2,Alto
3563,2024-11-10,Sunset Park,Honduras,66,2024,11,10,4,Alto
3564,2023-04-16,Puerta Del Diablo,Canada,69,2023,4,16,2,Alto
3565,2022-06-30,Puerta Del Diablo,Canada,21,2022,6,30,2,Bajo
3566,2023-05-13,Cerro Verde,Mexico,53,2023,5,13,2,Medio
3567,2024-06-10,Puerta Del Diablo,Nicaragua,5,2024,6,10,2,Bajo
3568,2023-03-31,Apulo,España,72,2023,3,31,1,Alto
3569,2023-10-14,Sunset Park,Honduras,34,2023,10,14,4,Medio
3570,2021-05-14,Amulapa,España,46,2021,5,14,2,Medio
3571,2021-11-11,Puerta Del Diablo,Canada,14,2021,11,11,4,Bajo
3572,2023-11-30,Sunset Park,Costa Rica,39,2023,11,30,4,Medio
3573,2022-06-12,Sunset Park,Estados Unidos,26,2022,6,12,2,Bajo
3574,2022-08-01,Balboa,Guatemala,23,2022,8,1,3,Bajo
3575,2024-09-23,Apulo,Honduras,35,2024,9,23,3,Medio
3576,2021-06-07,Puerta Del Diablo,Honduras,6,2021,6,7,2,Bajo
3577,2021-03-09,Amulapa,Nicaragua,65,2021,3,9,1,Alto
3578,2022-05-31,Sunset Park,Canada,41,2022,5,31,2,Medio
3579,2021-11-16,Apulo,España,57,2021,11,16,4,Medio
3580,2021-04-10,Amulapa,Guatemala,37,2021,4,10,2,Medio
3581,2023-11-15,Balboa,Costa Rica,29,2023,11,15,4,Bajo
3582,2022-10-08,Amulapa,Guatemala,20,2022,10,8,4,Bajo
3583,2022-08-04,Cerro Verde,Nicaragua,30,2022,8,4,3,Medio
3584,2024-01-05,Balboa,Guatemala,64,2024,1,5,1,Alto
3585,2021-06-20,Puerta Del Diablo,Mexico,25,2021,6,20,2,Bajo
3586,2023-09-14,Puerta Del Diablo,Estados Unidos,18,2023,9,14,3,Bajo
3587,2024-12-29,Sunset Park,Canada,45,2024,12,29,4,Medio
3588,2023-06-30,Apulo,Costa Rica,60,2023,6,30,2,Alto
3589,2022-04-07,Balboa,Mexico,54,2022,4,7,2,Medio
3590,2024-04-21,Apulo,Mexico,42,2024,4,21,2,Medio
3591,2024-11-11,Sunset Park,Honduras,34,2024,11,11,4,Medio
3592,2024-03-07,Cerro Verde,Canada,60,2024,3,7,1,Alto
3593,2021-01-24,Puerta Del Diablo,Honduras,12,2021,1,24,1,Bajo
3594,2022-01-10,Apulo,Honduras,14,2022,1,10,1,Bajo
3595,2021-09-06,Puerta Del Diablo,España,30,2021,9,6,3,Medio
3596,2023-12-26,Sunset Park,Mexico,50,2023,12,26,4,Medio
3597,2022-05-13,Amulapa,Costa Rica,8,2022,5,13,2,Bajo
3598,2022-03-01,Cerro Verde,Canada,8,2022,3,1,1,Bajo
3599,2022-11-24,Balboa,Guatemala,66,2022,11,24,4,Alto
3600,2021-07-16,Apulo,Mexico,51,2021,7,16,3,Medio
3601,2023-12-10,Puerta Del Diablo,Canada,24,2023,12,10,4,Bajo
3602,2024-05-08,Cerro Verde,Canada,49,2024,5,8,2,Medio
3603,2021-05-16,Puerta Del Diablo,Estados Unidos,56,2021,5,16,2,Medio
3604,2022-01-31,Puerta Del Diablo,España,67,2022,1,31,1,Alto
3605,2023-01-01,Sunset Park,España,42,2023,1,1,1,Medio
3606,2023-03-08,Cerro Verde,Honduras,61,2023,3,8,1,Alto
3607,2022-04-24,Sunset Park,España,70,2022,4,24,2,Alto
3608,2022-09-30,Sunset Park,Nicaragua,21,2022,9,30,3,Bajo
3609,2024-01-03,Apulo,España,40,2024,1,3,1,Medio
3610,2023-09-18,Amulapa,Estados Unidos,28,2023,9,18,3,Bajo
3611,2021-06-03,Amulapa,Estados Unidos,8,2021,6,3,2,Bajo
3612,2024-11-18,Balboa,Honduras,63,2024,11,18,4,Alto
3613,2023-05-29,Balboa,Nicaragua,32,2023,5,29,2,Medio
3614,2022-11-28,Sunset Park,Honduras,31,2022,11,28,4,Medio
3615,2023-03-04,Sunset Park,Honduras,13,2023,3,4,1,Bajo
3616,2023-12-09,Puerta Del Diablo,Costa Rica,8,2023,12,9,4,Bajo
3617,2023-01-31,Puerta Del Diablo,España,14,2023,1,31,1,Bajo
3618,2022-08-09,Cerro Verde,Nicaragua,19,2022,8,9,3,Bajo
3619,2022-04-29,Apulo,Nicaragua,61,2022,4,29,2,Alto
3620,2022-02-03,Sunset Park,Mexico,7,2022,2,3,1,Bajo
3621,2021-02-11,Puerta Del Diablo,Estados Unidos,44,2021,2,11,1,Medio
3622,2024-06-23,Amulapa,Mexico,75,2024,6,23,2,Alto
3623,2021-10-04,Balboa,Honduras,39,2021,10,4,4,Medio
3624,2021-01-27,Sunset Park,Costa Rica,46,2021,1,27,1,Medio
3625,2024-01-09,Apulo,Costa Rica,76,2024,1,9,1,Alto
3626,2023-12-23,Apulo,Guatemala,40,2023,12,23,4,Medio
3627,2021-06-28,Sunset Park,Mexico,79,2021,6,28,2,Alto
3628,2022-11-03,Amulapa,Nicaragua,42,2022,11,3,4,Medio
3629,2022-06-08,Puerta Del Diablo,Guatemala,34,2022,6,8,2,Medio
3630,2022-02-12,Balboa,Costa Rica,68,2022,2,12,1,Alto
3631,2021-06-20,Puerta Del Diablo,Guatemala,31,2021,6,20,2,Medio
3632,2021-03-16,Sunset Park,Mexico,10,2021,3,16,1,Bajo
3633,2023-09-17,Puerta Del Diablo,Honduras,27,2023,9,17,3,Bajo
3634,2024-10-15,Cerro Verde,Canada,31,2024,10,15,4,Medio
3635,2021-10-10,Cerro Verde,Guatemala,29,2021,10,10,4,Bajo
3636,2024-10-26,Puerta Del Diablo,Estados Unidos,26,2024,10,26,4,Bajo
3637,2023-09-10,Cerro Verde,Mexico,26,2023,9,10,3,Bajo
3638,2022-05-20,Puerta Del Diablo,Nicaragua,50,2022,5,20,2,Medio
3639,2021-11-08,Cerro Verde,Estados Unidos,67,2021,11,8,4,Alto
3640,2023-10-23,Apulo,Nicaragua,53,2023,10,23,4,Medio
3641,2021-11-21,Balboa,Honduras,63,2021,11,21,4,Alto
3642,2021-12-27,Cerro Verde,Nicaragua,55,2021,12,27,4,Medio
3643,2021-12-26,Balboa,Canada,31,2021,12,26,4,Medio
3644,2021-11-17,Apulo,Costa Rica,16,2021,11,17,4,Bajo
3645,2023-06-19,Balboa,Costa Rica,74,2023,6,19,2,Alto
3646,2023-08-24,Amulapa,Nicaragua,53,2023,8,24,3,Medio
3647,2022-03-25,Puerta Del Diablo,Honduras,65,2022,3,25,1,Alto
3648,2022-03-30,Apulo,Guatemala,51,2022,3,30,1,Medio
3649,2022-11-03,Apulo,Honduras,10,2022,11,3,4,Bajo
3650,2021-02-12,Sunset Park,Guatemala,38,2021,2,12,1,Medio
3651,2024-06-16,Amulapa,Estados Unidos,21,2024,6,16,2,Bajo
3652,2023-09-01,Puerta Del Diablo,Honduras,22,2023,9,1,3,Bajo
3653,2022-08-04,Amulapa,Mexico,79,2022,8,4,3,Alto
3654,2023-07-31,Puerta Del Diablo,Estados Unidos,45,2023,7,31,3,Medio
3655,2022-01-20,Cerro Verde,Nicaragua,5,2022,1,20,1,Bajo
3656,2024-01-24,Balboa,Estados Unidos,29,2024,1,24,1,Bajo
3657,2024-11-08,Balboa,Mexico,51,2024,11,8,4,Medio
3658,2022-09-29,Amulapa,Nicaragua,56,2022,9,29,3,Medio
3659,2021-10-19,Cerro Verde,Guatemala,19,2021,10,19,4,Bajo
3660,2023-10-17,Balboa,Honduras,39,2023,10,17,4,Medio
3661,2021-03-05,Cerro Verde,Estados Unidos,26,2021,3,5,1,Bajo
3662,2021-08-13,Apulo,Mexico,52,2021,8,13,3,Medio
3663,2021-11-26,Apulo,Mexico,68,2021,11,26,4,Alto
3664,2024-03-24,Cerro Verde,Mexico,49,2024,3,24,1,Medio
3665,2024-02-27,Sunset Park,Honduras,70,2024,2,27,1,Alto
3666,2021-01-29,Puerta Del Diablo,Estados Unidos,55,2021,1,29,1,Medio
3667,2022-08-17,Apulo,Costa Rica,52,2022,8,17,3,Medio
3668,2022-03-30,Amulapa,Canada,49,2022,3,30,1,Medio
3669,2024-08-04,Puerta Del Diablo,Nicaragua,67,2024,8,4,3,Alto
3670,2022-10-04,Sunset Park,Nicaragua,73,2022,10,4,4,Alto
3671,2022-02-12,Apulo,Mexico,39,2022,2,12,1,Medio
3672,2024-03-13,Puerta Del Diablo,España,5,2024,3,13,1,Bajo
3673,2022-07-18,Amulapa,Nicaragua,21,2022,7,18,3,Bajo
3674,2024-07-29,Cerro Verde,Canada,26,2024,7,29,3,Bajo
3675,2022-05-28,Cerro Verde,Estados Unidos,6,2022,5,28,2,Bajo
3676,2022-10-26,Amulapa,Nicaragua,59,2022,10,26,4,Medio
3677,2022-06-24,Apulo,Honduras,69,2022,6,24,2,Alto
3678,2021-02-02,Balboa,Honduras,33,2021,2,2,1,Medio
3679,2021-08-18,Sunset Park,Honduras,51,2021,8,18,3,Medio
3680,2022-03-10,Sunset Park,Nicaragua,61,2022,3,10,1,Alto
3681,2024-03-08,Apulo,Costa Rica,55,2024,3,8,1,Medio
3682,2022-07-28,Amulapa,Costa Rica,38,2022,7,28,3,Medio
3683,2021-09-13,Balboa,Canada,48,2021,9,13,3,Medio
3684,2021-04-10,Sunset Park,Estados Unidos,75,2021,4,10,2,Alto
3685,2021-12-01,Amulapa,Honduras,22,2021,12,1,4,Bajo
3686,2023-03-26,Amulapa,Mexico,79,2023,3,26,1,Alto
3687,2022-10-08,Balboa,Costa Rica,27,2022,10,8,4,Bajo
3688,2021-01-10,Balboa,Canada,48,2021,1,10,1,Medio
3689,2024-09-15,Amulapa,Canada,22,2024,9,15,3,Bajo
3690,2021-02-18,Apulo,Mexico,6,2021,2,18,1,Bajo
3691,2023-06-23,Puerta Del Diablo,Canada,49,2023,6,23,2,Medio
3692,2022-02-17,Amulapa,Mexico,6,2022,2,17,1,Bajo
3693,2021-04-25,Sunset Park,Costa Rica,72,2021,4,25,2,Alto
3694,2022-11-09,Balboa,Nicaragua,26,2022,11,9,4,Bajo
3695,2021-11-07,Cerro Verde,Mexico,67,2021,11,7,4,Alto
3696,2024-01-06,Sunset Park,Nicaragua,77,2024,1,6,1,Alto
3697,2023-03-31,Apulo,Honduras,7,2023,3,31,1,Bajo
3698,2023-10-04,Sunset Park,Estados Unidos,8,2023,10,4,4,Bajo
3699,2022-08-19,Apulo,Guatemala,39,2022,8,19,3,Medio
3700,2021-05-26,Sunset Park,Honduras,46,2021,5,26,2,Medio
3701,2024-05-02,Cerro Verde,Guatemala,14,2024,5,2,2,Bajo
3702,2021-03-22,Puerta Del Diablo,Nicaragua,64,2021,3,22,1,Alto
3703,2024-09-05,Amulapa,Honduras,15,2024,9,5,3,Bajo
3704,2022-05-02,Apulo,Costa Rica,40,2022,5,2,2,Medio
3705,2021-07-26,Sunset Park,Guatemala,22,2021,7,26,3,Bajo
3706,2024-02-27,Apulo,Canada,22,2024,2,27,1,Bajo
3707,2022-09-05,Amulapa,Mexico,32,2022,9,5,3,Medio
3708,2023-08-17,Cerro Verde,Nicaragua,13,2023,8,17,3,Bajo
3709,2023-08-30,Balboa,Costa Rica,35,2023,8,30,3,Medio
3710,2024-11-17,Sunset Park,Mexico,54,2024,11,17,4,Medio
3711,2024-03-13,Balboa,Mexico,70,2024,3,13,1,Alto
3712,2022-07-07,Apulo,España,15,2022,7,7,3,Bajo
3713,2022-02-02,Puerta Del Diablo,España,27,2022,2,2,1,Bajo
3714,2024-10-06,Puerta Del Diablo,Canada,8,2024,10,6,4,Bajo
3715,2022-07-15,Puerta Del Diablo,Guatemala,20,2022,7,15,3,Bajo
3716,2021-11-08,Apulo,España,16,2021,11,8,4,Bajo
3717,2023-04-06,Sunset Park,España,48,2023,4,6,2,Medio
3718,2024-06-23,Cerro Verde,Costa Rica,47,2024,6,23,2,Medio
3719,2024-10-28,Puerta Del Diablo,Honduras,44,2024,10,28,4,Medio
3720,2023-02-13,Sunset Park,Estados Unidos,50,2023,2,13,1,Medio
3721,2021-04-22,Cerro Verde,Guatemala,45,2021,4,22,2,Medio
3722,2022-01-22,Amulapa,Guatemala,54,2022,1,22,1,Medio
3723,2024-09-21,Cerro Verde,España,11,2024,9,21,3,Bajo
3724,2023-05-08,Amulapa,Costa Rica,47,2023,5,8,2,Medio
3725,2023-03-17,Balboa,Nicaragua,70,2023,3,17,1,Alto
3726,2023-03-04,Cerro Verde,Costa Rica,22,2023,3,4,1,Bajo
3727,2024-02-13,Sunset Park,Estados Unidos,18,2024,2,13,1,Bajo
3728,2023-01-21,Cerro Verde,Guatemala,8,2023,1,21,1,Bajo
3729,2023-10-09,Apulo,España,22,2023,10,9,4,Bajo
3730,2022-09-01,Balboa,Costa Rica,60,2022,9,1,3,Alto
3731,2021-02-06,Cerro Verde,Guatemala,38,2021,2,6,1,Medio
3732,2022-10-09,Amulapa,Guatemala,16,2022,10,9,4,Bajo
3733,2023-01-10,Amulapa,Nicaragua,30,2023,1,10,1,Medio
3734,2021-02-27,Cerro Verde,Canada,70,2021,2,27,1,Alto
3735,2024-03-17,Amulapa,Guatemala,7,2024,3,17,1,Bajo
3736,2021-02-04,Puerta Del Diablo,Nicaragua,41,2021,2,4,1,Medio
3737,2024-05-18,Balboa,Costa Rica,59,2024,5,18,2,Medio
3738,2021-10-02,Cerro Verde,Guatemala,23,2021,10,2,4,Bajo
3739,2022-07-18,Puerta Del Diablo,Costa Rica,40,2022,7,18,3,Medio
3740,2021-07-04,Balboa,Nicaragua,60,2021,7,4,3,Alto
3741,2024-08-24,Apulo,Nicaragua,54,2024,8,24,3,Medio
3742,2023-07-11,Cerro Verde,España,70,2023,7,11,3,Alto
3743,2024-10-04,Puerta Del Diablo,Canada,18,2024,10,4,4,Bajo
3744,2021-01-07,Sunset Park,España,54,2021,1,7,1,Medio
3745,2021-05-27,Amulapa,Guatemala,55,2021,5,27,2,Medio
3746,2024-03-03,Apulo,Estados Unidos,69,2024,3,3,1,Alto
3747,2024-09-16,Cerro Verde,Guatemala,7,2024,9,16,3,Bajo
3748,2022-11-13,Balboa,Estados Unidos,55,2022,11,13,4,Medio
3749,2022-01-27,Amulapa,Nicaragua,20,2022,1,27,1,Bajo
3750,2022-05-03,Balboa,Nicaragua,37,2022,5,3,2,Medio
3751,2022-09-08,Amulapa,Mexico,48,2022,9,8,3,Medio
3752,2021-12-26,Puerta Del Diablo,Honduras,65,2021,12,26,4,Alto
3753,2022-04-09,Balboa,Nicaragua,54,2022,4,9,2,Medio
3754,2023-09-01,Cerro Verde,Canada,46,2023,9,1,3,Medio
3755,2021-06-07,Puerta Del Diablo,Guatemala,38,2021,6,7,2,Medio
3756,2021-08-15,Amulapa,Nicaragua,60,2021,8,15,3,Alto
3757,2022-11-11,Sunset Park,Estados Unidos,51,2022,11,11,4,Medio
3758,2023-06-17,Puerta Del Diablo,Mexico,23,2023,6,17,2,Bajo
3759,2023-09-25,Cerro Verde,Mexico,70,2023,9,25,3,Alto
3760,2022-01-15,Cerro Verde,Costa Rica,41,2022,1,15,1,Medio
3761,2022-08-03,Balboa,Honduras,18,2022,8,3,3,Bajo
3762,2024-12-05,Amulapa,Honduras,13,2024,12,5,4,Bajo
3763,2024-02-05,Apulo,Guatemala,23,2024,2,5,1,Bajo
3764,2022-02-02,Puerta Del Diablo,España,47,2022,2,2,1,Medio
3765,2021-11-02,Puerta Del Diablo,Mexico,43,2021,11,2,4,Medio
3766,2021-09-18,Apulo,Mexico,58,2021,9,18,3,Medio
3767,2022-04-12,Amulapa,Honduras,54,2022,4,12,2,Medio
3768,2024-07-24,Apulo,Canada,48,2024,7,24,3,Medio
3769,2022-09-09,Balboa,Honduras,50,2022,9,9,3,Medio
3770,2023-09-22,Cerro Verde,Guatemala,50,2023,9,22,3,Medio
3771,2024-02-27,Sunset Park,Estados Unidos,42,2024,2,27,1,Medio
3772,2023-06-02,Sunset Park,Canada,29,2023,6,2,2,Bajo
3773,2023-09-28,Sunset Park,Canada,47,2023,9,28,3,Medio
3774,2021-03-04,Amulapa,Guatemala,11,2021,3,4,1,Bajo
3775,2021-09-24,Amulapa,Estados Unidos,36,2021,9,24,3,Medio
3776,2022-12-22,Amulapa,Mexico,60,2022,12,22,4,Alto
3777,2024-02-01,Cerro Verde,Costa Rica,40,2024,2,1,1,Medio
3778,2022-06-27,Apulo,Honduras,15,2022,6,27,2,Bajo
3779,2023-06-19,Cerro Verde,Estados Unidos,37,2023,6,19,2,Medio
3780,2024-02-14,Apulo,Mexico,54,2024,2,14,1,Medio
3781,2021-08-06,Amulapa,Honduras,20,2021,8,6,3,Bajo
3782,2022-02-14,Amulapa,Canada,71,2022,2,14,1,Alto
3783,2023-11-02,Sunset Park,Estados Unidos,46,2023,11,2,4,Medio
3784,2024-06-19,Puerta Del Diablo,Nicaragua,14,2024,6,19,2,Bajo
3785,2022-12-31,Amulapa,Honduras,11,2022,12,31,4,Bajo
3786,2023-12-29,Puerta Del Diablo,Costa Rica,62,2023,12,29,4,Alto
3787,2021-11-02,Puerta Del Diablo,Estados Unidos,51,2021,11,2,4,Medio
3788,2023-09-20,Puerta Del Diablo,Mexico,64,2023,9,20,3,Alto
3789,2021-07-28,Puerta Del Diablo,Honduras,24,2021,7,28,3,Bajo
3790,2022-03-14,Cerro Verde,Estados Unidos,9,2022,3,14,1,Bajo
3791,2021-05-17,Balboa,Costa Rica,66,2021,5,17,2,Alto
3792,2022-08-15,Apulo,Honduras,78,2022,8,15,3,Alto
3793,2022-07-10,Sunset Park,Nicaragua,73,2022,7,10,3,Alto
3794,2023-11-04,Puerta Del Diablo,Honduras,42,2023,11,4,4,Medio
3795,2022-12-16,Amulapa,Canada,8,2022,12,16,4,Bajo
3796,2023-12-13,Amulapa,Canada,60,2023,12,13,4,Alto
3797,2024-10-16,Sunset Park,España,21,2024,10,16,4,Bajo
3798,2021-09-13,Amulapa,Guatemala,46,2021,9,13,3,Medio
3799,2024-02-17,Amulapa,Costa Rica,64,2024,2,17,1,Alto
3800,2024-11-28,Puerta Del Diablo,Honduras,30,2024,11,28,4,Medio
3801,2021-09-03,Amulapa,Nicaragua,50,2021,9,3,3,Medio
3802,2023-10-04,Apulo,Mexico,34,2023,10,4,4,Medio
3803,2022-10-02,Amulapa,Guatemala,9,2022,10,2,4,Bajo
3804,2024-10-18,Balboa,Estados Unidos,77,2024,10,18,4,Alto
3805,2022-02-06,Puerta Del Diablo,España,20,2022,2,6,1,Bajo
3806,2023-05-30,Apulo,Estados Unidos,66,2023,5,30,2,Alto
3807,2021-03-19,Balboa,Nicaragua,44,2021,3,19,1,Medio
3808,2023-01-12,Apulo,España,26,2023,1,12,1,Bajo
3809,2023-05-07,Apulo,Nicaragua,17,2023,5,7,2,Bajo
3810,2021-11-30,Sunset Park,España,6,2021,11,30,4,Bajo
3811,2021-07-17,Puerta Del Diablo,España,66,2021,7,17,3,Alto
3812,2022-12-30,Cerro Verde,Costa Rica,57,2022,12,30,4,Medio
3813,2021-10-23,Cerro Verde,Guatemala,17,2021,10,23,4,Bajo
3814,2021-06-07,Amulapa,Estados Unidos,64,2021,6,7,2,Alto
3815,2023-03-02,Puerta Del Diablo,Mexico,53,2023,3,2,1,Medio
3816,2022-07-01,Apulo,Canada,43,2022,7,1,3,Medio
3817,2023-07-29,Puerta Del Diablo,Mexico,46,2023,7,29,3,Medio
3818,2022-02-12,Puerta Del Diablo,Guatemala,57,2022,2,12,1,Medio
3819,2023-07-18,Balboa,Estados Unidos,7,2023,7,18,3,Bajo
3820,2024-01-02,Amulapa,Nicaragua,22,2024,1,2,1,Bajo
3821,2022-09-26,Amulapa,Honduras,41,2022,9,26,3,Medio
3822,2023-05-06,Balboa,Estados Unidos,40,2023,5,6,2,Medio
3823,2021-12-31,Puerta Del Diablo,España,52,2021,12,31,4,Medio
3824,2022-05-02,Sunset Park,España,35,2022,5,2,2,Medio
3825,2023-05-11,Sunset Park,Nicaragua,78,2023,5,11,2,Alto
3826,2023-10-17,Balboa,Costa Rica,5,2023,10,17,4,Bajo
3827,2021-04-19,Amulapa,Costa Rica,61,2021,4,19,2,Alto
3828,2022-09-14,Amulapa,Canada,77,2022,9,14,3,Alto
3829,2022-01-15,Apulo,España,63,2022,1,15,1,Alto
3830,2024-03-10,Balboa,Nicaragua,41,2024,3,10,1,Medio
3831,2024-02-08,Amulapa,Estados Unidos,18,2024,2,8,1,Bajo
3832,2023-05-20,Sunset Park,Costa Rica,6,2023,5,20,2,Bajo
3833,2023-05-29,Cerro Verde,Costa Rica,7,2023,5,29,2,Bajo
3834,2024-06-01,Sunset Park,Estados Unidos,54,2024,6,1,2,Medio
3835,2023-09-18,Amulapa,Guatemala,31,2023,9,18,3,Medio
3836,2023-11-22,Puerta Del Diablo,Mexico,10,2023,11,22,4,Bajo
3837,2021-01-26,Amulapa,Guatemala,41,2021,1,26,1,Medio
3838,2023-12-11,Puerta Del Diablo,Honduras,17,2023,12,11,4,Bajo
3839,2023-03-15,Apulo,Guatemala,20,2023,3,15,1,Bajo
3840,2023-12-19,Cerro Verde,Mexico,57,2023,12,19,4,Medio
3841,2024-11-02,Puerta Del Diablo,Honduras,5,2024,11,2,4,Bajo
3842,2022-09-08,Sunset Park,Estados Unidos,47,2022,9,8,3,Medio
3843,2021-05-21,Cerro Verde,Mexico,32,2021,5,21,2,Medio
3844,2022-10-18,Amulapa,Mexico,79,2022,10,18,4,Alto
3845,2024-08-19,Puerta Del Diablo,Estados Unidos,27,2024,8,19,3,Bajo
3846,2022-07-19,Cerro Verde,Honduras,51,2022,7,19,3,Medio
3847,2024-09-21,Balboa,Honduras,27,2024,9,21,3,Bajo
3848,2023-12-24,Amulapa,Costa Rica,58,2023,12,24,4,Medio
3849,2023-07-11,Cerro Verde,Canada,60,2023,7,11,3,Alto
3850,2022-11-02,Cerro Verde,Estados Unidos,21,2022,11,2,4,Bajo
3851,2024-02-05,Sunset Park,Mexico,62,2024,2,5,1,Alto
3852,2021-01-22,Sunset Park,Estados Unidos,67,2021,1,22,1,Alto
3853,2024-10-18,Amulapa,Nicaragua,19,2024,10,18,4,Bajo
3854,2021-12-18,Puerta Del Diablo,Costa Rica,78,2021,12,18,4,Alto
3855,2021-06-21,Balboa,Honduras,68,2021,6,21,2,Alto
3856,2024-10-07,Amulapa,Guatemala,27,2024,10,7,4,Bajo
3857,2024-01-11,Balboa,Guatemala,47,2024,1,11,1,Medio
3858,2024-06-05,Cerro Verde,Canada,13,2024,6,5,2,Bajo
3859,2023-01-14,Cerro Verde,Canada,48,2023,1,14,1,Medio
3860,2024-05-01,Balboa,Estados Unidos,64,2024,5,1,2,Alto
3861,2021-05-17,Puerta Del Diablo,España,31,2021,5,17,2,Medio
3862,2024-06-03,Cerro Verde,Mexico,66,2024,6,3,2,Alto
3863,2024-05-13,Apulo,Mexico,48,2024,5,13,2,Medio
3864,2022-03-10,Sunset Park,Canada,50,2022,3,10,1,Medio
3865,2021-06-26,Sunset Park,Nicaragua,78,2021,6,26,2,Alto
3866,2023-06-23,Balboa,Nicaragua,18,2023,6,23,2,Bajo
3867,2022-08-14,Sunset Park,España,17,2022,8,14,3,Bajo
3868,2022-08-11,Puerta Del Diablo,Mexico,25,2022,8,11,3,Bajo
3869,2024-12-24,Sunset Park,España,48,2024,12,24,4,Medio
3870,2024-04-26,Puerta Del Diablo,Canada,7,2024,4,26,2,Bajo
3871,2024-03-16,Balboa,España,10,2024,3,16,1,Bajo
3872,2024-10-23,Puerta Del Diablo,Canada,8,2024,10,23,4,Bajo
3873,2023-06-09,Balboa,Nicaragua,76,2023,6,9,2,Alto
3874,2021-09-28,Puerta Del Diablo,Mexico,20,2021,9,28,3,Bajo
3875,2022-04-18,Apulo,Canada,68,2022,4,18,2,Alto
3876,2021-12-04,Balboa,Guatemala,79,2021,12,4,4,Alto
3877,2023-01-19,Balboa,Honduras,20,2023,1,19,1,Bajo
3878,2022-03-23,Amulapa,Mexico,23,2022,3,23,1,Bajo
3879,2023-03-23,Cerro Verde,Guatemala,52,2023,3,23,1,Medio
3880,2024-02-17,Puerta Del Diablo,Mexico,7,2024,2,17,1,Bajo
3881,2021-06-16,Balboa,Canada,17,2021,6,16,2,Bajo
3882,2022-12-09,Puerta Del Diablo,Estados Unidos,45,2022,12,9,4,Medio
3883,2024-02-04,Balboa,España,11,2024,2,4,1,Bajo
3884,2021-10-01,Amulapa,Costa Rica,62,2021,10,1,4,Alto
3885,2024-08-26,Puerta Del Diablo,Estados Unidos,9,2024,8,26,3,Bajo
3886,2022-05-24,Balboa,España,11,2022,5,24,2,Bajo
3887,2023-08-02,Apulo,Guatemala,46,2023,8,2,3,Medio
3888,2021-11-25,Amulapa,Costa Rica,53,2021,11,25,4,Medio
3889,2024-08-01,Cerro Verde,Honduras,32,2024,8,1,3,Medio
3890,2023-11-20,Cerro Verde,Estados Unidos,19,2023,11,20,4,Bajo
3891,2021-12-02,Sunset Park,España,69,2021,12,2,4,Alto
3892,2023-11-15,Apulo,Mexico,23,2023,11,15,4,Bajo
3893,2021-12-17,Puerta Del Diablo,Estados Unidos,49,2021,12,17,4,Medio
3894,2022-04-19,Apulo,Costa Rica,13,2022,4,19,2,Bajo
3895,2024-12-05,Puerta Del Diablo,Nicaragua,76,2024,12,5,4,Alto
3896,2021-10-13,Balboa,Nicaragua,74,2021,10,13,4,Alto
3897,2024-08-04,Cerro Verde,Estados Unidos,14,2024,8,4,3,Bajo
3898,2021-08-16,Sunset Park,Mexico,41,2021,8,16,3,Medio
3899,2023-07-26,Apulo,Mexico,67,2023,7,26,3,Alto
3900,2021-12-18,Cerro Verde,Costa Rica,55,2021,12,18,4,Medio
3901,2024-03-08,Amulapa,Canada,12,2024,3,8,1,Bajo
3902,2022-09-08,Apulo,Honduras,10,2022,9,8,3,Bajo
3903,2024-04-10,Cerro Verde,Canada,59,2024,4,10,2,Medio
3904,2024-05-29,Cerro Verde,Nicaragua,67,2024,5,29,2,Alto
3905,2024-03-31,Cerro Verde,España,24,2024,3,31,1,Bajo
3906,2024-05-15,Apulo,Honduras,36,2024,5,15,2,Medio
3907,2022-06-30,Puerta Del Diablo,Mexico,63,2022,6,30,2,Alto
3908,2021-01-28,Sunset Park,España,7,2021,1,28,1,Bajo
3909,2022-12-01,Amulapa,Mexico,41,2022,12,1,4,Medio
3910,2023-01-29,Cerro Verde,Guatemala,52,2023,1,29,1,Medio
3911,2022-07-20,Apulo,Costa Rica,51,2022,7,20,3,Medio
3912,2023-09-09,Puerta Del Diablo,España,20,2023,9,9,3,Bajo
3913,2021-05-16,Cerro Verde,Guatemala,49,2021,5,16,2,Medio
3914,2023-11-19,Puerta Del Diablo,Estados Unidos,15,2023,11,19,4,Bajo
3915,2023-10-14,Puerta Del Diablo,Costa Rica,76,2023,10,14,4,Alto
3916,2024-07-22,Balboa,Canada,22,2024,7,22,3,Bajo
3917,2023-10-05,Balboa,Honduras,62,2023,10,5,4,Alto
3918,2023-11-22,Amulapa,Guatemala,58,2023,11,22,4,Medio
3919,2024-11-09,Amulapa,Nicaragua,67,2024,11,9,4,Alto
3920,2023-04-06,Sunset Park,Nicaragua,15,2023,4,6,2,Bajo
3921,2024-11-01,Apulo,Canada,35,2024,11,1,4,Medio
3922,2023-07-11,Puerta Del Diablo,Honduras,38,2023,7,11,3,Medio
3923,2023-05-08,Puerta Del Diablo,España,50,2023,5,8,2,Medio
3924,2023-01-26,Apulo,Nicaragua,61,2023,1,26,1,Alto
3925,2024-03-16,Amulapa,España,47,2024,3,16,1,Medio
3926,2021-07-15,Cerro Verde,Guatemala,55,2021,7,15,3,Medio
3927,2022-03-18,Apulo,Estados Unidos,32,2022,3,18,1,Medio
3928,2024-02-06,Amulapa,Canada,36,2024,2,6,1,Medio
3929,2021-01-27,Amulapa,Canada,41,2021,1,27,1,Medio
3930,2023-11-27,Sunset Park,Canada,25,2023,11,27,4,Bajo
3931,2021-03-19,Sunset Park,Guatemala,43,2021,3,19,1,Medio
3932,2021-01-08,Sunset Park,Guatemala,30,2021,1,8,1,Medio
3933,2021-09-14,Apulo,Mexico,11,2021,9,14,3,Bajo
3934,2022-03-31,Apulo,Guatemala,28,2022,3,31,1,Bajo
3935,2022-04-13,Balboa,Nicaragua,48,2022,4,13,2,Medio
3936,2024-05-22,Cerro Verde,Estados Unidos,67,2024,5,22,2,Alto
3937,2024-07-07,Balboa,Guatemala,38,2024,7,7,3,Medio
3938,2023-07-17,Sunset Park,Nicaragua,60,2023,7,17,3,Alto
3939,2024-10-17,Apulo,Nicaragua,34,2024,10,17,4,Medio
3940,2022-12-24,Sunset Park,España,24,2022,12,24,4,Bajo
3941,2023-09-28,Apulo,Estados Unidos,58,2023,9,28,3,Medio
3942,2022-06-19,Balboa,Honduras,27,2022,6,19,2,Bajo
3943,2022-01-11,Cerro Verde,Canada,29,2022,1,11,1,Bajo
3944,2021-07-26,Cerro Verde,Honduras,23,2021,7,26,3,Bajo
3945,2021-05-08,Cerro Verde,Honduras,31,2021,5,8,2,Medio
3946,2021-05-01,Balboa,Canada,65,2021,5,1,2,Alto
3947,2023-09-16,Balboa,Honduras,17,2023,9,16,3,Bajo
3948,2021-10-29,Apulo,Honduras,44,2021,10,29,4,Medio
3949,2023-11-03,Sunset Park,Estados Unidos,26,2023,11,3,4,Bajo
3950,2022-07-05,Balboa,Nicaragua,11,2022,7,5,3,Bajo
3951,2021-12-16,Sunset Park,Mexico,53,2021,12,16,4,Medio
3952,2022-12-14,Sunset Park,Estados Unidos,20,2022,12,14,4,Bajo
3953,2022-10-04,Sunset Park,Costa Rica,57,2022,10,4,4,Medio
3954,2022-08-09,Amulapa,Nicaragua,76,2022,8,9,3,Alto
3955,2021-09-24,Sunset Park,Honduras,19,2021,9,24,3,Bajo
3956,2024-09-19,Puerta Del Diablo,Mexico,26,2024,9,19,3,Bajo
3957,2021-07-18,Puerta Del Diablo,Nicaragua,60,2021,7,18,3,Alto
3958,2023-07-09,Puerta Del Diablo,Estados Unidos,39,2023,7,9,3,Medio
3959,2023-01-29,Sunset Park,Honduras,29,2023,1,29,1,Bajo
3960,2023-10-29,Cerro Verde,Mexico,14,2023,10,29,4,Bajo
3961,2024-02-03,Amulapa,España,26,2024,2,3,1,Bajo
3962,2021-08-05,Puerta Del Diablo,Costa Rica,48,2021,8,5,3,Medio
3963,2023-08-04,Amulapa,Nicaragua,47,2023,8,4,3,Medio
3964,2023-08-23,Cerro Verde,Costa Rica,40,2023,8,23,3,Medio
3965,2024-07-03,Puerta Del Diablo,Costa Rica,67,2024,7,3,3,Alto
3966,2022-06-21,Puerta Del Diablo,Honduras,56,2022,6,21,2,Medio
3967,2022-05-12,Sunset Park,Canada,41,2022,5,12,2,Medio
3968,2022-05-31,Amulapa,Estados Unidos,36,2022,5,31,2,Medio
3969,2021-03-08,Puerta Del Diablo,Costa Rica,34,2021,3,8,1,Medio
3970,2022-06-03,Apulo,Canada,66,2022,6,3,2,Alto
3971,2021-10-27,Cerro Verde,España,54,2021,10,27,4,Medio
3972,2021-07-29,Cerro Verde,Costa Rica,57,2021,7,29,3,Medio
3973,2021-01-17,Amulapa,Nicaragua,46,2021,1,17,1,Medio
3974,2021-05-16,Apulo,Mexico,34,2021,5,16,2,Medio
3975,2023-08-11,Amulapa,Nicaragua,13,2023,8,11,3,Bajo
3976,2021-12-01,Sunset Park,Mexico,6,2021,12,1,4,Bajo
3977,2023-07-17,Apulo,Honduras,10,2023,7,17,3,Bajo
3978,2024-12-20,Cerro Verde,Guatemala,79,2024,12,20,4,Alto
3979,2021-09-03,Apulo,España,68,2021,9,3,3,Alto
3980,2023-11-30,Puerta Del Diablo,Guatemala,12,2023,11,30,4,Bajo
3981,2022-12-13,Balboa,Costa Rica,43,2022,12,13,4,Medio
3982,2024-05-28,Puerta Del Diablo,España,59,2024,5,28,2,Medio
3983,2022-10-23,Amulapa,Nicaragua,61,2022,10,23,4,Alto
3984,2021-11-20,Sunset Park,Estados Unidos,13,2021,11,20,4,Bajo
3985,2021-09-18,Sunset Park,Canada,16,2021,9,18,3,Bajo
3986,2024-01-13,Apulo,Honduras,54,2024,1,13,1,Medio
3987,2022-01-19,Puerta Del Diablo,Honduras,9,2022,1,19,1,Bajo
3988,2022-05-10,Apulo,España,8,2022,5,10,2,Bajo
3989,2023-10-31,Balboa,Nicaragua,16,2023,10,31,4,Bajo
3990,2023-11-20,Puerta Del Diablo,Costa Rica,43,2023,11,20,4,Medio
3991,2022-07-28,Puerta Del Diablo,Honduras,23,2022,7,28,3,Bajo
3992,2024-07-05,Sunset Park,España,63,2024,7,5,3,Alto
3993,2022-03-13,Balboa,Nicaragua,61,2022,3,13,1,Alto
3994,2023-10-22,Balboa,Nicaragua,66,2023,10,22,4,Alto
3995,2024-11-26,Sunset Park,Estados Unidos,63,2024,11,26,4,Alto
3996,2022-09-21,Amulapa,Guatemala,51,2022,9,21,3,Medio
3997,2023-08-06,Puerta Del Diablo,Guatemala,71,2023,8,6,3,Alto
3998,2023-02-12,Balboa,Canada,51,2023,2,12,1,Medio
3999,2024-02-20,Cerro Verde,Costa Rica,27,2024,2,20,1,Bajo
4000,2024-02-22,Balboa,Honduras,17,2024,2,22,1,Bajo
4001,2024-06-07,Sunset Park,Guatemala,13,2024,6,7,2,Bajo
4002,2022-12-22,Balboa,Mexico,50,2022,12,22,4,Medio
4003,2023-10-30,Balboa,España,43,2023,10,30,4,Medio
4004,2021-11-23,Sunset Park,Estados Unidos,58,2021,11,23,4,Medio
4005,2023-02-23,Sunset Park,Costa Rica,65,2023,2,23,1,Alto
4006,2022-03-07,Amulapa,Honduras,45,2022,3,7,1,Medio
4007,2023-11-03,Cerro Verde,Estados Unidos,78,2023,11,3,4,Alto
4008,2023-06-08,Puerta Del Diablo,Canada,13,2023,6,8,2,Bajo
4009,2022-09-21,Cerro Verde,Guatemala,51,2022,9,21,3,Medio
4010,2024-08-15,Cerro Verde,Mexico,62,2024,8,15,3,Alto
4011,2023-02-10,Puerta Del Diablo,Honduras,30,2023,2,10,1,Medio
4012,2021-06-10,Puerta Del Diablo,España,67,2021,6,10,2,Alto
4013,2024-12-06,Sunset Park,Canada,42,2024,12,6,4,Medio
4014,2021-08-07,Apulo,Estados Unidos,6,2021,8,7,3,Bajo
4015,2022-10-10,Balboa,Nicaragua,8,2022,10,10,4,Bajo
4016,2024-03-04,Cerro Verde,Estados Unidos,66,2024,3,4,1,Alto
4017,2021-01-30,Sunset Park,Guatemala,58,2021,1,30,1,Medio
4018,2021-10-02,Balboa,Canada,36,2021,10,2,4,Medio
4019,2022-06-10,Apulo,Nicaragua,10,2022,6,10,2,Bajo
4020,2024-09-21,Apulo,Estados Unidos,60,2024,9,21,3,Alto
4021,2022-02-12,Apulo,Canada,51,2022,2,12,1,Medio
4022,2023-10-21,Puerta Del Diablo,Costa Rica,78,2023,10,21,4,Alto
4023,2024-11-27,Sunset Park,Canada,26,2024,11,27,4,Bajo
4024,2021-04-30,Balboa,Canada,27,2021,4,30,2,Bajo
4025,2022-10-14,Puerta Del Diablo,Costa Rica,11,2022,10,14,4,Bajo
4026,2022-07-12,Amulapa,Honduras,21,2022,7,12,3,Bajo
4027,2022-01-08,Amulapa,Guatemala,62,2022,1,8,1,Alto
4028,2022-07-23,Amulapa,Mexico,63,2022,7,23,3,Alto
4029,2023-08-04,Cerro Verde,Mexico,20,2023,8,4,3,Bajo
4030,2024-12-17,Amulapa,Canada,36,2024,12,17,4,Medio
4031,2021-01-19,Amulapa,Honduras,43,2021,1,19,1,Medio
4032,2021-05-21,Cerro Verde,Nicaragua,62,2021,5,21,2,Alto
4033,2023-09-11,Apulo,Honduras,49,2023,9,11,3,Medio
4034,2023-03-15,Puerta Del Diablo,Honduras,34,2023,3,15,1,Medio
4035,2021-01-24,Puerta Del Diablo,España,73,2021,1,24,1,Alto
4036,2023-05-09,Cerro Verde,Mexico,32,2023,5,9,2,Medio
4037,2023-01-23,Apulo,Honduras,37,2023,1,23,1,Medio
4038,2022-09-10,Amulapa,España,39,2022,9,10,3,Medio
4039,2022-04-12,Apulo,Nicaragua,23,2022,4,12,2,Bajo
4040,2024-03-20,Balboa,España,67,2024,3,20,1,Alto
4041,2022-05-14,Sunset Park,Honduras,64,2022,5,14,2,Alto
4042,2024-10-15,Sunset Park,Estados Unidos,36,2024,10,15,4,Medio
4043,2021-02-06,Balboa,Honduras,28,2021,2,6,1,Bajo
4044,2023-11-10,Cerro Verde,Guatemala,17,2023,11,10,4,Bajo
4045,2023-02-05,Amulapa,Canada,23,2023,2,5,1,Bajo
4046,2024-02-18,Apulo,Estados Unidos,6,2024,2,18,1,Bajo
4047,2024-09-22,Cerro Verde,Mexico,21,2024,9,22,3,Bajo
4048,2024-09-10,Cerro Verde,Nicaragua,36,2024,9,10,3,Medio
4049,2021-02-24,Amulapa,Canada,42,2021,2,24,1,Medio
4050,2021-02-27,Puerta Del Diablo,Costa Rica,50,2021,2,27,1,Medio
4051,2023-01-15,Apulo,Guatemala,77,2023,1,15,1,Alto
4052,2021-09-25,Apulo,Canada,55,2021,9,25,3,Medio
4053,2022-02-27,Amulapa,Costa Rica,50,2022,2,27,1,Medio
4054,2021-02-04,Apulo,España,49,2021,2,4,1,Medio
4055,2022-03-16,Puerta Del Diablo,Mexico,51,2022,3,16,1,Medio
4056,2021-09-13,Cerro Verde,España,30,2021,9,13,3,Medio
4057,2024-09-04,Balboa,España,55,2024,9,4,3,Medio
4058,2024-01-11,Puerta Del Diablo,Guatemala,44,2024,1,11,1,Medio
4059,2022-03-26,Cerro Verde,Mexico,47,2022,3,26,1,Medio
4060,2024-07-28,Sunset Park,Canada,27,2024,7,28,3,Bajo
4061,2024-08-22,Amulapa,Mexico,42,2024,8,22,3,Medio
4062,2023-01-14,Puerta Del Diablo,Honduras,17,2023,1,14,1,Bajo
4063,2024-02-26,Balboa,Honduras,21,2024,2,26,1,Bajo
4064,2022-03-21,Sunset Park,Nicaragua,13,2022,3,21,1,Bajo
4065,2024-02-23,Puerta Del Diablo,Canada,49,2024,2,23,1,Medio
4066,2024-02-07,Sunset Park,Estados Unidos,78,2024,2,7,1,Alto
4067,2024-12-04,Cerro Verde,Canada,55,2024,12,4,4,Medio
4068,2024-11-02,Amulapa,Estados Unidos,35,2024,11,2,4,Medio
4069,2023-01-23,Cerro Verde,Costa Rica,16,2023,1,23,1,Bajo
4070,2023-12-11,Cerro Verde,Nicaragua,23,2023,12,11,4,Bajo
4071,2021-05-11,Cerro Verde,Honduras,18,2021,5,11,2,Bajo
4072,2022-06-04,Cerro Verde,Costa Rica,68,2022,6,4,2,Alto
4073,2024-02-20,Balboa,Mexico,55,2024,2,20,1,Medio
4074,2024-04-10,Balboa,Canada,42,2024,4,10,2,Medio
4075,2022-03-26,Apulo,Estados Unidos,38,2022,3,26,1,Medio
4076,2023-12-09,Puerta Del Diablo,Costa Rica,47,2023,12,9,4,Medio
4077,2022-02-07,Balboa,Canada,79,2022,2,7,1,Alto
4078,2023-10-20,Sunset Park,Mexico,16,2023,10,20,4,Bajo
4079,2021-08-20,Balboa,Costa Rica,67,2021,8,20,3,Alto
4080,2022-06-08,Sunset Park,Canada,65,2022,6,8,2,Alto
4081,2021-09-13,Cerro Verde,España,40,2021,9,13,3,Medio
4082,2021-09-09,Puerta Del Diablo,Nicaragua,56,2021,9,9,3,Medio
4083,2021-12-23,Puerta Del Diablo,Honduras,64,2021,12,23,4,Alto
4084,2023-07-12,Cerro Verde,Mexico,70,2023,7,12,3,Alto
4085,2024-11-13,Apulo,Nicaragua,49,2024,11,13,4,Medio
4086,2024-04-13,Apulo,España,51,2024,4,13,2,Medio
4087,2021-10-06,Sunset Park,Canada,77,2021,10,6,4,Alto
4088,2023-12-23,Puerta Del Diablo,Canada,42,2023,12,23,4,Medio
4089,2022-01-26,Balboa,Honduras,44,2022,1,26,1,Medio
4090,2024-04-19,Apulo,Canada,65,2024,4,19,2,Alto
4091,2023-07-15,Balboa,España,35,2023,7,15,3,Medio
4092,2022-01-01,Apulo,España,29,2022,1,1,1,Bajo
4093,2023-08-05,Sunset Park,Estados Unidos,19,2023,8,5,3,Bajo
4094,2021-04-20,Puerta Del Diablo,Honduras,13,2021,4,20,2,Bajo
4095,2021-12-05,Amulapa,Honduras,34,2021,12,5,4,Medio
4096,2021-12-07,Amulapa,Guatemala,74,2021,12,7,4,Alto
4097,2022-10-11,Balboa,Costa Rica,14,2022,10,11,4,Bajo
4098,2024-02-04,Sunset Park,España,26,2024,2,4,1,Bajo
4099,2021-09-18,Balboa,Mexico,52,2021,9,18,3,Medio
4100,2024-01-23,Puerta Del Diablo,Mexico,49,2024,1,23,1,Medio
4101,2022-09-23,Amulapa,Estados Unidos,8,2022,9,23,3,Bajo
4102,2021-12-13,Sunset Park,Guatemala,14,2021,12,13,4,Bajo
4103,2021-03-26,Puerta Del Diablo,Costa Rica,58,2021,3,26,1,Medio
4104,2021-06-29,Puerta Del Diablo,Guatemala,23,2021,6,29,2,Bajo
4105,2024-03-30,Cerro Verde,Costa Rica,35,2024,3,30,1,Medio
4106,2022-03-18,Puerta Del Diablo,Guatemala,33,2022,3,18,1,Medio
4107,2022-12-22,Apulo,Canada,16,2022,12,22,4,Bajo
4108,2021-06-18,Apulo,Estados Unidos,12,2021,6,18,2,Bajo
4109,2024-10-28,Balboa,Canada,25,2024,10,28,4,Bajo
4110,2022-06-13,Puerta Del Diablo,España,57,2022,6,13,2,Medio
4111,2023-12-08,Sunset Park,Estados Unidos,53,2023,12,8,4,Medio
4112,2023-08-15,Amulapa,España,50,2023,8,15,3,Medio
4113,2024-02-18,Balboa,Guatemala,37,2024,2,18,1,Medio
4114,2023-01-31,Cerro Verde,Honduras,68,2023,1,31,1,Alto
4115,2022-09-24,Puerta Del Diablo,Canada,68,2022,9,24,3,Alto
4116,2024-12-09,Balboa,Costa Rica,49,2024,12,9,4,Medio
4117,2023-04-12,Amulapa,Nicaragua,55,2023,4,12,2,Medio
4118,2024-08-24,Balboa,España,27,2024,8,24,3,Bajo
4119,2024-01-22,Puerta Del Diablo,Guatemala,21,2024,1,22,1,Bajo
4120,2021-04-12,Puerta Del Diablo,España,34,2021,4,12,2,Medio
4121,2022-07-26,Sunset Park,Costa Rica,58,2022,7,26,3,Medio
4122,2024-06-12,Apulo,Canada,69,2024,6,12,2,Alto
4123,2021-10-26,Cerro Verde,Honduras,17,2021,10,26,4,Bajo
4124,2021-02-22,Puerta Del Diablo,Guatemala,14,2021,2,22,1,Bajo
4125,2023-08-12,Puerta Del Diablo,Costa Rica,41,2023,8,12,3,Medio
4126,2022-01-28,Apulo,Nicaragua,69,2022,1,28,1,Alto
4127,2024-10-21,Puerta Del Diablo,Guatemala,18,2024,10,21,4,Bajo
4128,2024-09-08,Apulo,Estados Unidos,18,2024,9,8,3,Bajo
4129,2022-04-16,Apulo,España,64,2022,4,16,2,Alto
4130,2024-06-12,Apulo,Guatemala,14,2024,6,12,2,Bajo
4131,2022-02-09,Puerta Del Diablo,Honduras,42,2022,2,9,1,Medio
4132,2022-02-23,Sunset Park,Mexico,75,2022,2,23,1,Alto
4133,2022-11-05,Amulapa,Estados Unidos,67,2022,11,5,4,Alto
4134,2023-02-04,Amulapa,Mexico,6,2023,2,4,1,Bajo
4135,2023-05-18,Amulapa,España,72,2023,5,18,2,Alto
4136,2024-08-08,Sunset Park,Nicaragua,21,2024,8,8,3,Bajo
4137,2021-12-29,Puerta Del Diablo,Nicaragua,75,2021,12,29,4,Alto
4138,2021-08-18,Apulo,Honduras,58,2021,8,18,3,Medio
4139,2024-06-15,Apulo,Mexico,63,2024,6,15,2,Alto
4140,2022-09-13,Amulapa,Mexico,55,2022,9,13,3,Medio
4141,2023-02-06,Sunset Park,Estados Unidos,74,2023,2,6,1,Alto
4142,2024-03-31,Balboa,Estados Unidos,67,2024,3,31,1,Alto
4143,2024-11-14,Amulapa,Guatemala,76,2024,11,14,4,Alto
4144,2023-07-28,Cerro Verde,Estados Unidos,14,2023,7,28,3,Bajo
4145,2021-05-11,Apulo,Honduras,8,2021,5,11,2,Bajo
4146,2024-04-02,Puerta Del Diablo,Honduras,66,2024,4,2,2,Alto
4147,2024-08-24,Sunset Park,Mexico,12,2024,8,24,3,Bajo
4148,2021-12-05,Balboa,Estados Unidos,54,2021,12,5,4,Medio
4149,2024-05-16,Cerro Verde,Estados Unidos,60,2024,5,16,2,Alto
4150,2021-07-21,Puerta Del Diablo,Honduras,66,2021,7,21,3,Alto
4151,2021-05-09,Balboa,Nicaragua,72,2021,5,9,2,Alto
4152,2021-11-24,Apulo,Guatemala,27,2021,11,24,4,Bajo
4153,2023-09-16,Amulapa,Canada,73,2023,9,16,3,Alto
4154,2024-08-16,Puerta Del Diablo,Honduras,59,2024,8,16,3,Medio
4155,2024-12-12,Sunset Park,Canada,16,2024,12,12,4,Bajo
4156,2022-11-08,Puerta Del Diablo,Guatemala,5,2022,11,8,4,Bajo
4157,2021-04-29,Puerta Del Diablo,Costa Rica,10,2021,4,29,2,Bajo
4158,2021-05-19,Balboa,Nicaragua,28,2021,5,19,2,Bajo
4159,2023-03-30,Amulapa,Honduras,65,2023,3,30,1,Alto
4160,2022-05-24,Balboa,Costa Rica,17,2022,5,24,2,Bajo
4161,2021-09-24,Apulo,España,16,2021,9,24,3,Bajo
4162,2022-05-03,Amulapa,Canada,64,2022,5,3,2,Alto
4163,2023-06-01,Sunset Park,Guatemala,42,2023,6,1,2,Medio
4164,2023-11-13,Sunset Park,Costa Rica,79,2023,11,13,4,Alto
4165,2022-02-24,Sunset Park,Mexico,32,2022,2,24,1,Medio
4166,2021-02-21,Cerro Verde,Mexico,47,2021,2,21,1,Medio
4167,2024-04-27,Amulapa,Canada,61,2024,4,27,2,Alto
4168,2024-01-29,Sunset Park,España,12,2024,1,29,1,Bajo
4169,2021-02-01,Puerta Del Diablo,Honduras,77,2021,2,1,1,Alto
4170,2023-01-21,Puerta Del Diablo,Canada,71,2023,1,21,1,Alto
4171,2023-04-21,Puerta Del Diablo,Mexico,49,2023,4,21,2,Medio
4172,2023-03-31,Cerro Verde,Estados Unidos,45,2023,3,31,1,Medio
4173,2024-01-29,Amulapa,Mexico,39,2024,1,29,1,Medio
4174,2023-01-03,Puerta Del Diablo,Honduras,48,2023,1,3,1,Medio
4175,2024-01-31,Balboa,Nicaragua,9,2024,1,31,1,Bajo
4176,2023-11-26,Cerro Verde,Honduras,73,2023,11,26,4,Alto
4177,2023-10-19,Balboa,Honduras,30,2023,10,19,4,Medio
4178,2023-04-01,Cerro Verde,Mexico,77,2023,4,1,2,Alto
4179,2022-05-31,Puerta Del Diablo,Guatemala,68,2022,5,31,2,Alto
4180,2022-11-14,Apulo,Honduras,50,2022,11,14,4,Medio
4181,2023-04-01,Sunset Park,Mexico,40,2023,4,1,2,Medio
4182,2022-08-20,Sunset Park,España,31,2022,8,20,3,Medio
4183,2021-07-09,Amulapa,Guatemala,69,2021,7,9,3,Alto
4184,2024-09-05,Sunset Park,España,66,2024,9,5,3,Alto
4185,2023-08-07,Amulapa,Estados Unidos,63,2023,8,7,3,Alto
4186,2022-01-29,Sunset Park,Guatemala,52,2022,1,29,1,Medio
4187,2021-07-04,Balboa,Nicaragua,78,2021,7,4,3,Alto
4188,2021-03-06,Sunset Park,Estados Unidos,8,2021,3,6,1,Bajo
4189,2023-12-22,Sunset Park,Canada,65,2023,12,22,4,Alto
4190,2023-05-03,Apulo,Canada,52,2023,5,3,2,Medio
4191,2021-04-18,Balboa,Canada,68,2021,4,18,2,Alto
4192,2021-09-16,Sunset Park,Canada,72,2021,9,16,3,Alto
4193,2023-09-08,Cerro Verde,Costa Rica,8,2023,9,8,3,Bajo
4194,2021-09-18,Amulapa,Nicaragua,77,2021,9,18,3,Alto
4195,2022-03-02,Balboa,Guatemala,38,2022,3,2,1,Medio
4196,2022-04-09,Amulapa,Estados Unidos,68,2022,4,9,2,Alto
4197,2021-11-15,Cerro Verde,España,73,2021,11,15,4,Alto
4198,2021-08-26,Balboa,Estados Unidos,35,2021,8,26,3,Medio
4199,2022-10-04,Sunset Park,Guatemala,17,2022,10,4,4,Bajo
4200,2022-08-10,Amulapa,Mexico,79,2022,8,10,3,Alto
4201,2023-12-31,Puerta Del Diablo,Mexico,41,2023,12,31,4,Medio
4202,2022-10-06,Balboa,Canada,44,2022,10,6,4,Medio
4203,2021-11-12,Amulapa,Costa Rica,54,2021,11,12,4,Medio
4204,2021-08-20,Amulapa,España,53,2021,8,20,3,Medio
4205,2022-01-27,Sunset Park,Canada,51,2022,1,27,1,Medio
4206,2021-08-08,Balboa,España,22,2021,8,8,3,Bajo
4207,2023-04-05,Balboa,Guatemala,62,2023,4,5,2,Alto
4208,2023-03-31,Cerro Verde,Honduras,34,2023,3,31,1,Medio
4209,2024-10-10,Cerro Verde,Guatemala,73,2024,10,10,4,Alto
4210,2021-03-15,Amulapa,Guatemala,74,2021,3,15,1,Alto
4211,2023-08-22,Amulapa,Honduras,10,2023,8,22,3,Bajo
4212,2024-11-04,Apulo,España,49,2024,11,4,4,Medio
4213,2023-05-17,Cerro Verde,Honduras,7,2023,5,17,2,Bajo
4214,2022-08-28,Amulapa,Estados Unidos,54,2022,8,28,3,Medio
4215,2021-03-18,Balboa,Guatemala,61,2021,3,18,1,Alto
4216,2024-11-25,Puerta Del Diablo,Canada,49,2024,11,25,4,Medio
4217,2024-09-01,Cerro Verde,Guatemala,76,2024,9,1,3,Alto
4218,2022-06-15,Cerro Verde,Estados Unidos,32,2022,6,15,2,Medio
4219,2022-07-17,Puerta Del Diablo,Mexico,53,2022,7,17,3,Medio
4220,2022-12-15,Apulo,Nicaragua,65,2022,12,15,4,Alto
4221,2021-03-16,Apulo,Honduras,46,2021,3,16,1,Medio
4222,2022-05-31,Amulapa,España,42,2022,5,31,2,Medio
4223,2022-06-15,Amulapa,Mexico,17,2022,6,15,2,Bajo
4224,2021-09-11,Sunset Park,Honduras,35,2021,9,11,3,Medio
4225,2022-04-17,Cerro Verde,España,68,2022,4,17,2,Alto
4226,2023-09-28,Apulo,Estados Unidos,37,2023,9,28,3,Medio
4227,2021-11-16,Sunset Park,Guatemala,22,2021,11,16,4,Bajo
4228,2021-09-17,Apulo,Guatemala,72,2021,9,17,3,Alto
4229,2023-06-20,Puerta Del Diablo,Guatemala,53,2023,6,20,2,Medio
4230,2021-10-11,Balboa,Mexico,50,2021,10,11,4,Medio
4231,2021-06-09,Puerta Del Diablo,España,56,2021,6,9,2,Medio
4232,2023-11-28,Puerta Del Diablo,Canada,60,2023,11,28,4,Alto
4233,2023-05-06,Puerta Del Diablo,Nicaragua,47,2023,5,6,2,Medio
4234,2023-11-03,Puerta Del Diablo,Estados Unidos,46,2023,11,3,4,Medio
4235,2021-04-27,Balboa,Guatemala,79,2021,4,27,2,Alto
4236,2021-01-27,Balboa,Mexico,23,2021,1,27,1,Bajo
4237,2024-10-17,Amulapa,Costa Rica,33,2024,10,17,4,Medio
4238,2023-07-18,Sunset Park,Canada,19,2023,7,18,3,Bajo
4239,2023-03-21,Amulapa,Guatemala,37,2023,3,21,1,Medio
4240,2024-06-02,Amulapa,España,65,2024,6,2,2,Alto
4241,2022-07-15,Apulo,Mexico,45,2022,7,15,3,Medio
4242,2024-04-28,Cerro Verde,Honduras,59,2024,4,28,2,Medio
4243,2023-10-18,Balboa,Estados Unidos,5,2023,10,18,4,Bajo
4244,2021-04-19,Apulo,Honduras,57,2021,4,19,2,Medio
4245,2023-02-25,Sunset Park,Canada,74,2023,2,25,1,Alto
4246,2024-03-29,Amulapa,Nicaragua,11,2024,3,29,1,Bajo
4247,2022-04-26,Apulo,Mexico,57,2022,4,26,2,Medio
4248,2022-07-26,Cerro Verde,Nicaragua,61,2022,7,26,3,Alto
4249,2022-12-14,Puerta Del Diablo,Estados Unidos,20,2022,12,14,4,Bajo
4250,2023-10-13,Cerro Verde,Costa Rica,45,2023,10,13,4,Medio
4251,2024-02-03,Cerro Verde,Nicaragua,28,2024,2,3,1,Bajo
4252,2021-01-28,Balboa,Canada,62,2021,1,28,1,Alto
4253,2021-06-04,Balboa,Estados Unidos,41,2021,6,4,2,Medio
4254,2023-11-01,Cerro Verde,Nicaragua,67,2023,11,1,4,Alto
4255,2021-10-15,Puerta Del Diablo,Canada,14,2021,10,15,4,Bajo
4256,2023-07-14,Puerta Del Diablo,Honduras,31,2023,7,14,3,Medio
4257,2021-07-19,Balboa,Costa Rica,27,2021,7,19,3,Bajo
4258,2023-10-27,Amulapa,Nicaragua,6,2023,10,27,4,Bajo
4259,2023-10-24,Puerta Del Diablo,Nicaragua,13,2023,10,24,4,Bajo
4260,2021-04-29,Cerro Verde,Nicaragua,41,2021,4,29,2,Medio
4261,2024-10-14,Cerro Verde,Guatemala,72,2024,10,14,4,Alto
4262,2022-11-15,Sunset Park,España,35,2022,11,15,4,Medio
4263,2023-02-14,Sunset Park,Mexico,16,2023,2,14,1,Bajo
4264,2022-05-30,Cerro Verde,Costa Rica,60,2022,5,30,2,Alto
4265,2024-12-09,Cerro Verde,Costa Rica,19,2024,12,9,4,Bajo
4266,2021-04-01,Balboa,Honduras,24,2021,4,1,2,Bajo
4267,2021-02-17,Apulo,Guatemala,30,2021,2,17,1,Medio
4268,2022-11-09,Sunset Park,Honduras,53,2022,11,9,4,Medio
4269,2023-03-12,Puerta Del Diablo,Costa Rica,28,2023,3,12,1,Bajo
4270,2022-04-10,Amulapa,España,18,2022,4,10,2,Bajo
4271,2021-12-18,Cerro Verde,Mexico,70,2021,12,18,4,Alto
4272,2021-12-27,Apulo,Mexico,56,2021,12,27,4,Medio
4273,2021-10-24,Apulo,Honduras,7,2021,10,24,4,Bajo
4274,2023-01-30,Sunset Park,Guatemala,26,2023,1,30,1,Bajo
4275,2024-04-03,Balboa,Honduras,15,2024,4,3,2,Bajo
4276,2022-08-20,Cerro Verde,Guatemala,67,2022,8,20,3,Alto
4277,2022-08-27,Cerro Verde,Canada,21,2022,8,27,3,Bajo
4278,2022-03-30,Apulo,Nicaragua,12,2022,3,30,1,Bajo
4279,2023-05-18,Balboa,Costa Rica,38,2023,5,18,2,Medio
4280,2024-06-09,Apulo,Guatemala,69,2024,6,9,2,Alto
4281,2024-10-10,Amulapa,España,18,2024,10,10,4,Bajo
4282,2023-12-16,Puerta Del Diablo,Guatemala,57,2023,12,16,4,Medio
4283,2023-07-20,Puerta Del Diablo,Mexico,8,2023,7,20,3,Bajo
4284,2024-04-19,Cerro Verde,Guatemala,50,2024,4,19,2,Medio
4285,2024-11-18,Sunset Park,Honduras,7,2024,11,18,4,Bajo
4286,2023-01-27,Apulo,España,45,2023,1,27,1,Medio
4287,2022-10-31,Cerro Verde,Canada,49,2022,10,31,4,Medio
4288,2024-06-24,Puerta Del Diablo,Guatemala,57,2024,6,24,2,Medio
4289,2022-11-19,Apulo,Costa Rica,78,2022,11,19,4,Alto
4290,2023-04-26,Cerro Verde,Costa Rica,30,2023,4,26,2,Medio
4291,2024-09-11,Sunset Park,Honduras,35,2024,9,11,3,Medio
4292,2021-12-08,Cerro Verde,Honduras,47,2021,12,8,4,Medio
4293,2023-07-04,Puerta Del Diablo,Mexico,46,2023,7,4,3,Medio
4294,2021-04-29,Balboa,Mexico,44,2021,4,29,2,Medio
4295,2023-08-29,Amulapa,Canada,57,2023,8,29,3,Medio
4296,2021-10-13,Amulapa,Costa Rica,78,2021,10,13,4,Alto
4297,2023-08-23,Cerro Verde,Canada,76,2023,8,23,3,Alto
4298,2022-08-14,Balboa,Nicaragua,51,2022,8,14,3,Medio
4299,2021-03-09,Amulapa,Estados Unidos,32,2021,3,9,1,Medio
4300,2023-12-24,Balboa,Canada,18,2023,12,24,4,Bajo
4301,2022-11-06,Amulapa,Honduras,27,2022,11,6,4,Bajo
4302,2024-10-25,Amulapa,Canada,25,2024,10,25,4,Bajo
4303,2024-09-10,Cerro Verde,Costa Rica,63,2024,9,10,3,Alto
4304,2024-09-18,Puerta Del Diablo,España,48,2024,9,18,3,Medio
4305,2023-01-21,Balboa,Nicaragua,55,2023,1,21,1,Medio
4306,2023-04-20,Balboa,Honduras,65,2023,4,20,2,Alto
4307,2023-08-01,Cerro Verde,Guatemala,59,2023,8,1,3,Medio
4308,2023-02-24,Puerta Del Diablo,Estados Unidos,67,2023,2,24,1,Alto
4309,2021-07-16,Amulapa,Honduras,14,2021,7,16,3,Bajo
4310,2022-12-05,Apulo,Guatemala,49,2022,12,5,4,Medio
4311,2023-09-18,Amulapa,Honduras,24,2023,9,18,3,Bajo
4312,2023-01-28,Apulo,Costa Rica,23,2023,1,28,1,Bajo
4313,2021-07-06,Sunset Park,Costa Rica,8,2021,7,6,3,Bajo
4314,2024-05-08,Cerro Verde,Estados Unidos,9,2024,5,8,2,Bajo
4315,2022-08-25,Balboa,España,8,2022,8,25,3,Bajo
4316,2023-02-14,Puerta Del Diablo,Canada,68,2023,2,14,1,Alto
4317,2024-07-15,Balboa,Mexico,10,2024,7,15,3,Bajo
4318,2024-03-22,Apulo,Estados Unidos,15,2024,3,22,1,Bajo
4319,2021-01-25,Puerta Del Diablo,Canada,57,2021,1,25,1,Medio
4320,2021-08-20,Puerta Del Diablo,Costa Rica,77,2021,8,20,3,Alto
4321,2024-07-25,Amulapa,Nicaragua,70,2024,7,25,3,Alto
4322,2023-11-16,Cerro Verde,Costa Rica,49,2023,11,16,4,Medio
4323,2021-05-05,Cerro Verde,Nicaragua,13,2021,5,5,2,Bajo
4324,2021-04-26,Sunset Park,Honduras,13,2021,4,26,2,Bajo
4325,2021-04-30,Amulapa,Guatemala,77,2021,4,30,2,Alto
4326,2022-03-01,Cerro Verde,Guatemala,31,2022,3,1,1,Medio
4327,2022-02-12,Balboa,Canada,45,2022,2,12,1,Medio
4328,2024-09-04,Amulapa,Canada,28,2024,9,4,3,Bajo
4329,2023-05-02,Puerta Del Diablo,Estados Unidos,77,2023,5,2,2,Alto
4330,2024-11-14,Balboa,Canada,30,2024,11,14,4,Medio
4331,2024-12-03,Sunset Park,Estados Unidos,49,2024,12,3,4,Medio
4332,2024-03-12,Puerta Del Diablo,Guatemala,52,2024,3,12,1,Medio
4333,2022-12-19,Sunset Park,Canada,69,2022,12,19,4,Alto
4334,2022-08-24,Puerta Del Diablo,Nicaragua,69,2022,8,24,3,Alto
4335,2022-01-12,Cerro Verde,Guatemala,49,2022,1,12,1,Medio
4336,2023-05-15,Cerro Verde,Guatemala,29,2023,5,15,2,Bajo
4337,2024-02-25,Amulapa,Honduras,40,2024,2,25,1,Medio
4338,2023-08-07,Apulo,Mexico,27,2023,8,7,3,Bajo
4339,2024-01-10,Amulapa,Estados Unidos,44,2024,1,10,1,Medio
4340,2021-08-28,Apulo,Canada,76,2021,8,28,3,Alto
4341,2022-11-04,Apulo,Honduras,26,2022,11,4,4,Bajo
4342,2022-10-23,Apulo,Estados Unidos,51,2022,10,23,4,Medio
4343,2021-12-17,Cerro Verde,Guatemala,61,2021,12,17,4,Alto
4344,2022-11-04,Sunset Park,Estados Unidos,19,2022,11,4,4,Bajo
4345,2022-05-05,Balboa,Nicaragua,8,2022,5,5,2,Bajo
4346,2022-08-12,Apulo,Honduras,36,2022,8,12,3,Medio
4347,2024-05-30,Sunset Park,Estados Unidos,15,2024,5,30,2,Bajo
4348,2024-10-16,Apulo,Estados Unidos,11,2024,10,16,4,Bajo
4349,2022-06-19,Apulo,Guatemala,10,2022,6,19,2,Bajo
4350,2023-02-17,Cerro Verde,Nicaragua,13,2023,2,17,1,Bajo
4351,2024-07-09,Amulapa,Mexico,20,2024,7,9,3,Bajo
4352,2024-06-03,Sunset Park,Nicaragua,23,2024,6,3,2,Bajo
4353,2022-07-04,Apulo,Guatemala,74,2022,7,4,3,Alto
4354,2022-08-29,Cerro Verde,Costa Rica,44,2022,8,29,3,Medio
4355,2024-10-08,Puerta Del Diablo,España,11,2024,10,8,4,Bajo
4356,2022-01-01,Apulo,Costa Rica,57,2022,1,1,1,Medio
4357,2021-09-13,Puerta Del Diablo,Costa Rica,60,2021,9,13,3,Alto
4358,2022-02-09,Balboa,Mexico,74,2022,2,9,1,Alto
4359,2022-10-02,Cerro Verde,Guatemala,35,2022,10,2,4,Medio
4360,2024-05-07,Puerta Del Diablo,Honduras,40,2024,5,7,2,Medio
4361,2024-10-17,Sunset Park,Canada,65,2024,10,17,4,Alto
4362,2023-08-04,Sunset Park,Nicaragua,62,2023,8,4,3,Alto
4363,2023-10-28,Amulapa,Estados Unidos,73,2023,10,28,4,Alto
4364,2023-08-27,Cerro Verde,Estados Unidos,16,2023,8,27,3,Bajo
4365,2021-05-14,Balboa,Estados Unidos,75,2021,5,14,2,Alto
4366,2021-09-17,Apulo,Mexico,18,2021,9,17,3,Bajo
4367,2022-11-02,Puerta Del Diablo,España,8,2022,11,2,4,Bajo
4368,2021-08-06,Sunset Park,Honduras,44,2021,8,6,3,Medio
4369,2021-07-20,Puerta Del Diablo,Honduras,59,2021,7,20,3,Medio
4370,2023-04-13,Sunset Park,Honduras,37,2023,4,13,2,Medio
4371,2024-01-06,Sunset Park,Canada,19,2024,1,6,1,Bajo
4372,2022-07-25,Puerta Del Diablo,Canada,35,2022,7,25,3,Medio
4373,2024-01-14,Amulapa,Honduras,21,2024,1,14,1,Bajo
4374,2023-10-16,Cerro Verde,España,51,2023,10,16,4,Medio
4375,2022-04-01,Cerro Verde,Canada,73,2022,4,1,2,Alto
4376,2023-07-01,Puerta Del Diablo,España,42,2023,7,1,3,Medio
4377,2023-08-27,Apulo,Nicaragua,72,2023,8,27,3,Alto
4378,2022-07-26,Balboa,Mexico,71,2022,7,26,3,Alto
4379,2023-04-26,Amulapa,Nicaragua,46,2023,4,26,2,Medio
4380,2022-12-14,Cerro Verde,Nicaragua,11,2022,12,14,4,Bajo
4381,2022-08-31,Sunset Park,Honduras,67,2022,8,31,3,Alto
4382,2024-12-14,Sunset Park,Honduras,58,2024,12,14,4,Medio
4383,2022-06-24,Apulo,Costa Rica,38,2022,6,24,2,Medio
4384,2024-08-04,Puerta Del Diablo,Estados Unidos,70,2024,8,4,3,Alto
4385,2024-10-22,Apulo,Canada,27,2024,10,22,4,Bajo
4386,2022-11-23,Puerta Del Diablo,Honduras,60,2022,11,23,4,Alto
4387,2024-02-16,Sunset Park,Nicaragua,35,2024,2,16,1,Medio
4388,2023-02-24,Amulapa,Nicaragua,16,2023,2,24,1,Bajo
4389,2021-01-10,Apulo,España,51,2021,1,10,1,Medio
4390,2022-05-13,Amulapa,Costa Rica,17,2022,5,13,2,Bajo
4391,2021-06-20,Cerro Verde,Canada,10,2021,6,20,2,Bajo
4392,2023-12-16,Puerta Del Diablo,Canada,10,2023,12,16,4,Bajo
4393,2023-12-29,Puerta Del Diablo,Guatemala,32,2023,12,29,4,Medio
4394,2022-01-13,Cerro Verde,Costa Rica,56,2022,1,13,1,Medio
4395,2022-10-27,Sunset Park,España,44,2022,10,27,4,Medio
4396,2022-07-29,Balboa,Canada,46,2022,7,29,3,Medio
4397,2022-06-04,Sunset Park,Mexico,30,2022,6,4,2,Medio
4398,2024-12-23,Cerro Verde,Nicaragua,61,2024,12,23,4,Alto
4399,2024-09-27,Cerro Verde,Mexico,32,2024,9,27,3,Medio
4400,2022-04-26,Puerta Del Diablo,Honduras,50,2022,4,26,2,Medio
4401,2022-10-09,Apulo,España,53,2022,10,9,4,Medio
4402,2021-11-17,Sunset Park,España,55,2021,11,17,4,Medio
4403,2024-06-19,Puerta Del Diablo,Honduras,26,2024,6,19,2,Bajo
4404,2021-04-11,Balboa,Canada,40,2021,4,11,2,Medio
4405,2022-03-09,Cerro Verde,Estados Unidos,75,2022,3,9,1,Alto
4406,2023-01-18,Puerta Del Diablo,Mexico,65,2023,1,18,1,Alto
4407,2024-09-01,Amulapa,Costa Rica,14,2024,9,1,3,Bajo
4408,2021-05-11,Amulapa,Canada,29,2021,5,11,2,Bajo
4409,2023-05-10,Sunset Park,España,49,2023,5,10,2,Medio
4410,2021-08-14,Apulo,Mexico,23,2021,8,14,3,Bajo
4411,2024-09-27,Cerro Verde,Honduras,5,2024,9,27,3,Bajo
4412,2022-09-22,Apulo,Mexico,36,2022,9,22,3,Medio
4413,2023-06-20,Amulapa,Canada,35,2023,6,20,2,Medio
4414,2024-01-26,Sunset Park,Honduras,37,2024,1,26,1,Medio
4415,2023-10-06,Amulapa,Estados Unidos,53,2023,10,6,4,Medio
4416,2024-04-01,Cerro Verde,Honduras,19,2024,4,1,2,Bajo
4417,2021-05-03,Apulo,Honduras,16,2021,5,3,2,Bajo
4418,2022-11-03,Amulapa,Estados Unidos,24,2022,11,3,4,Bajo
4419,2022-11-28,Amulapa,Guatemala,69,2022,11,28,4,Alto
4420,2023-11-14,Cerro Verde,Canada,11,2023,11,14,4,Bajo
4421,2021-03-02,Amulapa,Costa Rica,77,2021,3,2,1,Alto
4422,2022-04-27,Balboa,Estados Unidos,66,2022,4,27,2,Alto
4423,2022-02-22,Cerro Verde,Mexico,51,2022,2,22,1,Medio
4424,2024-06-24,Amulapa,Estados Unidos,50,2024,6,24,2,Medio
4425,2024-07-01,Amulapa,Canada,51,2024,7,1,3,Medio
4426,2023-09-20,Cerro Verde,Nicaragua,38,2023,9,20,3,Medio
4427,2022-02-19,Cerro Verde,España,13,2022,2,19,1,Bajo
4428,2021-09-02,Cerro Verde,Estados Unidos,72,2021,9,2,3,Alto
4429,2021-10-12,Amulapa,Costa Rica,17,2021,10,12,4,Bajo
4430,2022-10-17,Balboa,Honduras,64,2022,10,17,4,Alto
4431,2024-05-21,Balboa,Nicaragua,45,2024,5,21,2,Medio
4432,2021-02-20,Cerro Verde,España,77,2021,2,20,1,Alto
4433,2021-04-08,Cerro Verde,Guatemala,44,2021,4,8,2,Medio
4434,2023-06-19,Sunset Park,Mexico,25,2023,6,19,2,Bajo
4435,2024-10-18,Sunset Park,Mexico,78,2024,10,18,4,Alto
4436,2024-06-19,Sunset Park,Canada,69,2024,6,19,2,Alto
4437,2024-04-09,Cerro Verde,Estados Unidos,23,2024,4,9,2,Bajo
4438,2023-02-03,Sunset Park,Nicaragua,17,2023,2,3,1,Bajo
4439,2022-03-05,Puerta Del Diablo,Honduras,9,2022,3,5,1,Bajo
4440,2022-01-18,Amulapa,Canada,56,2022,1,18,1,Medio
4441,2023-06-12,Balboa,Estados Unidos,19,2023,6,12,2,Bajo
4442,2022-04-28,Apulo,Canada,32,2022,4,28,2,Medio
4443,2021-01-18,Cerro Verde,Estados Unidos,18,2021,1,18,1,Bajo
4444,2023-05-17,Balboa,Estados Unidos,78,2023,5,17,2,Alto
4445,2024-01-24,Balboa,Mexico,26,2024,1,24,1,Bajo
4446,2023-10-22,Apulo,Nicaragua,9,2023,10,22,4,Bajo
4447,2024-07-01,Apulo,Guatemala,11,2024,7,1,3,Bajo
4448,2022-07-14,Amulapa,Estados Unidos,16,2022,7,14,3,Bajo
4449,2021-02-27,Puerta Del Diablo,España,74,2021,2,27,1,Alto
4450,2021-10-22,Puerta Del Diablo,Nicaragua,75,2021,10,22,4,Alto
4451,2022-05-27,Puerta Del Diablo,Estados Unidos,31,2022,5,27,2,Medio
4452,2021-05-19,Amulapa,España,14,2021,5,19,2,Bajo
4453,2023-04-17,Apulo,España,46,2023,4,17,2,Medio
4454,2021-10-18,Sunset Park,Honduras,21,2021,10,18,4,Bajo
4455,2023-11-17,Amulapa,España,69,2023,11,17,4,Alto
4456,2021-11-18,Cerro Verde,Nicaragua,65,2021,11,18,4,Alto
4457,2023-04-02,Balboa,Canada,66,2023,4,2,2,Alto
4458,2023-02-18,Puerta Del Diablo,Honduras,57,2023,2,18,1,Medio
4459,2021-08-29,Sunset Park,Canada,44,2021,8,29,3,Medio
4460,2021-12-08,Sunset Park,Honduras,8,2021,12,8,4,Bajo
4461,2021-05-07,Amulapa,Canada,63,2021,5,7,2,Alto
4462,2024-01-12,Apulo,Nicaragua,37,2024,1,12,1,Medio
4463,2022-08-18,Amulapa,Guatemala,58,2022,8,18,3,Medio
4464,2024-03-03,Balboa,Estados Unidos,62,2024,3,3,1,Alto
4465,2022-09-09,Sunset Park,Canada,7,2022,9,9,3,Bajo
4466,2024-01-22,Cerro Verde,Canada,46,2024,1,22,1,Medio
4467,2024-08-04,Amulapa,Estados Unidos,69,2024,8,4,3,Alto
4468,2023-09-24,Puerta Del Diablo,Costa Rica,70,2023,9,24,3,Alto
4469,2023-08-05,Puerta Del Diablo,Mexico,55,2023,8,5,3,Medio
4470,2022-10-09,Apulo,Honduras,57,2022,10,9,4,Medio
4471,2021-02-09,Amulapa,Estados Unidos,79,2021,2,9,1,Alto
4472,2022-02-28,Sunset Park,España,60,2022,2,28,1,Alto
4473,2023-01-28,Cerro Verde,Mexico,6,2023,1,28,1,Bajo
4474,2023-04-01,Sunset Park,Honduras,53,2023,4,1,2,Medio
4475,2021-04-19,Apulo,Canada,16,2021,4,19,2,Bajo
4476,2021-05-28,Apulo,Nicaragua,51,2021,5,28,2,Medio
4477,2023-07-29,Puerta Del Diablo,Guatemala,48,2023,7,29,3,Medio
4478,2023-03-05,Apulo,Costa Rica,60,2023,3,5,1,Alto
4479,2024-01-01,Puerta Del Diablo,Guatemala,63,2024,1,1,1,Alto
4480,2021-09-04,Balboa,Canada,52,2021,9,4,3,Medio
4481,2023-07-30,Puerta Del Diablo,Guatemala,59,2023,7,30,3,Medio
4482,2024-12-14,Apulo,Nicaragua,34,2024,12,14,4,Medio
4483,2024-04-04,Amulapa,Canada,9,2024,4,4,2,Bajo
4484,2024-06-24,Apulo,Costa Rica,26,2024,6,24,2,Bajo
4485,2024-11-14,Apulo,España,58,2024,11,14,4,Medio
4486,2024-02-22,Sunset Park,Costa Rica,57,2024,2,22,1,Medio
4487,2021-02-01,Amulapa,España,71,2021,2,1,1,Alto
4488,2021-07-03,Puerta Del Diablo,Mexico,69,2021,7,3,3,Alto
4489,2022-10-12,Cerro Verde,Honduras,70,2022,10,12,4,Alto
4490,2023-05-17,Balboa,Estados Unidos,19,2023,5,17,2,Bajo
4491,2022-05-05,Cerro Verde,Honduras,20,2022,5,5,2,Bajo
4492,2024-12-05,Cerro Verde,Costa Rica,49,2024,12,5,4,Medio
4493,2023-09-12,Sunset Park,Mexico,37,2023,9,12,3,Medio
4494,2023-01-03,Cerro Verde,España,48,2023,1,3,1,Medio
4495,2023-09-01,Balboa,Honduras,11,2023,9,1,3,Bajo
4496,2024-08-09,Balboa,Canada,65,2024,8,9,3,Alto
4497,2022-07-13,Sunset Park,Canada,78,2022,7,13,3,Alto
4498,2022-11-07,Cerro Verde,Nicaragua,5,2022,11,7,4,Bajo
4499,2022-03-09,Puerta Del Diablo,Costa Rica,65,2022,3,9,1,Alto
4500,2023-01-28,Puerta Del Diablo,Estados Unidos,67,2023,1,28,1,Alto
4501,2022-12-25,Apulo,Canada,78,2022,12,25,4,Alto
4502,2024-07-30,Apulo,Honduras,40,2024,7,30,3,Medio
4503,2021-06-15,Amulapa,Costa Rica,37,2021,6,15,2,Medio
4504,2021-03-01,Cerro Verde,Honduras,25,2021,3,1,1,Bajo
4505,2023-12-31,Balboa,Costa Rica,65,2023,12,31,4,Alto
4506,2022-11-12,Apulo,Nicaragua,60,2022,11,12,4,Alto
4507,2022-08-15,Apulo,Mexico,47,2022,8,15,3,Medio
4508,2023-04-13,Amulapa,Mexico,19,2023,4,13,2,Bajo
4509,2023-07-16,Puerta Del Diablo,Mexico,39,2023,7,16,3,Medio
4510,2021-06-21,Apulo,Estados Unidos,77,2021,6,21,2,Alto
4511,2022-06-15,Puerta Del Diablo,Nicaragua,60,2022,6,15,2,Alto
4512,2022-11-02,Puerta Del Diablo,Mexico,48,2022,11,2,4,Medio
4513,2022-04-29,Puerta Del Diablo,España,19,2022,4,29,2,Bajo
4514,2022-04-20,Cerro Verde,Honduras,40,2022,4,20,2,Medio
4515,2022-05-18,Amulapa,Guatemala,16,2022,5,18,2,Bajo
4516,2022-09-04,Puerta Del Diablo,Nicaragua,57,2022,9,4,3,Medio
4517,2023-05-25,Amulapa,Mexico,79,2023,5,25,2,Alto
4518,2022-02-12,Puerta Del Diablo,Mexico,58,2022,2,12,1,Medio
4519,2022-06-26,Cerro Verde,Guatemala,50,2022,6,26,2,Medio
4520,2022-11-27,Apulo,Estados Unidos,49,2022,11,27,4,Medio
4521,2024-08-27,Puerta Del Diablo,España,38,2024,8,27,3,Medio
4522,2021-12-20,Amulapa,Costa Rica,15,2021,12,20,4,Bajo
4523,2023-04-19,Puerta Del Diablo,Estados Unidos,19,2023,4,19,2,Bajo
4524,2024-06-11,Amulapa,Canada,7,2024,6,11,2,Bajo
4525,2024-01-25,Puerta Del Diablo,Guatemala,31,2024,1,25,1,Medio
4526,2022-02-23,Cerro Verde,Estados Unidos,69,2022,2,23,1,Alto
4527,2021-04-13,Amulapa,Honduras,53,2021,4,13,2,Medio
4528,2023-07-16,Puerta Del Diablo,Canada,20,2023,7,16,3,Bajo
4529,2022-09-25,Sunset Park,Costa Rica,69,2022,9,25,3,Alto
4530,2021-07-04,Puerta Del Diablo,Guatemala,30,2021,7,4,3,Medio
4531,2023-05-08,Puerta Del Diablo,Mexico,24,2023,5,8,2,Bajo
4532,2023-10-10,Apulo,Mexico,63,2023,10,10,4,Alto
4533,2022-06-12,Apulo,Canada,58,2022,6,12,2,Medio
4534,2023-11-30,Apulo,Honduras,8,2023,11,30,4,Bajo
4535,2022-12-07,Balboa,España,69,2022,12,7,4,Alto
4536,2021-04-11,Amulapa,Costa Rica,6,2021,4,11,2,Bajo
4537,2023-11-29,Apulo,Mexico,9,2023,11,29,4,Bajo
4538,2023-02-15,Apulo,Honduras,68,2023,2,15,1,Alto
4539,2024-08-28,Apulo,Nicaragua,33,2024,8,28,3,Medio
4540,2021-05-08,Apulo,Guatemala,23,2021,5,8,2,Bajo
4541,2022-08-10,Apulo,Canada,6,2022,8,10,3,Bajo
4542,2021-10-09,Apulo,Canada,68,2021,10,9,4,Alto
4543,2023-05-01,Balboa,España,62,2023,5,1,2,Alto
4544,2023-05-16,Puerta Del Diablo,España,24,2023,5,16,2,Bajo
4545,2021-07-22,Balboa,Guatemala,73,2021,7,22,3,Alto
4546,2023-08-20,Balboa,Honduras,22,2023,8,20,3,Bajo
4547,2021-05-15,Amulapa,Nicaragua,53,2021,5,15,2,Medio
4548,2023-06-26,Sunset Park,Canada,75,2023,6,26,2,Alto
4549,2022-05-12,Sunset Park,Mexico,60,2022,5,12,2,Alto
4550,2023-09-15,Cerro Verde,España,20,2023,9,15,3,Bajo
4551,2021-03-05,Puerta Del Diablo,Mexico,67,2021,3,5,1,Alto
4552,2023-06-21,Apulo,Guatemala,8,2023,6,21,2,Bajo
4553,2021-12-23,Amulapa,Estados Unidos,5,2021,12,23,4,Bajo
4554,2024-02-16,Apulo,Estados Unidos,19,2024,2,16,1,Bajo
4555,2024-12-14,Cerro Verde,Mexico,17,2024,12,14,4,Bajo
4556,2024-11-04,Apulo,Estados Unidos,68,2024,11,4,4,Alto
4557,2023-05-25,Cerro Verde,Estados Unidos,5,2023,5,25,2,Bajo
4558,2022-03-13,Puerta Del Diablo,Estados Unidos,13,2022,3,13,1,Bajo
4559,2023-11-22,Apulo,Honduras,48,2023,11,22,4,Medio
4560,2021-08-25,Balboa,Canada,40,2021,8,25,3,Medio
4561,2021-10-18,Cerro Verde,Nicaragua,69,2021,10,18,4,Alto
4562,2023-03-06,Apulo,Mexico,39,2023,3,6,1,Medio
4563,2024-11-20,Puerta Del Diablo,Canada,41,2024,11,20,4,Medio
4564,2022-07-24,Balboa,Guatemala,37,2022,7,24,3,Medio
4565,2021-08-18,Cerro Verde,Estados Unidos,19,2021,8,18,3,Bajo
4566,2023-08-25,Sunset Park,Nicaragua,72,2023,8,25,3,Alto
4567,2023-04-19,Sunset Park,Nicaragua,14,2023,4,19,2,Bajo
4568,2022-05-06,Sunset Park,Nicaragua,46,2022,5,6,2,Medio
4569,2024-07-21,Balboa,Costa Rica,19,2024,7,21,3,Bajo
4570,2022-02-09,Amulapa,Nicaragua,58,2022,2,9,1,Medio
4571,2023-05-18,Apulo,España,49,2023,5,18,2,Medio
4572,2022-05-04,Apulo,Canada,39,2022,5,4,2,Medio
4573,2024-07-20,Apulo,España,14,2024,7,20,3,Bajo
4574,2021-03-19,Puerta Del Diablo,Nicaragua,18,2021,3,19,1,Bajo
4575,2023-12-11,Cerro Verde,Honduras,40,2023,12,11,4,Medio
4576,2023-08-12,Puerta Del Diablo,Mexico,21,2023,8,12,3,Bajo
4577,2023-02-14,Balboa,Honduras,26,2023,2,14,1,Bajo
4578,2023-12-20,Puerta Del Diablo,Canada,13,2023,12,20,4,Bajo
4579,2022-04-05,Cerro Verde,Nicaragua,53,2022,4,5,2,Medio
4580,2023-06-12,Apulo,Guatemala,54,2023,6,12,2,Medio
4581,2024-08-12,Balboa,Canada,59,2024,8,12,3,Medio
4582,2023-01-20,Balboa,Honduras,14,2023,1,20,1,Bajo
4583,2023-09-20,Sunset Park,Estados Unidos,21,2023,9,20,3,Bajo
4584,2023-10-23,Balboa,España,71,2023,10,23,4,Alto
4585,2024-11-25,Puerta Del Diablo,Honduras,49,2024,11,25,4,Medio
4586,2021-12-31,Balboa,Canada,30,2021,12,31,4,Medio
4587,2022-02-17,Balboa,Canada,79,2022,2,17,1,Alto
4588,2021-10-04,Cerro Verde,Estados Unidos,18,2021,10,4,4,Bajo
4589,2021-09-13,Apulo,Costa Rica,22,2021,9,13,3,Bajo
4590,2021-05-19,Balboa,Nicaragua,15,2021,5,19,2,Bajo
4591,2022-08-31,Balboa,Guatemala,49,2022,8,31,3,Medio
4592,2022-04-11,Puerta Del Diablo,Nicaragua,6,2022,4,11,2,Bajo
4593,2021-02-24,Puerta Del Diablo,Guatemala,29,2021,2,24,1,Bajo
4594,2023-07-10,Amulapa,Mexico,11,2023,7,10,3,Bajo
4595,2021-04-09,Sunset Park,Costa Rica,18,2021,4,9,2,Bajo
4596,2024-06-21,Puerta Del Diablo,Costa Rica,66,2024,6,21,2,Alto
4597,2023-04-03,Balboa,Mexico,61,2023,4,3,2,Alto
4598,2024-04-02,Puerta Del Diablo,Mexico,36,2024,4,2,2,Medio
4599,2022-06-04,Amulapa,Canada,79,2022,6,4,2,Alto
4600,2021-01-07,Amulapa,España,76,2021,1,7,1,Alto
4601,2024-05-11,Apulo,Honduras,17,2024,5,11,2,Bajo
4602,2022-04-03,Cerro Verde,Nicaragua,71,2022,4,3,2,Alto
4603,2022-12-24,Cerro Verde,España,62,2022,12,24,4,Alto
4604,2021-06-15,Sunset Park,Estados Unidos,32,2021,6,15,2,Medio
4605,2022-06-04,Sunset Park,Estados Unidos,34,2022,6,4,2,Medio
4606,2024-12-30,Sunset Park,Guatemala,70,2024,12,30,4,Alto
4607,2022-02-17,Cerro Verde,Guatemala,17,2022,2,17,1,Bajo
4608,2022-04-11,Apulo,Estados Unidos,38,2022,4,11,2,Medio
4609,2021-02-13,Balboa,Estados Unidos,79,2021,2,13,1,Alto
4610,2023-12-05,Apulo,Guatemala,62,2023,12,5,4,Alto
4611,2021-04-11,Balboa,Honduras,68,2021,4,11,2,Alto
4612,2022-07-21,Puerta Del Diablo,Honduras,53,2022,7,21,3,Medio
4613,2022-11-19,Cerro Verde,Guatemala,35,2022,11,19,4,Medio
4614,2023-01-03,Amulapa,Costa Rica,43,2023,1,3,1,Medio
4615,2023-05-12,Cerro Verde,Honduras,13,2023,5,12,2,Bajo
4616,2023-12-22,Sunset Park,España,33,2023,12,22,4,Medio
4617,2021-06-02,Cerro Verde,Nicaragua,24,2021,6,2,2,Bajo
4618,2024-09-25,Puerta Del Diablo,Estados Unidos,57,2024,9,25,3,Medio
4619,2021-03-03,Apulo,España,68,2021,3,3,1,Alto
4620,2021-09-04,Puerta Del Diablo,Honduras,64,2021,9,4,3,Alto
4621,2021-10-29,Apulo,Mexico,76,2021,10,29,4,Alto
4622,2023-05-07,Sunset Park,Costa Rica,69,2023,5,7,2,Alto
4623,2024-06-02,Apulo,Canada,58,2024,6,2,2,Medio
4624,2022-05-09,Apulo,Costa Rica,36,2022,5,9,2,Medio
4625,2022-03-28,Apulo,Mexico,57,2022,3,28,1,Medio
4626,2024-12-12,Sunset Park,Guatemala,69,2024,12,12,4,Alto
4627,2024-05-06,Amulapa,Mexico,46,2024,5,6,2,Medio
4628,2024-04-23,Cerro Verde,Canada,32,2024,4,23,2,Medio
4629,2021-09-26,Cerro Verde,Guatemala,34,2021,9,26,3,Medio
4630,2022-06-12,Amulapa,Costa Rica,16,2022,6,12,2,Bajo
4631,2023-08-05,Cerro Verde,Honduras,31,2023,8,5,3,Medio
4632,2023-04-10,Amulapa,Mexico,14,2023,4,10,2,Bajo
4633,2023-02-18,Balboa,Canada,69,2023,2,18,1,Alto
4634,2023-11-03,Balboa,Estados Unidos,13,2023,11,3,4,Bajo
4635,2023-08-24,Balboa,España,61,2023,8,24,3,Alto
4636,2024-02-17,Puerta Del Diablo,Costa Rica,51,2024,2,17,1,Medio
4637,2022-04-07,Cerro Verde,Guatemala,28,2022,4,7,2,Bajo
4638,2021-11-01,Apulo,Mexico,54,2021,11,1,4,Medio
4639,2022-11-03,Sunset Park,Mexico,10,2022,11,3,4,Bajo
4640,2022-12-01,Sunset Park,Canada,34,2022,12,1,4,Medio
4641,2022-06-16,Balboa,Honduras,19,2022,6,16,2,Bajo
4642,2022-05-04,Puerta Del Diablo,Guatemala,13,2022,5,4,2,Bajo
4643,2021-04-28,Balboa,Costa Rica,22,2021,4,28,2,Bajo
4644,2023-01-24,Balboa,Estados Unidos,57,2023,1,24,1,Medio
4645,2022-01-31,Apulo,Estados Unidos,54,2022,1,31,1,Medio
4646,2024-04-10,Amulapa,Canada,44,2024,4,10,2,Medio
4647,2023-05-09,Amulapa,España,38,2023,5,9,2,Medio
4648,2023-08-07,Cerro Verde,Nicaragua,76,2023,8,7,3,Alto
4649,2024-08-01,Balboa,Mexico,33,2024,8,1,3,Medio
4650,2024-10-11,Amulapa,Guatemala,27,2024,10,11,4,Bajo
4651,2023-11-10,Sunset Park,Nicaragua,27,2023,11,10,4,Bajo
4652,2022-03-25,Cerro Verde,España,70,2022,3,25,1,Alto
4653,2024-05-23,Puerta Del Diablo,Estados Unidos,63,2024,5,23,2,Alto
4654,2023-02-03,Cerro Verde,Estados Unidos,68,2023,2,3,1,Alto
4655,2023-02-16,Puerta Del Diablo,Guatemala,52,2023,2,16,1,Medio
4656,2023-11-02,Balboa,Estados Unidos,64,2023,11,2,4,Alto
4657,2024-08-05,Amulapa,Guatemala,24,2024,8,5,3,Bajo
4658,2023-02-10,Balboa,España,61,2023,2,10,1,Alto
4659,2024-09-07,Cerro Verde,Honduras,6,2024,9,7,3,Bajo
4660,2022-11-18,Puerta Del Diablo,España,40,2022,11,18,4,Medio
4661,2022-05-30,Amulapa,España,52,2022,5,30,2,Medio
4662,2022-08-22,Balboa,Nicaragua,61,2022,8,22,3,Alto
4663,2021-06-24,Cerro Verde,Guatemala,77,2021,6,24,2,Alto
4664,2024-02-17,Puerta Del Diablo,Nicaragua,53,2024,2,17,1,Medio
4665,2022-03-17,Apulo,Mexico,42,2022,3,17,1,Medio
4666,2021-05-17,Amulapa,Mexico,41,2021,5,17,2,Medio
4667,2021-02-23,Amulapa,España,77,2021,2,23,1,Alto
4668,2021-08-01,Balboa,Canada,34,2021,8,1,3,Medio
4669,2021-07-25,Sunset Park,Estados Unidos,57,2021,7,25,3,Medio
4670,2024-12-26,Sunset Park,España,9,2024,12,26,4,Bajo
4671,2022-06-17,Balboa,Canada,24,2022,6,17,2,Bajo
4672,2023-03-14,Cerro Verde,España,40,2023,3,14,1,Medio
4673,2021-06-16,Cerro Verde,Costa Rica,33,2021,6,16,2,Medio
4674,2021-06-17,Amulapa,Guatemala,13,2021,6,17,2,Bajo
4675,2021-06-24,Apulo,España,75,2021,6,24,2,Alto
4676,2022-03-26,Apulo,España,79,2022,3,26,1,Alto
4677,2021-10-06,Sunset Park,Honduras,78,2021,10,6,4,Alto
4678,2024-10-11,Cerro Verde,Costa Rica,65,2024,10,11,4,Alto
4679,2022-11-07,Sunset Park,Estados Unidos,65,2022,11,7,4,Alto
4680,2021-11-27,Amulapa,Guatemala,74,2021,11,27,4,Alto
4681,2023-02-08,Amulapa,Mexico,22,2023,2,8,1,Bajo
4682,2021-09-26,Sunset Park,Estados Unidos,76,2021,9,26,3,Alto
4683,2021-04-10,Cerro Verde,Nicaragua,60,2021,4,10,2,Alto
4684,2022-08-11,Sunset Park,Nicaragua,64,2022,8,11,3,Alto
4685,2024-06-20,Cerro Verde,Costa Rica,40,2024,6,20,2,Medio
4686,2023-10-27,Amulapa,Mexico,37,2023,10,27,4,Medio
4687,2022-10-16,Balboa,Estados Unidos,53,2022,10,16,4,Medio
4688,2024-01-15,Puerta Del Diablo,España,72,2024,1,15,1,Alto
4689,2023-12-20,Amulapa,Estados Unidos,50,2023,12,20,4,Medio
4690,2022-07-20,Cerro Verde,Mexico,59,2022,7,20,3,Medio
4691,2022-07-03,Balboa,Mexico,64,2022,7,3,3,Alto
4692,2021-03-11,Amulapa,España,78,2021,3,11,1,Alto
4693,2022-06-30,Balboa,Nicaragua,79,2022,6,30,2,Alto
4694,2021-03-26,Amulapa,Nicaragua,21,2021,3,26,1,Bajo
4695,2024-08-01,Balboa,Guatemala,6,2024,8,1,3,Bajo
4696,2024-05-26,Amulapa,España,9,2024,5,26,2,Bajo
4697,2021-02-10,Amulapa,Estados Unidos,15,2021,2,10,1,Bajo
4698,2023-11-17,Apulo,Costa Rica,38,2023,11,17,4,Medio
4699,2024-05-13,Sunset Park,Guatemala,74,2024,5,13,2,Alto
4700,2023-12-21,Amulapa,Honduras,27,2023,12,21,4,Bajo
4701,2022-08-23,Balboa,Nicaragua,65,2022,8,23,3,Alto
4702,2023-11-08,Amulapa,Nicaragua,21,2023,11,8,4,Bajo
4703,2021-03-17,Amulapa,Costa Rica,75,2021,3,17,1,Alto
4704,2023-12-25,Apulo,Honduras,74,2023,12,25,4,Alto
4705,2022-09-06,Apulo,Costa Rica,40,2022,9,6,3,Medio
4706,2024-01-07,Amulapa,Canada,42,2024,1,7,1,Medio
4707,2023-09-24,Sunset Park,Nicaragua,64,2023,9,24,3,Alto
4708,2021-08-23,Balboa,Costa Rica,69,2021,8,23,3,Alto
4709,2023-04-07,Puerta Del Diablo,Mexico,35,2023,4,7,2,Medio
4710,2021-06-15,Amulapa,Costa Rica,26,2021,6,15,2,Bajo
4711,2023-04-24,Cerro Verde,Canada,44,2023,4,24,2,Medio
4712,2024-03-03,Puerta Del Diablo,Mexico,45,2024,3,3,1,Medio
4713,2021-05-19,Balboa,España,78,2021,5,19,2,Alto
4714,2022-08-20,Amulapa,Guatemala,31,2022,8,20,3,Medio
4715,2023-11-09,Cerro Verde,Estados Unidos,69,2023,11,9,4,Alto
4716,2022-11-06,Cerro Verde,Mexico,56,2022,11,6,4,Medio
4717,2021-01-06,Amulapa,Mexico,57,2021,1,6,1,Medio
4718,2023-06-06,Cerro Verde,España,38,2023,6,6,2,Medio
4719,2023-04-12,Apulo,Guatemala,79,2023,4,12,2,Alto
4720,2021-03-29,Apulo,Honduras,26,2021,3,29,1,Bajo
4721,2021-05-02,Amulapa,Canada,53,2021,5,2,2,Medio
4722,2022-12-28,Puerta Del Diablo,Honduras,9,2022,12,28,4,Bajo
4723,2023-06-12,Sunset Park,Mexico,14,2023,6,12,2,Bajo
4724,2024-05-19,Sunset Park,Mexico,77,2024,5,19,2,Alto
4725,2023-03-24,Apulo,Estados Unidos,61,2023,3,24,1,Alto
4726,2023-09-07,Puerta Del Diablo,Mexico,78,2023,9,7,3,Alto
4727,2024-04-28,Cerro Verde,Costa Rica,59,2024,4,28,2,Medio
4728,2021-06-28,Balboa,España,25,2021,6,28,2,Bajo
4729,2023-05-05,Balboa,Nicaragua,70,2023,5,5,2,Alto
4730,2022-05-02,Sunset Park,Honduras,51,2022,5,2,2,Medio
4731,2024-02-02,Amulapa,Estados Unidos,40,2024,2,2,1,Medio
4732,2022-12-17,Amulapa,España,37,2022,12,17,4,Medio
4733,2021-06-13,Cerro Verde,Canada,77,2021,6,13,2,Alto
4734,2021-01-19,Amulapa,Canada,21,2021,1,19,1,Bajo
4735,2023-06-17,Sunset Park,Costa Rica,16,2023,6,17,2,Bajo
4736,2024-11-29,Puerta Del Diablo,Honduras,17,2024,11,29,4,Bajo
4737,2022-08-13,Sunset Park,Estados Unidos,50,2022,8,13,3,Medio
4738,2024-11-27,Balboa,Mexico,69,2024,11,27,4,Alto
4739,2023-05-19,Puerta Del Diablo,Mexico,44,2023,5,19,2,Medio
4740,2024-12-01,Puerta Del Diablo,Canada,78,2024,12,1,4,Alto
4741,2022-12-10,Balboa,Honduras,52,2022,12,10,4,Medio
4742,2024-03-18,Amulapa,España,61,2024,3,18,1,Alto
4743,2022-12-29,Sunset Park,Guatemala,42,2022,12,29,4,Medio
4744,2022-07-14,Puerta Del Diablo,Honduras,53,2022,7,14,3,Medio
4745,2024-03-01,Amulapa,Estados Unidos,44,2024,3,1,1,Medio
4746,2023-06-15,Sunset Park,Guatemala,56,2023,6,15,2,Medio
4747,2024-07-15,Cerro Verde,Canada,36,2024,7,15,3,Medio
4748,2021-12-10,Puerta Del Diablo,Honduras,17,2021,12,10,4,Bajo
4749,2024-04-05,Balboa,Guatemala,69,2024,4,5,2,Alto
4750,2022-11-14,Balboa,Guatemala,40,2022,11,14,4,Medio
4751,2022-04-21,Sunset Park,España,46,2022,4,21,2,Medio
4752,2022-05-29,Apulo,España,16,2022,5,29,2,Bajo
4753,2021-01-22,Cerro Verde,Mexico,72,2021,1,22,1,Alto
4754,2024-07-26,Apulo,Mexico,71,2024,7,26,3,Alto
4755,2024-12-27,Sunset Park,España,6,2024,12,27,4,Bajo
4756,2021-06-18,Apulo,Nicaragua,72,2021,6,18,2,Alto
4757,2022-03-05,Sunset Park,España,72,2022,3,5,1,Alto
4758,2022-02-27,Amulapa,Guatemala,12,2022,2,27,1,Bajo
4759,2022-07-27,Cerro Verde,Nicaragua,78,2022,7,27,3,Alto
4760,2023-08-05,Sunset Park,España,59,2023,8,5,3,Medio
4761,2023-01-03,Sunset Park,Nicaragua,37,2023,1,3,1,Medio
4762,2021-05-31,Sunset Park,Estados Unidos,26,2021,5,31,2,Bajo
4763,2021-06-13,Cerro Verde,Honduras,60,2021,6,13,2,Alto
4764,2023-06-11,Apulo,Costa Rica,62,2023,6,11,2,Alto
4765,2022-01-27,Sunset Park,Canada,32,2022,1,27,1,Medio
4766,2022-03-11,Apulo,Nicaragua,33,2022,3,11,1,Medio
4767,2021-10-28,Balboa,Costa Rica,52,2021,10,28,4,Medio
4768,2023-10-24,Amulapa,España,68,2023,10,24,4,Alto
4769,2021-11-02,Balboa,Costa Rica,41,2021,11,2,4,Medio
4770,2024-03-16,Balboa,Nicaragua,17,2024,3,16,1,Bajo
4771,2024-11-14,Cerro Verde,Canada,74,2024,11,14,4,Alto
4772,2023-08-05,Amulapa,Nicaragua,71,2023,8,5,3,Alto
4773,2024-01-15,Sunset Park,Canada,7,2024,1,15,1,Bajo
4774,2021-07-03,Sunset Park,Costa Rica,78,2021,7,3,3,Alto
4775,2024-10-05,Sunset Park,Nicaragua,68,2024,10,5,4,Alto
4776,2024-04-24,Puerta Del Diablo,Guatemala,63,2024,4,24,2,Alto
4777,2024-07-17,Balboa,Honduras,51,2024,7,17,3,Medio
4778,2023-06-17,Cerro Verde,España,6,2023,6,17,2,Bajo
4779,2023-05-01,Apulo,Estados Unidos,65,2023,5,1,2,Alto
4780,2023-08-20,Amulapa,Canada,59,2023,8,20,3,Medio
4781,2021-08-10,Amulapa,España,21,2021,8,10,3,Bajo
4782,2021-05-15,Sunset Park,Estados Unidos,62,2021,5,15,2,Alto
4783,2024-05-03,Apulo,Estados Unidos,47,2024,5,3,2,Medio
4784,2022-08-07,Sunset Park,Nicaragua,68,2022,8,7,3,Alto
4785,2023-08-12,Balboa,Mexico,50,2023,8,12,3,Medio
4786,2021-03-01,Balboa,Honduras,73,2021,3,1,1,Alto
4787,2021-01-12,Puerta Del Diablo,Canada,65,2021,1,12,1,Alto
4788,2021-08-16,Puerta Del Diablo,Canada,44,2021,8,16,3,Medio
4789,2021-07-27,Sunset Park,Honduras,9,2021,7,27,3,Bajo
4790,2023-02-11,Apulo,Nicaragua,37,2023,2,11,1,Medio
4791,2024-12-04,Puerta Del Diablo,Guatemala,66,2024,12,4,4,Alto
4792,2024-01-26,Cerro Verde,Canada,30,2024,1,26,1,Medio
4793,2022-10-07,Balboa,Honduras,31,2022,10,7,4,Medio
4794,2023-11-18,Apulo,Nicaragua,67,2023,11,18,4,Alto
4795,2021-09-03,Sunset Park,Costa Rica,6,2021,9,3,3,Bajo
4796,2022-09-07,Sunset Park,Mexico,50,2022,9,7,3,Medio
4797,2022-09-06,Balboa,Nicaragua,24,2022,9,6,3,Bajo
4798,2022-06-07,Apulo,Canada,41,2022,6,7,2,Medio
4799,2023-09-23,Cerro Verde,España,43,2023,9,23,3,Medio
4800,2021-04-17,Sunset Park,Mexico,48,2021,4,17,2,Medio
4801,2022-06-10,Balboa,Mexico,19,2022,6,10,2,Bajo
4802,2021-03-28,Puerta Del Diablo,Estados Unidos,35,2021,3,28,1,Medio
4803,2024-04-24,Amulapa,Estados Unidos,54,2024,4,24,2,Medio
4804,2021-03-10,Balboa,Mexico,11,2021,3,10,1,Bajo
4805,2023-05-13,Balboa,Estados Unidos,43,2023,5,13,2,Medio
4806,2022-06-19,Puerta Del Diablo,Nicaragua,5,2022,6,19,2,Bajo
4807,2023-06-10,Amulapa,España,11,2023,6,10,2,Bajo
4808,2021-05-08,Cerro Verde,Costa Rica,75,2021,5,8,2,Alto
4809,2021-03-06,Balboa,Guatemala,13,2021,3,6,1,Bajo
4810,2021-04-21,Balboa,Costa Rica,63,2021,4,21,2,Alto
4811,2023-02-03,Amulapa,Costa Rica,79,2023,2,3,1,Alto
4812,2023-04-26,Balboa,Guatemala,27,2023,4,26,2,Bajo
4813,2024-04-14,Apulo,Nicaragua,56,2024,4,14,2,Medio
4814,2022-05-26,Sunset Park,Nicaragua,42,2022,5,26,2,Medio
4815,2023-04-13,Apulo,Estados Unidos,22,2023,4,13,2,Bajo
4816,2022-01-08,Amulapa,Guatemala,20,2022,1,8,1,Bajo
4817,2024-02-21,Amulapa,España,50,2024,2,21,1,Medio
4818,2022-07-26,Balboa,Canada,9,2022,7,26,3,Bajo
4819,2022-03-20,Balboa,Guatemala,50,2022,3,20,1,Medio
4820,2022-10-16,Amulapa,Honduras,73,2022,10,16,4,Alto
4821,2024-01-02,Puerta Del Diablo,Costa Rica,47,2024,1,2,1,Medio
4822,2024-07-01,Puerta Del Diablo,Canada,60,2024,7,1,3,Alto
4823,2023-09-28,Apulo,Guatemala,72,2023,9,28,3,Alto
4824,2022-06-04,Balboa,Guatemala,75,2022,6,4,2,Alto
4825,2021-07-07,Puerta Del Diablo,Estados Unidos,74,2021,7,7,3,Alto
4826,2021-01-26,Puerta Del Diablo,Estados Unidos,48,2021,1,26,1,Medio
4827,2023-05-25,Cerro Verde,Guatemala,21,2023,5,25,2,Bajo
4828,2024-04-30,Amulapa,Canada,18,2024,4,30,2,Bajo
4829,2021-11-06,Cerro Verde,Mexico,70,2021,11,6,4,Alto
4830,2021-10-20,Amulapa,Honduras,79,2021,10,20,4,Alto
4831,2021-03-09,Balboa,Mexico,64,2021,3,9,1,Alto
4832,2021-10-15,Puerta Del Diablo,Honduras,70,2021,10,15,4,Alto
4833,2023-01-28,Apulo,Nicaragua,7,2023,1,28,1,Bajo
4834,2022-05-22,Sunset Park,Honduras,44,2022,5,22,2,Medio
4835,2023-11-01,Apulo,Nicaragua,44,2023,11,1,4,Medio
4836,2023-02-02,Balboa,Canada,77,2023,2,2,1,Alto
4837,2022-12-10,Sunset Park,Nicaragua,9,2022,12,10,4,Bajo
4838,2021-07-22,Apulo,Estados Unidos,47,2021,7,22,3,Medio
4839,2024-05-13,Apulo,Canada,5,2024,5,13,2,Bajo
4840,2023-08-11,Sunset Park,Nicaragua,20,2023,8,11,3,Bajo
4841,2024-12-03,Amulapa,Mexico,29,2024,12,3,4,Bajo
4842,2021-08-02,Cerro Verde,Costa Rica,65,2021,8,2,3,Alto
4843,2022-06-24,Apulo,Canada,13,2022,6,24,2,Bajo
4844,2021-04-04,Balboa,Honduras,73,2021,4,4,2,Alto
4845,2022-08-12,Amulapa,Estados Unidos,34,2022,8,12,3,Medio
4846,2024-09-06,Apulo,España,12,2024,9,6,3,Bajo
4847,2021-03-24,Puerta Del Diablo,Guatemala,32,2021,3,24,1,Medio
4848,2022-07-06,Amulapa,Honduras,56,2022,7,6,3,Medio
4849,2023-05-31,Apulo,España,25,2023,5,31,2,Bajo
4850,2024-03-23,Apulo,Costa Rica,22,2024,3,23,1,Bajo
4851,2023-07-04,Amulapa,Costa Rica,14,2023,7,4,3,Bajo
4852,2024-02-15,Apulo,Canada,74,2024,2,15,1,Alto
4853,2023-02-28,Balboa,Mexico,62,2023,2,28,1,Alto
4854,2024-02-24,Apulo,Nicaragua,18,2024,2,24,1,Bajo
4855,2021-10-24,Balboa,Canada,57,2021,10,24,4,Medio
4856,2021-05-28,Balboa,Estados Unidos,58,2021,5,28,2,Medio
4857,2021-10-02,Amulapa,España,61,2021,10,2,4,Alto
4858,2023-01-31,Apulo,Canada,9,2023,1,31,1,Bajo
4859,2024-03-18,Apulo,Guatemala,39,2024,3,18,1,Medio
4860,2024-04-01,Apulo,Honduras,67,2024,4,1,2,Alto
4861,2022-09-10,Apulo,Honduras,12,2022,9,10,3,Bajo
4862,2023-05-17,Balboa,Estados Unidos,39,2023,5,17,2,Medio
4863,2024-06-24,Balboa,Canada,79,2024,6,24,2,Alto
4864,2022-12-27,Amulapa,España,69,2022,12,27,4,Alto
4865,2021-06-11,Apulo,Estados Unidos,30,2021,6,11,2,Medio
4866,2023-12-02,Balboa,Estados Unidos,36,2023,12,2,4,Medio
4867,2023-10-16,Puerta Del Diablo,Guatemala,38,2023,10,16,4,Medio
4868,2021-08-26,Cerro Verde,Costa Rica,17,2021,8,26,3,Bajo
4869,2022-02-17,Sunset Park,Mexico,42,2022,2,17,1,Medio
4870,2021-12-06,Amulapa,Nicaragua,71,2021,12,6,4,Alto
4871,2021-10-09,Cerro Verde,España,70,2021,10,9,4,Alto
4872,2023-07-16,Cerro Verde,Costa Rica,47,2023,7,16,3,Medio
4873,2022-03-29,Sunset Park,Canada,72,2022,3,29,1,Alto
4874,2021-08-18,Apulo,Estados Unidos,17,2021,8,18,3,Bajo
4875,2022-11-12,Cerro Verde,Mexico,43,2022,11,12,4,Medio
4876,2023-12-28,Apulo,Canada,20,2023,12,28,4,Bajo
4877,2023-01-05,Apulo,Nicaragua,46,2023,1,5,1,Medio
4878,2024-11-03,Puerta Del Diablo,Mexico,77,2024,11,3,4,Alto
4879,2021-11-11,Balboa,Estados Unidos,52,2021,11,11,4,Medio
4880,2023-03-17,Sunset Park,Costa Rica,30,2023,3,17,1,Medio
4881,2022-08-29,Sunset Park,Estados Unidos,58,2022,8,29,3,Medio
4882,2021-03-14,Sunset Park,Costa Rica,78,2021,3,14,1,Alto
4883,2022-04-29,Balboa,Honduras,25,2022,4,29,2,Bajo
4884,2023-07-19,Sunset Park,Nicaragua,62,2023,7,19,3,Alto
4885,2024-07-28,Cerro Verde,Honduras,20,2024,7,28,3,Bajo
4886,2024-04-22,Sunset Park,Honduras,55,2024,4,22,2,Medio
4887,2022-04-13,Amulapa,Nicaragua,17,2022,4,13,2,Bajo
4888,2024-04-13,Puerta Del Diablo,Honduras,59,2024,4,13,2,Medio
4889,2021-10-10,Apulo,Honduras,40,2021,10,10,4,Medio
4890,2023-01-08,Apulo,Honduras,10,2023,1,8,1,Bajo
4891,2022-08-18,Puerta Del Diablo,Nicaragua,43,2022,8,18,3,Medio
4892,2024-08-26,Balboa,Canada,10,2024,8,26,3,Bajo
4893,2022-09-12,Balboa,España,9,2022,9,12,3,Bajo
4894,2023-06-08,Sunset Park,España,46,2023,6,8,2,Medio
4895,2021-12-14,Sunset Park,España,18,2021,12,14,4,Bajo
4896,2021-05-30,Cerro Verde,Mexico,78,2021,5,30,2,Alto
4897,2022-05-02,Apulo,Mexico,46,2022,5,2,2,Medio
4898,2024-10-18,Sunset Park,Guatemala,47,2024,10,18,4,Medio
4899,2021-11-21,Puerta Del Diablo,Mexico,76,2021,11,21,4,Alto
4900,2021-10-19,Balboa,Guatemala,12,2021,10,19,4,Bajo
4901,2021-06-05,Sunset Park,Guatemala,59,2021,6,5,2,Medio
4902,2021-10-27,Balboa,Costa Rica,42,2021,10,27,4,Medio
4903,2023-03-08,Apulo,Nicaragua,15,2023,3,8,1,Bajo
4904,2021-07-24,Cerro Verde,Guatemala,74,2021,7,24,3,Alto
4905,2023-05-19,Amulapa,Mexico,38,2023,5,19,2,Medio
4906,2024-10-13,Balboa,Mexico,47,2024,10,13,4,Medio
4907,2023-05-28,Balboa,Mexico,20,2023,5,28,2,Bajo
4908,2024-02-29,Sunset Park,Costa Rica,8,2024,2,29,1,Bajo
4909,2021-04-21,Sunset Park,Estados Unidos,57,2021,4,21,2,Medio
4910,2023-01-11,Apulo,Estados Unidos,44,2023,1,11,1,Medio
4911,2024-10-12,Cerro Verde,España,42,2024,10,12,4,Medio
4912,2021-12-02,Amulapa,España,65,2021,12,2,4,Alto
4913,2021-12-11,Amulapa,Nicaragua,33,2021,12,11,4,Medio
4914,2023-11-01,Sunset Park,Estados Unidos,42,2023,11,1,4,Medio
4915,2022-10-05,Cerro Verde,Mexico,77,2022,10,5,4,Alto
4916,2023-07-22,Cerro Verde,Honduras,55,2023,7,22,3,Medio
4917,2024-04-22,Sunset Park,España,60,2024,4,22,2,Alto
4918,2023-05-14,Balboa,Honduras,21,2023,5,14,2,Bajo
4919,2021-12-10,Puerta Del Diablo,Costa Rica,15,2021,12,10,4,Bajo
4920,2022-05-24,Amulapa,Estados Unidos,67,2022,5,24,2,Alto
4921,2023-10-17,Amulapa,Mexico,12,2023,10,17,4,Bajo
4922,2022-03-20,Apulo,Honduras,7,2022,3,20,1,Bajo
4923,2024-12-27,Cerro Verde,Nicaragua,48,2024,12,27,4,Medio
4924,2022-12-16,Balboa,Honduras,79,2022,12,16,4,Alto
4925,2021-06-01,Cerro Verde,Honduras,78,2021,6,1,2,Alto
4926,2021-10-11,Sunset Park,Guatemala,19,2021,10,11,4,Bajo
4927,2022-09-14,Apulo,Guatemala,38,2022,9,14,3,Medio
4928,2022-05-07,Apulo,España,30,2022,5,7,2,Medio
4929,2021-07-19,Balboa,Mexico,66,2021,7,19,3,Alto
4930,2023-11-19,Cerro Verde,España,21,2023,11,19,4,Bajo
4931,2024-01-11,Balboa,Estados Unidos,53,2024,1,11,1,Medio
4932,2021-04-02,Sunset Park,Guatemala,11,2021,4,2,2,Bajo
4933,2022-05-07,Puerta Del Diablo,Estados Unidos,30,2022,5,7,2,Medio
4934,2021-03-07,Sunset Park,Nicaragua,46,2021,3,7,1,Medio
4935,2022-10-07,Cerro Verde,Costa Rica,19,2022,10,7,4,Bajo
4936,2024-03-06,Puerta Del Diablo,Canada,39,2024,3,6,1,Medio
4937,2021-10-20,Puerta Del Diablo,España,22,2021,10,20,4,Bajo
4938,2023-05-04,Amulapa,Costa Rica,66,2023,5,4,2,Alto
4939,2021-07-11,Puerta Del Diablo,Mexico,42,2021,7,11,3,Medio
4940,2023-11-11,Sunset Park,Guatemala,59,2023,11,11,4,Medio
4941,2022-07-05,Cerro Verde,Guatemala,27,2022,7,5,3,Bajo
4942,2021-10-17,Puerta Del Diablo,Honduras,58,2021,10,17,4,Medio
4943,2023-05-05,Balboa,Nicaragua,27,2023,5,5,2,Bajo
4944,2021-12-23,Amulapa,Nicaragua,38,2021,12,23,4,Medio
4945,2022-01-22,Puerta Del Diablo,Canada,5,2022,1,22,1,Bajo
4946,2024-06-12,Sunset Park,España,12,2024,6,12,2,Bajo
4947,2024-01-28,Balboa,Guatemala,12,2024,1,28,1,Bajo
4948,2023-09-22,Cerro Verde,Canada,11,2023,9,22,3,Bajo
4949,2021-08-19,Cerro Verde,Guatemala,39,2021,8,19,3,Medio
4950,2023-03-02,Sunset Park,Honduras,67,2023,3,2,1,Alto
4951,2023-04-18,Puerta Del Diablo,Honduras,21,2023,4,18,2,Bajo
4952,2021-10-30,Cerro Verde,Guatemala,41,2021,10,30,4,Medio
4953,2024-02-06,Apulo,Estados Unidos,79,2024,2,6,1,Alto
4954,2022-09-17,Puerta Del Diablo,Mexico,7,2022,9,17,3,Bajo
4955,2023-05-29,Amulapa,Mexico,22,2023,5,29,2,Bajo
4956,2022-07-23,Balboa,Honduras,65,2022,7,23,3,Alto
4957,2021-10-18,Sunset Park,Mexico,61,2021,10,18,4,Alto
4958,2022-10-09,Sunset Park,España,13,2022,10,9,4,Bajo
4959,2022-03-06,Balboa,Mexico,12,2022,3,6,1,Bajo
4960,2023-06-17,Puerta Del Diablo,Nicaragua,72,2023,6,17,2,Alto
4961,2024-07-31,Amulapa,Guatemala,54,2024,7,31,3,Medio
4962,2023-04-21,Balboa,Guatemala,5,2023,4,21,2,Bajo
4963,2023-10-01,Balboa,Guatemala,18,2023,10,1,4,Bajo
4964,2023-07-15,Apulo,Honduras,59,2023,7,15,3,Medio
4965,2021-10-21,Balboa,Nicaragua,43,2021,10,21,4,Medio
4966,2023-04-30,Sunset Park,Mexico,13,2023,4,30,2,Bajo
4967,2021-10-15,Cerro Verde,Nicaragua,76,2021,10,15,4,Alto
4968,2022-07-01,Puerta Del Diablo,Honduras,25,2022,7,1,3,Bajo
4969,2024-11-20,Cerro Verde,Estados Unidos,47,2024,11,20,4,Medio
4970,2022-05-14,Balboa,Honduras,63,2022,5,14,2,Alto
4971,2024-06-07,Balboa,España,75,2024,6,7,2,Alto
4972,2024-04-09,Amulapa,Guatemala,20,2024,4,9,2,Bajo
4973,2022-08-11,Apulo,Costa Rica,36,2022,8,11,3,Medio
4974,2022-03-02,Amulapa,Canada,54,2022,3,2,1,Medio
4975,2022-08-12,Sunset Park,Estados Unidos,39,2022,8,12,3,Medio
4976,2021-03-22,Puerta Del Diablo,Estados Unidos,78,2021,3,22,1,Alto
4977,2024-05-16,Balboa,España,27,2024,5,16,2,Bajo
4978,2022-04-13,Sunset Park,Nicaragua,5,2022,4,13,2,Bajo
4979,2023-08-21,Cerro Verde,Costa Rica,35,2023,8,21,3,Medio
4980,2024-10-26,Puerta Del Diablo,Costa Rica,75,2024,10,26,4,Alto
4981,2024-03-06,Puerta Del Diablo,Estados Unidos,52,2024,3,6,1,Medio
4982,2023-08-10,Apulo,Costa Rica,31,2023,8,10,3,Medio
4983,2021-07-19,Sunset Park,Guatemala,6,2021,7,19,3,Bajo
4984,2021-11-17,Puerta Del Diablo,Guatemala,26,2021,11,17,4,Bajo
4985,2024-11-23,Cerro Verde,Guatemala,78,2024,11,23,4,Alto
4986,2021-07-11,Cerro Verde,Honduras,27,2021,7,11,3,Bajo
4987,2022-07-26,Amulapa,España,54,2022,7,26,3,Medio
4988,2024-07-01,Amulapa,Nicaragua,62,2024,7,1,3,Alto
4989,2021-07-29,Balboa,España,48,2021,7,29,3,Medio
4990,2021-08-13,Balboa,Costa Rica,14,2021,8,13,3,Bajo
4991,2022-03-20,Cerro Verde,Honduras,27,2022,3,20,1,Bajo
4992,2021-02-16,Sunset Park,Mexico,67,2021,2,16,1,Alto
4993,2023-11-08,Sunset Park,Guatemala,59,2023,11,8,4,Medio
4994,2022-07-19,Cerro Verde,Nicaragua,62,2022,7,19,3,Alto
4995,2023-05-27,Cerro Verde,Guatemala,17,2023,5,27,2,Bajo
4996,2021-03-06,Balboa,Estados Unidos,17,2021,3,6,1,Bajo
4997,2023-01-30,Cerro Verde,Nicaragua,33,2023,1,30,1,Medio
4998,2022-03-05,Balboa,Nicaragua,6,2022,3,5,1,Bajo
4999,2024-02-07,Amulapa,Canada,56,2024,2,7,1,Medio
5000,2023-07-17,Balboa,Costa Rica,58,2023,7,17,3,Medio
5001,2024-01-09,Balboa,Mexico,13,2024,1,9,1,Bajo
5002,2022-11-02,Apulo,Honduras,32,2022,11,2,4,Medio
5003,2023-04-09,Amulapa,Honduras,68,2023,4,9,2,Alto
5004,2022-06-23,Sunset Park,Costa Rica,40,2022,6,23,2,Medio
5005,2024-06-17,Cerro Verde,Guatemala,7,2024,6,17,2,Bajo
5006,2022-12-10,Apulo,Guatemala,73,2022,12,10,4,Alto
5007,2024-10-26,Amulapa,Estados Unidos,40,2024,10,26,4,Medio
5008,2021-07-24,Balboa,Estados Unidos,73,2021,7,24,3,Alto
5009,2022-07-05,Apulo,Nicaragua,30,2022,7,5,3,Medio
5010,2024-09-10,Apulo,Estados Unidos,18,2024,9,10,3,Bajo
5011,2021-10-21,Sunset Park,Mexico,71,2021,10,21,4,Alto
5012,2024-01-26,Puerta Del Diablo,España,23,2024,1,26,1,Bajo
5013,2022-10-22,Balboa,Nicaragua,33,2022,10,22,4,Medio
5014,2022-10-27,Apulo,Costa Rica,79,2022,10,27,4,Alto
5015,2021-12-27,Cerro Verde,Honduras,40,2021,12,27,4,Medio
5016,2022-11-16,Amulapa,Canada,77,2022,11,16,4,Alto
5017,2021-01-19,Puerta Del Diablo,Estados Unidos,50,2021,1,19,1,Medio
5018,2021-12-08,Puerta Del Diablo,Costa Rica,60,2021,12,8,4,Alto
5019,2024-08-08,Apulo,Estados Unidos,14,2024,8,8,3,Bajo
5020,2022-05-25,Puerta Del Diablo,Estados Unidos,71,2022,5,25,2,Alto
5021,2024-06-16,Puerta Del Diablo,Guatemala,68,2024,6,16,2,Alto
5022,2021-04-26,Amulapa,Guatemala,69,2021,4,26,2,Alto
5023,2021-10-05,Apulo,Canada,36,2021,10,5,4,Medio
5024,2023-02-06,Amulapa,Mexico,18,2023,2,6,1,Bajo
5025,2023-11-23,Sunset Park,Mexico,8,2023,11,23,4,Bajo
5026,2023-07-14,Cerro Verde,Estados Unidos,72,2023,7,14,3,Alto
5027,2024-06-12,Balboa,Guatemala,60,2024,6,12,2,Alto
5028,2022-06-23,Sunset Park,España,5,2022,6,23,2,Bajo
5029,2024-07-31,Balboa,Estados Unidos,8,2024,7,31,3,Bajo
5030,2022-05-03,Apulo,Mexico,19,2022,5,3,2,Bajo
5031,2023-11-21,Amulapa,Nicaragua,59,2023,11,21,4,Medio
5032,2023-05-05,Amulapa,Guatemala,44,2023,5,5,2,Medio
5033,2024-07-24,Balboa,Canada,61,2024,7,24,3,Alto
5034,2024-11-30,Amulapa,España,11,2024,11,30,4,Bajo
5035,2021-01-11,Sunset Park,Estados Unidos,72,2021,1,11,1,Alto
5036,2024-03-11,Cerro Verde,Canada,73,2024,3,11,1,Alto
5037,2023-12-28,Sunset Park,Nicaragua,14,2023,12,28,4,Bajo
5038,2021-03-24,Amulapa,Estados Unidos,55,2021,3,24,1,Medio
5039,2021-08-05,Puerta Del Diablo,Canada,38,2021,8,5,3,Medio
5040,2023-03-09,Amulapa,Canada,60,2023,3,9,1,Alto
5041,2023-09-26,Amulapa,Honduras,59,2023,9,26,3,Medio
5042,2022-06-21,Puerta Del Diablo,Nicaragua,29,2022,6,21,2,Bajo
5043,2022-10-12,Sunset Park,Estados Unidos,23,2022,10,12,4,Bajo
5044,2023-03-01,Puerta Del Diablo,Mexico,8,2023,3,1,1,Bajo
5045,2021-11-05,Sunset Park,Canada,36,2021,11,5,4,Medio
5046,2022-06-21,Sunset Park,Honduras,36,2022,6,21,2,Medio
5047,2024-12-02,Cerro Verde,Mexico,26,2024,12,2,4,Bajo
5048,2021-04-07,Cerro Verde,Nicaragua,62,2021,4,7,2,Alto
5049,2023-01-06,Cerro Verde,Mexico,51,2023,1,6,1,Medio
5050,2022-11-16,Puerta Del Diablo,Mexico,32,2022,11,16,4,Medio
5051,2023-02-21,Puerta Del Diablo,Nicaragua,78,2023,2,21,1,Alto
5052,2022-03-28,Balboa,Mexico,51,2022,3,28,1,Medio
5053,2024-12-02,Sunset Park,Nicaragua,59,2024,12,2,4,Medio
5054,2024-10-14,Sunset Park,Estados Unidos,21,2024,10,14,4,Bajo
5055,2022-04-12,Cerro Verde,Guatemala,46,2022,4,12,2,Medio
5056,2023-03-19,Amulapa,Canada,46,2023,3,19,1,Medio
5057,2022-07-09,Puerta Del Diablo,Costa Rica,24,2022,7,9,3,Bajo
5058,2024-09-13,Cerro Verde,Mexico,44,2024,9,13,3,Medio
5059,2021-01-21,Puerta Del Diablo,Honduras,32,2021,1,21,1,Medio
5060,2024-11-07,Amulapa,Nicaragua,78,2024,11,7,4,Alto
5061,2022-04-20,Puerta Del Diablo,Mexico,31,2022,4,20,2,Medio
5062,2021-12-03,Sunset Park,Nicaragua,6,2021,12,3,4,Bajo
5063,2021-07-07,Puerta Del Diablo,Honduras,59,2021,7,7,3,Medio
5064,2023-01-02,Puerta Del Diablo,Costa Rica,8,2023,1,2,1,Bajo
5065,2022-09-18,Sunset Park,Estados Unidos,46,2022,9,18,3,Medio
5066,2022-04-24,Amulapa,Mexico,42,2022,4,24,2,Medio
5067,2022-06-06,Amulapa,Nicaragua,70,2022,6,6,2,Alto
5068,2024-12-28,Balboa,Canada,42,2024,12,28,4,Medio
5069,2024-05-02,Sunset Park,Guatemala,47,2024,5,2,2,Medio
5070,2023-08-14,Puerta Del Diablo,Mexico,55,2023,8,14,3,Medio
5071,2024-05-31,Puerta Del Diablo,Mexico,18,2024,5,31,2,Bajo
5072,2021-12-26,Puerta Del Diablo,Estados Unidos,53,2021,12,26,4,Medio
5073,2022-03-28,Puerta Del Diablo,Guatemala,5,2022,3,28,1,Bajo
5074,2021-07-21,Puerta Del Diablo,Nicaragua,27,2021,7,21,3,Bajo
5075,2024-02-17,Sunset Park,España,42,2024,2,17,1,Medio
5076,2023-02-03,Balboa,Nicaragua,18,2023,2,3,1,Bajo
5077,2024-10-25,Sunset Park,Canada,13,2024,10,25,4,Bajo
5078,2023-08-15,Sunset Park,Guatemala,26,2023,8,15,3,Bajo
5079,2022-06-19,Amulapa,Canada,38,2022,6,19,2,Medio
5080,2022-11-03,Cerro Verde,Honduras,46,2022,11,3,4,Medio
5081,2021-10-09,Puerta Del Diablo,Mexico,58,2021,10,9,4,Medio
5082,2023-04-06,Amulapa,Nicaragua,49,2023,4,6,2,Medio
5083,2024-03-25,Puerta Del Diablo,Nicaragua,18,2024,3,25,1,Bajo
5084,2024-08-22,Apulo,Estados Unidos,17,2024,8,22,3,Bajo
5085,2022-01-29,Puerta Del Diablo,Guatemala,55,2022,1,29,1,Medio
5086,2024-07-12,Balboa,Costa Rica,22,2024,7,12,3,Bajo
5087,2023-06-16,Sunset Park,Mexico,53,2023,6,16,2,Medio
5088,2023-11-23,Balboa,Estados Unidos,7,2023,11,23,4,Bajo
5089,2024-08-31,Apulo,Honduras,68,2024,8,31,3,Alto
5090,2024-07-19,Puerta Del Diablo,Costa Rica,20,2024,7,19,3,Bajo
5091,2022-12-07,Apulo,Nicaragua,32,2022,12,7,4,Medio
5092,2021-08-19,Cerro Verde,Estados Unidos,72,2021,8,19,3,Alto
5093,2022-06-06,Cerro Verde,España,71,2022,6,6,2,Alto
5094,2021-10-19,Apulo,Costa Rica,59,2021,10,19,4,Medio
5095,2022-12-20,Apulo,Honduras,20,2022,12,20,4,Bajo
5096,2023-08-09,Puerta Del Diablo,Mexico,66,2023,8,9,3,Alto
5097,2021-02-23,Balboa,Costa Rica,66,2021,2,23,1,Alto
5098,2023-11-21,Puerta Del Diablo,Estados Unidos,74,2023,11,21,4,Alto
5099,2021-10-09,Apulo,España,53,2021,10,9,4,Medio
5100,2021-05-20,Sunset Park,Costa Rica,51,2021,5,20,2,Medio
5101,2021-12-24,Apulo,Guatemala,26,2021,12,24,4,Bajo
5102,2024-04-13,Cerro Verde,Guatemala,28,2024,4,13,2,Bajo
5103,2022-01-15,Cerro Verde,Estados Unidos,13,2022,1,15,1,Bajo
5104,2021-10-12,Sunset Park,Canada,59,2021,10,12,4,Medio
5105,2022-07-17,Amulapa,Costa Rica,18,2022,7,17,3,Bajo
5106,2024-12-04,Puerta Del Diablo,Guatemala,45,2024,12,4,4,Medio
5107,2021-01-18,Amulapa,Honduras,45,2021,1,18,1,Medio
5108,2021-11-05,Cerro Verde,Estados Unidos,20,2021,11,5,4,Bajo
5109,2022-03-13,Cerro Verde,Mexico,59,2022,3,13,1,Medio
5110,2021-08-12,Balboa,Nicaragua,26,2021,8,12,3,Bajo
5111,2023-05-03,Sunset Park,Nicaragua,53,2023,5,3,2,Medio
5112,2022-07-25,Cerro Verde,Estados Unidos,30,2022,7,25,3,Medio
5113,2023-11-11,Cerro Verde,Costa Rica,38,2023,11,11,4,Medio
5114,2022-02-02,Amulapa,España,44,2022,2,2,1,Medio
5115,2023-04-30,Cerro Verde,Estados Unidos,51,2023,4,30,2,Medio
5116,2024-04-24,Puerta Del Diablo,España,30,2024,4,24,2,Medio
5117,2023-03-08,Sunset Park,Honduras,37,2023,3,8,1,Medio
5118,2023-05-17,Balboa,Costa Rica,23,2023,5,17,2,Bajo
5119,2024-09-30,Amulapa,Honduras,19,2024,9,30,3,Bajo
5120,2022-12-08,Cerro Verde,España,24,2022,12,8,4,Bajo
5121,2022-07-31,Amulapa,Costa Rica,9,2022,7,31,3,Bajo
5122,2024-07-28,Balboa,Estados Unidos,49,2024,7,28,3,Medio
5123,2024-01-23,Balboa,Guatemala,68,2024,1,23,1,Alto
5124,2024-03-10,Balboa,Canada,28,2024,3,10,1,Bajo
5125,2022-09-08,Sunset Park,Mexico,39,2022,9,8,3,Medio
5126,2021-04-21,Sunset Park,Mexico,35,2021,4,21,2,Medio
5127,2021-08-23,Sunset Park,Costa Rica,18,2021,8,23,3,Bajo
5128,2022-09-11,Amulapa,Honduras,43,2022,9,11,3,Medio
5129,2023-05-11,Apulo,España,54,2023,5,11,2,Medio
5130,2022-06-16,Balboa,España,50,2022,6,16,2,Medio
5131,2023-05-24,Apulo,Costa Rica,12,2023,5,24,2,Bajo
5132,2024-02-11,Puerta Del Diablo,España,7,2024,2,11,1,Bajo
5133,2023-09-17,Balboa,Guatemala,46,2023,9,17,3,Medio
5134,2023-10-30,Cerro Verde,Honduras,13,2023,10,30,4,Bajo
5135,2022-06-24,Balboa,Canada,67,2022,6,24,2,Alto
5136,2022-06-22,Sunset Park,España,68,2022,6,22,2,Alto
5137,2023-09-14,Balboa,España,15,2023,9,14,3,Bajo
5138,2021-07-22,Amulapa,Estados Unidos,11,2021,7,22,3,Bajo
5139,2023-02-17,Puerta Del Diablo,España,24,2023,2,17,1,Bajo
5140,2023-01-13,Sunset Park,Estados Unidos,51,2023,1,13,1,Medio
5141,2024-01-28,Sunset Park,Mexico,16,2024,1,28,1,Bajo
5142,2023-09-06,Sunset Park,Estados Unidos,53,2023,9,6,3,Medio
5143,2021-04-01,Amulapa,Estados Unidos,40,2021,4,1,2,Medio
5144,2022-02-09,Cerro Verde,Guatemala,25,2022,2,9,1,Bajo
5145,2021-11-07,Amulapa,Costa Rica,23,2021,11,7,4,Bajo
5146,2023-08-08,Puerta Del Diablo,Estados Unidos,58,2023,8,8,3,Medio
5147,2022-12-25,Amulapa,Mexico,50,2022,12,25,4,Medio
5148,2023-07-22,Apulo,Nicaragua,31,2023,7,22,3,Medio
5149,2022-07-13,Cerro Verde,Mexico,25,2022,7,13,3,Bajo
5150,2023-11-04,Amulapa,Canada,58,2023,11,4,4,Medio
5151,2021-03-05,Apulo,Guatemala,18,2021,3,5,1,Bajo
5152,2021-02-08,Amulapa,Estados Unidos,76,2021,2,8,1,Alto
5153,2023-06-01,Sunset Park,Estados Unidos,62,2023,6,1,2,Alto
5154,2024-01-29,Sunset Park,Estados Unidos,9,2024,1,29,1,Bajo
5155,2021-05-04,Apulo,Costa Rica,11,2021,5,4,2,Bajo
5156,2023-09-21,Balboa,Canada,26,2023,9,21,3,Bajo
5157,2022-03-17,Puerta Del Diablo,Honduras,46,2022,3,17,1,Medio
5158,2024-11-21,Balboa,Honduras,72,2024,11,21,4,Alto
5159,2022-04-15,Sunset Park,Nicaragua,32,2022,4,15,2,Medio
5160,2021-01-08,Apulo,Costa Rica,17,2021,1,8,1,Bajo
5161,2023-11-03,Cerro Verde,Costa Rica,45,2023,11,3,4,Medio
5162,2021-06-13,Sunset Park,Honduras,37,2021,6,13,2,Medio
5163,2024-04-22,Sunset Park,Honduras,7,2024,4,22,2,Bajo
5164,2024-10-16,Cerro Verde,Canada,10,2024,10,16,4,Bajo
5165,2024-07-12,Balboa,Guatemala,68,2024,7,12,3,Alto
5166,2022-12-28,Balboa,Mexico,58,2022,12,28,4,Medio
5167,2024-03-12,Amulapa,Mexico,56,2024,3,12,1,Medio
5168,2024-07-04,Amulapa,España,44,2024,7,4,3,Medio
5169,2022-04-12,Balboa,Nicaragua,67,2022,4,12,2,Alto
5170,2023-02-08,Sunset Park,Guatemala,68,2023,2,8,1,Alto
5171,2022-03-22,Puerta Del Diablo,Costa Rica,8,2022,3,22,1,Bajo
5172,2024-01-30,Apulo,Canada,42,2024,1,30,1,Medio
5173,2022-01-25,Amulapa,Costa Rica,42,2022,1,25,1,Medio
5174,2021-09-14,Apulo,España,11,2021,9,14,3,Bajo
5175,2022-01-09,Puerta Del Diablo,Costa Rica,28,2022,1,9,1,Bajo
5176,2024-03-16,Balboa,Canada,40,2024,3,16,1,Medio
5177,2024-09-27,Apulo,Estados Unidos,49,2024,9,27,3,Medio
5178,2023-06-03,Balboa,España,28,2023,6,3,2,Bajo
5179,2022-04-01,Sunset Park,España,58,2022,4,1,2,Medio
5180,2021-03-20,Puerta Del Diablo,Canada,40,2021,3,20,1,Medio
5181,2021-02-07,Apulo,Canada,23,2021,2,7,1,Bajo
5182,2022-03-26,Sunset Park,Nicaragua,27,2022,3,26,1,Bajo
5183,2022-01-21,Puerta Del Diablo,Canada,25,2022,1,21,1,Bajo
5184,2021-09-30,Sunset Park,España,26,2021,9,30,3,Bajo
5185,2023-09-03,Amulapa,Mexico,51,2023,9,3,3,Medio
5186,2023-09-11,Sunset Park,Mexico,79,2023,9,11,3,Alto
5187,2023-03-31,Cerro Verde,Costa Rica,15,2023,3,31,1,Bajo
5188,2021-12-10,Balboa,Canada,57,2021,12,10,4,Medio
5189,2021-08-10,Apulo,Canada,74,2021,8,10,3,Alto
5190,2022-12-19,Sunset Park,Costa Rica,26,2022,12,19,4,Bajo
5191,2021-06-28,Sunset Park,Costa Rica,6,2021,6,28,2,Bajo
5192,2024-11-07,Sunset Park,Costa Rica,37,2024,11,7,4,Medio
5193,2022-05-05,Puerta Del Diablo,Mexico,30,2022,5,5,2,Medio
5194,2022-04-12,Amulapa,Estados Unidos,61,2022,4,12,2,Alto
5195,2022-07-30,Cerro Verde,Canada,10,2022,7,30,3,Bajo
5196,2023-01-15,Amulapa,Mexico,73,2023,1,15,1,Alto
5197,2021-11-10,Apulo,Guatemala,62,2021,11,10,4,Alto
5198,2024-07-29,Amulapa,Nicaragua,22,2024,7,29,3,Bajo
5199,2024-04-01,Balboa,Honduras,51,2024,4,1,2,Medio
5200,2023-10-23,Cerro Verde,España,59,2023,10,23,4,Medio
5201,2024-08-10,Amulapa,Honduras,73,2024,8,10,3,Alto
5202,2022-08-03,Puerta Del Diablo,Costa Rica,58,2022,8,3,3,Medio
5203,2022-07-10,Cerro Verde,Costa Rica,36,2022,7,10,3,Medio
5204,2022-07-16,Puerta Del Diablo,Mexico,77,2022,7,16,3,Alto
5205,2024-10-22,Puerta Del Diablo,Costa Rica,15,2024,10,22,4,Bajo
5206,2022-10-27,Cerro Verde,Honduras,40,2022,10,27,4,Medio
5207,2023-02-28,Apulo,España,54,2023,2,28,1,Medio
5208,2021-11-23,Puerta Del Diablo,Honduras,5,2021,11,23,4,Bajo
5209,2023-12-02,Balboa,España,76,2023,12,2,4,Alto
5210,2023-08-04,Apulo,Mexico,20,2023,8,4,3,Bajo
5211,2023-07-04,Sunset Park,Mexico,6,2023,7,4,3,Bajo
5212,2024-11-21,Apulo,España,36,2024,11,21,4,Medio
5213,2021-09-29,Sunset Park,Honduras,66,2021,9,29,3,Alto
5214,2023-01-06,Apulo,Costa Rica,51,2023,1,6,1,Medio
5215,2022-10-26,Apulo,Honduras,69,2022,10,26,4,Alto
5216,2023-03-31,Cerro Verde,Estados Unidos,72,2023,3,31,1,Alto
5217,2021-11-09,Apulo,Estados Unidos,33,2021,11,9,4,Medio
5218,2021-08-22,Apulo,España,58,2021,8,22,3,Medio
5219,2021-08-04,Cerro Verde,Canada,54,2021,8,4,3,Medio
5220,2021-12-31,Sunset Park,Mexico,8,2021,12,31,4,Bajo
5221,2022-12-30,Balboa,Estados Unidos,73,2022,12,30,4,Alto
5222,2022-07-05,Apulo,Honduras,23,2022,7,5,3,Bajo
5223,2022-04-08,Sunset Park,Nicaragua,46,2022,4,8,2,Medio
5224,2022-10-06,Sunset Park,Mexico,16,2022,10,6,4,Bajo
5225,2023-02-28,Sunset Park,Mexico,52,2023,2,28,1,Medio
5226,2021-02-01,Cerro Verde,Canada,63,2021,2,1,1,Alto
5227,2023-08-06,Balboa,Mexico,64,2023,8,6,3,Alto
5228,2023-02-09,Balboa,Estados Unidos,57,2023,2,9,1,Medio
5229,2023-04-21,Sunset Park,Honduras,57,2023,4,21,2,Medio
5230,2023-11-24,Balboa,Honduras,24,2023,11,24,4,Bajo
5231,2021-02-01,Balboa,Canada,41,2021,2,1,1,Medio
5232,2022-06-19,Amulapa,Honduras,8,2022,6,19,2,Bajo
5233,2021-10-28,Apulo,Mexico,15,2021,10,28,4,Bajo
5234,2022-03-08,Cerro Verde,Estados Unidos,26,2022,3,8,1,Bajo
5235,2021-08-19,Apulo,Canada,15,2021,8,19,3,Bajo
5236,2021-12-05,Cerro Verde,Canada,61,2021,12,5,4,Alto
5237,2022-04-13,Sunset Park,Nicaragua,56,2022,4,13,2,Medio
5238,2024-07-02,Puerta Del Diablo,Honduras,77,2024,7,2,3,Alto
5239,2023-02-11,Amulapa,Estados Unidos,39,2023,2,11,1,Medio
5240,2022-04-25,Apulo,Costa Rica,34,2022,4,25,2,Medio
5241,2024-07-23,Balboa,España,5,2024,7,23,3,Bajo
5242,2024-10-01,Amulapa,Honduras,8,2024,10,1,4,Bajo
5243,2024-09-05,Apulo,España,31,2024,9,5,3,Medio
5244,2021-06-26,Puerta Del Diablo,Canada,51,2021,6,26,2,Medio
5245,2022-07-28,Amulapa,Mexico,21,2022,7,28,3,Bajo
5246,2022-09-06,Amulapa,Estados Unidos,58,2022,9,6,3,Medio
5247,2023-03-13,Puerta Del Diablo,Costa Rica,47,2023,3,13,1,Medio
5248,2023-04-10,Cerro Verde,Estados Unidos,51,2023,4,10,2,Medio
5249,2024-01-29,Amulapa,España,17,2024,1,29,1,Bajo
5250,2022-08-06,Balboa,España,44,2022,8,6,3,Medio
5251,2023-02-16,Amulapa,Guatemala,31,2023,2,16,1,Medio
5252,2023-12-08,Balboa,Honduras,46,2023,12,8,4,Medio
5253,2023-03-10,Amulapa,España,36,2023,3,10,1,Medio
5254,2021-06-17,Balboa,Canada,47,2021,6,17,2,Medio
5255,2021-12-14,Amulapa,Estados Unidos,14,2021,12,14,4,Bajo
5256,2024-01-13,Puerta Del Diablo,Mexico,41,2024,1,13,1,Medio
5257,2023-09-23,Cerro Verde,Guatemala,11,2023,9,23,3,Bajo
5258,2022-10-08,Sunset Park,Honduras,15,2022,10,8,4,Bajo
5259,2024-11-10,Cerro Verde,Mexico,61,2024,11,10,4,Alto
5260,2021-04-21,Sunset Park,Estados Unidos,5,2021,4,21,2,Bajo
5261,2023-08-16,Puerta Del Diablo,Honduras,21,2023,8,16,3,Bajo
5262,2022-12-03,Apulo,Guatemala,70,2022,12,3,4,Alto
5263,2024-05-06,Sunset Park,Costa Rica,33,2024,5,6,2,Medio
5264,2022-03-26,Apulo,Canada,66,2022,3,26,1,Alto
5265,2021-04-12,Apulo,Estados Unidos,62,2021,4,12,2,Alto
5266,2024-12-11,Cerro Verde,Costa Rica,52,2024,12,11,4,Medio
5267,2021-10-15,Cerro Verde,Estados Unidos,67,2021,10,15,4,Alto
5268,2022-09-30,Sunset Park,Guatemala,5,2022,9,30,3,Bajo
5269,2023-08-22,Apulo,Costa Rica,64,2023,8,22,3,Alto
5270,2024-07-20,Puerta Del Diablo,Honduras,43,2024,7,20,3,Medio
5271,2023-08-06,Amulapa,España,45,2023,8,6,3,Medio
5272,2022-05-16,Cerro Verde,Nicaragua,73,2022,5,16,2,Alto
5273,2023-07-24,Balboa,Costa Rica,47,2023,7,24,3,Medio
5274,2021-11-28,Puerta Del Diablo,España,51,2021,11,28,4,Medio
5275,2023-02-14,Puerta Del Diablo,Mexico,21,2023,2,14,1,Bajo
5276,2023-08-22,Sunset Park,Costa Rica,21,2023,8,22,3,Bajo
5277,2021-06-14,Amulapa,Canada,34,2021,6,14,2,Medio
5278,2022-02-12,Balboa,Estados Unidos,15,2022,2,12,1,Bajo
5279,2022-04-12,Balboa,Guatemala,58,2022,4,12,2,Medio
5280,2021-02-16,Amulapa,Costa Rica,24,2021,2,16,1,Bajo
5281,2022-01-11,Balboa,España,44,2022,1,11,1,Medio
5282,2022-05-29,Cerro Verde,España,10,2022,5,29,2,Bajo
5283,2021-07-02,Balboa,Mexico,7,2021,7,2,3,Bajo
5284,2024-06-02,Puerta Del Diablo,Canada,10,2024,6,2,2,Bajo
5285,2023-05-10,Amulapa,Canada,45,2023,5,10,2,Medio
5286,2023-02-06,Sunset Park,Guatemala,53,2023,2,6,1,Medio
5287,2021-10-26,Cerro Verde,Estados Unidos,26,2021,10,26,4,Bajo
5288,2022-03-19,Apulo,Canada,6,2022,3,19,1,Bajo
5289,2021-05-10,Balboa,Estados Unidos,25,2021,5,10,2,Bajo
5290,2024-05-22,Cerro Verde,Estados Unidos,13,2024,5,22,2,Bajo
5291,2023-07-03,Sunset Park,Nicaragua,66,2023,7,3,3,Alto
5292,2023-06-02,Apulo,Canada,21,2023,6,2,2,Bajo
5293,2021-04-15,Puerta Del Diablo,Costa Rica,56,2021,4,15,2,Medio
5294,2022-09-08,Balboa,Canada,7,2022,9,8,3,Bajo
5295,2023-12-15,Balboa,Nicaragua,39,2023,12,15,4,Medio
5296,2021-11-04,Sunset Park,Costa Rica,64,2021,11,4,4,Alto
5297,2024-03-13,Cerro Verde,Honduras,23,2024,3,13,1,Bajo
5298,2021-10-25,Amulapa,Canada,73,2021,10,25,4,Alto
5299,2021-08-08,Cerro Verde,Estados Unidos,28,2021,8,8,3,Bajo
5300,2021-02-06,Apulo,Canada,78,2021,2,6,1,Alto
5301,2021-12-30,Balboa,Mexico,35,2021,12,30,4,Medio
5302,2024-10-14,Sunset Park,España,50,2024,10,14,4,Medio
5303,2024-09-27,Cerro Verde,Honduras,52,2024,9,27,3,Medio
5304,2024-11-16,Balboa,Honduras,27,2024,11,16,4,Bajo
5305,2024-07-10,Amulapa,Honduras,27,2024,7,10,3,Bajo
5306,2023-01-21,Cerro Verde,Nicaragua,13,2023,1,21,1,Bajo
5307,2021-09-23,Amulapa,Mexico,29,2021,9,23,3,Bajo
5308,2024-12-18,Puerta Del Diablo,España,33,2024,12,18,4,Medio
5309,2022-11-05,Amulapa,Mexico,51,2022,11,5,4,Medio
5310,2021-01-07,Puerta Del Diablo,Mexico,18,2021,1,7,1,Bajo
5311,2024-03-21,Balboa,Costa Rica,72,2024,3,21,1,Alto
5312,2024-03-09,Balboa,Canada,46,2024,3,9,1,Medio
5313,2021-03-13,Balboa,Canada,9,2021,3,13,1,Bajo
5314,2023-03-20,Amulapa,Costa Rica,5,2023,3,20,1,Bajo
5315,2023-09-05,Apulo,Honduras,34,2023,9,5,3,Medio
5316,2021-08-11,Amulapa,Estados Unidos,31,2021,8,11,3,Medio
5317,2022-09-11,Sunset Park,Canada,58,2022,9,11,3,Medio
5318,2022-06-16,Apulo,España,25,2022,6,16,2,Bajo
5319,2023-07-05,Puerta Del Diablo,Guatemala,31,2023,7,5,3,Medio
5320,2021-04-23,Puerta Del Diablo,Nicaragua,43,2021,4,23,2,Medio
5321,2021-03-11,Puerta Del Diablo,Estados Unidos,15,2021,3,11,1,Bajo
5322,2021-11-19,Cerro Verde,Honduras,64,2021,11,19,4,Alto
5323,2021-10-13,Puerta Del Diablo,Honduras,56,2021,10,13,4,Medio
5324,2021-02-24,Amulapa,España,46,2021,2,24,1,Medio
5325,2024-04-14,Puerta Del Diablo,España,49,2024,4,14,2,Medio
5326,2022-11-20,Cerro Verde,Guatemala,69,2022,11,20,4,Alto
5327,2021-06-06,Balboa,Costa Rica,41,2021,6,6,2,Medio
5328,2021-06-06,Sunset Park,Estados Unidos,42,2021,6,6,2,Medio
5329,2021-05-05,Cerro Verde,Mexico,31,2021,5,5,2,Medio
5330,2021-04-15,Apulo,Canada,72,2021,4,15,2,Alto
5331,2023-07-24,Puerta Del Diablo,Nicaragua,70,2023,7,24,3,Alto
5332,2021-06-10,Sunset Park,Guatemala,70,2021,6,10,2,Alto
5333,2022-08-07,Cerro Verde,Mexico,49,2022,8,7,3,Medio
5334,2022-06-09,Cerro Verde,Costa Rica,34,2022,6,9,2,Medio
5335,2024-10-17,Sunset Park,Canada,64,2024,10,17,4,Alto
5336,2023-10-13,Sunset Park,Costa Rica,37,2023,10,13,4,Medio
5337,2023-11-18,Sunset Park,Honduras,25,2023,11,18,4,Bajo
5338,2024-07-03,Apulo,Guatemala,56,2024,7,3,3,Medio
5339,2024-10-23,Puerta Del Diablo,Mexico,9,2024,10,23,4,Bajo
5340,2024-11-19,Amulapa,Estados Unidos,18,2024,11,19,4,Bajo
5341,2022-08-23,Cerro Verde,Honduras,6,2022,8,23,3,Bajo
5342,2024-12-11,Cerro Verde,España,59,2024,12,11,4,Medio
5343,2023-01-23,Amulapa,Canada,75,2023,1,23,1,Alto
5344,2024-07-16,Sunset Park,Costa Rica,23,2024,7,16,3,Bajo
5345,2024-09-07,Amulapa,Guatemala,65,2024,9,7,3,Alto
5346,2024-12-28,Sunset Park,Canada,15,2024,12,28,4,Bajo
5347,2021-10-09,Sunset Park,Estados Unidos,7,2021,10,9,4,Bajo
5348,2022-07-26,Puerta Del Diablo,Nicaragua,22,2022,7,26,3,Bajo
5349,2024-01-22,Balboa,España,50,2024,1,22,1,Medio
5350,2021-09-12,Amulapa,Honduras,53,2021,9,12,3,Medio
5351,2023-06-27,Apulo,Mexico,9,2023,6,27,2,Bajo
5352,2022-01-22,Amulapa,Guatemala,70,2022,1,22,1,Alto
5353,2022-11-25,Amulapa,Costa Rica,33,2022,11,25,4,Medio
5354,2024-02-02,Apulo,Guatemala,31,2024,2,2,1,Medio
5355,2024-04-16,Cerro Verde,Costa Rica,78,2024,4,16,2,Alto
5356,2024-05-30,Balboa,Guatemala,57,2024,5,30,2,Medio
5357,2022-09-07,Puerta Del Diablo,Honduras,77,2022,9,7,3,Alto
5358,2024-10-17,Apulo,Guatemala,67,2024,10,17,4,Alto
5359,2021-08-15,Sunset Park,Honduras,22,2021,8,15,3,Bajo
5360,2023-01-23,Sunset Park,España,43,2023,1,23,1,Medio
5361,2024-02-08,Cerro Verde,Mexico,61,2024,2,8,1,Alto
5362,2024-08-14,Apulo,Honduras,71,2024,8,14,3,Alto
5363,2024-08-13,Apulo,Canada,18,2024,8,13,3,Bajo
5364,2021-08-30,Apulo,Honduras,15,2021,8,30,3,Bajo
5365,2023-12-24,Amulapa,Honduras,59,2023,12,24,4,Medio
5366,2021-06-26,Cerro Verde,España,24,2021,6,26,2,Bajo
5367,2021-07-31,Cerro Verde,España,53,2021,7,31,3,Medio
5368,2021-04-22,Cerro Verde,España,44,2021,4,22,2,Medio
5369,2024-09-17,Puerta Del Diablo,Honduras,29,2024,9,17,3,Bajo
5370,2022-01-21,Cerro Verde,Guatemala,36,2022,1,21,1,Medio
5371,2023-09-02,Apulo,Nicaragua,64,2023,9,2,3,Alto
5372,2023-04-04,Apulo,Honduras,74,2023,4,4,2,Alto
5373,2021-03-02,Puerta Del Diablo,Honduras,54,2021,3,2,1,Medio
5374,2021-10-17,Sunset Park,España,42,2021,10,17,4,Medio
5375,2024-04-06,Apulo,Guatemala,25,2024,4,6,2,Bajo
5376,2022-01-08,Sunset Park,Guatemala,69,2022,1,8,1,Alto
5377,2021-10-31,Cerro Verde,Costa Rica,5,2021,10,31,4,Bajo
5378,2022-10-23,Sunset Park,Honduras,8,2022,10,23,4,Bajo
5379,2022-01-07,Amulapa,España,78,2022,1,7,1,Alto
5380,2021-11-29,Amulapa,Canada,46,2021,11,29,4,Medio
5381,2023-12-09,Apulo,Nicaragua,79,2023,12,9,4,Alto
5382,2021-12-28,Puerta Del Diablo,Nicaragua,8,2021,12,28,4,Bajo
5383,2021-05-10,Amulapa,Guatemala,30,2021,5,10,2,Medio
5384,2022-06-16,Balboa,España,76,2022,6,16,2,Alto
5385,2021-05-27,Sunset Park,Estados Unidos,66,2021,5,27,2,Alto
5386,2021-05-06,Sunset Park,Nicaragua,51,2021,5,6,2,Medio
5387,2021-03-30,Balboa,Canada,67,2021,3,30,1,Alto
5388,2023-10-06,Sunset Park,Estados Unidos,53,2023,10,6,4,Medio
5389,2023-02-27,Sunset Park,España,10,2023,2,27,1,Bajo
5390,2024-08-03,Sunset Park,Honduras,27,2024,8,3,3,Bajo
5391,2023-10-07,Cerro Verde,Guatemala,8,2023,10,7,4,Bajo
5392,2024-05-23,Cerro Verde,Canada,65,2024,5,23,2,Alto
5393,2022-01-04,Sunset Park,Mexico,30,2022,1,4,1,Medio
5394,2022-01-22,Balboa,Estados Unidos,31,2022,1,22,1,Medio
5395,2023-06-02,Sunset Park,Estados Unidos,76,2023,6,2,2,Alto
5396,2022-04-15,Sunset Park,Estados Unidos,26,2022,4,15,2,Bajo
5397,2024-03-08,Balboa,Guatemala,42,2024,3,8,1,Medio
5398,2021-11-11,Apulo,Guatemala,12,2021,11,11,4,Bajo
5399,2021-02-25,Amulapa,Mexico,67,2021,2,25,1,Alto
5400,2022-01-04,Cerro Verde,Mexico,27,2022,1,4,1,Bajo
5401,2021-02-24,Balboa,Costa Rica,16,2021,2,24,1,Bajo
5402,2023-07-12,Puerta Del Diablo,Honduras,23,2023,7,12,3,Bajo
5403,2024-05-07,Sunset Park,Mexico,24,2024,5,7,2,Bajo
5404,2024-03-02,Sunset Park,Nicaragua,37,2024,3,2,1,Medio
5405,2022-12-25,Puerta Del Diablo,España,14,2022,12,25,4,Bajo
5406,2024-12-28,Apulo,Canada,79,2024,12,28,4,Alto
5407,2024-07-07,Balboa,Canada,75,2024,7,7,3,Alto
5408,2021-11-30,Amulapa,Nicaragua,24,2021,11,30,4,Bajo
5409,2023-09-29,Apulo,Estados Unidos,10,2023,9,29,3,Bajo
5410,2021-02-10,Amulapa,Guatemala,25,2021,2,10,1,Bajo
5411,2021-05-27,Puerta Del Diablo,Canada,54,2021,5,27,2,Medio
5412,2021-10-08,Sunset Park,Mexico,38,2021,10,8,4,Medio
5413,2021-09-20,Sunset Park,Costa Rica,32,2021,9,20,3,Medio
5414,2022-05-03,Puerta Del Diablo,Costa Rica,57,2022,5,3,2,Medio
5415,2021-07-07,Puerta Del Diablo,Costa Rica,16,2021,7,7,3,Bajo
5416,2021-04-20,Amulapa,Nicaragua,62,2021,4,20,2,Alto
5417,2023-07-13,Amulapa,Guatemala,58,2023,7,13,3,Medio
5418,2024-11-25,Puerta Del Diablo,Mexico,69,2024,11,25,4,Alto
5419,2022-09-21,Amulapa,Costa Rica,55,2022,9,21,3,Medio
5420,2024-11-20,Apulo,Honduras,18,2024,11,20,4,Bajo
5421,2024-05-26,Sunset Park,Nicaragua,41,2024,5,26,2,Medio
5422,2022-12-07,Amulapa,España,32,2022,12,7,4,Medio
5423,2023-04-28,Cerro Verde,Mexico,74,2023,4,28,2,Alto
5424,2024-04-18,Balboa,Guatemala,11,2024,4,18,2,Bajo
5425,2024-09-02,Sunset Park,Estados Unidos,35,2024,9,2,3,Medio
5426,2024-02-25,Cerro Verde,Costa Rica,8,2024,2,25,1,Bajo
5427,2024-02-16,Puerta Del Diablo,Mexico,31,2024,2,16,1,Medio
5428,2024-03-11,Balboa,Costa Rica,43,2024,3,11,1,Medio
5429,2023-04-21,Sunset Park,Costa Rica,28,2023,4,21,2,Bajo
5430,2022-09-29,Balboa,España,38,2022,9,29,3,Medio
5431,2024-01-07,Amulapa,España,5,2024,1,7,1,Bajo
5432,2021-03-08,Apulo,Mexico,60,2021,3,8,1,Alto
5433,2024-06-19,Balboa,Honduras,44,2024,6,19,2,Medio
5434,2022-06-01,Sunset Park,Nicaragua,79,2022,6,1,2,Alto
5435,2023-04-11,Puerta Del Diablo,Guatemala,64,2023,4,11,2,Alto
5436,2021-02-28,Puerta Del Diablo,Costa Rica,65,2021,2,28,1,Alto
5437,2023-04-06,Balboa,Canada,28,2023,4,6,2,Bajo
5438,2021-06-30,Amulapa,Estados Unidos,28,2021,6,30,2,Bajo
5439,2022-12-14,Sunset Park,España,61,2022,12,14,4,Alto
5440,2022-09-28,Puerta Del Diablo,Costa Rica,55,2022,9,28,3,Medio
5441,2022-07-10,Balboa,Honduras,76,2022,7,10,3,Alto
5442,2022-09-07,Sunset Park,Nicaragua,11,2022,9,7,3,Bajo
5443,2022-09-16,Puerta Del Diablo,Mexico,78,2022,9,16,3,Alto
5444,2022-01-04,Apulo,Costa Rica,68,2022,1,4,1,Alto
5445,2024-01-01,Cerro Verde,Canada,59,2024,1,1,1,Medio
5446,2023-08-28,Amulapa,Honduras,22,2023,8,28,3,Bajo
5447,2023-07-12,Balboa,España,52,2023,7,12,3,Medio
5448,2022-06-10,Sunset Park,Honduras,73,2022,6,10,2,Alto
5449,2021-04-17,Sunset Park,España,12,2021,4,17,2,Bajo
5450,2021-09-20,Puerta Del Diablo,Estados Unidos,76,2021,9,20,3,Alto
5451,2024-02-15,Apulo,España,13,2024,2,15,1,Bajo
5452,2024-09-05,Amulapa,Estados Unidos,15,2024,9,5,3,Bajo
5453,2021-12-20,Balboa,Mexico,12,2021,12,20,4,Bajo
5454,2023-03-11,Cerro Verde,España,34,2023,3,11,1,Medio
5455,2022-02-20,Puerta Del Diablo,Costa Rica,48,2022,2,20,1,Medio
5456,2024-05-30,Balboa,Estados Unidos,31,2024,5,30,2,Medio
5457,2022-02-07,Balboa,Costa Rica,6,2022,2,7,1,Bajo
5458,2021-11-28,Balboa,Guatemala,28,2021,11,28,4,Bajo
5459,2023-04-02,Sunset Park,Honduras,35,2023,4,2,2,Medio
5460,2021-09-30,Apulo,Guatemala,57,2021,9,30,3,Medio
5461,2023-03-28,Amulapa,Estados Unidos,78,2023,3,28,1,Alto
5462,2023-02-18,Sunset Park,Guatemala,63,2023,2,18,1,Alto
5463,2022-08-26,Amulapa,Costa Rica,22,2022,8,26,3,Bajo
5464,2021-05-30,Puerta Del Diablo,Canada,75,2021,5,30,2,Alto
5465,2021-01-25,Cerro Verde,España,21,2021,1,25,1,Bajo
5466,2023-10-19,Balboa,España,77,2023,10,19,4,Alto
5467,2024-12-23,Puerta Del Diablo,Honduras,55,2024,12,23,4,Medio
5468,2023-03-16,Amulapa,Estados Unidos,49,2023,3,16,1,Medio
5469,2023-02-18,Apulo,España,65,2023,2,18,1,Alto
5470,2021-02-13,Sunset Park,Estados Unidos,5,2021,2,13,1,Bajo
5471,2021-08-16,Apulo,Estados Unidos,34,2021,8,16,3,Medio
5472,2021-12-23,Apulo,Mexico,32,2021,12,23,4,Medio
5473,2024-04-08,Puerta Del Diablo,Honduras,34,2024,4,8,2,Medio
5474,2023-03-06,Puerta Del Diablo,Guatemala,40,2023,3,6,1,Medio
5475,2022-08-01,Puerta Del Diablo,Costa Rica,27,2022,8,1,3,Bajo
5476,2022-12-23,Apulo,Canada,52,2022,12,23,4,Medio
5477,2023-11-23,Amulapa,Canada,52,2023,11,23,4,Medio
5478,2021-01-02,Balboa,Nicaragua,56,2021,1,2,1,Medio
5479,2024-02-15,Puerta Del Diablo,Canada,38,2024,2,15,1,Medio
5480,2021-08-10,Sunset Park,Costa Rica,36,2021,8,10,3,Medio
5481,2022-10-12,Puerta Del Diablo,Nicaragua,68,2022,10,12,4,Alto
5482,2022-06-29,Sunset Park,Canada,41,2022,6,29,2,Medio
5483,2021-03-10,Puerta Del Diablo,Nicaragua,59,2021,3,10,1,Medio
5484,2021-04-20,Amulapa,Mexico,9,2021,4,20,2,Bajo
5485,2023-01-09,Amulapa,Canada,8,2023,1,9,1,Bajo
5486,2022-06-20,Puerta Del Diablo,España,50,2022,6,20,2,Medio
5487,2022-04-11,Cerro Verde,Costa Rica,34,2022,4,11,2,Medio
5488,2022-08-07,Balboa,Estados Unidos,14,2022,8,7,3,Bajo
5489,2023-12-25,Apulo,Honduras,62,2023,12,25,4,Alto
5490,2021-01-31,Sunset Park,España,13,2021,1,31,1,Bajo
5491,2022-06-22,Balboa,España,11,2022,6,22,2,Bajo
5492,2022-08-16,Cerro Verde,Canada,65,2022,8,16,3,Alto
5493,2023-09-16,Amulapa,Costa Rica,62,2023,9,16,3,Alto
5494,2022-08-26,Cerro Verde,Canada,25,2022,8,26,3,Bajo
5495,2024-05-20,Puerta Del Diablo,Honduras,67,2024,5,20,2,Alto
5496,2024-06-09,Sunset Park,Estados Unidos,20,2024,6,9,2,Bajo
5497,2022-07-13,Balboa,Nicaragua,22,2022,7,13,3,Bajo
5498,2021-04-25,Sunset Park,Guatemala,54,2021,4,25,2,Medio
5499,2021-12-14,Amulapa,Honduras,18,2021,12,14,4,Bajo
5500,2023-07-28,Sunset Park,Estados Unidos,66,2023,7,28,3,Alto
5501,2023-11-02,Amulapa,Nicaragua,26,2023,11,2,4,Bajo
5502,2021-09-27,Apulo,Mexico,16,2021,9,27,3,Bajo
5503,2021-03-29,Puerta Del Diablo,Costa Rica,52,2021,3,29,1,Medio
5504,2021-04-05,Amulapa,Mexico,61,2021,4,5,2,Alto
5505,2021-04-28,Cerro Verde,Nicaragua,64,2021,4,28,2,Alto
5506,2023-11-22,Apulo,Nicaragua,23,2023,11,22,4,Bajo
5507,2021-12-03,Cerro Verde,Nicaragua,29,2021,12,3,4,Bajo
5508,2023-09-12,Balboa,Estados Unidos,71,2023,9,12,3,Alto
5509,2024-07-11,Apulo,Guatemala,33,2024,7,11,3,Medio
5510,2021-12-29,Cerro Verde,Guatemala,50,2021,12,29,4,Medio
5511,2024-03-19,Sunset Park,Guatemala,70,2024,3,19,1,Alto
5512,2021-11-19,Sunset Park,Estados Unidos,39,2021,11,19,4,Medio
5513,2022-04-24,Puerta Del Diablo,Mexico,32,2022,4,24,2,Medio
5514,2024-08-19,Amulapa,Canada,68,2024,8,19,3,Alto
5515,2023-11-28,Cerro Verde,Estados Unidos,27,2023,11,28,4,Bajo
5516,2021-02-18,Apulo,Costa Rica,51,2021,2,18,1,Medio
5517,2022-07-27,Balboa,Estados Unidos,36,2022,7,27,3,Medio
5518,2023-02-07,Sunset Park,Estados Unidos,73,2023,2,7,1,Alto
5519,2021-02-19,Apulo,Nicaragua,49,2021,2,19,1,Medio
5520,2023-01-03,Amulapa,Costa Rica,15,2023,1,3,1,Bajo
5521,2024-05-10,Puerta Del Diablo,Nicaragua,63,2024,5,10,2,Alto
5522,2021-03-16,Puerta Del Diablo,Mexico,78,2021,3,16,1,Alto
5523,2024-02-28,Balboa,Honduras,61,2024,2,28,1,Alto
5524,2021-07-24,Sunset Park,Guatemala,46,2021,7,24,3,Medio
5525,2022-04-08,Amulapa,Mexico,66,2022,4,8,2,Alto
5526,2023-12-06,Cerro Verde,Mexico,26,2023,12,6,4,Bajo
5527,2023-12-02,Amulapa,Canada,21,2023,12,2,4,Bajo
5528,2023-06-01,Cerro Verde,España,15,2023,6,1,2,Bajo
5529,2023-02-16,Sunset Park,Costa Rica,7,2023,2,16,1,Bajo
5530,2023-10-01,Balboa,Honduras,62,2023,10,1,4,Alto
5531,2024-08-08,Balboa,Nicaragua,73,2024,8,8,3,Alto
5532,2021-06-15,Puerta Del Diablo,Costa Rica,69,2021,6,15,2,Alto
5533,2024-11-02,Cerro Verde,España,50,2024,11,2,4,Medio
5534,2022-02-24,Puerta Del Diablo,Honduras,10,2022,2,24,1,Bajo
5535,2024-01-27,Cerro Verde,Honduras,78,2024,1,27,1,Alto
5536,2023-10-05,Apulo,Mexico,17,2023,10,5,4,Bajo
5537,2021-06-29,Apulo,Mexico,14,2021,6,29,2,Bajo
5538,2023-04-30,Balboa,Estados Unidos,21,2023,4,30,2,Bajo
5539,2022-05-23,Amulapa,Guatemala,14,2022,5,23,2,Bajo
5540,2024-11-25,Cerro Verde,Mexico,76,2024,11,25,4,Alto
5541,2021-08-27,Balboa,Canada,19,2021,8,27,3,Bajo
5542,2022-07-26,Puerta Del Diablo,España,30,2022,7,26,3,Medio
5543,2021-10-02,Amulapa,Mexico,70,2021,10,2,4,Alto
5544,2021-11-02,Amulapa,Honduras,25,2021,11,2,4,Bajo
5545,2022-05-07,Puerta Del Diablo,Canada,76,2022,5,7,2,Alto
5546,2022-04-16,Puerta Del Diablo,Mexico,21,2022,4,16,2,Bajo
5547,2022-01-10,Puerta Del Diablo,Nicaragua,25,2022,1,10,1,Bajo
5548,2022-11-08,Apulo,Costa Rica,69,2022,11,8,4,Alto
5549,2022-04-01,Balboa,Canada,64,2022,4,1,2,Alto
5550,2021-07-10,Cerro Verde,Mexico,7,2021,7,10,3,Bajo
5551,2022-07-31,Amulapa,Costa Rica,58,2022,7,31,3,Medio
5552,2023-12-13,Cerro Verde,Estados Unidos,37,2023,12,13,4,Medio
5553,2022-07-25,Amulapa,España,32,2022,7,25,3,Medio
5554,2024-08-16,Balboa,Honduras,46,2024,8,16,3,Medio
5555,2023-04-22,Balboa,Mexico,33,2023,4,22,2,Medio
5556,2021-01-03,Balboa,Costa Rica,66,2021,1,3,1,Alto
5557,2024-05-23,Balboa,Mexico,60,2024,5,23,2,Alto
5558,2024-09-02,Amulapa,Costa Rica,7,2024,9,2,3,Bajo
5559,2021-04-07,Puerta Del Diablo,Costa Rica,28,2021,4,7,2,Bajo
5560,2021-04-12,Sunset Park,Mexico,30,2021,4,12,2,Medio
5561,2022-10-29,Cerro Verde,Canada,28,2022,10,29,4,Bajo
5562,2023-02-15,Amulapa,Canada,18,2023,2,15,1,Bajo
5563,2022-07-30,Amulapa,Canada,79,2022,7,30,3,Alto
5564,2023-07-08,Cerro Verde,Honduras,72,2023,7,8,3,Alto
5565,2022-07-06,Cerro Verde,Mexico,57,2022,7,6,3,Medio
5566,2024-03-23,Cerro Verde,Mexico,71,2024,3,23,1,Alto
5567,2024-08-25,Apulo,Canada,63,2024,8,25,3,Alto
5568,2022-12-04,Amulapa,Canada,16,2022,12,4,4,Bajo
5569,2024-02-13,Apulo,Honduras,5,2024,2,13,1,Bajo
5570,2022-03-31,Balboa,Honduras,28,2022,3,31,1,Bajo
5571,2021-08-31,Balboa,Guatemala,9,2021,8,31,3,Bajo
5572,2022-12-28,Amulapa,Nicaragua,39,2022,12,28,4,Medio
5573,2021-06-29,Apulo,Estados Unidos,49,2021,6,29,2,Medio
5574,2022-09-09,Puerta Del Diablo,Nicaragua,41,2022,9,9,3,Medio
5575,2021-02-06,Balboa,Guatemala,56,2021,2,6,1,Medio
5576,2024-09-03,Puerta Del Diablo,Canada,33,2024,9,3,3,Medio
5577,2024-02-28,Apulo,España,25,2024,2,28,1,Bajo
5578,2024-05-22,Puerta Del Diablo,Honduras,31,2024,5,22,2,Medio
5579,2024-05-17,Puerta Del Diablo,Canada,25,2024,5,17,2,Bajo
5580,2021-01-05,Puerta Del Diablo,Nicaragua,62,2021,1,5,1,Alto
5581,2024-05-23,Balboa,Nicaragua,26,2024,5,23,2,Bajo
5582,2022-08-25,Puerta Del Diablo,Estados Unidos,38,2022,8,25,3,Medio
5583,2023-11-27,Balboa,Honduras,6,2023,11,27,4,Bajo
5584,2021-08-26,Sunset Park,España,6,2021,8,26,3,Bajo
5585,2021-06-29,Puerta Del Diablo,Canada,34,2021,6,29,2,Medio
5586,2021-08-18,Sunset Park,Guatemala,56,2021,8,18,3,Medio
5587,2022-10-11,Puerta Del Diablo,Nicaragua,17,2022,10,11,4,Bajo
5588,2022-06-10,Sunset Park,España,19,2022,6,10,2,Bajo
5589,2021-04-06,Apulo,Costa Rica,7,2021,4,6,2,Bajo
5590,2022-03-11,Sunset Park,Canada,37,2022,3,11,1,Medio
5591,2023-09-29,Sunset Park,Canada,79,2023,9,29,3,Alto
5592,2023-12-28,Cerro Verde,Canada,15,2023,12,28,4,Bajo
5593,2023-10-01,Amulapa,Costa Rica,59,2023,10,1,4,Medio
5594,2023-09-10,Amulapa,Costa Rica,25,2023,9,10,3,Bajo
5595,2023-12-20,Amulapa,Costa Rica,43,2023,12,20,4,Medio
5596,2023-08-25,Sunset Park,Honduras,68,2023,8,25,3,Alto
5597,2024-11-10,Sunset Park,Honduras,43,2024,11,10,4,Medio
5598,2022-01-23,Amulapa,Guatemala,53,2022,1,23,1,Medio
5599,2022-04-03,Balboa,Nicaragua,59,2022,4,3,2,Medio
5600,2024-09-29,Puerta Del Diablo,Nicaragua,54,2024,9,29,3,Medio
5601,2021-11-03,Amulapa,España,51,2021,11,3,4,Medio
5602,2022-03-12,Cerro Verde,Costa Rica,46,2022,3,12,1,Medio
5603,2023-10-18,Balboa,Estados Unidos,7,2023,10,18,4,Bajo
5604,2022-06-24,Cerro Verde,España,50,2022,6,24,2,Medio
5605,2022-12-21,Puerta Del Diablo,Estados Unidos,45,2022,12,21,4,Medio
5606,2022-07-18,Sunset Park,Guatemala,41,2022,7,18,3,Medio
5607,2021-05-27,Puerta Del Diablo,Estados Unidos,66,2021,5,27,2,Alto
5608,2024-11-27,Sunset Park,Nicaragua,32,2024,11,27,4,Medio
5609,2021-02-13,Cerro Verde,España,11,2021,2,13,1,Bajo
5610,2022-10-28,Amulapa,Costa Rica,46,2022,10,28,4,Medio
5611,2022-02-09,Sunset Park,España,78,2022,2,9,1,Alto
5612,2024-01-15,Amulapa,Guatemala,56,2024,1,15,1,Medio
5613,2023-07-25,Puerta Del Diablo,Nicaragua,17,2023,7,25,3,Bajo
5614,2024-07-18,Sunset Park,Nicaragua,25,2024,7,18,3,Bajo
5615,2021-03-13,Puerta Del Diablo,Honduras,49,2021,3,13,1,Medio
5616,2021-11-08,Puerta Del Diablo,Estados Unidos,6,2021,11,8,4,Bajo
5617,2024-10-13,Balboa,Nicaragua,55,2024,10,13,4,Medio
5618,2024-02-08,Amulapa,Canada,16,2024,2,8,1,Bajo
5619,2021-11-10,Puerta Del Diablo,Canada,22,2021,11,10,4,Bajo
5620,2021-06-28,Amulapa,Honduras,10,2021,6,28,2,Bajo
5621,2022-12-12,Balboa,Mexico,48,2022,12,12,4,Medio
5622,2024-07-06,Apulo,Guatemala,11,2024,7,6,3,Bajo
5623,2024-04-15,Amulapa,Estados Unidos,35,2024,4,15,2,Medio
5624,2024-08-21,Balboa,Honduras,10,2024,8,21,3,Bajo
5625,2024-11-16,Sunset Park,Estados Unidos,58,2024,11,16,4,Medio
5626,2023-03-02,Apulo,Honduras,46,2023,3,2,1,Medio
5627,2024-12-25,Balboa,Nicaragua,20,2024,12,25,4,Bajo
5628,2023-07-07,Amulapa,Canada,9,2023,7,7,3,Bajo
5629,2022-07-27,Balboa,Nicaragua,23,2022,7,27,3,Bajo
5630,2024-06-26,Cerro Verde,Estados Unidos,55,2024,6,26,2,Medio
5631,2023-09-07,Balboa,Canada,39,2023,9,7,3,Medio
5632,2022-01-22,Apulo,Honduras,11,2022,1,22,1,Bajo
5633,2023-02-07,Amulapa,Nicaragua,72,2023,2,7,1,Alto
5634,2022-07-15,Sunset Park,Nicaragua,32,2022,7,15,3,Medio
5635,2024-02-22,Balboa,Estados Unidos,60,2024,2,22,1,Alto
5636,2024-04-04,Amulapa,Estados Unidos,65,2024,4,4,2,Alto
5637,2021-08-18,Sunset Park,Guatemala,68,2021,8,18,3,Alto
5638,2022-12-01,Puerta Del Diablo,Honduras,55,2022,12,1,4,Medio
5639,2022-08-18,Amulapa,Canada,31,2022,8,18,3,Medio
5640,2024-04-21,Balboa,Canada,57,2024,4,21,2,Medio
5641,2023-03-08,Sunset Park,España,63,2023,3,8,1,Alto
5642,2024-03-09,Puerta Del Diablo,Guatemala,44,2024,3,9,1,Medio
5643,2021-07-25,Amulapa,Mexico,72,2021,7,25,3,Alto
5644,2024-02-10,Amulapa,Nicaragua,24,2024,2,10,1,Bajo
5645,2024-02-08,Apulo,Canada,64,2024,2,8,1,Alto
5646,2023-02-25,Puerta Del Diablo,Honduras,76,2023,2,25,1,Alto
5647,2024-02-06,Puerta Del Diablo,Canada,16,2024,2,6,1,Bajo
5648,2024-05-13,Balboa,Guatemala,24,2024,5,13,2,Bajo
5649,2022-08-18,Balboa,España,46,2022,8,18,3,Medio
5650,2023-04-09,Sunset Park,Costa Rica,19,2023,4,9,2,Bajo
5651,2023-09-13,Puerta Del Diablo,Mexico,55,2023,9,13,3,Medio
5652,2022-11-27,Amulapa,España,21,2022,11,27,4,Bajo
5653,2024-09-09,Puerta Del Diablo,Estados Unidos,76,2024,9,9,3,Alto
5654,2021-08-14,Puerta Del Diablo,Mexico,67,2021,8,14,3,Alto
5655,2024-11-02,Cerro Verde,Honduras,34,2024,11,2,4,Medio
5656,2021-04-30,Sunset Park,España,28,2021,4,30,2,Bajo
5657,2022-03-17,Balboa,Costa Rica,54,2022,3,17,1,Medio
5658,2021-03-10,Amulapa,Canada,68,2021,3,10,1,Alto
5659,2024-03-13,Apulo,Canada,40,2024,3,13,1,Medio
5660,2023-09-12,Amulapa,Honduras,45,2023,9,12,3,Medio
5661,2022-12-01,Puerta Del Diablo,Mexico,48,2022,12,1,4,Medio
5662,2021-08-01,Amulapa,Guatemala,55,2021,8,1,3,Medio
5663,2021-09-12,Amulapa,Estados Unidos,57,2021,9,12,3,Medio
5664,2021-07-16,Apulo,Costa Rica,8,2021,7,16,3,Bajo
5665,2024-01-07,Apulo,Nicaragua,47,2024,1,7,1,Medio
5666,2021-01-30,Balboa,Nicaragua,31,2021,1,30,1,Medio
5667,2021-12-12,Sunset Park,Nicaragua,70,2021,12,12,4,Alto
5668,2021-08-16,Cerro Verde,Canada,9,2021,8,16,3,Bajo
5669,2022-04-28,Sunset Park,Nicaragua,61,2022,4,28,2,Alto
5670,2023-10-08,Apulo,Estados Unidos,41,2023,10,8,4,Medio
5671,2023-02-28,Sunset Park,Canada,39,2023,2,28,1,Medio
5672,2023-06-20,Amulapa,Costa Rica,20,2023,6,20,2,Bajo
5673,2021-08-08,Cerro Verde,Canada,13,2021,8,8,3,Bajo
5674,2023-04-30,Cerro Verde,Honduras,26,2023,4,30,2,Bajo
5675,2024-01-08,Cerro Verde,Nicaragua,73,2024,1,8,1,Alto
5676,2024-08-07,Apulo,Canada,28,2024,8,7,3,Bajo
5677,2024-02-19,Sunset Park,Costa Rica,18,2024,2,19,1,Bajo
5678,2021-04-29,Balboa,España,10,2021,4,29,2,Bajo
5679,2023-07-16,Cerro Verde,Canada,52,2023,7,16,3,Medio
5680,2024-12-18,Balboa,Canada,43,2024,12,18,4,Medio
5681,2021-06-21,Balboa,Honduras,24,2021,6,21,2,Bajo
5682,2022-08-13,Apulo,Costa Rica,26,2022,8,13,3,Bajo
5683,2023-08-28,Cerro Verde,Estados Unidos,62,2023,8,28,3,Alto
5684,2022-09-06,Apulo,Nicaragua,38,2022,9,6,3,Medio
5685,2023-09-04,Apulo,Mexico,36,2023,9,4,3,Medio
5686,2021-12-28,Sunset Park,Honduras,72,2021,12,28,4,Alto
5687,2021-12-15,Apulo,Estados Unidos,51,2021,12,15,4,Medio
5688,2023-07-06,Sunset Park,Costa Rica,22,2023,7,6,3,Bajo
5689,2022-03-07,Sunset Park,Costa Rica,45,2022,3,7,1,Medio
5690,2023-05-27,Cerro Verde,Estados Unidos,25,2023,5,27,2,Bajo
5691,2022-01-21,Amulapa,Guatemala,76,2022,1,21,1,Alto
5692,2024-09-03,Balboa,Guatemala,27,2024,9,3,3,Bajo
5693,2023-11-05,Cerro Verde,Canada,62,2023,11,5,4,Alto
5694,2024-05-26,Amulapa,Honduras,21,2024,5,26,2,Bajo
5695,2022-03-17,Amulapa,Nicaragua,65,2022,3,17,1,Alto
5696,2023-04-17,Sunset Park,Costa Rica,64,2023,4,17,2,Alto
5697,2024-06-01,Puerta Del Diablo,Costa Rica,13,2024,6,1,2,Bajo
5698,2021-01-17,Balboa,Canada,48,2021,1,17,1,Medio
5699,2024-05-27,Balboa,Guatemala,36,2024,5,27,2,Medio
5700,2021-07-11,Puerta Del Diablo,España,45,2021,7,11,3,Medio
5701,2022-10-16,Cerro Verde,Costa Rica,35,2022,10,16,4,Medio
5702,2024-02-16,Puerta Del Diablo,Honduras,5,2024,2,16,1,Bajo
5703,2024-10-18,Puerta Del Diablo,Nicaragua,29,2024,10,18,4,Bajo
5704,2024-10-28,Cerro Verde,Guatemala,16,2024,10,28,4,Bajo
5705,2024-11-26,Puerta Del Diablo,Honduras,45,2024,11,26,4,Medio
5706,2022-04-26,Puerta Del Diablo,Canada,35,2022,4,26,2,Medio
5707,2021-10-20,Sunset Park,Estados Unidos,79,2021,10,20,4,Alto
5708,2023-12-14,Apulo,Costa Rica,69,2023,12,14,4,Alto
5709,2022-02-19,Cerro Verde,Honduras,10,2022,2,19,1,Bajo
5710,2021-03-23,Amulapa,Costa Rica,73,2021,3,23,1,Alto
5711,2023-12-12,Sunset Park,Canada,60,2023,12,12,4,Alto
5712,2022-11-29,Cerro Verde,Mexico,73,2022,11,29,4,Alto
5713,2024-09-15,Amulapa,Guatemala,15,2024,9,15,3,Bajo
5714,2022-10-19,Puerta Del Diablo,Nicaragua,33,2022,10,19,4,Medio
5715,2023-06-16,Sunset Park,España,11,2023,6,16,2,Bajo
5716,2021-11-21,Amulapa,Mexico,32,2021,11,21,4,Medio
5717,2021-08-09,Amulapa,Nicaragua,24,2021,8,9,3,Bajo
5718,2023-06-10,Amulapa,España,61,2023,6,10,2,Alto
5719,2024-04-11,Amulapa,Canada,18,2024,4,11,2,Bajo
5720,2021-06-07,Balboa,Costa Rica,46,2021,6,7,2,Medio
5721,2021-08-21,Amulapa,Estados Unidos,36,2021,8,21,3,Medio
5722,2022-08-07,Balboa,Estados Unidos,21,2022,8,7,3,Bajo
5723,2024-10-10,Puerta Del Diablo,Mexico,49,2024,10,10,4,Medio
5724,2021-05-11,Amulapa,Canada,32,2021,5,11,2,Medio
5725,2023-12-25,Balboa,Canada,79,2023,12,25,4,Alto
5726,2022-09-01,Puerta Del Diablo,España,50,2022,9,1,3,Medio
5727,2023-02-11,Apulo,Guatemala,29,2023,2,11,1,Bajo
5728,2022-08-29,Sunset Park,Estados Unidos,63,2022,8,29,3,Alto
5729,2024-11-23,Amulapa,Mexico,50,2024,11,23,4,Medio
5730,2021-12-24,Cerro Verde,Nicaragua,26,2021,12,24,4,Bajo
5731,2024-09-11,Amulapa,Mexico,35,2024,9,11,3,Medio
5732,2024-06-11,Amulapa,Canada,74,2024,6,11,2,Alto
5733,2021-02-04,Apulo,Mexico,37,2021,2,4,1,Medio
5734,2024-06-03,Puerta Del Diablo,Canada,36,2024,6,3,2,Medio
5735,2022-06-23,Amulapa,Mexico,23,2022,6,23,2,Bajo
5736,2023-04-25,Balboa,Nicaragua,7,2023,4,25,2,Bajo
5737,2022-11-12,Cerro Verde,Guatemala,30,2022,11,12,4,Medio
5738,2021-06-17,Sunset Park,Canada,44,2021,6,17,2,Medio
5739,2023-06-12,Puerta Del Diablo,Guatemala,53,2023,6,12,2,Medio
5740,2024-10-04,Sunset Park,Guatemala,59,2024,10,4,4,Medio
5741,2023-04-06,Cerro Verde,Canada,46,2023,4,6,2,Medio
5742,2023-11-27,Sunset Park,Nicaragua,51,2023,11,27,4,Medio
5743,2022-03-18,Amulapa,Mexico,37,2022,3,18,1,Medio
5744,2024-12-21,Balboa,Mexico,26,2024,12,21,4,Bajo
5745,2022-03-05,Cerro Verde,Estados Unidos,52,2022,3,5,1,Medio
5746,2021-05-20,Cerro Verde,Guatemala,38,2021,5,20,2,Medio
5747,2021-02-28,Puerta Del Diablo,España,56,2021,2,28,1,Medio
5748,2023-07-11,Apulo,Canada,19,2023,7,11,3,Bajo
5749,2024-10-01,Balboa,Canada,63,2024,10,1,4,Alto
5750,2024-11-18,Puerta Del Diablo,Honduras,60,2024,11,18,4,Alto
5751,2024-12-27,Cerro Verde,España,16,2024,12,27,4,Bajo
5752,2021-09-16,Balboa,Canada,68,2021,9,16,3,Alto
5753,2024-11-01,Cerro Verde,Mexico,49,2024,11,1,4,Medio
5754,2021-03-05,Cerro Verde,Canada,15,2021,3,5,1,Bajo
5755,2023-02-13,Puerta Del Diablo,España,58,2023,2,13,1,Medio
5756,2022-11-26,Balboa,Canada,39,2022,11,26,4,Medio
5757,2021-07-13,Sunset Park,Estados Unidos,38,2021,7,13,3,Medio
5758,2022-12-20,Cerro Verde,España,55,2022,12,20,4,Medio
5759,2022-10-04,Cerro Verde,Canada,33,2022,10,4,4,Medio
5760,2023-03-10,Amulapa,Guatemala,41,2023,3,10,1,Medio
5761,2021-06-20,Puerta Del Diablo,Guatemala,53,2021,6,20,2,Medio
5762,2021-11-17,Sunset Park,Guatemala,24,2021,11,17,4,Bajo
5763,2022-08-10,Balboa,Honduras,48,2022,8,10,3,Medio
5764,2022-08-17,Sunset Park,Costa Rica,52,2022,8,17,3,Medio
5765,2022-09-07,Balboa,Honduras,41,2022,9,7,3,Medio
5766,2021-11-17,Balboa,Mexico,64,2021,11,17,4,Alto
5767,2021-10-08,Sunset Park,Nicaragua,69,2021,10,8,4,Alto
5768,2023-09-21,Puerta Del Diablo,Canada,14,2023,9,21,3,Bajo
5769,2023-08-21,Sunset Park,Mexico,5,2023,8,21,3,Bajo
5770,2021-10-22,Puerta Del Diablo,España,58,2021,10,22,4,Medio
5771,2021-06-18,Puerta Del Diablo,Guatemala,32,2021,6,18,2,Medio
5772,2022-01-02,Sunset Park,Costa Rica,47,2022,1,2,1,Medio
5773,2021-04-05,Cerro Verde,Canada,69,2021,4,5,2,Alto
5774,2022-01-10,Apulo,Costa Rica,11,2022,1,10,1,Bajo
5775,2024-04-16,Puerta Del Diablo,Mexico,14,2024,4,16,2,Bajo
5776,2023-12-17,Puerta Del Diablo,Costa Rica,22,2023,12,17,4,Bajo
5777,2022-09-30,Balboa,Honduras,17,2022,9,30,3,Bajo
5778,2024-11-27,Cerro Verde,Honduras,31,2024,11,27,4,Medio
5779,2023-03-27,Balboa,Canada,27,2023,3,27,1,Bajo
5780,2024-07-31,Sunset Park,Nicaragua,33,2024,7,31,3,Medio
5781,2023-12-02,Cerro Verde,Mexico,18,2023,12,2,4,Bajo
5782,2022-11-07,Sunset Park,Mexico,16,2022,11,7,4,Bajo
5783,2022-10-10,Sunset Park,Nicaragua,69,2022,10,10,4,Alto
5784,2024-04-29,Cerro Verde,Guatemala,54,2024,4,29,2,Medio
5785,2023-10-30,Sunset Park,España,27,2023,10,30,4,Bajo
5786,2022-04-12,Sunset Park,Nicaragua,52,2022,4,12,2,Medio
5787,2021-04-03,Amulapa,Costa Rica,41,2021,4,3,2,Medio
5788,2021-05-14,Amulapa,Nicaragua,41,2021,5,14,2,Medio
5789,2024-04-07,Apulo,España,64,2024,4,7,2,Alto
5790,2024-11-04,Cerro Verde,España,23,2024,11,4,4,Bajo
5791,2022-09-11,Apulo,Nicaragua,29,2022,9,11,3,Bajo
5792,2024-02-09,Sunset Park,Honduras,48,2024,2,9,1,Medio
5793,2021-11-12,Cerro Verde,Nicaragua,73,2021,11,12,4,Alto
5794,2022-04-25,Apulo,Mexico,37,2022,4,25,2,Medio
5795,2023-10-25,Amulapa,Costa Rica,15,2023,10,25,4,Bajo
5796,2022-01-16,Puerta Del Diablo,España,65,2022,1,16,1,Alto
5797,2023-11-04,Amulapa,Canada,41,2023,11,4,4,Medio
5798,2024-03-28,Amulapa,España,18,2024,3,28,1,Bajo
5799,2024-07-28,Cerro Verde,España,73,2024,7,28,3,Alto
5800,2021-06-05,Sunset Park,Mexico,28,2021,6,5,2,Bajo
5801,2022-03-24,Sunset Park,Honduras,71,2022,3,24,1,Alto
5802,2022-08-12,Amulapa,Honduras,60,2022,8,12,3,Alto
5803,2022-05-07,Cerro Verde,Estados Unidos,7,2022,5,7,2,Bajo
5804,2022-06-20,Cerro Verde,España,22,2022,6,20,2,Bajo
5805,2023-10-03,Amulapa,Guatemala,22,2023,10,3,4,Bajo
5806,2023-08-14,Puerta Del Diablo,Canada,54,2023,8,14,3,Medio
5807,2023-11-05,Amulapa,Honduras,23,2023,11,5,4,Bajo
5808,2024-09-26,Apulo,Canada,6,2024,9,26,3,Bajo
5809,2022-07-20,Sunset Park,España,64,2022,7,20,3,Alto
5810,2022-08-23,Amulapa,Estados Unidos,10,2022,8,23,3,Bajo
5811,2022-08-14,Apulo,Costa Rica,49,2022,8,14,3,Medio
5812,2023-10-26,Puerta Del Diablo,Costa Rica,29,2023,10,26,4,Bajo
5813,2023-11-29,Sunset Park,Canada,51,2023,11,29,4,Medio
5814,2024-04-29,Amulapa,Nicaragua,62,2024,4,29,2,Alto
5815,2024-05-08,Cerro Verde,Estados Unidos,74,2024,5,8,2,Alto
5816,2022-08-11,Sunset Park,Estados Unidos,66,2022,8,11,3,Alto
5817,2024-01-07,Sunset Park,Estados Unidos,24,2024,1,7,1,Bajo
5818,2022-01-20,Balboa,España,22,2022,1,20,1,Bajo
5819,2022-01-15,Amulapa,Estados Unidos,69,2022,1,15,1,Alto
5820,2022-10-22,Amulapa,Nicaragua,30,2022,10,22,4,Medio
5821,2021-04-02,Balboa,Guatemala,43,2021,4,2,2,Medio
5822,2024-04-15,Puerta Del Diablo,Mexico,39,2024,4,15,2,Medio
5823,2021-03-31,Balboa,Estados Unidos,29,2021,3,31,1,Bajo
5824,2023-11-08,Cerro Verde,Nicaragua,51,2023,11,8,4,Medio
5825,2022-06-19,Puerta Del Diablo,Mexico,7,2022,6,19,2,Bajo
5826,2024-02-04,Apulo,Estados Unidos,23,2024,2,4,1,Bajo
5827,2022-02-06,Amulapa,España,18,2022,2,6,1,Bajo
5828,2022-04-01,Apulo,Mexico,66,2022,4,1,2,Alto
5829,2024-12-29,Amulapa,Guatemala,17,2024,12,29,4,Bajo
5830,2023-04-08,Sunset Park,España,66,2023,4,8,2,Alto
5831,2024-02-14,Sunset Park,Estados Unidos,40,2024,2,14,1,Medio
5832,2022-02-12,Apulo,Mexico,49,2022,2,12,1,Medio
5833,2021-02-19,Cerro Verde,Estados Unidos,11,2021,2,19,1,Bajo
5834,2022-08-19,Balboa,Mexico,28,2022,8,19,3,Bajo
5835,2021-02-06,Sunset Park,Estados Unidos,28,2021,2,6,1,Bajo
5836,2022-11-28,Amulapa,Nicaragua,63,2022,11,28,4,Alto
5837,2024-03-27,Puerta Del Diablo,España,30,2024,3,27,1,Medio
5838,2022-02-09,Apulo,Estados Unidos,68,2022,2,9,1,Alto
5839,2024-11-23,Balboa,Costa Rica,76,2024,11,23,4,Alto
5840,2024-09-30,Sunset Park,Honduras,48,2024,9,30,3,Medio
5841,2023-08-25,Cerro Verde,Honduras,37,2023,8,25,3,Medio
5842,2023-07-17,Balboa,Honduras,6,2023,7,17,3,Bajo
5843,2023-09-10,Cerro Verde,Canada,43,2023,9,10,3,Medio
5844,2021-04-25,Puerta Del Diablo,Canada,18,2021,4,25,2,Bajo
5845,2023-12-07,Cerro Verde,Canada,51,2023,12,7,4,Medio
5846,2022-03-02,Amulapa,Canada,54,2022,3,2,1,Medio
5847,2023-09-30,Apulo,Nicaragua,33,2023,9,30,3,Medio
5848,2021-04-01,Apulo,Honduras,19,2021,4,1,2,Bajo
5849,2022-06-01,Sunset Park,Honduras,35,2022,6,1,2,Medio
5850,2022-04-14,Amulapa,Guatemala,44,2022,4,14,2,Medio
5851,2022-04-16,Balboa,Estados Unidos,54,2022,4,16,2,Medio
5852,2023-06-01,Sunset Park,Mexico,40,2023,6,1,2,Medio
5853,2024-01-31,Amulapa,Guatemala,39,2024,1,31,1,Medio
5854,2024-07-24,Puerta Del Diablo,Mexico,35,2024,7,24,3,Medio
5855,2024-06-02,Amulapa,Guatemala,79,2024,6,2,2,Alto
5856,2024-05-09,Sunset Park,Canada,9,2024,5,9,2,Bajo
5857,2023-07-10,Cerro Verde,Canada,75,2023,7,10,3,Alto
5858,2021-06-22,Balboa,Canada,41,2021,6,22,2,Medio
5859,2023-03-25,Apulo,Guatemala,24,2023,3,25,1,Bajo
5860,2023-05-01,Apulo,España,62,2023,5,1,2,Alto
5861,2021-11-16,Sunset Park,Mexico,10,2021,11,16,4,Bajo
5862,2023-05-30,Balboa,Guatemala,63,2023,5,30,2,Alto
5863,2023-03-13,Amulapa,Canada,42,2023,3,13,1,Medio
5864,2024-05-04,Apulo,Canada,60,2024,5,4,2,Alto
5865,2022-11-22,Apulo,España,18,2022,11,22,4,Bajo
5866,2023-10-05,Puerta Del Diablo,Costa Rica,10,2023,10,5,4,Bajo
5867,2021-11-29,Apulo,Canada,39,2021,11,29,4,Medio
5868,2024-11-23,Amulapa,España,44,2024,11,23,4,Medio
5869,2021-11-19,Cerro Verde,Mexico,64,2021,11,19,4,Alto
5870,2023-12-17,Sunset Park,Estados Unidos,33,2023,12,17,4,Medio
5871,2021-03-10,Amulapa,Costa Rica,63,2021,3,10,1,Alto
5872,2022-06-06,Balboa,España,71,2022,6,6,2,Alto
5873,2023-07-03,Cerro Verde,Canada,73,2023,7,3,3,Alto
5874,2021-05-04,Puerta Del Diablo,España,13,2021,5,4,2,Bajo
5875,2024-07-11,Puerta Del Diablo,Estados Unidos,24,2024,7,11,3,Bajo
5876,2021-09-29,Puerta Del Diablo,Nicaragua,40,2021,9,29,3,Medio
5877,2023-04-20,Amulapa,España,40,2023,4,20,2,Medio
5878,2022-10-06,Cerro Verde,Estados Unidos,19,2022,10,6,4,Bajo
5879,2022-12-29,Balboa,Estados Unidos,11,2022,12,29,4,Bajo
5880,2024-11-28,Balboa,Costa Rica,79,2024,11,28,4,Alto
5881,2021-01-30,Cerro Verde,España,23,2021,1,30,1,Bajo
5882,2023-07-17,Amulapa,Estados Unidos,30,2023,7,17,3,Medio
5883,2024-03-22,Puerta Del Diablo,Guatemala,25,2024,3,22,1,Bajo
5884,2022-04-24,Balboa,Mexico,25,2022,4,24,2,Bajo
5885,2021-02-18,Cerro Verde,Guatemala,64,2021,2,18,1,Alto
5886,2023-05-30,Apulo,Guatemala,30,2023,5,30,2,Medio
5887,2022-08-24,Amulapa,Canada,68,2022,8,24,3,Alto
5888,2024-02-28,Balboa,Nicaragua,22,2024,2,28,1,Bajo
5889,2022-12-01,Sunset Park,Honduras,54,2022,12,1,4,Medio
5890,2023-02-05,Puerta Del Diablo,Estados Unidos,10,2023,2,5,1,Bajo
5891,2023-08-21,Amulapa,Nicaragua,14,2023,8,21,3,Bajo
5892,2022-04-14,Apulo,Guatemala,20,2022,4,14,2,Bajo
5893,2022-06-26,Puerta Del Diablo,Costa Rica,65,2022,6,26,2,Alto
5894,2024-09-21,Apulo,España,37,2024,9,21,3,Medio
5895,2023-05-27,Balboa,Guatemala,46,2023,5,27,2,Medio
5896,2021-09-13,Apulo,España,60,2021,9,13,3,Alto
5897,2021-04-02,Sunset Park,Estados Unidos,6,2021,4,2,2,Bajo
5898,2022-06-13,Balboa,Guatemala,47,2022,6,13,2,Medio
5899,2024-06-08,Puerta Del Diablo,Mexico,68,2024,6,8,2,Alto
5900,2024-01-11,Balboa,Mexico,54,2024,1,11,1,Medio
5901,2021-02-07,Puerta Del Diablo,Estados Unidos,47,2021,2,7,1,Medio
5902,2021-11-12,Apulo,Nicaragua,30,2021,11,12,4,Medio
5903,2023-01-14,Amulapa,Estados Unidos,75,2023,1,14,1,Alto
5904,2021-02-25,Sunset Park,Mexico,32,2021,2,25,1,Medio
5905,2022-10-30,Cerro Verde,Canada,64,2022,10,30,4,Alto
5906,2022-01-02,Apulo,España,41,2022,1,2,1,Medio
5907,2022-10-09,Amulapa,Estados Unidos,47,2022,10,9,4,Medio
5908,2023-08-04,Balboa,Honduras,27,2023,8,4,3,Bajo
5909,2022-05-05,Amulapa,Estados Unidos,57,2022,5,5,2,Medio
5910,2024-08-15,Amulapa,Guatemala,73,2024,8,15,3,Alto
5911,2023-11-25,Apulo,Costa Rica,18,2023,11,25,4,Bajo
5912,2023-10-29,Balboa,Canada,39,2023,10,29,4,Medio
5913,2024-10-28,Apulo,España,72,2024,10,28,4,Alto
5914,2024-04-21,Apulo,España,51,2024,4,21,2,Medio
5915,2022-02-05,Sunset Park,Nicaragua,67,2022,2,5,1,Alto
5916,2021-01-21,Balboa,Honduras,22,2021,1,21,1,Bajo
5917,2022-04-20,Sunset Park,Honduras,36,2022,4,20,2,Medio
5918,2021-08-19,Apulo,Guatemala,36,2021,8,19,3,Medio
5919,2021-05-31,Apulo,Mexico,30,2021,5,31,2,Medio
5920,2024-06-15,Balboa,Canada,23,2024,6,15,2,Bajo
5921,2021-07-14,Amulapa,España,41,2021,7,14,3,Medio
5922,2021-01-31,Sunset Park,Mexico,16,2021,1,31,1,Bajo
5923,2023-12-04,Cerro Verde,Honduras,40,2023,12,4,4,Medio
5924,2021-03-13,Sunset Park,Costa Rica,42,2021,3,13,1,Medio
5925,2024-01-07,Apulo,Canada,75,2024,1,7,1,Alto
5926,2022-10-29,Puerta Del Diablo,Nicaragua,79,2022,10,29,4,Alto
5927,2024-02-20,Amulapa,Nicaragua,5,2024,2,20,1,Bajo
5928,2024-08-21,Sunset Park,Canada,19,2024,8,21,3,Bajo
5929,2024-03-22,Cerro Verde,Estados Unidos,79,2024,3,22,1,Alto
5930,2022-09-04,Amulapa,Honduras,7,2022,9,4,3,Bajo
5931,2022-03-20,Puerta Del Diablo,Estados Unidos,60,2022,3,20,1,Alto
5932,2024-05-24,Sunset Park,Estados Unidos,55,2024,5,24,2,Medio
5933,2021-02-11,Puerta Del Diablo,España,30,2021,2,11,1,Medio
5934,2021-12-12,Apulo,Estados Unidos,15,2021,12,12,4,Bajo
5935,2024-02-05,Amulapa,Nicaragua,65,2024,2,5,1,Alto
5936,2021-01-31,Amulapa,Guatemala,45,2021,1,31,1,Medio
5937,2023-06-05,Apulo,Estados Unidos,71,2023,6,5,2,Alto
5938,2023-07-28,Cerro Verde,Costa Rica,71,2023,7,28,3,Alto
5939,2024-12-06,Balboa,Canada,22,2024,12,6,4,Bajo
5940,2021-01-31,Puerta Del Diablo,España,18,2021,1,31,1,Bajo
5941,2021-11-27,Cerro Verde,Guatemala,52,2021,11,27,4,Medio
5942,2024-01-23,Sunset Park,Canada,57,2024,1,23,1,Medio
5943,2024-08-27,Apulo,Guatemala,73,2024,8,27,3,Alto
5944,2021-01-13,Sunset Park,Canada,11,2021,1,13,1,Bajo
5945,2022-08-29,Balboa,Estados Unidos,76,2022,8,29,3,Alto
5946,2021-05-17,Puerta Del Diablo,Honduras,45,2021,5,17,2,Medio
5947,2023-12-03,Cerro Verde,Estados Unidos,6,2023,12,3,4,Bajo
5948,2022-11-19,Balboa,Costa Rica,74,2022,11,19,4,Alto
5949,2023-03-28,Puerta Del Diablo,Mexico,46,2023,3,28,1,Medio
5950,2023-03-18,Apulo,Estados Unidos,55,2023,3,18,1,Medio
5951,2022-05-27,Balboa,Guatemala,8,2022,5,27,2,Bajo
5952,2024-07-07,Sunset Park,Honduras,71,2024,7,7,3,Alto
5953,2021-01-13,Cerro Verde,Guatemala,68,2021,1,13,1,Alto
5954,2023-09-04,Amulapa,Costa Rica,24,2023,9,4,3,Bajo
5955,2023-12-04,Cerro Verde,Canada,31,2023,12,4,4,Medio
5956,2021-02-22,Cerro Verde,Honduras,51,2021,2,22,1,Medio
5957,2021-01-10,Balboa,España,69,2021,1,10,1,Alto
5958,2024-05-02,Balboa,Estados Unidos,35,2024,5,2,2,Medio
5959,2022-12-16,Apulo,Canada,50,2022,12,16,4,Medio
5960,2022-01-22,Balboa,Guatemala,7,2022,1,22,1,Bajo
5961,2022-08-07,Amulapa,Canada,21,2022,8,7,3,Bajo
5962,2021-10-30,Sunset Park,Nicaragua,46,2021,10,30,4,Medio
5963,2021-01-09,Amulapa,Costa Rica,26,2021,1,9,1,Bajo
5964,2023-03-25,Sunset Park,Costa Rica,45,2023,3,25,1,Medio
5965,2021-10-10,Sunset Park,Guatemala,47,2021,10,10,4,Medio
5966,2024-02-22,Apulo,Estados Unidos,63,2024,2,22,1,Alto
5967,2023-09-09,Amulapa,Estados Unidos,16,2023,9,9,3,Bajo
5968,2024-09-04,Puerta Del Diablo,Nicaragua,73,2024,9,4,3,Alto
5969,2023-02-06,Cerro Verde,España,27,2023,2,6,1,Bajo
5970,2021-06-15,Puerta Del Diablo,Costa Rica,13,2021,6,15,2,Bajo
5971,2023-12-20,Sunset Park,Costa Rica,11,2023,12,20,4,Bajo
5972,2024-05-06,Balboa,Nicaragua,56,2024,5,6,2,Medio
5973,2024-08-16,Cerro Verde,España,11,2024,8,16,3,Bajo
5974,2024-12-12,Apulo,Guatemala,22,2024,12,12,4,Bajo
5975,2023-12-12,Balboa,Guatemala,68,2023,12,12,4,Alto
5976,2023-12-07,Puerta Del Diablo,Guatemala,5,2023,12,7,4,Bajo
5977,2024-07-19,Puerta Del Diablo,Mexico,50,2024,7,19,3,Medio
5978,2023-11-24,Sunset Park,Honduras,6,2023,11,24,4,Bajo
5979,2021-08-14,Apulo,Guatemala,18,2021,8,14,3,Bajo
5980,2023-06-22,Sunset Park,Canada,68,2023,6,22,2,Alto
5981,2024-05-09,Apulo,Guatemala,53,2024,5,9,2,Medio
5982,2023-01-27,Apulo,Nicaragua,7,2023,1,27,1,Bajo
5983,2022-07-23,Cerro Verde,España,25,2022,7,23,3,Bajo
5984,2021-05-07,Amulapa,Guatemala,38,2021,5,7,2,Medio
5985,2023-08-28,Apulo,Honduras,56,2023,8,28,3,Medio
5986,2024-04-16,Amulapa,Mexico,59,2024,4,16,2,Medio
5987,2021-06-17,Amulapa,Costa Rica,24,2021,6,17,2,Bajo
5988,2021-06-06,Puerta Del Diablo,Nicaragua,42,2021,6,6,2,Medio
5989,2024-11-22,Puerta Del Diablo,Canada,77,2024,11,22,4,Alto
5990,2022-02-02,Puerta Del Diablo,Estados Unidos,52,2022,2,2,1,Medio
5991,2022-03-21,Puerta Del Diablo,Costa Rica,19,2022,3,21,1,Bajo
5992,2022-07-04,Balboa,Nicaragua,60,2022,7,4,3,Alto
5993,2021-01-08,Cerro Verde,Canada,13,2021,1,8,1,Bajo
5994,2022-08-09,Sunset Park,Honduras,17,2022,8,9,3,Bajo
5995,2021-06-06,Sunset Park,Canada,36,2021,6,6,2,Medio
5996,2023-09-06,Balboa,Mexico,24,2023,9,6,3,Bajo
5997,2024-12-17,Sunset Park,Guatemala,25,2024,12,17,4,Bajo
5998,2022-05-25,Balboa,Estados Unidos,31,2022,5,25,2,Medio
5999,2022-11-23,Sunset Park,Mexico,64,2022,11,23,4,Alto
6000,2024-06-23,Sunset Park,Mexico,79,2024,6,23,2,Alto
6001,2022-11-20,Cerro Verde,España,19,2022,11,20,4,Bajo
6002,2023-02-25,Apulo,Canada,12,2023,2,25,1,Bajo
6003,2023-11-21,Apulo,Estados Unidos,64,2023,11,21,4,Alto
6004,2023-01-18,Balboa,Costa Rica,77,2023,1,18,1,Alto
6005,2021-03-01,Puerta Del Diablo,Costa Rica,41,2021,3,1,1,Medio
6006,2023-06-29,Cerro Verde,Honduras,24,2023,6,29,2,Bajo
6007,2021-10-28,Amulapa,Costa Rica,56,2021,10,28,4,Medio
6008,2021-03-29,Puerta Del Diablo,Costa Rica,14,2021,3,29,1,Bajo
6009,2021-07-09,Cerro Verde,Nicaragua,23,2021,7,9,3,Bajo
6010,2023-01-03,Puerta Del Diablo,Guatemala,14,2023,1,3,1,Bajo
6011,2023-09-21,Balboa,Costa Rica,26,2023,9,21,3,Bajo
6012,2023-04-17,Balboa,Mexico,52,2023,4,17,2,Medio
6013,2021-03-12,Cerro Verde,Nicaragua,29,2021,3,12,1,Bajo
6014,2024-02-13,Sunset Park,Mexico,28,2024,2,13,1,Bajo
6015,2022-01-02,Cerro Verde,Canada,30,2022,1,2,1,Medio
6016,2022-04-10,Balboa,Mexico,19,2022,4,10,2,Bajo
6017,2023-06-14,Apulo,Costa Rica,39,2023,6,14,2,Medio
6018,2022-10-03,Sunset Park,Guatemala,68,2022,10,3,4,Alto
6019,2023-07-17,Puerta Del Diablo,España,11,2023,7,17,3,Bajo
6020,2022-12-08,Sunset Park,Nicaragua,58,2022,12,8,4,Medio
6021,2021-05-08,Cerro Verde,Nicaragua,64,2021,5,8,2,Alto
6022,2024-10-03,Apulo,Honduras,9,2024,10,3,4,Bajo
6023,2021-08-23,Cerro Verde,Nicaragua,8,2021,8,23,3,Bajo
6024,2022-11-26,Amulapa,Honduras,15,2022,11,26,4,Bajo
6025,2022-02-03,Sunset Park,Canada,33,2022,2,3,1,Medio
6026,2022-07-05,Apulo,España,12,2022,7,5,3,Bajo
6027,2022-06-18,Puerta Del Diablo,Mexico,53,2022,6,18,2,Medio
6028,2024-04-27,Cerro Verde,Costa Rica,47,2024,4,27,2,Medio
6029,2022-11-21,Puerta Del Diablo,Estados Unidos,22,2022,11,21,4,Bajo
6030,2023-01-02,Sunset Park,Nicaragua,61,2023,1,2,1,Alto
6031,2021-10-01,Amulapa,Estados Unidos,53,2021,10,1,4,Medio
6032,2023-04-09,Cerro Verde,Nicaragua,22,2023,4,9,2,Bajo
6033,2023-02-18,Cerro Verde,Costa Rica,28,2023,2,18,1,Bajo
6034,2022-11-10,Cerro Verde,Guatemala,39,2022,11,10,4,Medio
6035,2022-03-26,Apulo,Nicaragua,66,2022,3,26,1,Alto
6036,2022-11-16,Cerro Verde,Canada,49,2022,11,16,4,Medio
6037,2024-08-07,Amulapa,Guatemala,33,2024,8,7,3,Medio
6038,2022-09-07,Apulo,Estados Unidos,69,2022,9,7,3,Alto
6039,2024-05-31,Balboa,Costa Rica,21,2024,5,31,2,Bajo
6040,2023-11-21,Cerro Verde,España,68,2023,11,21,4,Alto
6041,2022-04-03,Balboa,Nicaragua,59,2022,4,3,2,Medio
6042,2024-06-13,Puerta Del Diablo,Canada,71,2024,6,13,2,Alto
6043,2024-07-21,Sunset Park,Honduras,41,2024,7,21,3,Medio
6044,2021-08-11,Amulapa,Nicaragua,60,2021,8,11,3,Alto
6045,2024-09-06,Cerro Verde,Guatemala,26,2024,9,6,3,Bajo
6046,2024-10-01,Puerta Del Diablo,Estados Unidos,61,2024,10,1,4,Alto
6047,2022-11-20,Balboa,Estados Unidos,66,2022,11,20,4,Alto
6048,2022-07-30,Apulo,Mexico,6,2022,7,30,3,Bajo
6049,2024-07-10,Apulo,Costa Rica,37,2024,7,10,3,Medio
6050,2021-11-09,Balboa,Nicaragua,49,2021,11,9,4,Medio
6051,2024-02-23,Puerta Del Diablo,Nicaragua,35,2024,2,23,1,Medio
6052,2024-09-25,Cerro Verde,España,63,2024,9,25,3,Alto
6053,2022-07-15,Puerta Del Diablo,Guatemala,16,2022,7,15,3,Bajo
6054,2021-01-21,Apulo,España,21,2021,1,21,1,Bajo
6055,2023-02-19,Cerro Verde,Canada,70,2023,2,19,1,Alto
6056,2023-08-31,Balboa,Honduras,37,2023,8,31,3,Medio
6057,2024-05-11,Balboa,Estados Unidos,19,2024,5,11,2,Bajo
6058,2022-12-19,Sunset Park,España,77,2022,12,19,4,Alto
6059,2024-06-23,Balboa,Estados Unidos,16,2024,6,23,2,Bajo
6060,2023-10-15,Sunset Park,Canada,48,2023,10,15,4,Medio
6061,2022-05-19,Balboa,Honduras,56,2022,5,19,2,Medio
6062,2021-06-08,Apulo,Honduras,9,2021,6,8,2,Bajo
6063,2022-10-05,Amulapa,Guatemala,70,2022,10,5,4,Alto
6064,2024-06-22,Apulo,Mexico,49,2024,6,22,2,Medio
6065,2024-08-15,Sunset Park,Costa Rica,57,2024,8,15,3,Medio
6066,2022-11-19,Cerro Verde,Guatemala,32,2022,11,19,4,Medio
6067,2021-01-23,Sunset Park,Honduras,25,2021,1,23,1,Bajo
6068,2023-08-15,Puerta Del Diablo,Costa Rica,18,2023,8,15,3,Bajo
6069,2021-09-28,Puerta Del Diablo,Guatemala,5,2021,9,28,3,Bajo
6070,2023-03-25,Sunset Park,Costa Rica,26,2023,3,25,1,Bajo
6071,2023-02-01,Amulapa,Honduras,8,2023,2,1,1,Bajo
6072,2022-03-16,Sunset Park,Honduras,12,2022,3,16,1,Bajo
6073,2021-12-17,Cerro Verde,Canada,70,2021,12,17,4,Alto
6074,2023-10-02,Balboa,Mexico,20,2023,10,2,4,Bajo
6075,2021-01-14,Amulapa,Mexico,20,2021,1,14,1,Bajo
6076,2023-09-17,Apulo,Estados Unidos,48,2023,9,17,3,Medio
6077,2021-02-17,Balboa,Costa Rica,40,2021,2,17,1,Medio
6078,2021-06-01,Sunset Park,Nicaragua,53,2021,6,1,2,Medio
6079,2023-08-07,Apulo,Estados Unidos,63,2023,8,7,3,Alto
6080,2022-07-13,Apulo,Costa Rica,16,2022,7,13,3,Bajo
6081,2022-10-02,Sunset Park,Honduras,68,2022,10,2,4,Alto
6082,2021-12-04,Apulo,Mexico,48,2021,12,4,4,Medio
6083,2024-11-03,Balboa,Guatemala,30,2024,11,3,4,Medio
6084,2023-12-23,Apulo,España,63,2023,12,23,4,Alto
6085,2022-04-04,Balboa,Costa Rica,11,2022,4,4,2,Bajo
6086,2022-02-13,Amulapa,Costa Rica,64,2022,2,13,1,Alto
6087,2021-10-22,Balboa,Mexico,76,2021,10,22,4,Alto
6088,2021-01-12,Puerta Del Diablo,Canada,35,2021,1,12,1,Medio
6089,2023-01-22,Amulapa,Canada,76,2023,1,22,1,Alto
6090,2024-01-14,Apulo,Guatemala,79,2024,1,14,1,Alto
6091,2021-11-26,Sunset Park,Costa Rica,41,2021,11,26,4,Medio
6092,2024-10-20,Cerro Verde,Mexico,66,2024,10,20,4,Alto
6093,2023-07-08,Puerta Del Diablo,Canada,50,2023,7,8,3,Medio
6094,2023-05-15,Balboa,Costa Rica,70,2023,5,15,2,Alto
6095,2021-12-23,Amulapa,Honduras,73,2021,12,23,4,Alto
6096,2024-09-26,Puerta Del Diablo,Honduras,7,2024,9,26,3,Bajo
6097,2021-08-02,Puerta Del Diablo,Nicaragua,51,2021,8,2,3,Medio
6098,2022-02-05,Amulapa,Nicaragua,34,2022,2,5,1,Medio
6099,2022-01-12,Cerro Verde,Honduras,53,2022,1,12,1,Medio
6100,2023-10-01,Sunset Park,Guatemala,68,2023,10,1,4,Alto
6101,2024-06-28,Cerro Verde,Estados Unidos,49,2024,6,28,2,Medio
6102,2022-09-04,Balboa,Mexico,52,2022,9,4,3,Medio
6103,2022-06-24,Sunset Park,Mexico,36,2022,6,24,2,Medio
6104,2023-03-22,Sunset Park,Guatemala,21,2023,3,22,1,Bajo
6105,2024-02-15,Amulapa,España,39,2024,2,15,1,Medio
6106,2024-12-22,Puerta Del Diablo,Canada,20,2024,12,22,4,Bajo
6107,2022-11-28,Puerta Del Diablo,Canada,73,2022,11,28,4,Alto
6108,2022-06-10,Apulo,Mexico,57,2022,6,10,2,Medio
6109,2023-07-12,Sunset Park,Nicaragua,36,2023,7,12,3,Medio
6110,2023-12-16,Cerro Verde,Nicaragua,71,2023,12,16,4,Alto
6111,2022-01-10,Cerro Verde,Mexico,30,2022,1,10,1,Medio
6112,2024-05-31,Amulapa,Estados Unidos,63,2024,5,31,2,Alto
6113,2024-04-13,Puerta Del Diablo,Mexico,25,2024,4,13,2,Bajo
6114,2023-06-27,Apulo,Costa Rica,15,2023,6,27,2,Bajo
6115,2022-09-15,Sunset Park,España,70,2022,9,15,3,Alto
6116,2024-01-15,Puerta Del Diablo,Honduras,70,2024,1,15,1,Alto
6117,2024-01-01,Sunset Park,Costa Rica,8,2024,1,1,1,Bajo
6118,2021-01-16,Puerta Del Diablo,Nicaragua,31,2021,1,16,1,Medio
6119,2022-10-27,Amulapa,Estados Unidos,65,2022,10,27,4,Alto
6120,2023-09-17,Apulo,Honduras,71,2023,9,17,3,Alto
6121,2022-01-05,Sunset Park,Canada,40,2022,1,5,1,Medio
6122,2024-04-11,Puerta Del Diablo,Canada,29,2024,4,11,2,Bajo
6123,2022-11-21,Amulapa,Nicaragua,54,2022,11,21,4,Medio
6124,2024-05-19,Apulo,Costa Rica,45,2024,5,19,2,Medio
6125,2024-10-04,Balboa,Honduras,65,2024,10,4,4,Alto
6126,2021-05-01,Cerro Verde,Canada,37,2021,5,1,2,Medio
6127,2023-05-02,Apulo,Mexico,73,2023,5,2,2,Alto
6128,2021-10-16,Apulo,Nicaragua,54,2021,10,16,4,Medio
6129,2024-05-01,Sunset Park,Costa Rica,8,2024,5,1,2,Bajo
6130,2023-11-22,Amulapa,Nicaragua,40,2023,11,22,4,Medio
6131,2023-03-08,Sunset Park,España,43,2023,3,8,1,Medio
6132,2024-10-13,Balboa,Honduras,28,2024,10,13,4,Bajo
6133,2023-03-02,Cerro Verde,Estados Unidos,33,2023,3,2,1,Medio
6134,2024-05-10,Cerro Verde,Canada,24,2024,5,10,2,Bajo
6135,2023-06-27,Apulo,Mexico,47,2023,6,27,2,Medio
6136,2022-04-28,Cerro Verde,Honduras,15,2022,4,28,2,Bajo
6137,2021-06-24,Balboa,España,39,2021,6,24,2,Medio
6138,2022-04-02,Amulapa,Honduras,78,2022,4,2,2,Alto
6139,2024-01-04,Amulapa,Costa Rica,15,2024,1,4,1,Bajo
6140,2023-06-26,Puerta Del Diablo,Honduras,10,2023,6,26,2,Bajo
6141,2022-02-26,Puerta Del Diablo,Nicaragua,43,2022,2,26,1,Medio
6142,2022-01-14,Sunset Park,Guatemala,38,2022,1,14,1,Medio
6143,2022-12-09,Puerta Del Diablo,España,15,2022,12,9,4,Bajo
6144,2022-04-12,Balboa,Nicaragua,27,2022,4,12,2,Bajo
6145,2021-01-06,Apulo,Mexico,73,2021,1,6,1,Alto
6146,2024-09-28,Sunset Park,Guatemala,10,2024,9,28,3,Bajo
6147,2024-09-12,Amulapa,España,73,2024,9,12,3,Alto
6148,2021-04-19,Balboa,Costa Rica,43,2021,4,19,2,Medio
6149,2024-06-08,Puerta Del Diablo,España,53,2024,6,8,2,Medio
6150,2023-02-22,Balboa,Canada,61,2023,2,22,1,Alto
6151,2024-07-12,Sunset Park,Mexico,20,2024,7,12,3,Bajo
6152,2024-01-15,Apulo,España,30,2024,1,15,1,Medio
6153,2024-11-19,Apulo,Guatemala,53,2024,11,19,4,Medio
6154,2023-11-07,Apulo,Honduras,42,2023,11,7,4,Medio
6155,2021-11-25,Cerro Verde,Nicaragua,36,2021,11,25,4,Medio
6156,2024-08-18,Balboa,Estados Unidos,17,2024,8,18,3,Bajo
6157,2021-12-05,Balboa,Guatemala,69,2021,12,5,4,Alto
6158,2024-10-05,Cerro Verde,Mexico,64,2024,10,5,4,Alto
6159,2022-04-15,Sunset Park,Nicaragua,64,2022,4,15,2,Alto
6160,2022-10-14,Sunset Park,España,60,2022,10,14,4,Alto
6161,2021-04-10,Puerta Del Diablo,Guatemala,19,2021,4,10,2,Bajo
6162,2024-07-10,Sunset Park,España,14,2024,7,10,3,Bajo
6163,2023-06-05,Amulapa,Honduras,68,2023,6,5,2,Alto
6164,2023-09-28,Sunset Park,Canada,6,2023,9,28,3,Bajo
6165,2022-08-26,Apulo,Estados Unidos,74,2022,8,26,3,Alto
6166,2023-08-04,Amulapa,Guatemala,49,2023,8,4,3,Medio
6167,2023-10-22,Amulapa,Mexico,64,2023,10,22,4,Alto
6168,2022-08-13,Balboa,España,19,2022,8,13,3,Bajo
6169,2023-03-28,Apulo,Estados Unidos,76,2023,3,28,1,Alto
6170,2024-05-02,Balboa,Guatemala,62,2024,5,2,2,Alto
6171,2021-12-09,Balboa,Honduras,63,2021,12,9,4,Alto
6172,2022-10-28,Balboa,Honduras,40,2022,10,28,4,Medio
6173,2023-07-10,Puerta Del Diablo,Costa Rica,38,2023,7,10,3,Medio
6174,2022-12-20,Apulo,Guatemala,74,2022,12,20,4,Alto
6175,2023-07-14,Cerro Verde,Canada,29,2023,7,14,3,Bajo
6176,2022-05-20,Amulapa,España,59,2022,5,20,2,Medio
6177,2023-08-18,Cerro Verde,Costa Rica,64,2023,8,18,3,Alto
6178,2023-07-13,Puerta Del Diablo,España,28,2023,7,13,3,Bajo
6179,2021-06-16,Apulo,Costa Rica,8,2021,6,16,2,Bajo
6180,2024-09-09,Puerta Del Diablo,Estados Unidos,25,2024,9,9,3,Bajo
6181,2024-05-30,Puerta Del Diablo,Estados Unidos,25,2024,5,30,2,Bajo
6182,2021-11-13,Amulapa,España,20,2021,11,13,4,Bajo
6183,2022-01-29,Apulo,Guatemala,9,2022,1,29,1,Bajo
6184,2022-05-05,Amulapa,Nicaragua,23,2022,5,5,2,Bajo
6185,2022-06-06,Amulapa,Costa Rica,47,2022,6,6,2,Medio
6186,2024-06-26,Sunset Park,Estados Unidos,48,2024,6,26,2,Medio
6187,2024-09-27,Cerro Verde,Costa Rica,34,2024,9,27,3,Medio
6188,2022-04-09,Cerro Verde,Canada,52,2022,4,9,2,Medio
6189,2024-06-08,Balboa,Canada,39,2024,6,8,2,Medio
6190,2023-02-05,Balboa,Canada,61,2023,2,5,1,Alto
6191,2021-09-08,Cerro Verde,Nicaragua,78,2021,9,8,3,Alto
6192,2022-02-28,Amulapa,Costa Rica,7,2022,2,28,1,Bajo
6193,2021-06-20,Apulo,Mexico,77,2021,6,20,2,Alto
6194,2021-01-13,Puerta Del Diablo,Guatemala,57,2021,1,13,1,Medio
6195,2022-11-02,Puerta Del Diablo,Honduras,48,2022,11,2,4,Medio
6196,2024-10-14,Puerta Del Diablo,Canada,15,2024,10,14,4,Bajo
6197,2024-07-30,Apulo,Honduras,65,2024,7,30,3,Alto
6198,2021-07-09,Apulo,Guatemala,56,2021,7,9,3,Medio
6199,2023-04-05,Apulo,Estados Unidos,58,2023,4,5,2,Medio
6200,2022-01-23,Apulo,Honduras,7,2022,1,23,1,Bajo
6201,2022-05-11,Amulapa,Costa Rica,46,2022,5,11,2,Medio
6202,2023-05-17,Apulo,Nicaragua,43,2023,5,17,2,Medio
6203,2021-10-22,Apulo,Mexico,39,2021,10,22,4,Medio
6204,2022-10-03,Balboa,Nicaragua,21,2022,10,3,4,Bajo
6205,2024-05-22,Apulo,Nicaragua,13,2024,5,22,2,Bajo
6206,2021-01-22,Cerro Verde,Nicaragua,64,2021,1,22,1,Alto
6207,2024-01-07,Balboa,España,76,2024,1,7,1,Alto
6208,2021-05-11,Balboa,España,20,2021,5,11,2,Bajo
6209,2022-07-04,Amulapa,Canada,36,2022,7,4,3,Medio
6210,2024-11-01,Balboa,Honduras,71,2024,11,1,4,Alto
6211,2022-07-20,Apulo,Costa Rica,22,2022,7,20,3,Bajo
6212,2023-04-21,Puerta Del Diablo,Mexico,76,2023,4,21,2,Alto
6213,2024-08-14,Sunset Park,España,63,2024,8,14,3,Alto
6214,2024-04-01,Apulo,Guatemala,6,2024,4,1,2,Bajo
6215,2021-07-08,Sunset Park,Guatemala,71,2021,7,8,3,Alto
6216,2022-07-08,Cerro Verde,Costa Rica,19,2022,7,8,3,Bajo
6217,2023-11-10,Apulo,Canada,43,2023,11,10,4,Medio
6218,2024-07-24,Amulapa,Costa Rica,78,2024,7,24,3,Alto
6219,2024-11-14,Apulo,España,60,2024,11,14,4,Alto
6220,2021-01-22,Sunset Park,Estados Unidos,73,2021,1,22,1,Alto
6221,2024-06-06,Cerro Verde,Mexico,76,2024,6,6,2,Alto
6222,2023-05-05,Balboa,Honduras,69,2023,5,5,2,Alto
6223,2023-06-07,Balboa,España,16,2023,6,7,2,Bajo
6224,2023-11-17,Cerro Verde,Canada,43,2023,11,17,4,Medio
6225,2022-09-03,Balboa,Mexico,43,2022,9,3,3,Medio
6226,2023-08-04,Sunset Park,Canada,11,2023,8,4,3,Bajo
6227,2021-05-20,Sunset Park,Costa Rica,59,2021,5,20,2,Medio
6228,2021-04-20,Cerro Verde,Costa Rica,10,2021,4,20,2,Bajo
6229,2021-09-13,Amulapa,Estados Unidos,15,2021,9,13,3,Bajo
6230,2024-08-13,Balboa,Canada,11,2024,8,13,3,Bajo
6231,2024-04-17,Balboa,Canada,14,2024,4,17,2,Bajo
6232,2021-04-08,Apulo,España,40,2021,4,8,2,Medio
6233,2022-12-21,Balboa,Mexico,75,2022,12,21,4,Alto
6234,2021-12-22,Puerta Del Diablo,Costa Rica,12,2021,12,22,4,Bajo
6235,2024-02-13,Apulo,Estados Unidos,35,2024,2,13,1,Medio
6236,2021-08-30,Amulapa,Honduras,39,2021,8,30,3,Medio
6237,2021-10-08,Puerta Del Diablo,Honduras,46,2021,10,8,4,Medio
6238,2023-05-28,Amulapa,Costa Rica,22,2023,5,28,2,Bajo
6239,2022-04-19,Puerta Del Diablo,Guatemala,66,2022,4,19,2,Alto
6240,2021-05-25,Puerta Del Diablo,Nicaragua,25,2021,5,25,2,Bajo
6241,2022-02-26,Amulapa,Costa Rica,25,2022,2,26,1,Bajo
6242,2022-05-01,Cerro Verde,Canada,31,2022,5,1,2,Medio
6243,2023-02-05,Balboa,España,14,2023,2,5,1,Bajo
6244,2022-09-13,Apulo,Mexico,39,2022,9,13,3,Medio
6245,2022-12-18,Sunset Park,Nicaragua,33,2022,12,18,4,Medio
6246,2022-07-12,Cerro Verde,Nicaragua,69,2022,7,12,3,Alto
6247,2023-04-03,Amulapa,Honduras,41,2023,4,3,2,Medio
6248,2021-12-12,Apulo,Costa Rica,6,2021,12,12,4,Bajo
6249,2024-08-06,Amulapa,Honduras,26,2024,8,6,3,Bajo
6250,2021-09-17,Puerta Del Diablo,Estados Unidos,69,2021,9,17,3,Alto
6251,2023-02-09,Cerro Verde,Canada,47,2023,2,9,1,Medio
6252,2021-11-10,Amulapa,España,22,2021,11,10,4,Bajo
6253,2023-05-18,Apulo,España,44,2023,5,18,2,Medio
6254,2021-05-21,Amulapa,Canada,43,2021,5,21,2,Medio
6255,2021-09-11,Balboa,Mexico,18,2021,9,11,3,Bajo
6256,2024-08-09,Balboa,Mexico,77,2024,8,9,3,Alto
6257,2022-01-28,Cerro Verde,Costa Rica,28,2022,1,28,1,Bajo
6258,2021-05-16,Balboa,Guatemala,58,2021,5,16,2,Medio
6259,2023-08-04,Balboa,Guatemala,53,2023,8,4,3,Medio
6260,2024-04-28,Puerta Del Diablo,Honduras,39,2024,4,28,2,Medio
6261,2021-04-07,Cerro Verde,Nicaragua,64,2021,4,7,2,Alto
6262,2021-10-13,Sunset Park,Mexico,29,2021,10,13,4,Bajo
6263,2022-08-16,Cerro Verde,España,21,2022,8,16,3,Bajo
6264,2022-09-28,Puerta Del Diablo,Nicaragua,27,2022,9,28,3,Bajo
6265,2021-08-15,Cerro Verde,Mexico,57,2021,8,15,3,Medio
6266,2022-05-17,Apulo,Guatemala,54,2022,5,17,2,Medio
6267,2024-12-02,Cerro Verde,Canada,42,2024,12,2,4,Medio
6268,2022-09-13,Cerro Verde,España,59,2022,9,13,3,Medio
6269,2023-11-12,Puerta Del Diablo,Nicaragua,70,2023,11,12,4,Alto
6270,2021-11-20,Cerro Verde,Canada,10,2021,11,20,4,Bajo
6271,2021-06-28,Apulo,Nicaragua,48,2021,6,28,2,Medio
6272,2023-01-28,Amulapa,Costa Rica,76,2023,1,28,1,Alto
6273,2024-05-09,Cerro Verde,Costa Rica,8,2024,5,9,2,Bajo
6274,2022-09-20,Amulapa,Costa Rica,70,2022,9,20,3,Alto
6275,2024-11-24,Balboa,Guatemala,68,2024,11,24,4,Alto
6276,2022-07-19,Apulo,Canada,52,2022,7,19,3,Medio
6277,2022-11-19,Cerro Verde,Mexico,7,2022,11,19,4,Bajo
6278,2021-07-06,Sunset Park,Canada,36,2021,7,6,3,Medio
6279,2021-10-28,Amulapa,Costa Rica,31,2021,10,28,4,Medio
6280,2022-03-21,Cerro Verde,Mexico,48,2022,3,21,1,Medio
6281,2021-03-23,Balboa,Honduras,62,2021,3,23,1,Alto
6282,2024-06-01,Balboa,Estados Unidos,67,2024,6,1,2,Alto
6283,2024-01-04,Balboa,Canada,30,2024,1,4,1,Medio
6284,2024-01-23,Apulo,Canada,6,2024,1,23,1,Bajo
6285,2022-04-17,Sunset Park,Nicaragua,58,2022,4,17,2,Medio
6286,2022-02-15,Apulo,Honduras,47,2022,2,15,1,Medio
6287,2023-11-21,Cerro Verde,Mexico,59,2023,11,21,4,Medio
6288,2024-05-06,Sunset Park,Guatemala,6,2024,5,6,2,Bajo
6289,2024-05-27,Puerta Del Diablo,Costa Rica,45,2024,5,27,2,Medio
6290,2022-08-14,Amulapa,Nicaragua,30,2022,8,14,3,Medio
6291,2022-07-23,Amulapa,Estados Unidos,70,2022,7,23,3,Alto
6292,2022-06-09,Cerro Verde,Guatemala,19,2022,6,9,2,Bajo
6293,2022-11-27,Amulapa,Nicaragua,69,2022,11,27,4,Alto
6294,2022-05-27,Apulo,Nicaragua,36,2022,5,27,2,Medio
6295,2022-11-10,Puerta Del Diablo,España,54,2022,11,10,4,Medio
6296,2021-04-06,Cerro Verde,Estados Unidos,23,2021,4,6,2,Bajo
6297,2024-08-23,Cerro Verde,Guatemala,18,2024,8,23,3,Bajo
6298,2023-05-02,Sunset Park,Mexico,65,2023,5,2,2,Alto
6299,2022-01-02,Apulo,Guatemala,67,2022,1,2,1,Alto
6300,2023-10-21,Balboa,Nicaragua,58,2023,10,21,4,Medio
6301,2024-01-11,Amulapa,España,52,2024,1,11,1,Medio
6302,2021-05-05,Amulapa,Honduras,76,2021,5,5,2,Alto
6303,2023-10-20,Puerta Del Diablo,Estados Unidos,16,2023,10,20,4,Bajo
6304,2021-01-14,Apulo,Costa Rica,19,2021,1,14,1,Bajo
6305,2021-02-25,Balboa,Nicaragua,54,2021,2,25,1,Medio
6306,2022-02-06,Amulapa,Honduras,64,2022,2,6,1,Alto
6307,2021-04-07,Amulapa,Honduras,48,2021,4,7,2,Medio
6308,2023-01-21,Puerta Del Diablo,Honduras,38,2023,1,21,1,Medio
6309,2022-07-20,Cerro Verde,Canada,10,2022,7,20,3,Bajo
6310,2024-08-25,Puerta Del Diablo,Guatemala,31,2024,8,25,3,Medio
6311,2023-07-28,Apulo,Canada,61,2023,7,28,3,Alto
6312,2024-01-23,Sunset Park,Guatemala,31,2024,1,23,1,Medio
6313,2023-11-08,Sunset Park,Estados Unidos,65,2023,11,8,4,Alto
6314,2022-01-22,Puerta Del Diablo,Estados Unidos,42,2022,1,22,1,Medio
6315,2024-12-30,Sunset Park,Mexico,78,2024,12,30,4,Alto
6316,2024-03-29,Apulo,España,56,2024,3,29,1,Medio
6317,2022-01-21,Balboa,España,52,2022,1,21,1,Medio
6318,2022-01-07,Sunset Park,Guatemala,41,2022,1,7,1,Medio
6319,2021-05-19,Apulo,Canada,61,2021,5,19,2,Alto
6320,2022-05-29,Puerta Del Diablo,Honduras,49,2022,5,29,2,Medio
6321,2023-05-13,Puerta Del Diablo,Mexico,13,2023,5,13,2,Bajo
6322,2022-04-28,Apulo,Honduras,35,2022,4,28,2,Medio
6323,2024-12-07,Apulo,Costa Rica,64,2024,12,7,4,Alto
6324,2024-05-29,Sunset Park,España,8,2024,5,29,2,Bajo
6325,2021-04-07,Balboa,España,54,2021,4,7,2,Medio
6326,2023-06-18,Puerta Del Diablo,Nicaragua,37,2023,6,18,2,Medio
6327,2021-11-12,Apulo,Guatemala,5,2021,11,12,4,Bajo
6328,2024-02-27,Balboa,Guatemala,20,2024,2,27,1,Bajo
6329,2023-02-01,Puerta Del Diablo,Costa Rica,6,2023,2,1,1,Bajo
6330,2021-04-22,Apulo,Canada,77,2021,4,22,2,Alto
6331,2021-05-13,Balboa,Estados Unidos,56,2021,5,13,2,Medio
6332,2023-01-20,Sunset Park,Canada,10,2023,1,20,1,Bajo
6333,2024-04-18,Puerta Del Diablo,Mexico,53,2024,4,18,2,Medio
6334,2022-04-26,Cerro Verde,Estados Unidos,16,2022,4,26,2,Bajo
6335,2023-01-11,Apulo,Nicaragua,76,2023,1,11,1,Alto
6336,2021-11-10,Cerro Verde,Costa Rica,59,2021,11,10,4,Medio
6337,2024-03-27,Amulapa,Estados Unidos,45,2024,3,27,1,Medio
6338,2022-06-14,Puerta Del Diablo,España,5,2022,6,14,2,Bajo
6339,2021-06-13,Sunset Park,Canada,78,2021,6,13,2,Alto
6340,2022-07-21,Puerta Del Diablo,Costa Rica,5,2022,7,21,3,Bajo
6341,2023-04-22,Sunset Park,Honduras,68,2023,4,22,2,Alto
6342,2024-08-28,Puerta Del Diablo,España,47,2024,8,28,3,Medio
6343,2022-07-26,Balboa,Nicaragua,10,2022,7,26,3,Bajo
6344,2024-01-23,Cerro Verde,Nicaragua,6,2024,1,23,1,Bajo
6345,2022-08-13,Balboa,Nicaragua,7,2022,8,13,3,Bajo
6346,2021-12-07,Puerta Del Diablo,Honduras,48,2021,12,7,4,Medio
6347,2021-08-03,Balboa,España,22,2021,8,3,3,Bajo
6348,2021-05-29,Amulapa,Costa Rica,67,2021,5,29,2,Alto
6349,2023-07-17,Puerta Del Diablo,Honduras,62,2023,7,17,3,Alto
6350,2024-03-27,Puerta Del Diablo,Costa Rica,25,2024,3,27,1,Bajo
6351,2023-07-26,Puerta Del Diablo,España,28,2023,7,26,3,Bajo
6352,2021-02-27,Sunset Park,Guatemala,78,2021,2,27,1,Alto
6353,2021-07-09,Sunset Park,Guatemala,66,2021,7,9,3,Alto
6354,2023-07-26,Apulo,Honduras,74,2023,7,26,3,Alto
6355,2022-02-06,Sunset Park,Estados Unidos,21,2022,2,6,1,Bajo
6356,2022-02-26,Cerro Verde,Estados Unidos,68,2022,2,26,1,Alto
6357,2022-02-10,Puerta Del Diablo,Honduras,41,2022,2,10,1,Medio
6358,2023-12-05,Puerta Del Diablo,Canada,70,2023,12,5,4,Alto
6359,2021-02-24,Amulapa,Guatemala,64,2021,2,24,1,Alto
6360,2022-02-27,Amulapa,Costa Rica,19,2022,2,27,1,Bajo
6361,2021-04-18,Sunset Park,Mexico,75,2021,4,18,2,Alto
6362,2021-01-16,Sunset Park,Guatemala,40,2021,1,16,1,Medio
6363,2024-10-09,Cerro Verde,Nicaragua,51,2024,10,9,4,Medio
6364,2023-04-10,Amulapa,España,52,2023,4,10,2,Medio
6365,2022-04-03,Puerta Del Diablo,Canada,60,2022,4,3,2,Alto
6366,2021-07-23,Balboa,Estados Unidos,73,2021,7,23,3,Alto
6367,2023-06-23,Sunset Park,Costa Rica,54,2023,6,23,2,Medio
6368,2022-02-23,Balboa,España,50,2022,2,23,1,Medio
6369,2024-12-10,Cerro Verde,Costa Rica,34,2024,12,10,4,Medio
6370,2022-08-24,Sunset Park,Estados Unidos,34,2022,8,24,3,Medio
6371,2024-04-10,Cerro Verde,Costa Rica,11,2024,4,10,2,Bajo
6372,2021-08-21,Cerro Verde,Canada,54,2021,8,21,3,Medio
6373,2024-05-27,Sunset Park,Estados Unidos,55,2024,5,27,2,Medio
6374,2023-10-16,Balboa,Estados Unidos,21,2023,10,16,4,Bajo
6375,2023-12-16,Puerta Del Diablo,Estados Unidos,9,2023,12,16,4,Bajo
6376,2023-05-01,Puerta Del Diablo,Mexico,68,2023,5,1,2,Alto
6377,2023-05-13,Puerta Del Diablo,Mexico,13,2023,5,13,2,Bajo
6378,2022-10-10,Balboa,Mexico,63,2022,10,10,4,Alto
6379,2023-06-03,Apulo,Costa Rica,69,2023,6,3,2,Alto
6380,2023-02-08,Balboa,Canada,23,2023,2,8,1,Bajo
6381,2024-01-21,Balboa,Canada,37,2024,1,21,1,Medio
6382,2024-04-09,Puerta Del Diablo,España,54,2024,4,9,2,Medio
6383,2023-06-04,Cerro Verde,Canada,63,2023,6,4,2,Alto
6384,2022-01-04,Puerta Del Diablo,Estados Unidos,22,2022,1,4,1,Bajo
6385,2024-01-19,Balboa,Nicaragua,76,2024,1,19,1,Alto
6386,2022-07-31,Balboa,Mexico,6,2022,7,31,3,Bajo
6387,2023-12-19,Apulo,Canada,74,2023,12,19,4,Alto
6388,2022-04-22,Apulo,Nicaragua,42,2022,4,22,2,Medio
6389,2021-10-24,Cerro Verde,Guatemala,33,2021,10,24,4,Medio
6390,2023-09-12,Apulo,Costa Rica,8,2023,9,12,3,Bajo
6391,2024-11-18,Apulo,Mexico,50,2024,11,18,4,Medio
6392,2022-02-25,Cerro Verde,Honduras,64,2022,2,25,1,Alto
6393,2023-07-02,Sunset Park,España,11,2023,7,2,3,Bajo
6394,2023-06-03,Sunset Park,Mexico,48,2023,6,3,2,Medio
6395,2021-01-14,Balboa,Estados Unidos,69,2021,1,14,1,Alto
6396,2024-01-13,Sunset Park,Guatemala,59,2024,1,13,1,Medio
6397,2022-06-12,Balboa,Guatemala,21,2022,6,12,2,Bajo
6398,2021-01-18,Balboa,Estados Unidos,46,2021,1,18,1,Medio
6399,2021-08-25,Apulo,Nicaragua,63,2021,8,25,3,Alto
6400,2024-12-17,Apulo,Honduras,44,2024,12,17,4,Medio
6401,2021-01-04,Sunset Park,Canada,63,2021,1,4,1,Alto
6402,2024-05-26,Amulapa,Honduras,65,2024,5,26,2,Alto
6403,2022-10-15,Cerro Verde,Canada,48,2022,10,15,4,Medio
6404,2021-02-23,Cerro Verde,Mexico,12,2021,2,23,1,Bajo
6405,2022-12-30,Balboa,Guatemala,57,2022,12,30,4,Medio
6406,2024-07-24,Cerro Verde,Estados Unidos,42,2024,7,24,3,Medio
6407,2022-02-01,Apulo,Canada,47,2022,2,1,1,Medio
6408,2021-12-01,Balboa,Guatemala,24,2021,12,1,4,Bajo
6409,2023-03-10,Cerro Verde,Costa Rica,36,2023,3,10,1,Medio
6410,2022-06-01,Balboa,Mexico,21,2022,6,1,2,Bajo
6411,2021-12-07,Puerta Del Diablo,Honduras,55,2021,12,7,4,Medio
6412,2024-09-26,Puerta Del Diablo,Estados Unidos,34,2024,9,26,3,Medio
6413,2021-09-22,Balboa,Canada,55,2021,9,22,3,Medio
6414,2023-10-07,Puerta Del Diablo,Honduras,52,2023,10,7,4,Medio
6415,2023-12-05,Cerro Verde,Mexico,25,2023,12,5,4,Bajo
6416,2022-05-26,Apulo,Canada,27,2022,5,26,2,Bajo
6417,2024-11-17,Apulo,Costa Rica,30,2024,11,17,4,Medio
6418,2021-05-17,Puerta Del Diablo,Honduras,17,2021,5,17,2,Bajo
6419,2021-07-25,Balboa,España,71,2021,7,25,3,Alto
6420,2021-01-22,Apulo,Estados Unidos,69,2021,1,22,1,Alto
6421,2022-05-31,Cerro Verde,Guatemala,54,2022,5,31,2,Medio
6422,2023-07-28,Puerta Del Diablo,Nicaragua,24,2023,7,28,3,Bajo
6423,2024-03-26,Amulapa,Estados Unidos,23,2024,3,26,1,Bajo
6424,2024-03-13,Apulo,Guatemala,69,2024,3,13,1,Alto
6425,2021-01-15,Amulapa,España,43,2021,1,15,1,Medio
6426,2023-02-15,Cerro Verde,Canada,27,2023,2,15,1,Bajo
6427,2021-11-26,Amulapa,Canada,29,2021,11,26,4,Bajo
6428,2024-07-18,Balboa,Honduras,49,2024,7,18,3,Medio
6429,2024-02-08,Puerta Del Diablo,Costa Rica,44,2024,2,8,1,Medio
6430,2022-04-01,Sunset Park,Costa Rica,46,2022,4,1,2,Medio
6431,2022-07-07,Sunset Park,Honduras,40,2022,7,7,3,Medio
6432,2023-05-10,Cerro Verde,Costa Rica,41,2023,5,10,2,Medio
6433,2024-05-21,Puerta Del Diablo,Estados Unidos,20,2024,5,21,2,Bajo
6434,2022-05-04,Cerro Verde,Costa Rica,65,2022,5,4,2,Alto
6435,2021-11-29,Balboa,Canada,77,2021,11,29,4,Alto
6436,2024-04-25,Balboa,España,39,2024,4,25,2,Medio
6437,2024-08-05,Apulo,Guatemala,36,2024,8,5,3,Medio
6438,2021-08-02,Amulapa,Honduras,61,2021,8,2,3,Alto
6439,2024-07-18,Apulo,Mexico,61,2024,7,18,3,Alto
6440,2022-04-15,Apulo,Guatemala,78,2022,4,15,2,Alto
6441,2022-06-15,Apulo,Costa Rica,6,2022,6,15,2,Bajo
6442,2024-04-12,Sunset Park,Guatemala,28,2024,4,12,2,Bajo
6443,2022-04-05,Apulo,Nicaragua,38,2022,4,5,2,Medio
6444,2022-09-16,Sunset Park,Guatemala,33,2022,9,16,3,Medio
6445,2023-01-27,Balboa,Mexico,66,2023,1,27,1,Alto
6446,2022-04-18,Amulapa,España,35,2022,4,18,2,Medio
6447,2021-08-06,Cerro Verde,Honduras,66,2021,8,6,3,Alto
6448,2024-09-30,Apulo,Estados Unidos,42,2024,9,30,3,Medio
6449,2024-05-27,Apulo,España,62,2024,5,27,2,Alto
6450,2021-08-19,Puerta Del Diablo,Costa Rica,79,2021,8,19,3,Alto
6451,2022-04-23,Balboa,Guatemala,47,2022,4,23,2,Medio
6452,2023-05-05,Balboa,España,10,2023,5,5,2,Bajo
6453,2022-01-21,Puerta Del Diablo,España,22,2022,1,21,1,Bajo
6454,2024-12-18,Amulapa,Nicaragua,49,2024,12,18,4,Medio
6455,2023-03-18,Puerta Del Diablo,Guatemala,11,2023,3,18,1,Bajo
6456,2021-02-19,Balboa,Nicaragua,60,2021,2,19,1,Alto
6457,2022-10-08,Sunset Park,Estados Unidos,33,2022,10,8,4,Medio
6458,2024-12-06,Sunset Park,Nicaragua,8,2024,12,6,4,Bajo
6459,2024-11-20,Sunset Park,Estados Unidos,33,2024,11,20,4,Medio
6460,2024-10-04,Sunset Park,Costa Rica,20,2024,10,4,4,Bajo
6461,2021-08-14,Balboa,Costa Rica,64,2021,8,14,3,Alto
6462,2021-10-31,Puerta Del Diablo,Costa Rica,67,2021,10,31,4,Alto
6463,2021-11-08,Cerro Verde,Canada,20,2021,11,8,4,Bajo
6464,2021-07-29,Apulo,Guatemala,54,2021,7,29,3,Medio
6465,2022-11-04,Puerta Del Diablo,Costa Rica,9,2022,11,4,4,Bajo
6466,2023-06-25,Puerta Del Diablo,Guatemala,22,2023,6,25,2,Bajo
6467,2022-10-11,Sunset Park,Estados Unidos,69,2022,10,11,4,Alto
6468,2023-09-25,Balboa,Nicaragua,46,2023,9,25,3,Medio
6469,2021-05-30,Puerta Del Diablo,Guatemala,47,2021,5,30,2,Medio
6470,2024-04-15,Apulo,Guatemala,74,2024,4,15,2,Alto
6471,2023-06-07,Sunset Park,Estados Unidos,72,2023,6,7,2,Alto
6472,2024-05-13,Apulo,Mexico,8,2024,5,13,2,Bajo
6473,2024-05-16,Puerta Del Diablo,Canada,5,2024,5,16,2,Bajo
6474,2021-08-16,Apulo,Costa Rica,7,2021,8,16,3,Bajo
6475,2021-03-02,Amulapa,Nicaragua,64,2021,3,2,1,Alto
6476,2022-05-12,Amulapa,Honduras,62,2022,5,12,2,Alto
6477,2021-01-31,Puerta Del Diablo,Nicaragua,56,2021,1,31,1,Medio
6478,2022-09-17,Cerro Verde,Estados Unidos,11,2022,9,17,3,Bajo
6479,2023-10-28,Apulo,Nicaragua,27,2023,10,28,4,Bajo
6480,2024-05-30,Apulo,Nicaragua,69,2024,5,30,2,Alto
6481,2022-09-23,Sunset Park,Guatemala,61,2022,9,23,3,Alto
6482,2024-06-24,Amulapa,Canada,70,2024,6,24,2,Alto
6483,2021-01-21,Cerro Verde,Honduras,79,2021,1,21,1,Alto
6484,2021-10-30,Amulapa,Costa Rica,5,2021,10,30,4,Bajo
6485,2022-05-18,Puerta Del Diablo,Nicaragua,6,2022,5,18,2,Bajo
6486,2023-04-14,Amulapa,Estados Unidos,36,2023,4,14,2,Medio
6487,2022-09-10,Amulapa,Guatemala,20,2022,9,10,3,Bajo
6488,2023-09-16,Amulapa,Honduras,47,2023,9,16,3,Medio
6489,2024-04-27,Apulo,Estados Unidos,41,2024,4,27,2,Medio
6490,2021-03-26,Apulo,Honduras,34,2021,3,26,1,Medio
6491,2021-05-25,Cerro Verde,Mexico,5,2021,5,25,2,Bajo
6492,2021-05-31,Sunset Park,Honduras,79,2021,5,31,2,Alto
6493,2021-02-19,Amulapa,Honduras,33,2021,2,19,1,Medio
6494,2022-12-21,Puerta Del Diablo,Mexico,50,2022,12,21,4,Medio
6495,2022-03-29,Amulapa,Mexico,22,2022,3,29,1,Bajo
6496,2024-09-05,Cerro Verde,Canada,42,2024,9,5,3,Medio
6497,2023-12-08,Cerro Verde,Canada,15,2023,12,8,4,Bajo
6498,2022-05-14,Amulapa,Estados Unidos,22,2022,5,14,2,Bajo
6499,2021-01-13,Puerta Del Diablo,Mexico,30,2021,1,13,1,Medio
6500,2021-05-25,Puerta Del Diablo,Guatemala,57,2021,5,25,2,Medio
6501,2023-08-18,Balboa,Estados Unidos,65,2023,8,18,3,Alto
6502,2022-08-09,Cerro Verde,Honduras,27,2022,8,9,3,Bajo
6503,2024-10-06,Sunset Park,Estados Unidos,39,2024,10,6,4,Medio
6504,2021-01-25,Puerta Del Diablo,España,14,2021,1,25,1,Bajo
6505,2023-02-27,Sunset Park,Mexico,62,2023,2,27,1,Alto
6506,2023-06-06,Balboa,Canada,27,2023,6,6,2,Bajo
6507,2024-06-07,Amulapa,Nicaragua,50,2024,6,7,2,Medio
6508,2022-07-25,Amulapa,España,61,2022,7,25,3,Alto
6509,2023-01-07,Puerta Del Diablo,Estados Unidos,62,2023,1,7,1,Alto
6510,2023-11-11,Balboa,Estados Unidos,22,2023,11,11,4,Bajo
6511,2024-05-10,Puerta Del Diablo,Nicaragua,36,2024,5,10,2,Medio
6512,2024-11-07,Sunset Park,Canada,11,2024,11,7,4,Bajo
6513,2024-01-13,Cerro Verde,Guatemala,48,2024,1,13,1,Medio
6514,2021-08-30,Sunset Park,Guatemala,37,2021,8,30,3,Medio
6515,2024-08-05,Cerro Verde,Nicaragua,18,2024,8,5,3,Bajo
6516,2023-09-01,Balboa,Costa Rica,6,2023,9,1,3,Bajo
6517,2022-08-29,Cerro Verde,Costa Rica,57,2022,8,29,3,Medio
6518,2023-04-04,Cerro Verde,Nicaragua,31,2023,4,4,2,Medio
6519,2023-11-02,Apulo,España,75,2023,11,2,4,Alto
6520,2024-04-23,Amulapa,Estados Unidos,78,2024,4,23,2,Alto
6521,2023-09-07,Balboa,España,74,2023,9,7,3,Alto
6522,2021-11-09,Cerro Verde,Canada,7,2021,11,9,4,Bajo
6523,2021-12-21,Cerro Verde,Mexico,50,2021,12,21,4,Medio
6524,2024-10-03,Balboa,Costa Rica,38,2024,10,3,4,Medio
6525,2023-08-22,Puerta Del Diablo,Costa Rica,44,2023,8,22,3,Medio
6526,2023-09-12,Cerro Verde,Mexico,58,2023,9,12,3,Medio
6527,2023-10-17,Sunset Park,Costa Rica,63,2023,10,17,4,Alto
6528,2022-05-13,Sunset Park,Guatemala,56,2022,5,13,2,Medio
6529,2021-03-16,Apulo,Canada,54,2021,3,16,1,Medio
6530,2024-03-24,Puerta Del Diablo,Honduras,40,2024,3,24,1,Medio
6531,2023-02-12,Balboa,Canada,7,2023,2,12,1,Bajo
6532,2022-04-10,Amulapa,Guatemala,48,2022,4,10,2,Medio
6533,2023-01-03,Balboa,Mexico,71,2023,1,3,1,Alto
6534,2021-07-14,Puerta Del Diablo,Costa Rica,71,2021,7,14,3,Alto
6535,2021-05-12,Apulo,España,48,2021,5,12,2,Medio
6536,2022-08-18,Balboa,Canada,32,2022,8,18,3,Medio
6537,2023-10-07,Puerta Del Diablo,Estados Unidos,32,2023,10,7,4,Medio
6538,2021-12-23,Amulapa,España,30,2021,12,23,4,Medio
6539,2022-06-09,Cerro Verde,Estados Unidos,20,2022,6,9,2,Bajo
6540,2022-05-30,Cerro Verde,Guatemala,15,2022,5,30,2,Bajo
6541,2023-04-19,Puerta Del Diablo,España,36,2023,4,19,2,Medio
6542,2023-09-24,Sunset Park,Honduras,30,2023,9,24,3,Medio
6543,2021-09-28,Sunset Park,Nicaragua,11,2021,9,28,3,Bajo
6544,2021-08-29,Balboa,Canada,50,2021,8,29,3,Medio
6545,2022-04-25,Apulo,Guatemala,39,2022,4,25,2,Medio
6546,2023-02-22,Balboa,Estados Unidos,49,2023,2,22,1,Medio
6547,2021-04-17,Amulapa,Estados Unidos,38,2021,4,17,2,Medio
6548,2024-05-17,Puerta Del Diablo,Mexico,32,2024,5,17,2,Medio
6549,2024-04-20,Sunset Park,Mexico,63,2024,4,20,2,Alto
6550,2021-11-07,Apulo,España,73,2021,11,7,4,Alto
6551,2022-07-24,Apulo,Nicaragua,21,2022,7,24,3,Bajo
6552,2024-01-10,Balboa,Guatemala,29,2024,1,10,1,Bajo
6553,2021-07-03,Apulo,Honduras,17,2021,7,3,3,Bajo
6554,2022-01-02,Cerro Verde,Guatemala,12,2022,1,2,1,Bajo
6555,2022-03-23,Cerro Verde,Mexico,10,2022,3,23,1,Bajo
6556,2023-08-18,Cerro Verde,Honduras,28,2023,8,18,3,Bajo
6557,2024-04-01,Puerta Del Diablo,Estados Unidos,59,2024,4,1,2,Medio
6558,2024-02-07,Puerta Del Diablo,Guatemala,19,2024,2,7,1,Bajo
6559,2024-08-03,Sunset Park,Guatemala,36,2024,8,3,3,Medio
6560,2024-06-20,Cerro Verde,Estados Unidos,68,2024,6,20,2,Alto
6561,2021-12-18,Apulo,Mexico,57,2021,12,18,4,Medio
6562,2024-10-27,Apulo,Honduras,49,2024,10,27,4,Medio
6563,2022-08-19,Cerro Verde,Honduras,37,2022,8,19,3,Medio
6564,2022-03-13,Amulapa,Mexico,30,2022,3,13,1,Medio
6565,2021-07-15,Balboa,Nicaragua,47,2021,7,15,3,Medio
6566,2024-02-09,Apulo,España,40,2024,2,9,1,Medio
6567,2024-11-17,Cerro Verde,Nicaragua,15,2024,11,17,4,Bajo
6568,2024-01-29,Balboa,Canada,40,2024,1,29,1,Medio
6569,2022-09-01,Puerta Del Diablo,Costa Rica,32,2022,9,1,3,Medio
6570,2022-06-19,Apulo,Guatemala,18,2022,6,19,2,Bajo
6571,2023-04-25,Puerta Del Diablo,Mexico,35,2023,4,25,2,Medio
6572,2021-08-12,Balboa,Nicaragua,58,2021,8,12,3,Medio
6573,2021-08-04,Sunset Park,Costa Rica,70,2021,8,4,3,Alto
6574,2021-07-04,Amulapa,Costa Rica,48,2021,7,4,3,Medio
6575,2022-02-24,Sunset Park,Estados Unidos,21,2022,2,24,1,Bajo
6576,2022-06-22,Cerro Verde,Estados Unidos,77,2022,6,22,2,Alto
6577,2023-03-06,Balboa,Honduras,5,2023,3,6,1,Bajo
6578,2022-11-07,Amulapa,Canada,69,2022,11,7,4,Alto
6579,2022-06-28,Amulapa,Estados Unidos,68,2022,6,28,2,Alto
6580,2022-02-15,Cerro Verde,Mexico,10,2022,2,15,1,Bajo
6581,2022-04-08,Balboa,Costa Rica,58,2022,4,8,2,Medio
6582,2024-11-06,Sunset Park,Nicaragua,26,2024,11,6,4,Bajo
6583,2021-12-24,Balboa,Nicaragua,69,2021,12,24,4,Alto
6584,2022-04-20,Amulapa,Nicaragua,8,2022,4,20,2,Bajo
6585,2024-01-18,Apulo,Canada,20,2024,1,18,1,Bajo
6586,2024-08-02,Sunset Park,Costa Rica,51,2024,8,2,3,Medio
6587,2024-02-26,Balboa,Guatemala,32,2024,2,26,1,Medio
6588,2022-11-04,Balboa,Honduras,24,2022,11,4,4,Bajo
6589,2022-09-23,Sunset Park,España,19,2022,9,23,3,Bajo
6590,2022-01-27,Puerta Del Diablo,Estados Unidos,25,2022,1,27,1,Bajo
6591,2021-11-21,Puerta Del Diablo,España,38,2021,11,21,4,Medio
6592,2021-01-14,Amulapa,Estados Unidos,48,2021,1,14,1,Medio
6593,2021-08-13,Cerro Verde,Mexico,13,2021,8,13,3,Bajo
6594,2024-10-24,Cerro Verde,Guatemala,78,2024,10,24,4,Alto
6595,2023-11-11,Apulo,Mexico,8,2023,11,11,4,Bajo
6596,2023-01-07,Amulapa,Honduras,42,2023,1,7,1,Medio
6597,2022-06-25,Sunset Park,España,48,2022,6,25,2,Medio
6598,2022-08-08,Amulapa,Honduras,61,2022,8,8,3,Alto
6599,2021-12-28,Amulapa,Nicaragua,27,2021,12,28,4,Bajo
6600,2024-01-20,Balboa,Estados Unidos,73,2024,1,20,1,Alto
6601,2023-09-17,Puerta Del Diablo,Estados Unidos,28,2023,9,17,3,Bajo
6602,2024-03-06,Puerta Del Diablo,Mexico,29,2024,3,6,1,Bajo
6603,2024-01-25,Amulapa,Costa Rica,27,2024,1,25,1,Bajo
6604,2021-12-27,Cerro Verde,Nicaragua,15,2021,12,27,4,Bajo
6605,2022-03-22,Cerro Verde,Nicaragua,60,2022,3,22,1,Alto
6606,2021-01-28,Balboa,Estados Unidos,39,2021,1,28,1,Medio
6607,2021-01-29,Cerro Verde,Honduras,59,2021,1,29,1,Medio
6608,2021-08-23,Apulo,Mexico,59,2021,8,23,3,Medio
6609,2023-09-30,Sunset Park,Estados Unidos,78,2023,9,30,3,Alto
6610,2021-07-06,Balboa,Estados Unidos,7,2021,7,6,3,Bajo
6611,2023-05-15,Amulapa,Honduras,59,2023,5,15,2,Medio
6612,2023-03-02,Apulo,Mexico,14,2023,3,2,1,Bajo
6613,2023-04-22,Cerro Verde,España,14,2023,4,22,2,Bajo
6614,2022-09-23,Sunset Park,Costa Rica,5,2022,9,23,3,Bajo
6615,2022-04-25,Puerta Del Diablo,Costa Rica,77,2022,4,25,2,Alto
6616,2023-07-03,Puerta Del Diablo,Guatemala,31,2023,7,3,3,Medio
6617,2022-06-29,Puerta Del Diablo,Estados Unidos,35,2022,6,29,2,Medio
6618,2024-08-27,Cerro Verde,Nicaragua,11,2024,8,27,3,Bajo
6619,2024-09-23,Amulapa,Guatemala,43,2024,9,23,3,Medio
6620,2021-10-13,Amulapa,Guatemala,7,2021,10,13,4,Bajo
6621,2023-10-24,Cerro Verde,Nicaragua,38,2023,10,24,4,Medio
6622,2024-03-19,Amulapa,Estados Unidos,58,2024,3,19,1,Medio
6623,2024-06-28,Apulo,España,8,2024,6,28,2,Bajo
6624,2023-07-01,Apulo,Costa Rica,43,2023,7,1,3,Medio
6625,2022-10-11,Balboa,España,37,2022,10,11,4,Medio
6626,2021-08-08,Cerro Verde,Honduras,50,2021,8,8,3,Medio
6627,2023-11-29,Amulapa,Nicaragua,26,2023,11,29,4,Bajo
6628,2024-02-24,Puerta Del Diablo,Honduras,28,2024,2,24,1,Bajo
6629,2022-04-12,Puerta Del Diablo,Mexico,51,2022,4,12,2,Medio
6630,2021-09-11,Sunset Park,Honduras,79,2021,9,11,3,Alto
6631,2024-06-05,Amulapa,Honduras,12,2024,6,5,2,Bajo
6632,2021-03-04,Amulapa,Mexico,65,2021,3,4,1,Alto
6633,2023-05-19,Apulo,España,55,2023,5,19,2,Medio
6634,2021-05-05,Cerro Verde,Nicaragua,67,2021,5,5,2,Alto
6635,2021-05-03,Balboa,Canada,43,2021,5,3,2,Medio
6636,2023-06-03,Balboa,Costa Rica,39,2023,6,3,2,Medio
6637,2022-11-04,Puerta Del Diablo,España,69,2022,11,4,4,Alto
6638,2024-11-23,Apulo,Nicaragua,26,2024,11,23,4,Bajo
6639,2021-10-08,Sunset Park,Canada,32,2021,10,8,4,Medio
6640,2023-11-21,Puerta Del Diablo,Honduras,51,2023,11,21,4,Medio
6641,2024-04-10,Apulo,Costa Rica,26,2024,4,10,2,Bajo
6642,2021-02-19,Balboa,Estados Unidos,60,2021,2,19,1,Alto
6643,2023-09-29,Puerta Del Diablo,Mexico,6,2023,9,29,3,Bajo
6644,2024-07-02,Cerro Verde,Canada,74,2024,7,2,3,Alto
6645,2024-09-14,Sunset Park,Guatemala,34,2024,9,14,3,Medio
6646,2024-05-06,Amulapa,Estados Unidos,17,2024,5,6,2,Bajo
6647,2022-03-10,Cerro Verde,Estados Unidos,42,2022,3,10,1,Medio
6648,2024-08-02,Apulo,Canada,54,2024,8,2,3,Medio
6649,2023-11-30,Apulo,España,57,2023,11,30,4,Medio
6650,2022-05-22,Balboa,Estados Unidos,34,2022,5,22,2,Medio
6651,2024-01-06,Apulo,Nicaragua,51,2024,1,6,1,Medio
6652,2024-11-09,Apulo,Mexico,38,2024,11,9,4,Medio
6653,2024-08-14,Apulo,Mexico,60,2024,8,14,3,Alto
6654,2022-12-18,Balboa,Costa Rica,41,2022,12,18,4,Medio
6655,2022-07-01,Apulo,Costa Rica,40,2022,7,1,3,Medio
6656,2022-09-01,Sunset Park,Mexico,11,2022,9,1,3,Bajo
6657,2021-02-15,Apulo,Honduras,53,2021,2,15,1,Medio
6658,2024-07-21,Apulo,Honduras,44,2024,7,21,3,Medio
6659,2024-01-08,Apulo,Costa Rica,47,2024,1,8,1,Medio
6660,2021-07-05,Balboa,España,33,2021,7,5,3,Medio
6661,2021-04-12,Puerta Del Diablo,Mexico,52,2021,4,12,2,Medio
6662,2022-04-08,Balboa,Canada,41,2022,4,8,2,Medio
6663,2021-07-11,Apulo,Guatemala,74,2021,7,11,3,Alto
6664,2024-10-21,Sunset Park,España,60,2024,10,21,4,Alto
6665,2022-01-27,Sunset Park,Canada,29,2022,1,27,1,Bajo
6666,2022-05-06,Sunset Park,Estados Unidos,57,2022,5,6,2,Medio
6667,2021-10-14,Balboa,Canada,56,2021,10,14,4,Medio
6668,2022-06-10,Apulo,Nicaragua,28,2022,6,10,2,Bajo
6669,2021-11-23,Sunset Park,Canada,47,2021,11,23,4,Medio
6670,2023-04-03,Apulo,Canada,39,2023,4,3,2,Medio
6671,2022-11-07,Sunset Park,Costa Rica,44,2022,11,7,4,Medio
6672,2022-09-15,Apulo,Honduras,34,2022,9,15,3,Medio
6673,2023-07-24,Apulo,Nicaragua,52,2023,7,24,3,Medio
6674,2021-06-03,Puerta Del Diablo,Mexico,38,2021,6,3,2,Medio
6675,2021-06-13,Puerta Del Diablo,Mexico,51,2021,6,13,2,Medio
6676,2021-07-26,Amulapa,Estados Unidos,29,2021,7,26,3,Bajo
6677,2021-08-22,Cerro Verde,Honduras,78,2021,8,22,3,Alto
6678,2024-09-01,Balboa,Estados Unidos,65,2024,9,1,3,Alto
6679,2021-10-09,Puerta Del Diablo,Guatemala,16,2021,10,9,4,Bajo
6680,2021-10-16,Amulapa,Nicaragua,75,2021,10,16,4,Alto
6681,2022-05-10,Cerro Verde,España,35,2022,5,10,2,Medio
6682,2023-05-14,Balboa,Costa Rica,38,2023,5,14,2,Medio
6683,2022-02-04,Cerro Verde,Costa Rica,17,2022,2,4,1,Bajo
6684,2023-08-19,Cerro Verde,Canada,29,2023,8,19,3,Bajo
6685,2023-05-27,Balboa,Honduras,36,2023,5,27,2,Medio
6686,2022-01-19,Sunset Park,Nicaragua,29,2022,1,19,1,Bajo
6687,2023-08-16,Sunset Park,Costa Rica,78,2023,8,16,3,Alto
6688,2024-05-21,Cerro Verde,Honduras,51,2024,5,21,2,Medio
6689,2024-07-18,Amulapa,España,56,2024,7,18,3,Medio
6690,2021-06-12,Apulo,Honduras,62,2021,6,12,2,Alto
6691,2021-01-06,Amulapa,Canada,27,2021,1,6,1,Bajo
6692,2022-10-09,Amulapa,Estados Unidos,38,2022,10,9,4,Medio
6693,2023-08-04,Apulo,Costa Rica,52,2023,8,4,3,Medio
6694,2022-04-30,Cerro Verde,Mexico,6,2022,4,30,2,Bajo
6695,2021-10-20,Puerta Del Diablo,Guatemala,32,2021,10,20,4,Medio
6696,2024-12-09,Puerta Del Diablo,Mexico,63,2024,12,9,4,Alto
6697,2021-01-07,Apulo,Nicaragua,12,2021,1,7,1,Bajo
6698,2023-07-23,Puerta Del Diablo,Honduras,41,2023,7,23,3,Medio
6699,2021-08-21,Cerro Verde,Guatemala,9,2021,8,21,3,Bajo
6700,2024-04-07,Puerta Del Diablo,Mexico,33,2024,4,7,2,Medio
6701,2021-08-27,Apulo,Honduras,22,2021,8,27,3,Bajo
6702,2024-10-03,Amulapa,Nicaragua,54,2024,10,3,4,Medio
6703,2023-12-01,Sunset Park,Canada,63,2023,12,1,4,Alto
6704,2021-12-24,Apulo,Guatemala,57,2021,12,24,4,Medio
6705,2022-03-19,Amulapa,Costa Rica,23,2022,3,19,1,Bajo
6706,2024-06-26,Sunset Park,Estados Unidos,57,2024,6,26,2,Medio
6707,2023-06-28,Apulo,Honduras,71,2023,6,28,2,Alto
6708,2021-01-12,Puerta Del Diablo,Costa Rica,53,2021,1,12,1,Medio
6709,2024-03-23,Puerta Del Diablo,Canada,10,2024,3,23,1,Bajo
6710,2021-07-30,Apulo,Mexico,12,2021,7,30,3,Bajo
6711,2021-07-01,Sunset Park,Nicaragua,14,2021,7,1,3,Bajo
6712,2023-01-17,Cerro Verde,Estados Unidos,41,2023,1,17,1,Medio
6713,2024-06-25,Puerta Del Diablo,Mexico,13,2024,6,25,2,Bajo
6714,2022-03-06,Amulapa,España,53,2022,3,6,1,Medio
6715,2021-06-11,Apulo,Guatemala,65,2021,6,11,2,Alto
6716,2022-04-24,Cerro Verde,Costa Rica,66,2022,4,24,2,Alto
6717,2024-02-07,Apulo,Estados Unidos,18,2024,2,7,1,Bajo
6718,2021-12-03,Puerta Del Diablo,Nicaragua,38,2021,12,3,4,Medio
6719,2024-04-23,Balboa,España,64,2024,4,23,2,Alto
6720,2021-02-04,Sunset Park,Honduras,59,2021,2,4,1,Medio
6721,2022-06-13,Sunset Park,Nicaragua,52,2022,6,13,2,Medio
6722,2024-12-11,Puerta Del Diablo,Honduras,12,2024,12,11,4,Bajo
6723,2021-02-24,Sunset Park,Mexico,9,2021,2,24,1,Bajo
6724,2023-01-08,Apulo,Nicaragua,75,2023,1,8,1,Alto
6725,2022-11-05,Cerro Verde,Nicaragua,69,2022,11,5,4,Alto
6726,2023-01-08,Amulapa,Nicaragua,20,2023,1,8,1,Bajo
6727,2023-05-07,Amulapa,Mexico,30,2023,5,7,2,Medio
6728,2022-01-25,Cerro Verde,Costa Rica,77,2022,1,25,1,Alto
6729,2023-10-11,Cerro Verde,Costa Rica,33,2023,10,11,4,Medio
6730,2022-05-05,Apulo,Costa Rica,31,2022,5,5,2,Medio
6731,2024-10-25,Apulo,Nicaragua,46,2024,10,25,4,Medio
6732,2024-04-28,Balboa,Honduras,50,2024,4,28,2,Medio
6733,2021-04-12,Sunset Park,Costa Rica,78,2021,4,12,2,Alto
6734,2022-03-21,Cerro Verde,España,11,2022,3,21,1,Bajo
6735,2023-07-07,Puerta Del Diablo,España,24,2023,7,7,3,Bajo
6736,2023-07-05,Apulo,Costa Rica,48,2023,7,5,3,Medio
6737,2021-08-05,Puerta Del Diablo,Mexico,58,2021,8,5,3,Medio
6738,2022-04-10,Apulo,España,45,2022,4,10,2,Medio
6739,2024-05-16,Puerta Del Diablo,Nicaragua,6,2024,5,16,2,Bajo
6740,2024-06-04,Sunset Park,Estados Unidos,70,2024,6,4,2,Alto
6741,2021-03-06,Cerro Verde,Canada,64,2021,3,6,1,Alto
6742,2022-09-20,Sunset Park,Honduras,21,2022,9,20,3,Bajo
6743,2021-12-06,Puerta Del Diablo,Costa Rica,78,2021,12,6,4,Alto
6744,2023-05-11,Apulo,España,36,2023,5,11,2,Medio
6745,2022-04-11,Apulo,Costa Rica,55,2022,4,11,2,Medio
6746,2023-07-13,Puerta Del Diablo,Guatemala,65,2023,7,13,3,Alto
6747,2022-02-04,Apulo,Honduras,75,2022,2,4,1,Alto
6748,2024-05-16,Apulo,Canada,26,2024,5,16,2,Bajo
6749,2022-03-20,Amulapa,Estados Unidos,19,2022,3,20,1,Bajo
6750,2022-03-17,Amulapa,Estados Unidos,42,2022,3,17,1,Medio
6751,2024-01-04,Cerro Verde,España,62,2024,1,4,1,Alto
6752,2022-06-11,Cerro Verde,Costa Rica,64,2022,6,11,2,Alto
6753,2021-05-29,Sunset Park,Nicaragua,50,2021,5,29,2,Medio
6754,2021-02-17,Amulapa,Mexico,5,2021,2,17,1,Bajo
6755,2021-08-26,Balboa,Guatemala,47,2021,8,26,3,Medio
6756,2022-02-19,Amulapa,Honduras,34,2022,2,19,1,Medio
6757,2024-10-12,Apulo,Canada,49,2024,10,12,4,Medio
6758,2023-08-18,Amulapa,Honduras,13,2023,8,18,3,Bajo
6759,2024-04-25,Balboa,Nicaragua,59,2024,4,25,2,Medio
6760,2024-06-01,Apulo,Costa Rica,28,2024,6,1,2,Bajo
6761,2021-03-19,Balboa,Estados Unidos,45,2021,3,19,1,Medio
6762,2022-07-04,Cerro Verde,Nicaragua,12,2022,7,4,3,Bajo
6763,2022-12-24,Puerta Del Diablo,España,15,2022,12,24,4,Bajo
6764,2021-06-14,Sunset Park,Canada,33,2021,6,14,2,Medio
6765,2022-02-02,Amulapa,Honduras,30,2022,2,2,1,Medio
6766,2021-03-03,Sunset Park,Canada,75,2021,3,3,1,Alto
6767,2022-12-11,Cerro Verde,Mexico,44,2022,12,11,4,Medio
6768,2023-12-07,Sunset Park,Nicaragua,14,2023,12,7,4,Bajo
6769,2022-10-02,Cerro Verde,Costa Rica,72,2022,10,2,4,Alto
6770,2023-01-06,Puerta Del Diablo,Honduras,39,2023,1,6,1,Medio
6771,2021-03-11,Sunset Park,Honduras,58,2021,3,11,1,Medio
6772,2023-03-18,Apulo,España,28,2023,3,18,1,Bajo
6773,2023-04-19,Sunset Park,Estados Unidos,64,2023,4,19,2,Alto
6774,2022-05-26,Balboa,Costa Rica,62,2022,5,26,2,Alto
6775,2023-05-31,Sunset Park,Canada,30,2023,5,31,2,Medio
6776,2024-09-22,Amulapa,España,63,2024,9,22,3,Alto
6777,2023-12-05,Balboa,Mexico,31,2023,12,5,4,Medio
6778,2021-02-03,Apulo,Mexico,63,2021,2,3,1,Alto
6779,2021-02-16,Balboa,Nicaragua,34,2021,2,16,1,Medio
6780,2023-10-01,Apulo,Honduras,36,2023,10,1,4,Medio
6781,2021-02-06,Puerta Del Diablo,Estados Unidos,63,2021,2,6,1,Alto
6782,2023-01-11,Sunset Park,Guatemala,30,2023,1,11,1,Medio
6783,2021-05-11,Balboa,Honduras,46,2021,5,11,2,Medio
6784,2023-04-25,Puerta Del Diablo,Estados Unidos,28,2023,4,25,2,Bajo
6785,2022-10-23,Puerta Del Diablo,Honduras,38,2022,10,23,4,Medio
6786,2022-08-14,Amulapa,Mexico,5,2022,8,14,3,Bajo
6787,2022-04-12,Balboa,Guatemala,54,2022,4,12,2,Medio
6788,2021-03-13,Sunset Park,Mexico,26,2021,3,13,1,Bajo
6789,2024-02-16,Cerro Verde,Canada,29,2024,2,16,1,Bajo
6790,2021-11-07,Puerta Del Diablo,España,33,2021,11,7,4,Medio
6791,2024-06-15,Puerta Del Diablo,Honduras,75,2024,6,15,2,Alto
6792,2022-12-23,Balboa,Nicaragua,68,2022,12,23,4,Alto
6793,2021-09-15,Apulo,Estados Unidos,55,2021,9,15,3,Medio
6794,2024-08-05,Apulo,Mexico,30,2024,8,5,3,Medio
6795,2022-07-31,Cerro Verde,Honduras,53,2022,7,31,3,Medio
6796,2024-05-01,Cerro Verde,España,40,2024,5,1,2,Medio
6797,2024-09-01,Sunset Park,Canada,74,2024,9,1,3,Alto
6798,2023-11-07,Cerro Verde,Costa Rica,43,2023,11,7,4,Medio
6799,2024-01-26,Amulapa,Honduras,45,2024,1,26,1,Medio
6800,2021-04-01,Apulo,Mexico,8,2021,4,1,2,Bajo
6801,2024-08-30,Apulo,Honduras,18,2024,8,30,3,Bajo
6802,2023-07-16,Sunset Park,España,50,2023,7,16,3,Medio
6803,2024-01-25,Balboa,España,29,2024,1,25,1,Bajo
6804,2023-10-27,Puerta Del Diablo,Costa Rica,57,2023,10,27,4,Medio
6805,2024-11-07,Balboa,España,35,2024,11,7,4,Medio
6806,2023-08-04,Sunset Park,Mexico,9,2023,8,4,3,Bajo
6807,2022-12-08,Balboa,Nicaragua,45,2022,12,8,4,Medio
6808,2024-01-22,Amulapa,Costa Rica,67,2024,1,22,1,Alto
6809,2023-04-04,Amulapa,Costa Rica,32,2023,4,4,2,Medio
6810,2024-03-08,Apulo,Mexico,77,2024,3,8,1,Alto
6811,2021-08-06,Amulapa,Guatemala,49,2021,8,6,3,Medio
6812,2023-05-18,Sunset Park,Nicaragua,52,2023,5,18,2,Medio
6813,2023-10-28,Sunset Park,Estados Unidos,67,2023,10,28,4,Alto
6814,2022-03-10,Cerro Verde,Nicaragua,35,2022,3,10,1,Medio
6815,2023-10-20,Balboa,Canada,68,2023,10,20,4,Alto
6816,2022-11-29,Apulo,Costa Rica,70,2022,11,29,4,Alto
6817,2021-02-03,Puerta Del Diablo,Estados Unidos,64,2021,2,3,1,Alto
6818,2021-05-10,Apulo,Mexico,13,2021,5,10,2,Bajo
6819,2022-11-06,Puerta Del Diablo,España,46,2022,11,6,4,Medio
6820,2024-08-08,Amulapa,España,39,2024,8,8,3,Medio
6821,2024-12-05,Cerro Verde,Nicaragua,78,2024,12,5,4,Alto
6822,2022-09-12,Balboa,Guatemala,30,2022,9,12,3,Medio
6823,2022-10-28,Apulo,Estados Unidos,77,2022,10,28,4,Alto
6824,2024-07-10,Puerta Del Diablo,Nicaragua,6,2024,7,10,3,Bajo
6825,2022-10-10,Amulapa,Mexico,52,2022,10,10,4,Medio
6826,2021-05-03,Cerro Verde,Nicaragua,52,2021,5,3,2,Medio
6827,2023-10-22,Apulo,Estados Unidos,78,2023,10,22,4,Alto
6828,2022-04-10,Puerta Del Diablo,Honduras,73,2022,4,10,2,Alto
6829,2024-02-02,Balboa,Costa Rica,28,2024,2,2,1,Bajo
6830,2022-01-09,Puerta Del Diablo,Nicaragua,54,2022,1,9,1,Medio
6831,2022-08-21,Apulo,Estados Unidos,57,2022,8,21,3,Medio
6832,2021-02-01,Amulapa,Estados Unidos,78,2021,2,1,1,Alto
6833,2021-10-11,Apulo,España,62,2021,10,11,4,Alto
6834,2021-02-21,Sunset Park,Nicaragua,49,2021,2,21,1,Medio
6835,2024-03-30,Puerta Del Diablo,Canada,28,2024,3,30,1,Bajo
6836,2022-09-07,Apulo,Mexico,41,2022,9,7,3,Medio
6837,2023-02-25,Apulo,Mexico,30,2023,2,25,1,Medio
6838,2023-05-05,Amulapa,Honduras,24,2023,5,5,2,Bajo
6839,2024-10-15,Cerro Verde,Honduras,17,2024,10,15,4,Bajo
6840,2022-01-01,Balboa,España,25,2022,1,1,1,Bajo
6841,2021-08-22,Apulo,Costa Rica,72,2021,8,22,3,Alto
6842,2024-12-28,Apulo,Honduras,12,2024,12,28,4,Bajo
6843,2021-09-04,Puerta Del Diablo,Costa Rica,61,2021,9,4,3,Alto
6844,2022-02-02,Puerta Del Diablo,Guatemala,37,2022,2,2,1,Medio
6845,2021-05-01,Apulo,Honduras,79,2021,5,1,2,Alto
6846,2021-06-19,Sunset Park,Mexico,75,2021,6,19,2,Alto
6847,2021-07-28,Balboa,Costa Rica,79,2021,7,28,3,Alto
6848,2021-07-17,Puerta Del Diablo,España,7,2021,7,17,3,Bajo
6849,2021-04-13,Amulapa,Nicaragua,72,2021,4,13,2,Alto
6850,2023-06-03,Amulapa,Canada,14,2023,6,3,2,Bajo
6851,2021-08-31,Apulo,Costa Rica,16,2021,8,31,3,Bajo
6852,2023-03-21,Apulo,Nicaragua,56,2023,3,21,1,Medio
6853,2024-01-07,Amulapa,Guatemala,38,2024,1,7,1,Medio
6854,2021-06-06,Cerro Verde,España,25,2021,6,6,2,Bajo
6855,2021-02-18,Sunset Park,Estados Unidos,20,2021,2,18,1,Bajo
6856,2023-02-20,Balboa,Mexico,32,2023,2,20,1,Medio
6857,2024-12-14,Puerta Del Diablo,Honduras,66,2024,12,14,4,Alto
6858,2022-07-06,Apulo,Canada,33,2022,7,6,3,Medio
6859,2021-04-25,Amulapa,Nicaragua,41,2021,4,25,2,Medio
6860,2024-11-30,Apulo,Canada,74,2024,11,30,4,Alto
6861,2023-02-26,Balboa,Guatemala,63,2023,2,26,1,Alto
6862,2022-08-01,Puerta Del Diablo,Costa Rica,31,2022,8,1,3,Medio
6863,2021-02-13,Apulo,Mexico,26,2021,2,13,1,Bajo
6864,2024-04-22,Apulo,Mexico,6,2024,4,22,2,Bajo
6865,2023-09-07,Amulapa,Canada,22,2023,9,7,3,Bajo
6866,2021-09-06,Balboa,Canada,10,2021,9,6,3,Bajo
6867,2021-05-31,Balboa,Honduras,27,2021,5,31,2,Bajo
6868,2021-10-06,Cerro Verde,España,18,2021,10,6,4,Bajo
6869,2024-04-24,Sunset Park,Mexico,63,2024,4,24,2,Alto
6870,2021-12-09,Cerro Verde,España,72,2021,12,9,4,Alto
6871,2022-05-11,Amulapa,Estados Unidos,25,2022,5,11,2,Bajo
6872,2021-06-22,Sunset Park,Guatemala,29,2021,6,22,2,Bajo
6873,2023-02-27,Amulapa,Canada,44,2023,2,27,1,Medio
6874,2023-09-15,Sunset Park,Mexico,66,2023,9,15,3,Alto
6875,2021-12-19,Puerta Del Diablo,Honduras,26,2021,12,19,4,Bajo
6876,2023-09-15,Cerro Verde,Honduras,32,2023,9,15,3,Medio
6877,2022-09-15,Puerta Del Diablo,Canada,13,2022,9,15,3,Bajo
6878,2021-09-16,Balboa,Honduras,21,2021,9,16,3,Bajo
6879,2022-12-31,Amulapa,España,38,2022,12,31,4,Medio
6880,2021-07-15,Balboa,Costa Rica,9,2021,7,15,3,Bajo
6881,2022-11-19,Sunset Park,Mexico,11,2022,11,19,4,Bajo
6882,2023-04-05,Apulo,Estados Unidos,35,2023,4,5,2,Medio
6883,2022-04-11,Sunset Park,Guatemala,75,2022,4,11,2,Alto
6884,2022-12-16,Sunset Park,Mexico,76,2022,12,16,4,Alto
6885,2023-05-22,Puerta Del Diablo,Guatemala,54,2023,5,22,2,Medio
6886,2024-09-13,Sunset Park,Nicaragua,38,2024,9,13,3,Medio
6887,2021-04-23,Balboa,Mexico,8,2021,4,23,2,Bajo
6888,2022-05-31,Cerro Verde,Costa Rica,50,2022,5,31,2,Medio
6889,2021-12-25,Sunset Park,Canada,28,2021,12,25,4,Bajo
6890,2021-09-30,Amulapa,Guatemala,62,2021,9,30,3,Alto
6891,2023-11-11,Balboa,España,35,2023,11,11,4,Medio
6892,2023-08-26,Sunset Park,Costa Rica,16,2023,8,26,3,Bajo
6893,2024-02-25,Apulo,Guatemala,61,2024,2,25,1,Alto
6894,2023-08-23,Balboa,Canada,56,2023,8,23,3,Medio
6895,2024-12-30,Sunset Park,Costa Rica,63,2024,12,30,4,Alto
6896,2023-11-28,Apulo,Nicaragua,77,2023,11,28,4,Alto
6897,2023-11-25,Puerta Del Diablo,Estados Unidos,9,2023,11,25,4,Bajo
6898,2024-09-02,Balboa,Nicaragua,37,2024,9,2,3,Medio
6899,2022-07-16,Apulo,Costa Rica,59,2022,7,16,3,Medio
6900,2021-07-14,Balboa,Estados Unidos,49,2021,7,14,3,Medio
6901,2024-10-16,Balboa,Nicaragua,73,2024,10,16,4,Alto
6902,2022-07-11,Puerta Del Diablo,Costa Rica,11,2022,7,11,3,Bajo
6903,2024-03-12,Sunset Park,España,76,2024,3,12,1,Alto
6904,2022-08-28,Amulapa,Mexico,40,2022,8,28,3,Medio
6905,2024-06-03,Puerta Del Diablo,Estados Unidos,18,2024,6,3,2,Bajo
6906,2024-08-02,Balboa,Mexico,8,2024,8,2,3,Bajo
6907,2024-02-15,Puerta Del Diablo,Nicaragua,28,2024,2,15,1,Bajo
6908,2023-04-30,Apulo,España,40,2023,4,30,2,Medio
6909,2022-09-23,Sunset Park,Costa Rica,65,2022,9,23,3,Alto
6910,2024-10-19,Sunset Park,Guatemala,12,2024,10,19,4,Bajo
6911,2024-02-05,Sunset Park,Canada,37,2024,2,5,1,Medio
6912,2023-11-16,Balboa,Canada,66,2023,11,16,4,Alto
6913,2021-09-10,Balboa,Estados Unidos,27,2021,9,10,3,Bajo
6914,2022-12-09,Sunset Park,Nicaragua,20,2022,12,9,4,Bajo
6915,2021-01-13,Amulapa,Guatemala,22,2021,1,13,1,Bajo
6916,2021-04-20,Amulapa,Mexico,45,2021,4,20,2,Medio
6917,2021-06-28,Puerta Del Diablo,Mexico,24,2021,6,28,2,Bajo
6918,2024-12-02,Sunset Park,Nicaragua,11,2024,12,2,4,Bajo
6919,2021-12-12,Balboa,Honduras,5,2021,12,12,4,Bajo
6920,2024-01-23,Amulapa,Canada,45,2024,1,23,1,Medio
6921,2024-10-26,Puerta Del Diablo,España,45,2024,10,26,4,Medio
6922,2023-07-17,Cerro Verde,Estados Unidos,72,2023,7,17,3,Alto
6923,2024-04-01,Puerta Del Diablo,Costa Rica,39,2024,4,1,2,Medio
6924,2023-12-09,Balboa,Guatemala,9,2023,12,9,4,Bajo
6925,2021-12-17,Puerta Del Diablo,Nicaragua,20,2021,12,17,4,Bajo
6926,2021-06-29,Apulo,Honduras,47,2021,6,29,2,Medio
6927,2024-02-13,Balboa,España,32,2024,2,13,1,Medio
6928,2024-02-21,Sunset Park,Guatemala,6,2024,2,21,1,Bajo
6929,2023-03-22,Balboa,España,18,2023,3,22,1,Bajo
6930,2021-07-07,Puerta Del Diablo,Nicaragua,32,2021,7,7,3,Medio
6931,2022-04-11,Cerro Verde,Honduras,57,2022,4,11,2,Medio
6932,2023-04-22,Sunset Park,España,68,2023,4,22,2,Alto
6933,2024-10-31,Puerta Del Diablo,Honduras,68,2024,10,31,4,Alto
6934,2024-04-17,Amulapa,Guatemala,43,2024,4,17,2,Medio
6935,2021-10-09,Puerta Del Diablo,Estados Unidos,49,2021,10,9,4,Medio
6936,2021-08-04,Puerta Del Diablo,Costa Rica,57,2021,8,4,3,Medio
6937,2023-11-02,Puerta Del Diablo,Canada,18,2023,11,2,4,Bajo
6938,2021-09-11,Amulapa,España,43,2021,9,11,3,Medio
6939,2022-01-07,Amulapa,Nicaragua,30,2022,1,7,1,Medio
6940,2024-01-25,Cerro Verde,Costa Rica,60,2024,1,25,1,Alto
6941,2023-01-24,Balboa,Mexico,34,2023,1,24,1,Medio
6942,2021-03-10,Cerro Verde,Costa Rica,60,2021,3,10,1,Alto
6943,2023-02-05,Amulapa,España,48,2023,2,5,1,Medio
6944,2021-07-12,Amulapa,Canada,59,2021,7,12,3,Medio
6945,2022-12-27,Balboa,Costa Rica,40,2022,12,27,4,Medio
6946,2022-09-04,Sunset Park,Honduras,17,2022,9,4,3,Bajo
6947,2023-11-06,Puerta Del Diablo,Nicaragua,46,2023,11,6,4,Medio
6948,2021-09-19,Amulapa,Honduras,38,2021,9,19,3,Medio
6949,2024-12-16,Puerta Del Diablo,Canada,57,2024,12,16,4,Medio
6950,2023-07-29,Puerta Del Diablo,Guatemala,6,2023,7,29,3,Bajo
6951,2022-07-05,Amulapa,Canada,30,2022,7,5,3,Medio
6952,2024-01-03,Amulapa,Nicaragua,32,2024,1,3,1,Medio
6953,2023-10-13,Apulo,España,63,2023,10,13,4,Alto
6954,2022-04-02,Puerta Del Diablo,Costa Rica,49,2022,4,2,2,Medio
6955,2021-03-07,Apulo,Canada,69,2021,3,7,1,Alto
6956,2024-11-15,Cerro Verde,Mexico,57,2024,11,15,4,Medio
6957,2024-05-02,Balboa,Guatemala,57,2024,5,2,2,Medio
6958,2021-03-29,Apulo,Costa Rica,75,2021,3,29,1,Alto
6959,2022-01-10,Cerro Verde,Guatemala,7,2022,1,10,1,Bajo
6960,2023-08-31,Sunset Park,Mexico,53,2023,8,31,3,Medio
6961,2022-08-19,Balboa,Honduras,71,2022,8,19,3,Alto
6962,2024-01-09,Apulo,España,45,2024,1,9,1,Medio
6963,2023-07-30,Cerro Verde,España,19,2023,7,30,3,Bajo
6964,2021-11-27,Sunset Park,Nicaragua,39,2021,11,27,4,Medio
6965,2021-09-21,Balboa,Mexico,67,2021,9,21,3,Alto
6966,2022-03-09,Apulo,Canada,19,2022,3,9,1,Bajo
6967,2021-12-06,Balboa,Costa Rica,6,2021,12,6,4,Bajo
6968,2024-12-30,Amulapa,España,50,2024,12,30,4,Medio
6969,2021-12-29,Balboa,Guatemala,65,2021,12,29,4,Alto
6970,2022-05-05,Amulapa,Estados Unidos,28,2022,5,5,2,Bajo
6971,2023-10-08,Amulapa,Guatemala,48,2023,10,8,4,Medio
6972,2022-02-20,Sunset Park,Honduras,9,2022,2,20,1,Bajo
6973,2021-05-21,Apulo,España,60,2021,5,21,2,Alto
6974,2024-12-21,Sunset Park,Mexico,58,2024,12,21,4,Medio
6975,2024-01-07,Sunset Park,Nicaragua,28,2024,1,7,1,Bajo
6976,2023-07-07,Balboa,Canada,52,2023,7,7,3,Medio
6977,2024-11-17,Amulapa,Canada,26,2024,11,17,4,Bajo
6978,2023-07-13,Puerta Del Diablo,Costa Rica,23,2023,7,13,3,Bajo
6979,2022-10-24,Amulapa,Canada,18,2022,10,24,4,Bajo
6980,2023-11-08,Puerta Del Diablo,Costa Rica,26,2023,11,8,4,Bajo
6981,2021-06-03,Sunset Park,Honduras,15,2021,6,3,2,Bajo
6982,2024-10-24,Apulo,Costa Rica,46,2024,10,24,4,Medio
6983,2022-03-28,Balboa,Honduras,38,2022,3,28,1,Medio
6984,2021-07-28,Amulapa,España,57,2021,7,28,3,Medio
6985,2022-04-01,Sunset Park,Guatemala,5,2022,4,1,2,Bajo
6986,2024-02-17,Apulo,España,18,2024,2,17,1,Bajo
6987,2021-10-01,Puerta Del Diablo,Canada,62,2021,10,1,4,Alto
6988,2024-12-13,Sunset Park,Honduras,15,2024,12,13,4,Bajo
6989,2023-03-03,Cerro Verde,Estados Unidos,54,2023,3,3,1,Medio
6990,2024-07-17,Sunset Park,Mexico,7,2024,7,17,3,Bajo
6991,2022-08-17,Apulo,Guatemala,16,2022,8,17,3,Bajo
6992,2023-01-16,Apulo,España,45,2023,1,16,1,Medio
6993,2024-12-28,Sunset Park,Canada,74,2024,12,28,4,Alto
6994,2023-12-30,Cerro Verde,Nicaragua,10,2023,12,30,4,Bajo
6995,2022-09-11,Amulapa,Guatemala,19,2022,9,11,3,Bajo
6996,2024-03-31,Amulapa,España,15,2024,3,31,1,Bajo
6997,2023-06-13,Puerta Del Diablo,Guatemala,14,2023,6,13,2,Bajo
6998,2022-10-27,Cerro Verde,Canada,51,2022,10,27,4,Medio
6999,2021-08-13,Amulapa,Guatemala,72,2021,8,13,3,Alto
7000,2023-03-24,Cerro Verde,Nicaragua,26,2023,3,24,1,Bajo
7001,2021-01-01,Apulo,Costa Rica,32,2021,1,1,1,Medio
7002,2021-02-27,Sunset Park,Nicaragua,27,2021,2,27,1,Bajo
7003,2024-05-25,Cerro Verde,Estados Unidos,37,2024,5,25,2,Medio
7004,2024-04-14,Sunset Park,Nicaragua,12,2024,4,14,2,Bajo
7005,2024-11-25,Amulapa,Costa Rica,40,2024,11,25,4,Medio
7006,2022-04-20,Cerro Verde,Canada,70,2022,4,20,2,Alto
7007,2023-11-27,Balboa,Costa Rica,35,2023,11,27,4,Medio
7008,2021-07-11,Apulo,Costa Rica,33,2021,7,11,3,Medio
7009,2023-01-12,Cerro Verde,Mexico,9,2023,1,12,1,Bajo
7010,2022-02-08,Balboa,Costa Rica,73,2022,2,8,1,Alto
7011,2023-06-18,Apulo,Honduras,27,2023,6,18,2,Bajo
7012,2024-09-15,Amulapa,Nicaragua,41,2024,9,15,3,Medio
7013,2021-07-03,Apulo,España,77,2021,7,3,3,Alto
7014,2023-11-24,Sunset Park,España,42,2023,11,24,4,Medio
7015,2021-01-23,Amulapa,Guatemala,57,2021,1,23,1,Medio
7016,2022-11-14,Cerro Verde,Mexico,40,2022,11,14,4,Medio
7017,2024-08-04,Sunset Park,Mexico,67,2024,8,4,3,Alto
7018,2021-02-27,Cerro Verde,Guatemala,74,2021,2,27,1,Alto
7019,2022-04-22,Balboa,Estados Unidos,54,2022,4,22,2,Medio
7020,2022-01-07,Cerro Verde,Canada,66,2022,1,7,1,Alto
7021,2024-11-01,Balboa,Nicaragua,66,2024,11,1,4,Alto
7022,2022-02-27,Cerro Verde,Canada,33,2022,2,27,1,Medio
7023,2022-03-17,Balboa,Nicaragua,28,2022,3,17,1,Bajo
7024,2022-06-13,Sunset Park,España,40,2022,6,13,2,Medio
7025,2024-12-13,Cerro Verde,Estados Unidos,14,2024,12,13,4,Bajo
7026,2022-05-29,Sunset Park,Estados Unidos,11,2022,5,29,2,Bajo
7027,2022-05-20,Amulapa,Guatemala,42,2022,5,20,2,Medio
7028,2021-05-26,Apulo,Nicaragua,53,2021,5,26,2,Medio
7029,2021-03-12,Puerta Del Diablo,Honduras,9,2021,3,12,1,Bajo
7030,2024-03-25,Cerro Verde,Costa Rica,53,2024,3,25,1,Medio
7031,2024-12-24,Balboa,España,54,2024,12,24,4,Medio
7032,2021-04-08,Sunset Park,Nicaragua,51,2021,4,8,2,Medio
7033,2021-01-19,Balboa,Mexico,13,2021,1,19,1,Bajo
7034,2021-01-28,Sunset Park,Nicaragua,7,2021,1,28,1,Bajo
7035,2023-01-30,Puerta Del Diablo,Costa Rica,12,2023,1,30,1,Bajo
7036,2021-10-17,Amulapa,Honduras,62,2021,10,17,4,Alto
7037,2022-06-01,Apulo,España,24,2022,6,1,2,Bajo
7038,2024-06-06,Puerta Del Diablo,Mexico,78,2024,6,6,2,Alto
7039,2024-03-27,Balboa,Canada,20,2024,3,27,1,Bajo
7040,2021-06-01,Cerro Verde,Costa Rica,16,2021,6,1,2,Bajo
7041,2024-10-12,Amulapa,Honduras,6,2024,10,12,4,Bajo
7042,2023-09-06,Amulapa,Canada,58,2023,9,6,3,Medio
7043,2021-10-02,Apulo,Canada,71,2021,10,2,4,Alto
7044,2022-06-16,Sunset Park,Guatemala,29,2022,6,16,2,Bajo
7045,2023-12-11,Apulo,Mexico,13,2023,12,11,4,Bajo
7046,2023-01-23,Cerro Verde,Estados Unidos,50,2023,1,23,1,Medio
7047,2023-01-31,Cerro Verde,Estados Unidos,35,2023,1,31,1,Medio
7048,2021-12-14,Balboa,España,25,2021,12,14,4,Bajo
7049,2024-12-18,Puerta Del Diablo,Honduras,75,2024,12,18,4,Alto
7050,2023-02-04,Sunset Park,España,47,2023,2,4,1,Medio
7051,2023-02-07,Apulo,Mexico,41,2023,2,7,1,Medio
7052,2021-08-04,Cerro Verde,Canada,34,2021,8,4,3,Medio
7053,2024-05-16,Amulapa,Guatemala,51,2024,5,16,2,Medio
7054,2024-02-06,Puerta Del Diablo,Mexico,38,2024,2,6,1,Medio
7055,2021-09-30,Balboa,Costa Rica,8,2021,9,30,3,Bajo
7056,2023-10-19,Balboa,Nicaragua,10,2023,10,19,4,Bajo
7057,2024-02-29,Amulapa,Guatemala,44,2024,2,29,1,Medio
7058,2024-11-06,Sunset Park,Guatemala,23,2024,11,6,4,Bajo
7059,2021-09-27,Puerta Del Diablo,Nicaragua,14,2021,9,27,3,Bajo
7060,2023-09-30,Balboa,Nicaragua,38,2023,9,30,3,Medio
7061,2024-02-29,Sunset Park,España,20,2024,2,29,1,Bajo
7062,2023-05-26,Cerro Verde,Guatemala,71,2023,5,26,2,Alto
7063,2021-09-20,Amulapa,Costa Rica,20,2021,9,20,3,Bajo
7064,2021-04-13,Apulo,España,35,2021,4,13,2,Medio
7065,2023-03-04,Sunset Park,Mexico,27,2023,3,4,1,Bajo
7066,2023-06-08,Puerta Del Diablo,Costa Rica,42,2023,6,8,2,Medio
7067,2024-02-12,Cerro Verde,Nicaragua,73,2024,2,12,1,Alto
7068,2022-12-17,Apulo,Canada,29,2022,12,17,4,Bajo
7069,2023-06-06,Puerta Del Diablo,Costa Rica,79,2023,6,6,2,Alto
7070,2023-04-19,Balboa,España,77,2023,4,19,2,Alto
7071,2022-08-27,Puerta Del Diablo,Estados Unidos,73,2022,8,27,3,Alto
7072,2024-03-31,Apulo,España,56,2024,3,31,1,Medio
7073,2021-06-26,Apulo,Costa Rica,70,2021,6,26,2,Alto
7074,2022-01-06,Puerta Del Diablo,Estados Unidos,70,2022,1,6,1,Alto
7075,2024-07-30,Apulo,Nicaragua,72,2024,7,30,3,Alto
7076,2024-04-26,Amulapa,Mexico,38,2024,4,26,2,Medio
7077,2021-10-18,Puerta Del Diablo,Nicaragua,76,2021,10,18,4,Alto
7078,2022-08-04,Cerro Verde,Guatemala,70,2022,8,4,3,Alto
7079,2024-07-11,Apulo,Estados Unidos,19,2024,7,11,3,Bajo
7080,2024-07-17,Apulo,Mexico,76,2024,7,17,3,Alto
7081,2023-10-03,Cerro Verde,Canada,68,2023,10,3,4,Alto
7082,2024-08-07,Amulapa,Costa Rica,37,2024,8,7,3,Medio
7083,2021-04-21,Cerro Verde,Guatemala,5,2021,4,21,2,Bajo
7084,2022-04-15,Sunset Park,Nicaragua,52,2022,4,15,2,Medio
7085,2021-07-11,Balboa,Mexico,72,2021,7,11,3,Alto
7086,2023-08-22,Puerta Del Diablo,España,6,2023,8,22,3,Bajo
7087,2023-06-27,Apulo,Estados Unidos,9,2023,6,27,2,Bajo
7088,2021-08-06,Apulo,Canada,74,2021,8,6,3,Alto
7089,2024-04-23,Amulapa,Costa Rica,61,2024,4,23,2,Alto
7090,2022-02-22,Cerro Verde,Mexico,31,2022,2,22,1,Medio
7091,2022-02-23,Puerta Del Diablo,España,53,2022,2,23,1,Medio
7092,2021-06-06,Balboa,Nicaragua,36,2021,6,6,2,Medio
7093,2021-04-08,Puerta Del Diablo,España,21,2021,4,8,2,Bajo
7094,2022-06-23,Amulapa,Honduras,40,2022,6,23,2,Medio
7095,2021-11-29,Sunset Park,Estados Unidos,21,2021,11,29,4,Bajo
7096,2021-10-25,Cerro Verde,Canada,66,2021,10,25,4,Alto
7097,2023-11-10,Cerro Verde,Costa Rica,19,2023,11,10,4,Bajo
7098,2024-02-06,Balboa,Costa Rica,18,2024,2,6,1,Bajo
7099,2022-05-30,Sunset Park,Honduras,65,2022,5,30,2,Alto
7100,2022-01-11,Sunset Park,Canada,70,2022,1,11,1,Alto
7101,2022-02-05,Apulo,España,32,2022,2,5,1,Medio
7102,2022-06-12,Puerta Del Diablo,Estados Unidos,64,2022,6,12,2,Alto
7103,2023-11-28,Cerro Verde,Mexico,10,2023,11,28,4,Bajo
7104,2024-11-27,Apulo,Canada,46,2024,11,27,4,Medio
7105,2022-07-30,Balboa,Nicaragua,8,2022,7,30,3,Bajo
7106,2021-03-08,Balboa,Guatemala,13,2021,3,8,1,Bajo
7107,2021-10-19,Cerro Verde,Canada,22,2021,10,19,4,Bajo
7108,2021-01-08,Balboa,Costa Rica,8,2021,1,8,1,Bajo
7109,2024-08-11,Puerta Del Diablo,Costa Rica,9,2024,8,11,3,Bajo
7110,2024-05-29,Sunset Park,Guatemala,67,2024,5,29,2,Alto
7111,2022-12-08,Apulo,Nicaragua,70,2022,12,8,4,Alto
7112,2021-02-02,Cerro Verde,España,72,2021,2,2,1,Alto
7113,2022-08-21,Apulo,Estados Unidos,44,2022,8,21,3,Medio
7114,2024-04-14,Amulapa,Nicaragua,60,2024,4,14,2,Alto
7115,2024-12-24,Sunset Park,Costa Rica,58,2024,12,24,4,Medio
7116,2022-02-21,Balboa,Honduras,72,2022,2,21,1,Alto
7117,2021-09-29,Apulo,Costa Rica,36,2021,9,29,3,Medio
7118,2024-04-03,Puerta Del Diablo,España,70,2024,4,3,2,Alto
7119,2021-08-09,Balboa,España,76,2021,8,9,3,Alto
7120,2022-04-09,Balboa,Mexico,40,2022,4,9,2,Medio
7121,2024-01-31,Puerta Del Diablo,Honduras,62,2024,1,31,1,Alto
7122,2024-02-12,Apulo,Honduras,76,2024,2,12,1,Alto
7123,2021-11-17,Balboa,Canada,28,2021,11,17,4,Bajo
7124,2021-10-27,Sunset Park,Estados Unidos,44,2021,10,27,4,Medio
7125,2024-07-22,Amulapa,España,73,2024,7,22,3,Alto
7126,2023-03-25,Puerta Del Diablo,España,78,2023,3,25,1,Alto
7127,2023-06-09,Balboa,Nicaragua,18,2023,6,9,2,Bajo
7128,2022-08-28,Balboa,España,45,2022,8,28,3,Medio
7129,2024-07-09,Puerta Del Diablo,Mexico,29,2024,7,9,3,Bajo
7130,2024-09-20,Balboa,España,57,2024,9,20,3,Medio
7131,2023-08-02,Amulapa,Estados Unidos,52,2023,8,2,3,Medio
7132,2021-11-17,Sunset Park,España,29,2021,11,17,4,Bajo
7133,2021-10-15,Puerta Del Diablo,Nicaragua,48,2021,10,15,4,Medio
7134,2024-11-19,Cerro Verde,Guatemala,50,2024,11,19,4,Medio
7135,2021-01-18,Apulo,Guatemala,65,2021,1,18,1,Alto
7136,2021-05-17,Balboa,España,72,2021,5,17,2,Alto
7137,2022-03-21,Amulapa,Estados Unidos,23,2022,3,21,1,Bajo
7138,2021-05-10,Puerta Del Diablo,Estados Unidos,24,2021,5,10,2,Bajo
7139,2022-06-25,Apulo,Honduras,31,2022,6,25,2,Medio
7140,2021-05-25,Apulo,Mexico,27,2021,5,25,2,Bajo
7141,2022-04-22,Cerro Verde,Mexico,43,2022,4,22,2,Medio
7142,2022-01-04,Cerro Verde,Nicaragua,51,2022,1,4,1,Medio
7143,2023-11-15,Sunset Park,Nicaragua,48,2023,11,15,4,Medio
7144,2023-06-14,Apulo,Nicaragua,51,2023,6,14,2,Medio
7145,2021-09-02,Amulapa,Guatemala,43,2021,9,2,3,Medio
7146,2024-03-05,Cerro Verde,Honduras,66,2024,3,5,1,Alto
7147,2022-11-24,Puerta Del Diablo,Estados Unidos,46,2022,11,24,4,Medio
7148,2022-11-05,Sunset Park,Nicaragua,52,2022,11,5,4,Medio
7149,2022-06-07,Apulo,Nicaragua,62,2022,6,7,2,Alto
7150,2022-04-25,Balboa,Costa Rica,30,2022,4,25,2,Medio
7151,2024-09-01,Puerta Del Diablo,España,11,2024,9,1,3,Bajo
7152,2023-12-08,Amulapa,Honduras,69,2023,12,8,4,Alto
7153,2024-12-06,Puerta Del Diablo,Costa Rica,77,2024,12,6,4,Alto
7154,2021-02-24,Puerta Del Diablo,España,76,2021,2,24,1,Alto
7155,2023-04-11,Sunset Park,Costa Rica,59,2023,4,11,2,Medio
7156,2022-11-28,Sunset Park,Mexico,67,2022,11,28,4,Alto
7157,2023-12-14,Amulapa,Nicaragua,22,2023,12,14,4,Bajo
7158,2021-10-05,Balboa,Mexico,58,2021,10,5,4,Medio
7159,2022-03-09,Balboa,Mexico,65,2022,3,9,1,Alto
7160,2023-04-23,Cerro Verde,Nicaragua,60,2023,4,23,2,Alto
7161,2024-09-08,Balboa,Mexico,30,2024,9,8,3,Medio
7162,2022-12-17,Amulapa,Nicaragua,40,2022,12,17,4,Medio
7163,2023-11-22,Cerro Verde,Estados Unidos,11,2023,11,22,4,Bajo
7164,2023-07-27,Puerta Del Diablo,Honduras,77,2023,7,27,3,Alto
7165,2024-09-10,Apulo,Nicaragua,35,2024,9,10,3,Medio
7166,2024-02-07,Cerro Verde,Costa Rica,26,2024,2,7,1,Bajo
7167,2023-06-25,Puerta Del Diablo,Nicaragua,67,2023,6,25,2,Alto
7168,2024-08-12,Balboa,Nicaragua,47,2024,8,12,3,Medio
7169,2023-08-08,Puerta Del Diablo,Mexico,44,2023,8,8,3,Medio
7170,2023-10-29,Puerta Del Diablo,Canada,6,2023,10,29,4,Bajo
7171,2021-03-13,Puerta Del Diablo,Estados Unidos,57,2021,3,13,1,Medio
7172,2022-06-21,Apulo,Estados Unidos,36,2022,6,21,2,Medio
7173,2021-09-19,Apulo,Guatemala,5,2021,9,19,3,Bajo
7174,2021-06-18,Cerro Verde,Costa Rica,72,2021,6,18,2,Alto
7175,2021-10-14,Amulapa,Estados Unidos,42,2021,10,14,4,Medio
7176,2021-04-09,Cerro Verde,España,49,2021,4,9,2,Medio
7177,2022-03-12,Cerro Verde,Guatemala,8,2022,3,12,1,Bajo
7178,2024-11-02,Amulapa,España,77,2024,11,2,4,Alto
7179,2023-09-06,Apulo,Honduras,45,2023,9,6,3,Medio
7180,2021-12-25,Cerro Verde,España,52,2021,12,25,4,Medio
7181,2024-09-18,Amulapa,España,15,2024,9,18,3,Bajo
7182,2021-01-22,Balboa,Guatemala,65,2021,1,22,1,Alto
7183,2024-02-09,Cerro Verde,Costa Rica,74,2024,2,9,1,Alto
7184,2022-02-09,Sunset Park,Guatemala,12,2022,2,9,1,Bajo
7185,2023-10-24,Puerta Del Diablo,Costa Rica,23,2023,10,24,4,Bajo
7186,2022-04-03,Apulo,Estados Unidos,9,2022,4,3,2,Bajo
7187,2021-12-31,Puerta Del Diablo,Canada,29,2021,12,31,4,Bajo
7188,2021-07-16,Balboa,Guatemala,13,2021,7,16,3,Bajo
7189,2022-05-09,Apulo,Estados Unidos,69,2022,5,9,2,Alto
7190,2022-06-02,Amulapa,Canada,51,2022,6,2,2,Medio
7191,2024-08-27,Amulapa,Nicaragua,70,2024,8,27,3,Alto
7192,2021-10-12,Balboa,Estados Unidos,48,2021,10,12,4,Medio
7193,2024-01-05,Sunset Park,Nicaragua,46,2024,1,5,1,Medio
7194,2022-08-07,Apulo,Canada,29,2022,8,7,3,Bajo
7195,2023-12-26,Cerro Verde,Guatemala,16,2023,12,26,4,Bajo
7196,2022-06-04,Puerta Del Diablo,Guatemala,33,2022,6,4,2,Medio
7197,2024-08-15,Puerta Del Diablo,Costa Rica,16,2024,8,15,3,Bajo
7198,2024-04-28,Puerta Del Diablo,Guatemala,79,2024,4,28,2,Alto
7199,2021-03-18,Balboa,Mexico,75,2021,3,18,1,Alto
7200,2021-04-29,Apulo,Honduras,43,2021,4,29,2,Medio
7201,2021-12-27,Puerta Del Diablo,España,59,2021,12,27,4,Medio
7202,2024-12-14,Amulapa,Canada,77,2024,12,14,4,Alto
7203,2024-03-12,Balboa,Canada,43,2024,3,12,1,Medio
7204,2021-07-07,Sunset Park,Estados Unidos,56,2021,7,7,3,Medio
7205,2023-05-06,Cerro Verde,Honduras,33,2023,5,6,2,Medio
7206,2021-06-08,Apulo,Guatemala,46,2021,6,8,2,Medio
7207,2022-06-16,Cerro Verde,Canada,16,2022,6,16,2,Bajo
7208,2022-02-05,Apulo,Costa Rica,35,2022,2,5,1,Medio
7209,2021-08-25,Amulapa,Estados Unidos,42,2021,8,25,3,Medio
7210,2023-11-02,Puerta Del Diablo,Costa Rica,39,2023,11,2,4,Medio
7211,2024-02-19,Sunset Park,Estados Unidos,65,2024,2,19,1,Alto
7212,2024-02-28,Cerro Verde,Guatemala,59,2024,2,28,1,Medio
7213,2024-04-16,Apulo,Honduras,19,2024,4,16,2,Bajo
7214,2022-07-10,Sunset Park,Nicaragua,20,2022,7,10,3,Bajo
7215,2024-05-27,Amulapa,Honduras,23,2024,5,27,2,Bajo
7216,2022-11-27,Balboa,España,62,2022,11,27,4,Alto
7217,2024-11-16,Cerro Verde,España,33,2024,11,16,4,Medio
7218,2021-04-02,Puerta Del Diablo,Honduras,34,2021,4,2,2,Medio
7219,2024-04-01,Puerta Del Diablo,España,60,2024,4,1,2,Alto
7220,2022-10-16,Amulapa,Nicaragua,57,2022,10,16,4,Medio
7221,2022-04-28,Balboa,Nicaragua,29,2022,4,28,2,Bajo
7222,2022-04-29,Balboa,Nicaragua,76,2022,4,29,2,Alto
7223,2024-10-21,Cerro Verde,Guatemala,18,2024,10,21,4,Bajo
7224,2023-02-25,Balboa,Canada,22,2023,2,25,1,Bajo
7225,2024-10-16,Cerro Verde,España,12,2024,10,16,4,Bajo
7226,2023-03-01,Amulapa,Mexico,36,2023,3,1,1,Medio
7227,2024-06-27,Sunset Park,Guatemala,59,2024,6,27,2,Medio
7228,2021-11-14,Apulo,España,19,2021,11,14,4,Bajo
7229,2022-10-05,Balboa,España,22,2022,10,5,4,Bajo
7230,2021-11-10,Amulapa,Mexico,16,2021,11,10,4,Bajo
7231,2024-01-31,Sunset Park,España,18,2024,1,31,1,Bajo
7232,2021-11-13,Balboa,Honduras,62,2021,11,13,4,Alto
7233,2022-11-25,Sunset Park,Honduras,23,2022,11,25,4,Bajo
7234,2021-03-26,Sunset Park,Honduras,42,2021,3,26,1,Medio
7235,2022-05-02,Cerro Verde,Canada,68,2022,5,2,2,Alto
7236,2024-11-30,Puerta Del Diablo,España,51,2024,11,30,4,Medio
7237,2023-06-15,Sunset Park,España,72,2023,6,15,2,Alto
7238,2021-10-11,Cerro Verde,España,32,2021,10,11,4,Medio
7239,2022-05-20,Balboa,Costa Rica,25,2022,5,20,2,Bajo
7240,2021-03-18,Balboa,España,40,2021,3,18,1,Medio
7241,2024-10-14,Balboa,Nicaragua,6,2024,10,14,4,Bajo
7242,2023-11-22,Apulo,Canada,21,2023,11,22,4,Bajo
7243,2021-08-23,Apulo,España,69,2021,8,23,3,Alto
7244,2024-08-22,Apulo,Estados Unidos,31,2024,8,22,3,Medio
7245,2023-05-02,Balboa,Estados Unidos,46,2023,5,2,2,Medio
7246,2022-12-22,Balboa,Nicaragua,11,2022,12,22,4,Bajo
7247,2024-03-27,Apulo,Canada,70,2024,3,27,1,Alto
7248,2022-07-07,Cerro Verde,Nicaragua,69,2022,7,7,3,Alto
7249,2024-02-14,Balboa,Honduras,48,2024,2,14,1,Medio
7250,2022-04-02,Balboa,Mexico,22,2022,4,2,2,Bajo
7251,2023-10-08,Cerro Verde,Costa Rica,35,2023,10,8,4,Medio
7252,2023-05-14,Puerta Del Diablo,Estados Unidos,58,2023,5,14,2,Medio
7253,2022-11-24,Puerta Del Diablo,Costa Rica,46,2022,11,24,4,Medio
7254,2024-08-30,Amulapa,Guatemala,79,2024,8,30,3,Alto
7255,2023-10-13,Apulo,Nicaragua,70,2023,10,13,4,Alto
7256,2024-03-28,Cerro Verde,Guatemala,14,2024,3,28,1,Bajo
7257,2024-03-17,Cerro Verde,Costa Rica,12,2024,3,17,1,Bajo
7258,2022-08-07,Apulo,Nicaragua,75,2022,8,7,3,Alto
7259,2022-05-09,Apulo,Estados Unidos,9,2022,5,9,2,Bajo
7260,2023-03-17,Balboa,Mexico,77,2023,3,17,1,Alto
7261,2022-07-22,Puerta Del Diablo,Canada,14,2022,7,22,3,Bajo
7262,2023-03-17,Cerro Verde,Estados Unidos,29,2023,3,17,1,Bajo
7263,2024-01-23,Cerro Verde,Honduras,12,2024,1,23,1,Bajo
7264,2022-12-31,Sunset Park,Guatemala,59,2022,12,31,4,Medio
7265,2024-01-04,Balboa,Honduras,34,2024,1,4,1,Medio
7266,2022-04-15,Puerta Del Diablo,Guatemala,55,2022,4,15,2,Medio
7267,2023-06-29,Puerta Del Diablo,Costa Rica,34,2023,6,29,2,Medio
7268,2022-12-26,Sunset Park,Canada,14,2022,12,26,4,Bajo
7269,2022-07-26,Balboa,Estados Unidos,48,2022,7,26,3,Medio
7270,2021-01-18,Puerta Del Diablo,Costa Rica,15,2021,1,18,1,Bajo
7271,2022-10-21,Apulo,Nicaragua,50,2022,10,21,4,Medio
7272,2021-11-26,Balboa,Guatemala,49,2021,11,26,4,Medio
7273,2023-09-03,Amulapa,Canada,43,2023,9,3,3,Medio
7274,2022-02-21,Puerta Del Diablo,Honduras,55,2022,2,21,1,Medio
7275,2024-08-03,Apulo,Guatemala,70,2024,8,3,3,Alto
7276,2022-04-08,Amulapa,Guatemala,67,2022,4,8,2,Alto
7277,2022-04-23,Sunset Park,Canada,27,2022,4,23,2,Bajo
7278,2023-09-15,Puerta Del Diablo,Canada,9,2023,9,15,3,Bajo
7279,2023-10-27,Balboa,Mexico,69,2023,10,27,4,Alto
7280,2022-01-25,Cerro Verde,Canada,36,2022,1,25,1,Medio
7281,2022-03-11,Amulapa,Costa Rica,51,2022,3,11,1,Medio
7282,2022-03-07,Sunset Park,Guatemala,53,2022,3,7,1,Medio
7283,2024-12-18,Cerro Verde,Costa Rica,13,2024,12,18,4,Bajo
7284,2021-07-20,Balboa,Guatemala,59,2021,7,20,3,Medio
7285,2022-08-01,Amulapa,Guatemala,16,2022,8,1,3,Bajo
7286,2023-08-17,Puerta Del Diablo,Mexico,67,2023,8,17,3,Alto
7287,2022-11-08,Amulapa,Nicaragua,11,2022,11,8,4,Bajo
7288,2024-04-04,Puerta Del Diablo,Canada,33,2024,4,4,2,Medio
7289,2024-07-26,Balboa,Canada,47,2024,7,26,3,Medio
7290,2021-03-10,Balboa,Mexico,12,2021,3,10,1,Bajo
7291,2021-03-16,Sunset Park,Guatemala,72,2021,3,16,1,Alto
7292,2021-07-08,Balboa,Mexico,68,2021,7,8,3,Alto
7293,2023-10-24,Balboa,Estados Unidos,59,2023,10,24,4,Medio
7294,2021-06-10,Puerta Del Diablo,Estados Unidos,33,2021,6,10,2,Medio
7295,2024-02-19,Sunset Park,Mexico,52,2024,2,19,1,Medio
7296,2024-07-24,Amulapa,Honduras,43,2024,7,24,3,Medio
7297,2023-06-02,Puerta Del Diablo,Guatemala,53,2023,6,2,2,Medio
7298,2022-11-25,Sunset Park,España,16,2022,11,25,4,Bajo
7299,2021-12-05,Cerro Verde,Guatemala,72,2021,12,5,4,Alto
7300,2022-03-24,Cerro Verde,Guatemala,59,2022,3,24,1,Medio
7301,2021-08-07,Apulo,Canada,54,2021,8,7,3,Medio
7302,2023-02-27,Balboa,Estados Unidos,24,2023,2,27,1,Bajo
7303,2023-09-22,Amulapa,Costa Rica,10,2023,9,22,3,Bajo
7304,2024-10-17,Puerta Del Diablo,Nicaragua,55,2024,10,17,4,Medio
7305,2021-03-17,Sunset Park,Guatemala,41,2021,3,17,1,Medio
7306,2023-09-23,Apulo,Costa Rica,36,2023,9,23,3,Medio
7307,2023-01-18,Cerro Verde,Estados Unidos,75,2023,1,18,1,Alto
7308,2022-07-16,Apulo,España,64,2022,7,16,3,Alto
7309,2021-09-26,Puerta Del Diablo,Costa Rica,45,2021,9,26,3,Medio
7310,2023-01-31,Apulo,Canada,34,2023,1,31,1,Medio
7311,2021-06-18,Apulo,España,23,2021,6,18,2,Bajo
7312,2022-08-16,Cerro Verde,Canada,26,2022,8,16,3,Bajo
7313,2022-11-11,Amulapa,Guatemala,64,2022,11,11,4,Alto
7314,2024-08-09,Apulo,Mexico,33,2024,8,9,3,Medio
7315,2023-04-24,Apulo,Nicaragua,46,2023,4,24,2,Medio
7316,2024-06-16,Sunset Park,Estados Unidos,58,2024,6,16,2,Medio
7317,2021-03-17,Cerro Verde,Costa Rica,54,2021,3,17,1,Medio
7318,2022-04-04,Puerta Del Diablo,Costa Rica,22,2022,4,4,2,Bajo
7319,2023-12-13,Balboa,Honduras,12,2023,12,13,4,Bajo
7320,2021-04-05,Puerta Del Diablo,Costa Rica,11,2021,4,5,2,Bajo
7321,2022-04-19,Cerro Verde,Estados Unidos,61,2022,4,19,2,Alto
7322,2022-11-07,Apulo,Estados Unidos,41,2022,11,7,4,Medio
7323,2021-09-02,Cerro Verde,Nicaragua,38,2021,9,2,3,Medio
7324,2021-08-25,Balboa,Nicaragua,78,2021,8,25,3,Alto
7325,2023-03-31,Amulapa,Canada,44,2023,3,31,1,Medio
7326,2023-05-05,Balboa,España,39,2023,5,5,2,Medio
7327,2024-10-29,Cerro Verde,Estados Unidos,9,2024,10,29,4,Bajo
7328,2021-12-02,Apulo,Nicaragua,75,2021,12,2,4,Alto
7329,2024-03-05,Balboa,Nicaragua,11,2024,3,5,1,Bajo
7330,2023-09-18,Puerta Del Diablo,Mexico,16,2023,9,18,3,Bajo
7331,2024-06-01,Cerro Verde,Estados Unidos,44,2024,6,1,2,Medio
7332,2023-07-08,Cerro Verde,Estados Unidos,67,2023,7,8,3,Alto
7333,2023-01-06,Puerta Del Diablo,Estados Unidos,46,2023,1,6,1,Medio
7334,2024-03-26,Amulapa,Canada,52,2024,3,26,1,Medio
7335,2023-02-19,Balboa,Guatemala,10,2023,2,19,1,Bajo
7336,2022-09-05,Balboa,Guatemala,12,2022,9,5,3,Bajo
7337,2023-05-12,Amulapa,Guatemala,13,2023,5,12,2,Bajo
7338,2021-09-11,Puerta Del Diablo,Guatemala,5,2021,9,11,3,Bajo
7339,2022-08-02,Sunset Park,Canada,60,2022,8,2,3,Alto
7340,2024-07-04,Balboa,Estados Unidos,43,2024,7,4,3,Medio
7341,2023-08-07,Amulapa,Mexico,77,2023,8,7,3,Alto
7342,2023-03-14,Puerta Del Diablo,Estados Unidos,37,2023,3,14,1,Medio
7343,2021-03-06,Cerro Verde,Honduras,75,2021,3,6,1,Alto
7344,2024-02-20,Amulapa,Nicaragua,66,2024,2,20,1,Alto
7345,2022-09-11,Apulo,Estados Unidos,18,2022,9,11,3,Bajo
7346,2023-05-22,Sunset Park,Estados Unidos,21,2023,5,22,2,Bajo
7347,2021-12-16,Apulo,Mexico,55,2021,12,16,4,Medio
7348,2024-06-30,Sunset Park,España,10,2024,6,30,2,Bajo
7349,2023-04-18,Apulo,Honduras,19,2023,4,18,2,Bajo
7350,2024-10-12,Sunset Park,España,68,2024,10,12,4,Alto
7351,2022-02-13,Sunset Park,Mexico,35,2022,2,13,1,Medio
7352,2022-09-14,Sunset Park,Honduras,43,2022,9,14,3,Medio
7353,2023-01-21,Puerta Del Diablo,Costa Rica,52,2023,1,21,1,Medio
7354,2022-10-02,Amulapa,España,9,2022,10,2,4,Bajo
7355,2023-07-12,Puerta Del Diablo,Mexico,42,2023,7,12,3,Medio
7356,2023-06-20,Cerro Verde,España,33,2023,6,20,2,Medio
7357,2023-04-14,Cerro Verde,Canada,12,2023,4,14,2,Bajo
7358,2021-11-14,Apulo,España,44,2021,11,14,4,Medio
7359,2023-05-13,Puerta Del Diablo,España,35,2023,5,13,2,Medio
7360,2021-12-28,Puerta Del Diablo,Guatemala,34,2021,12,28,4,Medio
7361,2021-10-23,Puerta Del Diablo,Nicaragua,36,2021,10,23,4,Medio
7362,2023-06-01,Cerro Verde,Nicaragua,68,2023,6,1,2,Alto
7363,2022-08-29,Balboa,España,43,2022,8,29,3,Medio
7364,2022-07-19,Amulapa,Canada,5,2022,7,19,3,Bajo
7365,2021-08-25,Apulo,Guatemala,54,2021,8,25,3,Medio
7366,2022-07-05,Sunset Park,Costa Rica,24,2022,7,5,3,Bajo
7367,2022-08-18,Amulapa,Honduras,46,2022,8,18,3,Medio
7368,2023-10-25,Cerro Verde,Honduras,59,2023,10,25,4,Medio
7369,2024-10-02,Sunset Park,Estados Unidos,19,2024,10,2,4,Bajo
7370,2022-01-28,Apulo,Estados Unidos,7,2022,1,28,1,Bajo
7371,2024-01-22,Puerta Del Diablo,Nicaragua,8,2024,1,22,1,Bajo
7372,2023-12-02,Apulo,Mexico,22,2023,12,2,4,Bajo
7373,2022-05-15,Puerta Del Diablo,Canada,16,2022,5,15,2,Bajo
7374,2022-10-07,Sunset Park,Honduras,17,2022,10,7,4,Bajo
7375,2024-08-03,Amulapa,España,23,2024,8,3,3,Bajo
7376,2023-05-21,Cerro Verde,Canada,55,2023,5,21,2,Medio
7377,2024-06-03,Apulo,Honduras,39,2024,6,3,2,Medio
7378,2021-10-24,Amulapa,Nicaragua,62,2021,10,24,4,Alto
7379,2023-06-12,Amulapa,Mexico,77,2023,6,12,2,Alto
7380,2022-04-13,Amulapa,Honduras,71,2022,4,13,2,Alto
7381,2022-06-25,Balboa,Costa Rica,8,2022,6,25,2,Bajo
7382,2021-07-23,Apulo,Costa Rica,14,2021,7,23,3,Bajo
7383,2023-05-22,Apulo,España,78,2023,5,22,2,Alto
7384,2021-10-21,Amulapa,Costa Rica,50,2021,10,21,4,Medio
7385,2021-06-05,Amulapa,Canada,34,2021,6,5,2,Medio
7386,2022-08-10,Balboa,Costa Rica,65,2022,8,10,3,Alto
7387,2023-02-16,Apulo,Honduras,75,2023,2,16,1,Alto
7388,2023-07-16,Sunset Park,Nicaragua,30,2023,7,16,3,Medio
7389,2021-08-18,Sunset Park,Nicaragua,49,2021,8,18,3,Medio
7390,2023-10-10,Apulo,Honduras,46,2023,10,10,4,Medio
7391,2021-05-21,Puerta Del Diablo,España,54,2021,5,21,2,Medio
7392,2021-05-30,Cerro Verde,Honduras,74,2021,5,30,2,Alto
7393,2021-05-06,Cerro Verde,Mexico,15,2021,5,6,2,Bajo
7394,2021-12-06,Cerro Verde,Guatemala,46,2021,12,6,4,Medio
7395,2023-03-21,Cerro Verde,Honduras,27,2023,3,21,1,Bajo
7396,2021-09-13,Puerta Del Diablo,Nicaragua,61,2021,9,13,3,Alto
7397,2024-09-17,Puerta Del Diablo,Estados Unidos,49,2024,9,17,3,Medio
7398,2024-10-12,Amulapa,Guatemala,61,2024,10,12,4,Alto
7399,2021-06-14,Puerta Del Diablo,Canada,45,2021,6,14,2,Medio
7400,2022-05-15,Apulo,Canada,31,2022,5,15,2,Medio
7401,2022-09-08,Apulo,Canada,22,2022,9,8,3,Bajo
7402,2024-07-14,Apulo,España,55,2024,7,14,3,Medio
7403,2022-12-19,Cerro Verde,Estados Unidos,35,2022,12,19,4,Medio
7404,2021-09-10,Cerro Verde,España,73,2021,9,10,3,Alto
7405,2022-12-28,Apulo,Guatemala,68,2022,12,28,4,Alto
7406,2022-10-18,Cerro Verde,Estados Unidos,36,2022,10,18,4,Medio
7407,2023-01-05,Puerta Del Diablo,Nicaragua,34,2023,1,5,1,Medio
7408,2024-07-24,Sunset Park,Honduras,13,2024,7,24,3,Bajo
7409,2022-05-23,Puerta Del Diablo,España,67,2022,5,23,2,Alto
7410,2024-05-21,Balboa,Estados Unidos,70,2024,5,21,2,Alto
7411,2021-04-13,Puerta Del Diablo,Nicaragua,79,2021,4,13,2,Alto
7412,2023-05-06,Apulo,Guatemala,20,2023,5,6,2,Bajo
7413,2021-09-09,Amulapa,Nicaragua,11,2021,9,9,3,Bajo
7414,2022-04-20,Puerta Del Diablo,Canada,54,2022,4,20,2,Medio
7415,2023-05-20,Balboa,Nicaragua,31,2023,5,20,2,Medio
7416,2024-07-12,Balboa,Canada,48,2024,7,12,3,Medio
7417,2023-10-05,Puerta Del Diablo,España,67,2023,10,5,4,Alto
7418,2021-10-23,Amulapa,Guatemala,44,2021,10,23,4,Medio
7419,2024-08-23,Apulo,Estados Unidos,48,2024,8,23,3,Medio
7420,2022-12-11,Sunset Park,Guatemala,16,2022,12,11,4,Bajo
7421,2021-08-28,Puerta Del Diablo,Guatemala,42,2021,8,28,3,Medio
7422,2024-09-23,Cerro Verde,Mexico,39,2024,9,23,3,Medio
7423,2022-02-10,Cerro Verde,Guatemala,25,2022,2,10,1,Bajo
7424,2022-09-13,Sunset Park,España,40,2022,9,13,3,Medio
7425,2021-06-01,Apulo,Estados Unidos,51,2021,6,1,2,Medio
7426,2024-12-09,Cerro Verde,Mexico,11,2024,12,9,4,Bajo
7427,2023-07-27,Puerta Del Diablo,Nicaragua,56,2023,7,27,3,Medio
7428,2021-07-02,Balboa,España,30,2021,7,2,3,Medio
7429,2023-02-09,Sunset Park,Guatemala,47,2023,2,9,1,Medio
7430,2022-12-13,Puerta Del Diablo,Mexico,68,2022,12,13,4,Alto
7431,2023-08-04,Apulo,Honduras,16,2023,8,4,3,Bajo
7432,2023-05-28,Cerro Verde,Nicaragua,66,2023,5,28,2,Alto
7433,2021-11-22,Sunset Park,Honduras,49,2021,11,22,4,Medio
7434,2021-09-12,Cerro Verde,Mexico,28,2021,9,12,3,Bajo
7435,2024-06-05,Balboa,Guatemala,20,2024,6,5,2,Bajo
7436,2022-02-11,Balboa,Estados Unidos,28,2022,2,11,1,Bajo
7437,2023-03-19,Sunset Park,España,61,2023,3,19,1,Alto
7438,2021-12-19,Apulo,Nicaragua,10,2021,12,19,4,Bajo
7439,2022-04-09,Amulapa,Mexico,29,2022,4,9,2,Bajo
7440,2024-04-02,Amulapa,Guatemala,23,2024,4,2,2,Bajo
7441,2023-03-07,Sunset Park,Mexico,31,2023,3,7,1,Medio
7442,2021-06-01,Sunset Park,Estados Unidos,43,2021,6,1,2,Medio
7443,2024-10-18,Apulo,Nicaragua,10,2024,10,18,4,Bajo
7444,2024-04-21,Balboa,Mexico,22,2024,4,21,2,Bajo
7445,2023-03-28,Cerro Verde,España,69,2023,3,28,1,Alto
7446,2024-11-12,Balboa,Canada,59,2024,11,12,4,Medio
7447,2022-09-20,Cerro Verde,Guatemala,43,2022,9,20,3,Medio
7448,2023-11-03,Cerro Verde,Guatemala,64,2023,11,3,4,Alto
7449,2022-11-15,Sunset Park,Costa Rica,79,2022,11,15,4,Alto
7450,2024-01-21,Sunset Park,Mexico,77,2024,1,21,1,Alto
7451,2023-01-04,Sunset Park,Estados Unidos,70,2023,1,4,1,Alto
7452,2023-03-01,Cerro Verde,España,76,2023,3,1,1,Alto
7453,2023-05-13,Puerta Del Diablo,Guatemala,74,2023,5,13,2,Alto
7454,2021-01-07,Cerro Verde,Estados Unidos,74,2021,1,7,1,Alto
7455,2021-07-24,Sunset Park,Canada,32,2021,7,24,3,Medio
7456,2024-10-14,Amulapa,Guatemala,74,2024,10,14,4,Alto
7457,2022-02-17,Puerta Del Diablo,Honduras,72,2022,2,17,1,Alto
7458,2022-07-04,Puerta Del Diablo,España,29,2022,7,4,3,Bajo
7459,2024-01-21,Balboa,Estados Unidos,61,2024,1,21,1,Alto
7460,2024-07-27,Sunset Park,Estados Unidos,22,2024,7,27,3,Bajo
7461,2023-06-29,Sunset Park,Nicaragua,77,2023,6,29,2,Alto
7462,2023-10-07,Puerta Del Diablo,Mexico,19,2023,10,7,4,Bajo
7463,2021-11-17,Amulapa,España,33,2021,11,17,4,Medio
7464,2021-08-29,Amulapa,España,39,2021,8,29,3,Medio
7465,2022-05-20,Sunset Park,Costa Rica,41,2022,5,20,2,Medio
7466,2022-03-12,Cerro Verde,Mexico,27,2022,3,12,1,Bajo
7467,2023-06-20,Apulo,Costa Rica,48,2023,6,20,2,Medio
7468,2024-11-19,Apulo,Estados Unidos,57,2024,11,19,4,Medio
7469,2022-06-17,Sunset Park,Nicaragua,44,2022,6,17,2,Medio
7470,2021-05-21,Puerta Del Diablo,Costa Rica,46,2021,5,21,2,Medio
7471,2022-11-05,Puerta Del Diablo,España,60,2022,11,5,4,Alto
7472,2023-01-05,Apulo,Honduras,34,2023,1,5,1,Medio
7473,2024-03-18,Apulo,España,52,2024,3,18,1,Medio
7474,2023-12-18,Sunset Park,Nicaragua,49,2023,12,18,4,Medio
7475,2024-03-04,Balboa,Guatemala,47,2024,3,4,1,Medio
7476,2024-10-06,Puerta Del Diablo,Mexico,66,2024,10,6,4,Alto
7477,2021-06-29,Amulapa,Canada,16,2021,6,29,2,Bajo
7478,2024-05-23,Sunset Park,Canada,11,2024,5,23,2,Bajo
7479,2021-02-28,Cerro Verde,Nicaragua,47,2021,2,28,1,Medio
7480,2024-08-17,Puerta Del Diablo,Mexico,13,2024,8,17,3,Bajo
7481,2023-09-18,Sunset Park,España,74,2023,9,18,3,Alto
7482,2022-02-21,Puerta Del Diablo,Nicaragua,56,2022,2,21,1,Medio
7483,2022-08-03,Balboa,Guatemala,65,2022,8,3,3,Alto
7484,2022-04-28,Balboa,España,72,2022,4,28,2,Alto
7485,2022-07-01,Puerta Del Diablo,Estados Unidos,55,2022,7,1,3,Medio
7486,2024-09-15,Puerta Del Diablo,Estados Unidos,19,2024,9,15,3,Bajo
7487,2021-09-09,Cerro Verde,España,7,2021,9,9,3,Bajo
7488,2022-07-13,Cerro Verde,Canada,70,2022,7,13,3,Alto
7489,2021-11-29,Sunset Park,España,46,2021,11,29,4,Medio
7490,2022-05-10,Cerro Verde,España,54,2022,5,10,2,Medio
7491,2023-05-01,Sunset Park,Guatemala,23,2023,5,1,2,Bajo
7492,2023-01-08,Sunset Park,Canada,49,2023,1,8,1,Medio
7493,2023-10-13,Cerro Verde,Estados Unidos,79,2023,10,13,4,Alto
7494,2024-12-17,Puerta Del Diablo,Canada,25,2024,12,17,4,Bajo
7495,2021-04-18,Apulo,Costa Rica,60,2021,4,18,2,Alto
7496,2021-12-14,Sunset Park,Costa Rica,60,2021,12,14,4,Alto
7497,2023-11-18,Cerro Verde,Nicaragua,54,2023,11,18,4,Medio
7498,2021-10-03,Cerro Verde,Canada,42,2021,10,3,4,Medio
7499,2024-07-25,Puerta Del Diablo,España,12,2024,7,25,3,Bajo
7500,2024-02-28,Puerta Del Diablo,Mexico,44,2024,2,28,1,Medio
7501,2022-08-02,Balboa,Guatemala,36,2022,8,2,3,Medio
7502,2023-07-01,Balboa,Mexico,59,2023,7,1,3,Medio
7503,2023-03-19,Cerro Verde,Nicaragua,48,2023,3,19,1,Medio
7504,2023-07-12,Cerro Verde,Guatemala,38,2023,7,12,3,Medio
7505,2024-05-16,Amulapa,Mexico,25,2024,5,16,2,Bajo
7506,2024-09-14,Apulo,Nicaragua,24,2024,9,14,3,Bajo
7507,2023-03-11,Amulapa,Nicaragua,31,2023,3,11,1,Medio
7508,2021-09-16,Amulapa,Estados Unidos,54,2021,9,16,3,Medio
7509,2021-03-29,Apulo,Nicaragua,60,2021,3,29,1,Alto
7510,2024-04-27,Puerta Del Diablo,Honduras,27,2024,4,27,2,Bajo
7511,2021-09-03,Cerro Verde,Canada,67,2021,9,3,3,Alto
7512,2021-01-04,Cerro Verde,España,62,2021,1,4,1,Alto
7513,2022-05-10,Cerro Verde,Mexico,11,2022,5,10,2,Bajo
7514,2022-03-25,Apulo,Costa Rica,33,2022,3,25,1,Medio
7515,2023-01-01,Sunset Park,Nicaragua,53,2023,1,1,1,Medio
7516,2023-02-25,Sunset Park,Guatemala,40,2023,2,25,1,Medio
7517,2021-02-06,Balboa,Nicaragua,34,2021,2,6,1,Medio
7518,2024-09-25,Sunset Park,Costa Rica,38,2024,9,25,3,Medio
7519,2024-08-02,Amulapa,Canada,57,2024,8,2,3,Medio
7520,2021-08-28,Balboa,Guatemala,53,2021,8,28,3,Medio
7521,2021-08-14,Sunset Park,Costa Rica,32,2021,8,14,3,Medio
7522,2021-11-21,Balboa,España,7,2021,11,21,4,Bajo
7523,2022-11-23,Puerta Del Diablo,España,28,2022,11,23,4,Bajo
7524,2024-05-17,Puerta Del Diablo,Canada,24,2024,5,17,2,Bajo
7525,2023-08-18,Apulo,Costa Rica,12,2023,8,18,3,Bajo
7526,2021-03-25,Apulo,Estados Unidos,22,2021,3,25,1,Bajo
7527,2022-10-19,Cerro Verde,Costa Rica,53,2022,10,19,4,Medio
7528,2021-03-25,Amulapa,España,21,2021,3,25,1,Bajo
7529,2021-09-24,Puerta Del Diablo,Estados Unidos,68,2021,9,24,3,Alto
7530,2023-05-13,Apulo,Nicaragua,8,2023,5,13,2,Bajo
7531,2021-01-24,Balboa,Honduras,27,2021,1,24,1,Bajo
7532,2023-06-01,Puerta Del Diablo,Estados Unidos,54,2023,6,1,2,Medio
7533,2022-09-25,Puerta Del Diablo,Costa Rica,38,2022,9,25,3,Medio
7534,2021-01-26,Balboa,Honduras,54,2021,1,26,1,Medio
7535,2024-04-20,Balboa,Estados Unidos,5,2024,4,20,2,Bajo
7536,2022-02-03,Puerta Del Diablo,Costa Rica,39,2022,2,3,1,Medio
7537,2024-12-06,Amulapa,Mexico,25,2024,12,6,4,Bajo
7538,2021-02-10,Amulapa,Canada,39,2021,2,10,1,Medio
7539,2023-12-22,Cerro Verde,Mexico,27,2023,12,22,4,Bajo
7540,2023-03-14,Puerta Del Diablo,Honduras,63,2023,3,14,1,Alto
7541,2024-12-21,Puerta Del Diablo,Costa Rica,69,2024,12,21,4,Alto
7542,2024-08-13,Cerro Verde,Canada,35,2024,8,13,3,Medio
7543,2023-08-10,Puerta Del Diablo,Guatemala,31,2023,8,10,3,Medio
7544,2022-09-23,Balboa,Guatemala,36,2022,9,23,3,Medio
7545,2022-10-01,Sunset Park,Guatemala,32,2022,10,1,4,Medio
7546,2022-11-04,Balboa,Canada,26,2022,11,4,4,Bajo
7547,2022-03-14,Cerro Verde,Costa Rica,9,2022,3,14,1,Bajo
7548,2021-05-24,Cerro Verde,España,7,2021,5,24,2,Bajo
7549,2022-08-12,Cerro Verde,España,66,2022,8,12,3,Alto
7550,2023-03-30,Puerta Del Diablo,Mexico,55,2023,3,30,1,Medio
7551,2024-03-18,Amulapa,Costa Rica,79,2024,3,18,1,Alto
7552,2022-02-06,Cerro Verde,Canada,77,2022,2,6,1,Alto
7553,2022-10-16,Balboa,Nicaragua,52,2022,10,16,4,Medio
7554,2021-10-02,Balboa,Nicaragua,71,2021,10,2,4,Alto
7555,2021-08-10,Cerro Verde,Honduras,27,2021,8,10,3,Bajo
7556,2021-04-28,Sunset Park,Estados Unidos,63,2021,4,28,2,Alto
7557,2022-08-04,Cerro Verde,España,11,2022,8,4,3,Bajo
7558,2023-10-05,Balboa,Canada,55,2023,10,5,4,Medio
7559,2021-04-02,Amulapa,Nicaragua,15,2021,4,2,2,Bajo
7560,2023-08-18,Puerta Del Diablo,Mexico,62,2023,8,18,3,Alto
7561,2024-08-23,Apulo,Honduras,45,2024,8,23,3,Medio
7562,2021-06-15,Apulo,Estados Unidos,51,2021,6,15,2,Medio
7563,2023-08-27,Sunset Park,España,61,2023,8,27,3,Alto
7564,2024-12-12,Balboa,Canada,46,2024,12,12,4,Medio
7565,2021-11-27,Cerro Verde,Nicaragua,78,2021,11,27,4,Alto
7566,2023-11-14,Balboa,Guatemala,32,2023,11,14,4,Medio
7567,2022-12-27,Puerta Del Diablo,Honduras,50,2022,12,27,4,Medio
7568,2021-06-30,Apulo,Nicaragua,77,2021,6,30,2,Alto
7569,2021-06-17,Amulapa,Costa Rica,73,2021,6,17,2,Alto
7570,2024-05-21,Amulapa,Estados Unidos,19,2024,5,21,2,Bajo
7571,2022-03-25,Amulapa,Nicaragua,52,2022,3,25,1,Medio
7572,2022-05-25,Puerta Del Diablo,Nicaragua,65,2022,5,25,2,Alto
7573,2023-03-24,Balboa,España,54,2023,3,24,1,Medio
7574,2024-10-20,Apulo,España,50,2024,10,20,4,Medio
7575,2021-04-24,Cerro Verde,Nicaragua,57,2021,4,24,2,Medio
7576,2021-05-08,Balboa,Estados Unidos,31,2021,5,8,2,Medio
7577,2024-11-28,Cerro Verde,Mexico,69,2024,11,28,4,Alto
7578,2022-02-19,Apulo,Nicaragua,58,2022,2,19,1,Medio
7579,2023-02-16,Balboa,Mexico,32,2023,2,16,1,Medio
7580,2022-10-15,Apulo,Honduras,8,2022,10,15,4,Bajo
7581,2021-07-16,Apulo,Guatemala,17,2021,7,16,3,Bajo
7582,2022-04-20,Balboa,España,64,2022,4,20,2,Alto
7583,2023-07-04,Sunset Park,Estados Unidos,63,2023,7,4,3,Alto
7584,2024-08-14,Puerta Del Diablo,España,67,2024,8,14,3,Alto
7585,2023-11-05,Cerro Verde,Estados Unidos,48,2023,11,5,4,Medio
7586,2021-03-24,Apulo,Guatemala,16,2021,3,24,1,Bajo
7587,2024-10-04,Apulo,Estados Unidos,49,2024,10,4,4,Medio
7588,2021-06-05,Balboa,España,16,2021,6,5,2,Bajo
7589,2024-05-14,Cerro Verde,Estados Unidos,36,2024,5,14,2,Medio
7590,2024-12-28,Puerta Del Diablo,Honduras,57,2024,12,28,4,Medio
7591,2022-05-13,Sunset Park,Canada,68,2022,5,13,2,Alto
7592,2024-01-07,Apulo,Guatemala,35,2024,1,7,1,Medio
7593,2024-07-18,Balboa,Mexico,22,2024,7,18,3,Bajo
7594,2022-06-15,Apulo,Guatemala,10,2022,6,15,2,Bajo
7595,2022-12-21,Apulo,Canada,7,2022,12,21,4,Bajo
7596,2023-07-20,Sunset Park,Costa Rica,17,2023,7,20,3,Bajo
7597,2022-02-21,Amulapa,Honduras,65,2022,2,21,1,Alto
7598,2022-11-08,Cerro Verde,Nicaragua,74,2022,11,8,4,Alto
7599,2021-06-26,Sunset Park,España,16,2021,6,26,2,Bajo
7600,2021-12-06,Sunset Park,Costa Rica,11,2021,12,6,4,Bajo
7601,2022-10-26,Puerta Del Diablo,Costa Rica,58,2022,10,26,4,Medio
7602,2024-08-11,Apulo,Costa Rica,8,2024,8,11,3,Bajo
7603,2023-11-15,Sunset Park,Costa Rica,16,2023,11,15,4,Bajo
7604,2024-09-01,Amulapa,España,65,2024,9,1,3,Alto
7605,2021-03-05,Amulapa,España,75,2021,3,5,1,Alto
7606,2021-12-10,Amulapa,Nicaragua,47,2021,12,10,4,Medio
7607,2022-07-22,Amulapa,Honduras,34,2022,7,22,3,Medio
7608,2023-02-24,Apulo,Honduras,55,2023,2,24,1,Medio
7609,2024-08-14,Amulapa,Honduras,23,2024,8,14,3,Bajo
7610,2023-10-21,Cerro Verde,Canada,33,2023,10,21,4,Medio
7611,2023-03-26,Balboa,Honduras,49,2023,3,26,1,Medio
7612,2021-11-30,Amulapa,Mexico,25,2021,11,30,4,Bajo
7613,2022-08-15,Apulo,Guatemala,71,2022,8,15,3,Alto
7614,2024-10-01,Cerro Verde,Costa Rica,27,2024,10,1,4,Bajo
7615,2022-03-01,Cerro Verde,Canada,67,2022,3,1,1,Alto
7616,2022-03-31,Apulo,Nicaragua,65,2022,3,31,1,Alto
7617,2024-07-07,Amulapa,Guatemala,65,2024,7,7,3,Alto
7618,2021-04-30,Amulapa,Honduras,22,2021,4,30,2,Bajo
7619,2022-06-21,Amulapa,Guatemala,49,2022,6,21,2,Medio
7620,2024-10-16,Puerta Del Diablo,Mexico,30,2024,10,16,4,Medio
7621,2022-02-18,Sunset Park,Costa Rica,21,2022,2,18,1,Bajo
7622,2024-05-02,Sunset Park,Costa Rica,23,2024,5,2,2,Bajo
7623,2023-08-01,Sunset Park,España,21,2023,8,1,3,Bajo
7624,2021-03-23,Amulapa,Canada,77,2021,3,23,1,Alto
7625,2024-08-11,Puerta Del Diablo,Honduras,16,2024,8,11,3,Bajo
7626,2021-09-01,Apulo,Estados Unidos,45,2021,9,1,3,Medio
7627,2024-08-28,Sunset Park,Costa Rica,11,2024,8,28,3,Bajo
7628,2021-12-30,Apulo,Canada,70,2021,12,30,4,Alto
7629,2023-09-11,Puerta Del Diablo,Costa Rica,7,2023,9,11,3,Bajo
7630,2024-04-25,Balboa,Mexico,57,2024,4,25,2,Medio
7631,2024-05-29,Puerta Del Diablo,Guatemala,40,2024,5,29,2,Medio
7632,2023-06-10,Amulapa,Guatemala,77,2023,6,10,2,Alto
7633,2024-04-07,Puerta Del Diablo,España,58,2024,4,7,2,Medio
7634,2023-01-18,Cerro Verde,Estados Unidos,44,2023,1,18,1,Medio
7635,2022-05-06,Balboa,Estados Unidos,73,2022,5,6,2,Alto
7636,2021-02-04,Cerro Verde,Honduras,27,2021,2,4,1,Bajo
7637,2023-04-28,Cerro Verde,Nicaragua,10,2023,4,28,2,Bajo
7638,2022-08-13,Apulo,España,45,2022,8,13,3,Medio
7639,2022-09-10,Sunset Park,España,39,2022,9,10,3,Medio
7640,2024-11-06,Sunset Park,Costa Rica,37,2024,11,6,4,Medio
7641,2021-03-15,Cerro Verde,Mexico,26,2021,3,15,1,Bajo
7642,2021-10-04,Puerta Del Diablo,Nicaragua,8,2021,10,4,4,Bajo
7643,2021-08-08,Apulo,Guatemala,40,2021,8,8,3,Medio
7644,2021-09-03,Cerro Verde,Estados Unidos,63,2021,9,3,3,Alto
7645,2024-05-04,Apulo,Estados Unidos,41,2024,5,4,2,Medio
7646,2024-11-16,Puerta Del Diablo,España,62,2024,11,16,4,Alto
7647,2023-09-27,Puerta Del Diablo,Estados Unidos,36,2023,9,27,3,Medio
7648,2024-12-30,Puerta Del Diablo,Mexico,19,2024,12,30,4,Bajo
7649,2023-11-20,Apulo,Costa Rica,64,2023,11,20,4,Alto
7650,2021-06-10,Balboa,Honduras,24,2021,6,10,2,Bajo
7651,2023-12-14,Puerta Del Diablo,Canada,27,2023,12,14,4,Bajo
7652,2023-10-09,Balboa,España,26,2023,10,9,4,Bajo
7653,2024-10-18,Amulapa,Guatemala,12,2024,10,18,4,Bajo
7654,2023-11-22,Cerro Verde,Estados Unidos,13,2023,11,22,4,Bajo
7655,2021-04-09,Balboa,Guatemala,71,2021,4,9,2,Alto
7656,2022-06-29,Apulo,Estados Unidos,47,2022,6,29,2,Medio
7657,2021-09-12,Amulapa,Guatemala,23,2021,9,12,3,Bajo
7658,2021-10-20,Amulapa,Costa Rica,17,2021,10,20,4,Bajo
7659,2022-03-02,Balboa,Nicaragua,43,2022,3,2,1,Medio
7660,2022-02-25,Apulo,Canada,32,2022,2,25,1,Medio
7661,2022-08-17,Sunset Park,Mexico,39,2022,8,17,3,Medio
7662,2021-10-12,Puerta Del Diablo,España,60,2021,10,12,4,Alto
7663,2023-06-10,Balboa,Guatemala,63,2023,6,10,2,Alto
7664,2023-06-07,Puerta Del Diablo,Canada,29,2023,6,7,2,Bajo
7665,2022-08-08,Amulapa,Canada,68,2022,8,8,3,Alto
7666,2024-11-11,Cerro Verde,Mexico,49,2024,11,11,4,Medio
7667,2023-07-17,Balboa,Canada,38,2023,7,17,3,Medio
7668,2022-08-11,Sunset Park,Nicaragua,48,2022,8,11,3,Medio
7669,2021-06-23,Amulapa,Costa Rica,79,2021,6,23,2,Alto
7670,2021-04-05,Cerro Verde,Guatemala,57,2021,4,5,2,Medio
7671,2021-08-13,Amulapa,Mexico,11,2021,8,13,3,Bajo
7672,2023-10-22,Sunset Park,Estados Unidos,19,2023,10,22,4,Bajo
7673,2022-04-26,Cerro Verde,Costa Rica,47,2022,4,26,2,Medio
7674,2021-10-30,Apulo,España,42,2021,10,30,4,Medio
7675,2021-11-17,Amulapa,Canada,78,2021,11,17,4,Alto
7676,2021-12-21,Apulo,Estados Unidos,45,2021,12,21,4,Medio
7677,2024-08-02,Amulapa,Guatemala,32,2024,8,2,3,Medio
7678,2021-05-20,Apulo,España,20,2021,5,20,2,Bajo
7679,2023-11-24,Puerta Del Diablo,Mexico,27,2023,11,24,4,Bajo
7680,2024-09-15,Apulo,España,57,2024,9,15,3,Medio
7681,2023-09-14,Puerta Del Diablo,Canada,28,2023,9,14,3,Bajo
7682,2022-01-23,Balboa,Honduras,56,2022,1,23,1,Medio
7683,2024-12-16,Cerro Verde,Honduras,55,2024,12,16,4,Medio
7684,2023-10-18,Sunset Park,Costa Rica,5,2023,10,18,4,Bajo
7685,2023-07-25,Cerro Verde,Nicaragua,74,2023,7,25,3,Alto
7686,2024-09-19,Cerro Verde,España,12,2024,9,19,3,Bajo
7687,2024-12-08,Balboa,Canada,34,2024,12,8,4,Medio
7688,2023-05-27,Amulapa,Estados Unidos,42,2023,5,27,2,Medio
7689,2023-10-04,Amulapa,Nicaragua,76,2023,10,4,4,Alto
7690,2021-11-04,Apulo,Honduras,44,2021,11,4,4,Medio
7691,2022-01-20,Puerta Del Diablo,Honduras,66,2022,1,20,1,Alto
7692,2023-01-19,Cerro Verde,España,25,2023,1,19,1,Bajo
7693,2023-07-15,Cerro Verde,Mexico,9,2023,7,15,3,Bajo
7694,2023-08-12,Cerro Verde,Guatemala,69,2023,8,12,3,Alto
7695,2021-08-09,Amulapa,Canada,63,2021,8,9,3,Alto
7696,2021-05-03,Amulapa,Estados Unidos,78,2021,5,3,2,Alto
7697,2021-07-15,Sunset Park,Canada,7,2021,7,15,3,Bajo
7698,2023-09-01,Puerta Del Diablo,Nicaragua,66,2023,9,1,3,Alto
7699,2023-06-20,Cerro Verde,Estados Unidos,10,2023,6,20,2,Bajo
7700,2021-04-08,Sunset Park,Honduras,37,2021,4,8,2,Medio
7701,2022-10-16,Balboa,Estados Unidos,67,2022,10,16,4,Alto
7702,2024-02-10,Apulo,Honduras,38,2024,2,10,1,Medio
7703,2023-06-22,Balboa,España,62,2023,6,22,2,Alto
7704,2024-09-14,Puerta Del Diablo,Canada,32,2024,9,14,3,Medio
7705,2022-08-08,Cerro Verde,Estados Unidos,10,2022,8,8,3,Bajo
7706,2024-01-15,Cerro Verde,Mexico,76,2024,1,15,1,Alto
7707,2024-05-03,Sunset Park,Honduras,16,2024,5,3,2,Bajo
7708,2021-03-14,Cerro Verde,Guatemala,40,2021,3,14,1,Medio
7709,2022-08-13,Cerro Verde,Mexico,9,2022,8,13,3,Bajo
7710,2021-03-03,Cerro Verde,Estados Unidos,70,2021,3,3,1,Alto
7711,2024-06-23,Apulo,Canada,37,2024,6,23,2,Medio
7712,2024-08-07,Apulo,Estados Unidos,71,2024,8,7,3,Alto
7713,2024-07-09,Amulapa,Mexico,14,2024,7,9,3,Bajo
7714,2021-07-16,Puerta Del Diablo,Canada,19,2021,7,16,3,Bajo
7715,2021-01-21,Puerta Del Diablo,Guatemala,74,2021,1,21,1,Alto
7716,2021-08-15,Amulapa,Nicaragua,51,2021,8,15,3,Medio
7717,2022-11-11,Apulo,Nicaragua,26,2022,11,11,4,Bajo
7718,2022-01-12,Apulo,Guatemala,42,2022,1,12,1,Medio
7719,2024-08-13,Balboa,Nicaragua,21,2024,8,13,3,Bajo
7720,2022-06-14,Puerta Del Diablo,Estados Unidos,28,2022,6,14,2,Bajo
7721,2023-04-06,Sunset Park,España,66,2023,4,6,2,Alto
7722,2024-08-07,Apulo,Nicaragua,79,2024,8,7,3,Alto
7723,2021-06-16,Amulapa,Costa Rica,51,2021,6,16,2,Medio
7724,2024-12-31,Apulo,Mexico,78,2024,12,31,4,Alto
7725,2023-08-05,Cerro Verde,Mexico,52,2023,8,5,3,Medio
7726,2022-02-28,Puerta Del Diablo,Nicaragua,66,2022,2,28,1,Alto
7727,2023-08-06,Apulo,Nicaragua,55,2023,8,6,3,Medio
7728,2022-05-30,Amulapa,Honduras,63,2022,5,30,2,Alto
7729,2024-03-06,Puerta Del Diablo,Nicaragua,35,2024,3,6,1,Medio
7730,2021-06-02,Amulapa,Guatemala,54,2021,6,2,2,Medio
7731,2022-06-16,Cerro Verde,Canada,60,2022,6,16,2,Alto
7732,2024-11-17,Amulapa,España,37,2024,11,17,4,Medio
7733,2022-06-05,Puerta Del Diablo,Estados Unidos,6,2022,6,5,2,Bajo
7734,2022-06-11,Puerta Del Diablo,Guatemala,66,2022,6,11,2,Alto
7735,2022-02-18,Puerta Del Diablo,España,9,2022,2,18,1,Bajo
7736,2024-12-31,Puerta Del Diablo,Nicaragua,77,2024,12,31,4,Alto
7737,2022-09-04,Sunset Park,Nicaragua,18,2022,9,4,3,Bajo
7738,2021-05-31,Amulapa,Nicaragua,62,2021,5,31,2,Alto
7739,2023-07-03,Puerta Del Diablo,Nicaragua,29,2023,7,3,3,Bajo
7740,2022-08-18,Sunset Park,España,36,2022,8,18,3,Medio
7741,2024-10-05,Apulo,Estados Unidos,57,2024,10,5,4,Medio
7742,2024-03-02,Apulo,Guatemala,14,2024,3,2,1,Bajo
7743,2024-08-04,Sunset Park,Estados Unidos,25,2024,8,4,3,Bajo
7744,2024-10-02,Apulo,Costa Rica,59,2024,10,2,4,Medio
7745,2022-08-16,Balboa,Honduras,12,2022,8,16,3,Bajo
7746,2024-10-19,Amulapa,Nicaragua,38,2024,10,19,4,Medio
7747,2023-03-28,Cerro Verde,Guatemala,55,2023,3,28,1,Medio
7748,2024-01-16,Cerro Verde,España,29,2024,1,16,1,Bajo
7749,2021-01-04,Cerro Verde,Costa Rica,60,2021,1,4,1,Alto
7750,2021-09-30,Cerro Verde,España,22,2021,9,30,3,Bajo
7751,2024-05-03,Apulo,Canada,24,2024,5,3,2,Bajo
7752,2024-11-12,Cerro Verde,Mexico,18,2024,11,12,4,Bajo
7753,2023-04-12,Puerta Del Diablo,Canada,56,2023,4,12,2,Medio
7754,2021-10-26,Sunset Park,Estados Unidos,42,2021,10,26,4,Medio
7755,2023-05-28,Apulo,Estados Unidos,15,2023,5,28,2,Bajo
7756,2023-05-30,Amulapa,Nicaragua,32,2023,5,30,2,Medio
7757,2024-06-05,Cerro Verde,Costa Rica,34,2024,6,5,2,Medio
7758,2023-12-29,Apulo,Mexico,9,2023,12,29,4,Bajo
7759,2024-12-23,Cerro Verde,Estados Unidos,72,2024,12,23,4,Alto
7760,2021-11-08,Amulapa,Canada,75,2021,11,8,4,Alto
7761,2021-11-28,Balboa,Mexico,43,2021,11,28,4,Medio
7762,2021-02-19,Balboa,Canada,44,2021,2,19,1,Medio
7763,2021-11-27,Apulo,Estados Unidos,39,2021,11,27,4,Medio
7764,2022-07-10,Balboa,Mexico,7,2022,7,10,3,Bajo
7765,2023-11-14,Puerta Del Diablo,Honduras,41,2023,11,14,4,Medio
7766,2024-04-23,Puerta Del Diablo,Honduras,72,2024,4,23,2,Alto
7767,2022-08-30,Sunset Park,Canada,62,2022,8,30,3,Alto
7768,2021-12-19,Amulapa,Mexico,15,2021,12,19,4,Bajo
7769,2021-08-12,Balboa,Estados Unidos,8,2021,8,12,3,Bajo
7770,2024-04-03,Apulo,Estados Unidos,72,2024,4,3,2,Alto
7771,2024-08-24,Apulo,Honduras,48,2024,8,24,3,Medio
7772,2024-03-25,Balboa,Nicaragua,54,2024,3,25,1,Medio
7773,2022-05-03,Sunset Park,Mexico,77,2022,5,3,2,Alto
7774,2021-04-09,Cerro Verde,Mexico,56,2021,4,9,2,Medio
7775,2024-10-13,Amulapa,Mexico,31,2024,10,13,4,Medio
7776,2024-06-01,Cerro Verde,España,13,2024,6,1,2,Bajo
7777,2022-06-19,Cerro Verde,España,22,2022,6,19,2,Bajo
7778,2022-07-11,Sunset Park,Guatemala,14,2022,7,11,3,Bajo
7779,2024-12-21,Balboa,Honduras,42,2024,12,21,4,Medio
7780,2022-09-27,Apulo,Estados Unidos,40,2022,9,27,3,Medio
7781,2021-11-01,Sunset Park,Mexico,42,2021,11,1,4,Medio
7782,2024-08-11,Sunset Park,Nicaragua,45,2024,8,11,3,Medio
7783,2024-05-14,Amulapa,Estados Unidos,14,2024,5,14,2,Bajo
7784,2024-06-09,Puerta Del Diablo,Nicaragua,11,2024,6,9,2,Bajo
7785,2022-09-12,Puerta Del Diablo,Costa Rica,15,2022,9,12,3,Bajo
7786,2022-10-10,Balboa,Nicaragua,68,2022,10,10,4,Alto
7787,2021-12-21,Apulo,Canada,47,2021,12,21,4,Medio
7788,2023-09-12,Cerro Verde,Mexico,14,2023,9,12,3,Bajo
7789,2023-09-15,Cerro Verde,Estados Unidos,9,2023,9,15,3,Bajo
7790,2023-03-01,Cerro Verde,España,36,2023,3,1,1,Medio
7791,2022-03-10,Cerro Verde,Guatemala,45,2022,3,10,1,Medio
7792,2023-08-28,Balboa,Mexico,76,2023,8,28,3,Alto
7793,2021-03-08,Balboa,Canada,55,2021,3,8,1,Medio
7794,2021-06-05,Puerta Del Diablo,Honduras,15,2021,6,5,2,Bajo
7795,2024-03-09,Cerro Verde,Guatemala,6,2024,3,9,1,Bajo
7796,2022-12-07,Cerro Verde,España,50,2022,12,7,4,Medio
7797,2024-11-22,Apulo,Estados Unidos,66,2024,11,22,4,Alto
7798,2023-05-23,Cerro Verde,Nicaragua,21,2023,5,23,2,Bajo
7799,2022-11-12,Amulapa,Guatemala,14,2022,11,12,4,Bajo
7800,2022-11-15,Balboa,Honduras,16,2022,11,15,4,Bajo
7801,2022-03-31,Puerta Del Diablo,Nicaragua,47,2022,3,31,1,Medio
7802,2024-04-11,Sunset Park,Canada,54,2024,4,11,2,Medio
7803,2024-02-20,Amulapa,Honduras,41,2024,2,20,1,Medio
7804,2023-10-08,Cerro Verde,España,40,2023,10,8,4,Medio
7805,2021-01-17,Cerro Verde,Honduras,49,2021,1,17,1,Medio
7806,2023-03-09,Sunset Park,Nicaragua,50,2023,3,9,1,Medio
7807,2021-02-13,Amulapa,Mexico,40,2021,2,13,1,Medio
7808,2022-03-27,Amulapa,Estados Unidos,46,2022,3,27,1,Medio
7809,2024-02-24,Sunset Park,Honduras,25,2024,2,24,1,Bajo
7810,2021-03-02,Apulo,Canada,9,2021,3,2,1,Bajo
7811,2022-10-27,Amulapa,Estados Unidos,47,2022,10,27,4,Medio
7812,2022-09-21,Balboa,Costa Rica,52,2022,9,21,3,Medio
7813,2024-10-16,Cerro Verde,Guatemala,58,2024,10,16,4,Medio
7814,2024-12-27,Sunset Park,Costa Rica,19,2024,12,27,4,Bajo
7815,2021-02-04,Puerta Del Diablo,Nicaragua,35,2021,2,4,1,Medio
7816,2024-12-13,Sunset Park,España,23,2024,12,13,4,Bajo
7817,2023-10-09,Amulapa,Canada,68,2023,10,9,4,Alto
7818,2021-06-28,Sunset Park,Guatemala,78,2021,6,28,2,Alto
7819,2024-04-15,Balboa,Honduras,77,2024,4,15,2,Alto
7820,2021-07-18,Cerro Verde,Estados Unidos,15,2021,7,18,3,Bajo
7821,2023-10-06,Amulapa,Mexico,28,2023,10,6,4,Bajo
7822,2024-08-14,Sunset Park,Nicaragua,72,2024,8,14,3,Alto
7823,2022-06-18,Sunset Park,Nicaragua,66,2022,6,18,2,Alto
7824,2023-04-02,Cerro Verde,España,52,2023,4,2,2,Medio
7825,2022-08-21,Balboa,España,54,2022,8,21,3,Medio
7826,2023-05-09,Cerro Verde,Honduras,28,2023,5,9,2,Bajo
7827,2021-11-27,Balboa,Nicaragua,70,2021,11,27,4,Alto
7828,2022-03-22,Apulo,España,10,2022,3,22,1,Bajo
7829,2021-07-11,Cerro Verde,Mexico,37,2021,7,11,3,Medio
7830,2024-11-08,Apulo,Estados Unidos,60,2024,11,8,4,Alto
7831,2022-02-01,Balboa,Costa Rica,55,2022,2,1,1,Medio
7832,2023-10-19,Sunset Park,España,71,2023,10,19,4,Alto
7833,2024-03-15,Puerta Del Diablo,España,40,2024,3,15,1,Medio
7834,2022-10-07,Balboa,Mexico,37,2022,10,7,4,Medio
7835,2022-10-28,Sunset Park,Guatemala,8,2022,10,28,4,Bajo
7836,2023-07-20,Puerta Del Diablo,Estados Unidos,42,2023,7,20,3,Medio
7837,2021-09-10,Apulo,Guatemala,11,2021,9,10,3,Bajo
7838,2021-05-15,Sunset Park,Costa Rica,45,2021,5,15,2,Medio
7839,2022-01-26,Cerro Verde,Canada,74,2022,1,26,1,Alto
7840,2024-03-17,Cerro Verde,Guatemala,76,2024,3,17,1,Alto
7841,2023-01-27,Cerro Verde,Costa Rica,15,2023,1,27,1,Bajo
7842,2021-01-11,Sunset Park,Costa Rica,9,2021,1,11,1,Bajo
7843,2023-02-18,Balboa,Estados Unidos,35,2023,2,18,1,Medio
7844,2024-12-30,Amulapa,Nicaragua,19,2024,12,30,4,Bajo
7845,2023-01-10,Apulo,Estados Unidos,69,2023,1,10,1,Alto
7846,2021-03-08,Sunset Park,Canada,57,2021,3,8,1,Medio
7847,2021-02-14,Puerta Del Diablo,Estados Unidos,38,2021,2,14,1,Medio
7848,2021-07-14,Amulapa,Costa Rica,10,2021,7,14,3,Bajo
7849,2021-10-30,Sunset Park,Honduras,63,2021,10,30,4,Alto
7850,2023-03-05,Sunset Park,España,43,2023,3,5,1,Medio
7851,2022-06-26,Amulapa,Estados Unidos,74,2022,6,26,2,Alto
7852,2022-12-01,Apulo,Honduras,48,2022,12,1,4,Medio
7853,2021-02-13,Balboa,Canada,22,2021,2,13,1,Bajo
7854,2024-06-26,Balboa,Estados Unidos,54,2024,6,26,2,Medio
7855,2024-11-22,Balboa,España,48,2024,11,22,4,Medio
7856,2021-05-03,Balboa,España,62,2021,5,3,2,Alto
7857,2021-06-29,Apulo,Nicaragua,21,2021,6,29,2,Bajo
7858,2024-06-04,Puerta Del Diablo,Mexico,59,2024,6,4,2,Medio
7859,2021-05-07,Sunset Park,Mexico,53,2021,5,7,2,Medio
7860,2024-11-04,Cerro Verde,Estados Unidos,40,2024,11,4,4,Medio
7861,2024-11-17,Balboa,Nicaragua,53,2024,11,17,4,Medio
7862,2022-07-23,Apulo,Estados Unidos,60,2022,7,23,3,Alto
7863,2023-04-23,Sunset Park,Estados Unidos,49,2023,4,23,2,Medio
7864,2023-02-14,Balboa,Mexico,64,2023,2,14,1,Alto
7865,2022-05-16,Amulapa,Estados Unidos,7,2022,5,16,2,Bajo
7866,2024-09-05,Balboa,Honduras,50,2024,9,5,3,Medio
7867,2024-03-05,Amulapa,Costa Rica,64,2024,3,5,1,Alto
7868,2024-09-28,Amulapa,Estados Unidos,37,2024,9,28,3,Medio
7869,2023-08-25,Amulapa,Nicaragua,30,2023,8,25,3,Medio
7870,2022-08-27,Sunset Park,España,17,2022,8,27,3,Bajo
7871,2023-04-03,Apulo,Estados Unidos,34,2023,4,3,2,Medio
7872,2022-01-06,Balboa,España,72,2022,1,6,1,Alto
7873,2024-06-03,Puerta Del Diablo,Canada,76,2024,6,3,2,Alto
7874,2021-11-26,Sunset Park,Nicaragua,64,2021,11,26,4,Alto
7875,2022-01-31,Sunset Park,Costa Rica,12,2022,1,31,1,Bajo
7876,2021-05-04,Apulo,Nicaragua,72,2021,5,4,2,Alto
7877,2022-03-09,Apulo,Costa Rica,38,2022,3,9,1,Medio
7878,2024-08-18,Amulapa,Costa Rica,62,2024,8,18,3,Alto
7879,2021-07-07,Balboa,Honduras,37,2021,7,7,3,Medio
7880,2022-10-21,Sunset Park,Canada,44,2022,10,21,4,Medio
7881,2024-11-03,Sunset Park,Honduras,54,2024,11,3,4,Medio
7882,2024-07-29,Sunset Park,España,54,2024,7,29,3,Medio
7883,2022-03-07,Sunset Park,Estados Unidos,57,2022,3,7,1,Medio
7884,2024-11-03,Apulo,España,19,2024,11,3,4,Bajo
7885,2022-06-03,Apulo,Costa Rica,8,2022,6,3,2,Bajo
7886,2024-07-02,Apulo,Canada,74,2024,7,2,3,Alto
7887,2022-05-20,Amulapa,Costa Rica,32,2022,5,20,2,Medio
7888,2023-07-08,Sunset Park,Guatemala,45,2023,7,8,3,Medio
7889,2021-03-21,Sunset Park,Costa Rica,9,2021,3,21,1,Bajo
7890,2024-02-17,Amulapa,Costa Rica,74,2024,2,17,1,Alto
7891,2024-07-08,Amulapa,Guatemala,19,2024,7,8,3,Bajo
7892,2022-01-01,Sunset Park,Nicaragua,37,2022,1,1,1,Medio
7893,2021-07-28,Puerta Del Diablo,Estados Unidos,73,2021,7,28,3,Alto
7894,2022-01-25,Apulo,España,42,2022,1,25,1,Medio
7895,2023-11-15,Amulapa,Mexico,20,2023,11,15,4,Bajo
7896,2023-04-03,Apulo,Nicaragua,69,2023,4,3,2,Alto
7897,2021-10-15,Cerro Verde,Canada,75,2021,10,15,4,Alto
7898,2021-09-06,Cerro Verde,Canada,72,2021,9,6,3,Alto
7899,2022-09-18,Apulo,Mexico,26,2022,9,18,3,Bajo
7900,2023-12-20,Cerro Verde,Costa Rica,52,2023,12,20,4,Medio
7901,2022-12-21,Puerta Del Diablo,Guatemala,57,2022,12,21,4,Medio
7902,2022-11-06,Amulapa,Honduras,50,2022,11,6,4,Medio
7903,2024-07-17,Balboa,Mexico,8,2024,7,17,3,Bajo
7904,2024-10-09,Apulo,Canada,15,2024,10,9,4,Bajo
7905,2024-04-14,Amulapa,Costa Rica,21,2024,4,14,2,Bajo
7906,2022-10-17,Amulapa,Nicaragua,13,2022,10,17,4,Bajo
7907,2023-06-05,Sunset Park,Estados Unidos,19,2023,6,5,2,Bajo
7908,2021-11-12,Amulapa,Guatemala,9,2021,11,12,4,Bajo
7909,2024-06-11,Puerta Del Diablo,Guatemala,75,2024,6,11,2,Alto
7910,2024-10-13,Cerro Verde,Mexico,78,2024,10,13,4,Alto
7911,2021-07-11,Puerta Del Diablo,Mexico,59,2021,7,11,3,Medio
7912,2022-09-06,Amulapa,Guatemala,35,2022,9,6,3,Medio
7913,2023-09-18,Puerta Del Diablo,Mexico,72,2023,9,18,3,Alto
7914,2024-12-15,Apulo,Nicaragua,46,2024,12,15,4,Medio
7915,2024-11-12,Puerta Del Diablo,Guatemala,36,2024,11,12,4,Medio
7916,2022-04-22,Puerta Del Diablo,Mexico,6,2022,4,22,2,Bajo
7917,2023-11-03,Cerro Verde,Mexico,49,2023,11,3,4,Medio
7918,2022-12-15,Puerta Del Diablo,Canada,11,2022,12,15,4,Bajo
7919,2023-01-29,Balboa,Honduras,22,2023,1,29,1,Bajo
7920,2021-06-17,Balboa,Canada,6,2021,6,17,2,Bajo
7921,2022-01-13,Puerta Del Diablo,España,41,2022,1,13,1,Medio
7922,2023-08-02,Cerro Verde,Mexico,41,2023,8,2,3,Medio
7923,2021-08-17,Cerro Verde,España,16,2021,8,17,3,Bajo
7924,2023-01-08,Amulapa,Mexico,11,2023,1,8,1,Bajo
7925,2024-12-21,Apulo,Canada,16,2024,12,21,4,Bajo
7926,2022-07-14,Amulapa,Costa Rica,28,2022,7,14,3,Bajo
7927,2021-11-25,Balboa,España,56,2021,11,25,4,Medio
7928,2024-11-07,Sunset Park,Guatemala,78,2024,11,7,4,Alto
7929,2021-08-14,Amulapa,Costa Rica,50,2021,8,14,3,Medio
7930,2021-06-22,Sunset Park,Guatemala,74,2021,6,22,2,Alto
7931,2023-11-22,Balboa,Nicaragua,32,2023,11,22,4,Medio
7932,2022-07-29,Balboa,España,69,2022,7,29,3,Alto
7933,2021-07-12,Cerro Verde,España,42,2021,7,12,3,Medio
7934,2023-12-02,Balboa,Canada,44,2023,12,2,4,Medio
7935,2022-03-08,Amulapa,Estados Unidos,7,2022,3,8,1,Bajo
7936,2024-09-22,Cerro Verde,España,54,2024,9,22,3,Medio
7937,2024-10-11,Amulapa,Mexico,40,2024,10,11,4,Medio
7938,2022-05-21,Cerro Verde,Honduras,54,2022,5,21,2,Medio
7939,2024-10-26,Sunset Park,Canada,74,2024,10,26,4,Alto
7940,2023-12-16,Apulo,Canada,66,2023,12,16,4,Alto
7941,2023-11-01,Balboa,Estados Unidos,8,2023,11,1,4,Bajo
7942,2024-08-15,Apulo,Canada,60,2024,8,15,3,Alto
7943,2024-02-28,Puerta Del Diablo,Honduras,31,2024,2,28,1,Medio
7944,2024-07-01,Sunset Park,España,30,2024,7,1,3,Medio
7945,2022-10-29,Balboa,Canada,31,2022,10,29,4,Medio
7946,2022-09-22,Amulapa,Canada,52,2022,9,22,3,Medio
7947,2021-09-05,Balboa,Costa Rica,60,2021,9,5,3,Alto
7948,2021-03-11,Apulo,Canada,36,2021,3,11,1,Medio
7949,2021-05-09,Puerta Del Diablo,Honduras,49,2021,5,9,2,Medio
7950,2024-12-17,Cerro Verde,Costa Rica,24,2024,12,17,4,Bajo
7951,2023-09-05,Apulo,Guatemala,59,2023,9,5,3,Medio
7952,2021-11-12,Sunset Park,Estados Unidos,17,2021,11,12,4,Bajo
7953,2024-12-29,Puerta Del Diablo,España,39,2024,12,29,4,Medio
7954,2023-02-26,Apulo,Canada,43,2023,2,26,1,Medio
7955,2021-10-29,Balboa,Costa Rica,55,2021,10,29,4,Medio
7956,2022-08-31,Apulo,Costa Rica,63,2022,8,31,3,Alto
7957,2023-06-06,Sunset Park,Honduras,79,2023,6,6,2,Alto
7958,2022-01-18,Sunset Park,Costa Rica,9,2022,1,18,1,Bajo
7959,2021-03-19,Sunset Park,Nicaragua,13,2021,3,19,1,Bajo
7960,2023-10-17,Apulo,Nicaragua,10,2023,10,17,4,Bajo
7961,2023-07-02,Sunset Park,Honduras,45,2023,7,2,3,Medio
7962,2021-01-09,Amulapa,Costa Rica,27,2021,1,9,1,Bajo
7963,2023-11-29,Cerro Verde,Estados Unidos,30,2023,11,29,4,Medio
7964,2022-06-07,Sunset Park,Costa Rica,26,2022,6,7,2,Bajo
7965,2021-09-24,Puerta Del Diablo,Costa Rica,74,2021,9,24,3,Alto
7966,2023-03-05,Balboa,Costa Rica,27,2023,3,5,1,Bajo
7967,2024-03-06,Apulo,Estados Unidos,22,2024,3,6,1,Bajo
7968,2023-08-23,Apulo,Mexico,67,2023,8,23,3,Alto
7969,2024-05-05,Sunset Park,Nicaragua,50,2024,5,5,2,Medio
7970,2023-02-22,Apulo,Guatemala,43,2023,2,22,1,Medio
7971,2024-10-12,Apulo,Mexico,22,2024,10,12,4,Bajo
7972,2024-12-12,Puerta Del Diablo,Estados Unidos,37,2024,12,12,4,Medio
7973,2024-10-03,Apulo,España,74,2024,10,3,4,Alto
7974,2022-05-28,Balboa,Costa Rica,41,2022,5,28,2,Medio
7975,2021-01-14,Apulo,Mexico,48,2021,1,14,1,Medio
7976,2021-09-06,Puerta Del Diablo,Honduras,72,2021,9,6,3,Alto
7977,2022-10-29,Amulapa,España,41,2022,10,29,4,Medio
7978,2024-11-15,Cerro Verde,Honduras,11,2024,11,15,4,Bajo
7979,2021-02-21,Cerro Verde,Nicaragua,38,2021,2,21,1,Medio
7980,2024-02-25,Apulo,Canada,49,2024,2,25,1,Medio
7981,2024-07-19,Puerta Del Diablo,Estados Unidos,78,2024,7,19,3,Alto
7982,2024-04-08,Cerro Verde,Honduras,67,2024,4,8,2,Alto
7983,2022-05-06,Puerta Del Diablo,Costa Rica,13,2022,5,6,2,Bajo
7984,2021-09-15,Cerro Verde,España,75,2021,9,15,3,Alto
7985,2024-09-08,Amulapa,España,73,2024,9,8,3,Alto
7986,2022-10-04,Puerta Del Diablo,Honduras,43,2022,10,4,4,Medio
7987,2023-09-22,Apulo,Nicaragua,32,2023,9,22,3,Medio
7988,2024-03-03,Cerro Verde,Estados Unidos,44,2024,3,3,1,Medio
7989,2023-08-23,Sunset Park,Guatemala,62,2023,8,23,3,Alto
7990,2023-01-17,Apulo,España,44,2023,1,17,1,Medio
7991,2021-05-19,Apulo,Mexico,11,2021,5,19,2,Bajo
7992,2024-09-23,Puerta Del Diablo,Nicaragua,39,2024,9,23,3,Medio
7993,2022-02-07,Apulo,Nicaragua,36,2022,2,7,1,Medio
7994,2022-11-18,Cerro Verde,Costa Rica,52,2022,11,18,4,Medio
7995,2023-12-29,Apulo,Canada,62,2023,12,29,4,Alto
7996,2021-07-19,Apulo,Nicaragua,56,2021,7,19,3,Medio
7997,2023-09-14,Amulapa,Estados Unidos,63,2023,9,14,3,Alto
7998,2024-04-16,Puerta Del Diablo,Nicaragua,18,2024,4,16,2,Bajo
7999,2024-07-06,Apulo,Guatemala,25,2024,7,6,3,Bajo
8000,2023-06-19,Balboa,España,60,2023,6,19,2,Alto
8001,2022-02-28,Balboa,Honduras,5,2022,2,28,1,Bajo
8002,2022-07-03,Cerro Verde,Guatemala,63,2022,7,3,3,Alto
8003,2021-04-08,Puerta Del Diablo,Canada,50,2021,4,8,2,Medio
8004,2021-10-09,Cerro Verde,Mexico,55,2021,10,9,4,Medio
8005,2024-02-26,Apulo,Costa Rica,50,2024,2,26,1,Medio
8006,2022-01-31,Puerta Del Diablo,Mexico,6,2022,1,31,1,Bajo
8007,2022-03-12,Sunset Park,Canada,39,2022,3,12,1,Medio
8008,2022-08-09,Puerta Del Diablo,Nicaragua,42,2022,8,9,3,Medio
8009,2021-02-12,Apulo,Costa Rica,32,2021,2,12,1,Medio
8010,2024-02-27,Balboa,Guatemala,30,2024,2,27,1,Medio
8011,2021-01-18,Apulo,Costa Rica,75,2021,1,18,1,Alto
8012,2021-08-27,Balboa,Mexico,24,2021,8,27,3,Bajo
8013,2024-03-03,Puerta Del Diablo,Guatemala,38,2024,3,3,1,Medio
8014,2024-05-07,Apulo,Honduras,49,2024,5,7,2,Medio
8015,2023-08-10,Cerro Verde,Honduras,56,2023,8,10,3,Medio
8016,2024-09-11,Puerta Del Diablo,Nicaragua,21,2024,9,11,3,Bajo
8017,2021-09-18,Apulo,España,20,2021,9,18,3,Bajo
8018,2022-05-04,Amulapa,Guatemala,51,2022,5,4,2,Medio
8019,2021-04-21,Puerta Del Diablo,España,6,2021,4,21,2,Bajo
8020,2023-01-25,Puerta Del Diablo,Costa Rica,35,2023,1,25,1,Medio
8021,2021-07-14,Amulapa,Estados Unidos,44,2021,7,14,3,Medio
8022,2024-09-25,Apulo,Costa Rica,28,2024,9,25,3,Bajo
8023,2023-04-17,Amulapa,Costa Rica,72,2023,4,17,2,Alto
8024,2024-02-15,Puerta Del Diablo,Costa Rica,36,2024,2,15,1,Medio
8025,2022-03-18,Sunset Park,Costa Rica,14,2022,3,18,1,Bajo
8026,2023-06-10,Apulo,España,26,2023,6,10,2,Bajo
8027,2023-02-01,Sunset Park,Costa Rica,58,2023,2,1,1,Medio
8028,2022-12-06,Balboa,España,33,2022,12,6,4,Medio
8029,2023-09-25,Puerta Del Diablo,Costa Rica,24,2023,9,25,3,Bajo
8030,2024-12-13,Balboa,Costa Rica,15,2024,12,13,4,Bajo
8031,2021-05-12,Balboa,Honduras,47,2021,5,12,2,Medio
8032,2022-12-10,Balboa,Costa Rica,66,2022,12,10,4,Alto
8033,2023-08-26,Puerta Del Diablo,Estados Unidos,41,2023,8,26,3,Medio
8034,2021-08-16,Balboa,Estados Unidos,73,2021,8,16,3,Alto
8035,2022-08-23,Amulapa,Nicaragua,22,2022,8,23,3,Bajo
8036,2024-12-01,Amulapa,Guatemala,21,2024,12,1,4,Bajo
8037,2022-04-03,Balboa,Estados Unidos,57,2022,4,3,2,Medio
8038,2024-01-11,Amulapa,Costa Rica,21,2024,1,11,1,Bajo
8039,2024-10-28,Apulo,España,18,2024,10,28,4,Bajo
8040,2022-05-03,Balboa,España,39,2022,5,3,2,Medio
8041,2021-09-01,Amulapa,España,77,2021,9,1,3,Alto
8042,2022-10-13,Cerro Verde,Honduras,78,2022,10,13,4,Alto
8043,2024-01-14,Puerta Del Diablo,Nicaragua,37,2024,1,14,1,Medio
8044,2022-12-16,Apulo,Honduras,31,2022,12,16,4,Medio
8045,2022-06-26,Sunset Park,Honduras,11,2022,6,26,2,Bajo
8046,2024-10-15,Cerro Verde,Mexico,29,2024,10,15,4,Bajo
8047,2024-10-12,Amulapa,Guatemala,75,2024,10,12,4,Alto
8048,2024-03-17,Amulapa,España,52,2024,3,17,1,Medio
8049,2023-11-09,Sunset Park,Estados Unidos,28,2023,11,9,4,Bajo
8050,2023-06-23,Cerro Verde,Honduras,23,2023,6,23,2,Bajo
8051,2023-07-22,Apulo,Honduras,14,2023,7,22,3,Bajo
8052,2021-08-23,Cerro Verde,Nicaragua,65,2021,8,23,3,Alto
8053,2021-07-02,Puerta Del Diablo,Costa Rica,76,2021,7,2,3,Alto
8054,2023-03-04,Puerta Del Diablo,Canada,56,2023,3,4,1,Medio
8055,2023-12-01,Puerta Del Diablo,Costa Rica,59,2023,12,1,4,Medio
8056,2022-05-31,Cerro Verde,Guatemala,64,2022,5,31,2,Alto
8057,2021-05-31,Apulo,Costa Rica,38,2021,5,31,2,Medio
8058,2021-06-02,Amulapa,Mexico,74,2021,6,2,2,Alto
8059,2022-12-19,Balboa,Guatemala,36,2022,12,19,4,Medio
8060,2023-11-29,Apulo,Guatemala,68,2023,11,29,4,Alto
8061,2022-06-17,Apulo,Mexico,51,2022,6,17,2,Medio
8062,2024-10-05,Sunset Park,Costa Rica,36,2024,10,5,4,Medio
8063,2024-01-19,Amulapa,Canada,58,2024,1,19,1,Medio
8064,2023-10-10,Apulo,Mexico,12,2023,10,10,4,Bajo
8065,2021-04-10,Balboa,Honduras,25,2021,4,10,2,Bajo
8066,2024-01-21,Cerro Verde,Guatemala,68,2024,1,21,1,Alto
8067,2022-02-26,Cerro Verde,Nicaragua,76,2022,2,26,1,Alto
8068,2023-06-27,Balboa,Honduras,30,2023,6,27,2,Medio
8069,2023-10-04,Cerro Verde,Mexico,77,2023,10,4,4,Alto
8070,2021-12-21,Puerta Del Diablo,Canada,35,2021,12,21,4,Medio
8071,2022-12-16,Cerro Verde,Costa Rica,47,2022,12,16,4,Medio
8072,2024-07-08,Puerta Del Diablo,Estados Unidos,15,2024,7,8,3,Bajo
8073,2024-12-25,Balboa,Costa Rica,64,2024,12,25,4,Alto
8074,2024-10-17,Balboa,Canada,25,2024,10,17,4,Bajo
8075,2022-07-12,Apulo,Honduras,35,2022,7,12,3,Medio
8076,2023-07-19,Cerro Verde,Guatemala,8,2023,7,19,3,Bajo
8077,2022-12-26,Sunset Park,Mexico,69,2022,12,26,4,Alto
8078,2024-09-18,Amulapa,Honduras,17,2024,9,18,3,Bajo
8079,2024-01-26,Cerro Verde,Costa Rica,59,2024,1,26,1,Medio
8080,2024-03-03,Apulo,Costa Rica,19,2024,3,3,1,Bajo
8081,2024-06-05,Cerro Verde,Costa Rica,45,2024,6,5,2,Medio
8082,2022-10-25,Sunset Park,Honduras,65,2022,10,25,4,Alto
8083,2024-10-16,Cerro Verde,España,52,2024,10,16,4,Medio
8084,2023-10-19,Sunset Park,Costa Rica,42,2023,10,19,4,Medio
8085,2024-11-12,Sunset Park,Estados Unidos,71,2024,11,12,4,Alto
8086,2023-06-17,Apulo,Costa Rica,31,2023,6,17,2,Medio
8087,2023-05-27,Sunset Park,Honduras,64,2023,5,27,2,Alto
8088,2021-10-09,Balboa,Mexico,9,2021,10,9,4,Bajo
8089,2023-08-07,Sunset Park,Costa Rica,23,2023,8,7,3,Bajo
8090,2021-01-29,Balboa,Nicaragua,68,2021,1,29,1,Alto
8091,2022-02-13,Balboa,Guatemala,25,2022,2,13,1,Bajo
8092,2024-02-17,Puerta Del Diablo,Canada,40,2024,2,17,1,Medio
8093,2022-07-01,Puerta Del Diablo,Guatemala,55,2022,7,1,3,Medio
8094,2021-01-12,Balboa,Guatemala,21,2021,1,12,1,Bajo
8095,2022-04-20,Sunset Park,Canada,27,2022,4,20,2,Bajo
8096,2021-09-12,Sunset Park,Honduras,67,2021,9,12,3,Alto
8097,2022-09-16,Sunset Park,Guatemala,68,2022,9,16,3,Alto
8098,2023-08-06,Puerta Del Diablo,Guatemala,52,2023,8,6,3,Medio
8099,2021-11-15,Puerta Del Diablo,Estados Unidos,43,2021,11,15,4,Medio
8100,2024-02-01,Amulapa,Mexico,70,2024,2,1,1,Alto
8101,2021-04-17,Balboa,Honduras,30,2021,4,17,2,Medio
8102,2024-07-27,Sunset Park,Mexico,21,2024,7,27,3,Bajo
8103,2021-05-05,Cerro Verde,Canada,39,2021,5,5,2,Medio
8104,2023-06-05,Balboa,Nicaragua,71,2023,6,5,2,Alto
8105,2024-01-19,Amulapa,Estados Unidos,76,2024,1,19,1,Alto
8106,2021-01-12,Apulo,Nicaragua,26,2021,1,12,1,Bajo
8107,2024-06-23,Amulapa,Canada,7,2024,6,23,2,Bajo
8108,2024-10-25,Balboa,Estados Unidos,10,2024,10,25,4,Bajo
8109,2023-09-11,Amulapa,Nicaragua,55,2023,9,11,3,Medio
8110,2023-08-28,Puerta Del Diablo,Estados Unidos,69,2023,8,28,3,Alto
8111,2023-01-06,Balboa,Honduras,71,2023,1,6,1,Alto
8112,2024-02-02,Amulapa,Guatemala,18,2024,2,2,1,Bajo
8113,2021-01-24,Sunset Park,Guatemala,33,2021,1,24,1,Medio
8114,2021-12-11,Amulapa,Canada,64,2021,12,11,4,Alto
8115,2021-09-09,Puerta Del Diablo,Guatemala,14,2021,9,9,3,Bajo
8116,2023-05-30,Puerta Del Diablo,España,43,2023,5,30,2,Medio
8117,2023-02-28,Amulapa,Estados Unidos,25,2023,2,28,1,Bajo
8118,2024-11-05,Cerro Verde,Guatemala,37,2024,11,5,4,Medio
8119,2021-12-08,Sunset Park,Nicaragua,53,2021,12,8,4,Medio
8120,2021-02-10,Sunset Park,España,17,2021,2,10,1,Bajo
8121,2022-11-27,Apulo,Honduras,70,2022,11,27,4,Alto
8122,2023-09-24,Cerro Verde,Costa Rica,40,2023,9,24,3,Medio
8123,2021-10-11,Amulapa,Canada,17,2021,10,11,4,Bajo
8124,2023-01-10,Cerro Verde,Honduras,6,2023,1,10,1,Bajo
8125,2024-05-01,Apulo,Nicaragua,6,2024,5,1,2,Bajo
8126,2024-12-04,Balboa,Mexico,77,2024,12,4,4,Alto
8127,2021-11-23,Apulo,Nicaragua,34,2021,11,23,4,Medio
8128,2021-11-21,Apulo,Canada,38,2021,11,21,4,Medio
8129,2023-05-08,Sunset Park,España,40,2023,5,8,2,Medio
8130,2023-02-20,Sunset Park,Canada,43,2023,2,20,1,Medio
8131,2021-08-07,Balboa,Guatemala,30,2021,8,7,3,Medio
8132,2022-02-05,Cerro Verde,Estados Unidos,60,2022,2,5,1,Alto
8133,2024-11-18,Sunset Park,Canada,67,2024,11,18,4,Alto
8134,2022-06-09,Cerro Verde,Estados Unidos,36,2022,6,9,2,Medio
8135,2023-06-09,Balboa,Costa Rica,56,2023,6,9,2,Medio
8136,2024-07-25,Balboa,Estados Unidos,32,2024,7,25,3,Medio
8137,2022-04-03,Sunset Park,Honduras,16,2022,4,3,2,Bajo
8138,2024-04-23,Puerta Del Diablo,Estados Unidos,20,2024,4,23,2,Bajo
8139,2021-10-01,Amulapa,Guatemala,50,2021,10,1,4,Medio
8140,2022-07-01,Amulapa,España,70,2022,7,1,3,Alto
8141,2021-11-06,Amulapa,Honduras,20,2021,11,6,4,Bajo
8142,2022-06-01,Apulo,Honduras,79,2022,6,1,2,Alto
8143,2023-10-04,Cerro Verde,Mexico,6,2023,10,4,4,Bajo
8144,2021-06-18,Apulo,Canada,43,2021,6,18,2,Medio
8145,2024-04-26,Balboa,Honduras,18,2024,4,26,2,Bajo
8146,2021-09-23,Puerta Del Diablo,Guatemala,78,2021,9,23,3,Alto
8147,2021-05-22,Cerro Verde,España,24,2021,5,22,2,Bajo
8148,2023-12-11,Puerta Del Diablo,Costa Rica,35,2023,12,11,4,Medio
8149,2021-08-02,Cerro Verde,Canada,18,2021,8,2,3,Bajo
8150,2023-05-03,Amulapa,España,63,2023,5,3,2,Alto
8151,2021-10-30,Apulo,Guatemala,45,2021,10,30,4,Medio
8152,2023-10-14,Cerro Verde,España,54,2023,10,14,4,Medio
8153,2021-12-07,Puerta Del Diablo,Nicaragua,78,2021,12,7,4,Alto
8154,2024-11-28,Puerta Del Diablo,Honduras,21,2024,11,28,4,Bajo
8155,2023-11-10,Balboa,Honduras,61,2023,11,10,4,Alto
8156,2022-04-19,Cerro Verde,Canada,32,2022,4,19,2,Medio
8157,2021-02-11,Amulapa,Guatemala,38,2021,2,11,1,Medio
8158,2021-08-05,Apulo,Canada,12,2021,8,5,3,Bajo
8159,2021-05-05,Sunset Park,España,50,2021,5,5,2,Medio
8160,2024-03-06,Cerro Verde,Canada,14,2024,3,6,1,Bajo
8161,2022-04-08,Sunset Park,Honduras,26,2022,4,8,2,Bajo
8162,2024-06-02,Sunset Park,España,48,2024,6,2,2,Medio
8163,2022-11-23,Amulapa,Estados Unidos,68,2022,11,23,4,Alto
8164,2023-08-28,Amulapa,Canada,30,2023,8,28,3,Medio
8165,2021-01-10,Balboa,Mexico,43,2021,1,10,1,Medio
8166,2021-03-31,Cerro Verde,Honduras,30,2021,3,31,1,Medio
8167,2022-02-27,Sunset Park,Estados Unidos,28,2022,2,27,1,Bajo
8168,2024-07-15,Balboa,Nicaragua,54,2024,7,15,3,Medio
8169,2022-02-17,Amulapa,Nicaragua,44,2022,2,17,1,Medio
8170,2022-04-17,Amulapa,Nicaragua,49,2022,4,17,2,Medio
8171,2021-07-04,Balboa,España,56,2021,7,4,3,Medio
8172,2021-12-27,Amulapa,Mexico,44,2021,12,27,4,Medio
8173,2021-01-20,Sunset Park,Honduras,34,2021,1,20,1,Medio
8174,2023-06-26,Amulapa,Honduras,56,2023,6,26,2,Medio
8175,2023-09-28,Apulo,España,20,2023,9,28,3,Bajo
8176,2022-08-15,Apulo,Guatemala,60,2022,8,15,3,Alto
8177,2024-08-08,Amulapa,Canada,45,2024,8,8,3,Medio
8178,2024-03-19,Sunset Park,Estados Unidos,42,2024,3,19,1,Medio
8179,2022-03-21,Amulapa,España,11,2022,3,21,1,Bajo
8180,2022-10-22,Puerta Del Diablo,Estados Unidos,39,2022,10,22,4,Medio
8181,2024-08-11,Cerro Verde,Mexico,74,2024,8,11,3,Alto
8182,2022-07-22,Sunset Park,Costa Rica,44,2022,7,22,3,Medio
8183,2021-08-24,Cerro Verde,Estados Unidos,15,2021,8,24,3,Bajo
8184,2024-12-17,Puerta Del Diablo,Nicaragua,35,2024,12,17,4,Medio
8185,2024-07-14,Apulo,Guatemala,62,2024,7,14,3,Alto
8186,2022-08-23,Balboa,Guatemala,34,2022,8,23,3,Medio
8187,2023-01-30,Amulapa,Costa Rica,34,2023,1,30,1,Medio
8188,2024-09-29,Sunset Park,Costa Rica,14,2024,9,29,3,Bajo
8189,2023-05-21,Apulo,Mexico,6,2023,5,21,2,Bajo
8190,2024-10-18,Cerro Verde,Guatemala,21,2024,10,18,4,Bajo
8191,2024-06-30,Balboa,Costa Rica,64,2024,6,30,2,Alto
8192,2022-08-19,Cerro Verde,España,5,2022,8,19,3,Bajo
8193,2023-09-10,Balboa,Estados Unidos,62,2023,9,10,3,Alto
8194,2024-12-07,Cerro Verde,Mexico,49,2024,12,7,4,Medio
8195,2021-07-26,Balboa,España,63,2021,7,26,3,Alto
8196,2023-09-07,Cerro Verde,Estados Unidos,36,2023,9,7,3,Medio
8197,2022-01-16,Balboa,España,42,2022,1,16,1,Medio
8198,2023-11-02,Amulapa,Estados Unidos,64,2023,11,2,4,Alto
8199,2022-11-23,Sunset Park,Costa Rica,48,2022,11,23,4,Medio
8200,2021-08-03,Balboa,Guatemala,72,2021,8,3,3,Alto
8201,2023-07-04,Balboa,Guatemala,63,2023,7,4,3,Alto
8202,2021-02-02,Amulapa,España,7,2021,2,2,1,Bajo
8203,2024-12-03,Sunset Park,Nicaragua,41,2024,12,3,4,Medio
8204,2021-05-25,Sunset Park,España,33,2021,5,25,2,Medio
8205,2021-06-09,Sunset Park,Nicaragua,61,2021,6,9,2,Alto
8206,2021-03-27,Cerro Verde,Costa Rica,76,2021,3,27,1,Alto
8207,2023-11-24,Balboa,Estados Unidos,51,2023,11,24,4,Medio
8208,2021-12-24,Amulapa,Mexico,34,2021,12,24,4,Medio
8209,2022-01-20,Apulo,Canada,49,2022,1,20,1,Medio
8210,2024-09-20,Sunset Park,Honduras,45,2024,9,20,3,Medio
8211,2024-04-27,Cerro Verde,Costa Rica,72,2024,4,27,2,Alto
8212,2022-09-13,Cerro Verde,Honduras,20,2022,9,13,3,Bajo
8213,2024-11-02,Amulapa,España,28,2024,11,2,4,Bajo
8214,2021-02-06,Balboa,Honduras,50,2021,2,6,1,Medio
8215,2021-11-17,Sunset Park,Guatemala,33,2021,11,17,4,Medio
8216,2024-02-28,Balboa,Estados Unidos,50,2024,2,28,1,Medio
8217,2021-04-10,Puerta Del Diablo,Mexico,17,2021,4,10,2,Bajo
8218,2022-11-26,Sunset Park,Canada,39,2022,11,26,4,Medio
8219,2021-03-30,Apulo,Guatemala,70,2021,3,30,1,Alto
8220,2021-02-12,Cerro Verde,España,14,2021,2,12,1,Bajo
8221,2024-01-13,Cerro Verde,Costa Rica,20,2024,1,13,1,Bajo
8222,2023-02-07,Sunset Park,Honduras,9,2023,2,7,1,Bajo
8223,2022-10-20,Puerta Del Diablo,Guatemala,36,2022,10,20,4,Medio
8224,2021-06-10,Apulo,Canada,79,2021,6,10,2,Alto
8225,2022-05-21,Amulapa,Guatemala,42,2022,5,21,2,Medio
8226,2024-06-29,Cerro Verde,Costa Rica,38,2024,6,29,2,Medio
8227,2024-11-23,Balboa,Mexico,34,2024,11,23,4,Medio
8228,2021-08-07,Balboa,Canada,31,2021,8,7,3,Medio
8229,2023-01-15,Balboa,Canada,65,2023,1,15,1,Alto
8230,2024-04-24,Cerro Verde,Canada,49,2024,4,24,2,Medio
8231,2022-02-14,Balboa,Mexico,20,2022,2,14,1,Bajo
8232,2024-08-08,Cerro Verde,Costa Rica,69,2024,8,8,3,Alto
8233,2023-10-09,Sunset Park,Honduras,6,2023,10,9,4,Bajo
8234,2024-02-28,Balboa,Mexico,22,2024,2,28,1,Bajo
8235,2021-08-25,Balboa,Estados Unidos,18,2021,8,25,3,Bajo
8236,2021-03-27,Cerro Verde,Nicaragua,57,2021,3,27,1,Medio
8237,2021-04-24,Amulapa,Guatemala,61,2021,4,24,2,Alto
8238,2021-06-24,Cerro Verde,Estados Unidos,53,2021,6,24,2,Medio
8239,2024-12-02,Cerro Verde,Estados Unidos,22,2024,12,2,4,Bajo
8240,2021-04-01,Apulo,España,58,2021,4,1,2,Medio
8241,2023-04-20,Sunset Park,Mexico,63,2023,4,20,2,Alto
8242,2021-11-29,Balboa,Guatemala,36,2021,11,29,4,Medio
8243,2021-07-11,Cerro Verde,Nicaragua,50,2021,7,11,3,Medio
8244,2021-07-24,Cerro Verde,Nicaragua,73,2021,7,24,3,Alto
8245,2024-09-14,Cerro Verde,Costa Rica,24,2024,9,14,3,Bajo
8246,2022-11-07,Balboa,Guatemala,54,2022,11,7,4,Medio
8247,2023-11-12,Cerro Verde,Nicaragua,22,2023,11,12,4,Bajo
8248,2023-12-01,Apulo,Canada,26,2023,12,1,4,Bajo
8249,2022-09-06,Apulo,Guatemala,9,2022,9,6,3,Bajo
8250,2023-08-13,Cerro Verde,Estados Unidos,73,2023,8,13,3,Alto
8251,2023-11-26,Sunset Park,España,53,2023,11,26,4,Medio
8252,2021-08-13,Apulo,España,78,2021,8,13,3,Alto
8253,2021-07-11,Balboa,España,37,2021,7,11,3,Medio
8254,2023-03-20,Puerta Del Diablo,Canada,45,2023,3,20,1,Medio
8255,2023-03-14,Puerta Del Diablo,Honduras,12,2023,3,14,1,Bajo
8256,2022-12-03,Apulo,Honduras,15,2022,12,3,4,Bajo
8257,2022-05-30,Sunset Park,España,78,2022,5,30,2,Alto
8258,2021-07-15,Apulo,Honduras,78,2021,7,15,3,Alto
8259,2021-07-21,Balboa,Canada,35,2021,7,21,3,Medio
8260,2024-12-28,Sunset Park,España,59,2024,12,28,4,Medio
8261,2024-06-21,Balboa,Costa Rica,55,2024,6,21,2,Medio
8262,2023-02-09,Cerro Verde,Mexico,66,2023,2,9,1,Alto
8263,2021-03-10,Cerro Verde,Guatemala,25,2021,3,10,1,Bajo
8264,2023-10-08,Cerro Verde,Canada,30,2023,10,8,4,Medio
8265,2023-02-03,Cerro Verde,Costa Rica,17,2023,2,3,1,Bajo
8266,2023-10-07,Cerro Verde,España,71,2023,10,7,4,Alto
8267,2023-06-09,Sunset Park,Nicaragua,48,2023,6,9,2,Medio
8268,2024-09-22,Balboa,Guatemala,7,2024,9,22,3,Bajo
8269,2022-07-26,Sunset Park,Costa Rica,24,2022,7,26,3,Bajo
8270,2023-09-08,Amulapa,Guatemala,10,2023,9,8,3,Bajo
8271,2023-08-30,Apulo,Canada,8,2023,8,30,3,Bajo
8272,2023-10-11,Sunset Park,España,27,2023,10,11,4,Bajo
8273,2024-01-24,Cerro Verde,Mexico,9,2024,1,24,1,Bajo
8274,2024-06-28,Cerro Verde,España,16,2024,6,28,2,Bajo
8275,2023-04-23,Puerta Del Diablo,Guatemala,64,2023,4,23,2,Alto
8276,2021-11-12,Sunset Park,Canada,30,2021,11,12,4,Medio
8277,2021-09-13,Balboa,Canada,63,2021,9,13,3,Alto
8278,2022-01-29,Amulapa,España,17,2022,1,29,1,Bajo
8279,2024-01-27,Amulapa,Mexico,13,2024,1,27,1,Bajo
8280,2021-10-25,Puerta Del Diablo,Honduras,77,2021,10,25,4,Alto
8281,2024-11-18,Sunset Park,Guatemala,47,2024,11,18,4,Medio
8282,2023-02-13,Balboa,Canada,27,2023,2,13,1,Bajo
8283,2021-03-22,Puerta Del Diablo,Honduras,26,2021,3,22,1,Bajo
8284,2023-08-31,Puerta Del Diablo,España,46,2023,8,31,3,Medio
8285,2024-04-10,Puerta Del Diablo,Mexico,53,2024,4,10,2,Medio
8286,2023-05-09,Sunset Park,Estados Unidos,36,2023,5,9,2,Medio
8287,2021-07-14,Puerta Del Diablo,Costa Rica,12,2021,7,14,3,Bajo
8288,2024-03-02,Cerro Verde,Guatemala,25,2024,3,2,1,Bajo
8289,2022-08-07,Sunset Park,Nicaragua,69,2022,8,7,3,Alto
8290,2022-01-11,Puerta Del Diablo,España,31,2022,1,11,1,Medio
8291,2024-01-21,Apulo,Honduras,22,2024,1,21,1,Bajo
8292,2021-04-23,Balboa,Mexico,49,2021,4,23,2,Medio
8293,2022-03-27,Balboa,España,78,2022,3,27,1,Alto
8294,2022-04-17,Amulapa,Nicaragua,53,2022,4,17,2,Medio
8295,2021-01-09,Puerta Del Diablo,Honduras,53,2021,1,9,1,Medio
8296,2023-09-02,Apulo,Guatemala,9,2023,9,2,3,Bajo
8297,2022-02-17,Balboa,Mexico,69,2022,2,17,1,Alto
8298,2021-08-31,Amulapa,Honduras,52,2021,8,31,3,Medio
8299,2023-07-05,Apulo,Mexico,62,2023,7,5,3,Alto
8300,2024-04-18,Cerro Verde,Mexico,27,2024,4,18,2,Bajo
8301,2024-08-31,Sunset Park,Costa Rica,47,2024,8,31,3,Medio
8302,2023-11-24,Apulo,Guatemala,52,2023,11,24,4,Medio
8303,2023-04-05,Puerta Del Diablo,Canada,16,2023,4,5,2,Bajo
8304,2022-08-11,Puerta Del Diablo,Nicaragua,37,2022,8,11,3,Medio
8305,2023-12-01,Puerta Del Diablo,Costa Rica,76,2023,12,1,4,Alto
8306,2024-11-05,Apulo,España,12,2024,11,5,4,Bajo
8307,2023-02-02,Balboa,Costa Rica,15,2023,2,2,1,Bajo
8308,2021-08-22,Sunset Park,Costa Rica,78,2021,8,22,3,Alto
8309,2024-06-24,Apulo,Estados Unidos,22,2024,6,24,2,Bajo
8310,2022-07-29,Balboa,Costa Rica,63,2022,7,29,3,Alto
8311,2022-12-29,Cerro Verde,Mexico,38,2022,12,29,4,Medio
8312,2023-08-05,Cerro Verde,Nicaragua,19,2023,8,5,3,Bajo
8313,2021-02-19,Amulapa,Guatemala,64,2021,2,19,1,Alto
8314,2021-06-13,Apulo,España,72,2021,6,13,2,Alto
8315,2023-12-25,Sunset Park,Nicaragua,52,2023,12,25,4,Medio
8316,2024-09-12,Sunset Park,Guatemala,60,2024,9,12,3,Alto
8317,2024-03-05,Balboa,España,66,2024,3,5,1,Alto
8318,2023-03-08,Apulo,Mexico,36,2023,3,8,1,Medio
8319,2024-03-19,Amulapa,Mexico,77,2024,3,19,1,Alto
8320,2023-10-02,Sunset Park,Honduras,48,2023,10,2,4,Medio
8321,2022-09-28,Puerta Del Diablo,Guatemala,9,2022,9,28,3,Bajo
8322,2022-06-08,Puerta Del Diablo,Nicaragua,63,2022,6,8,2,Alto
8323,2023-09-14,Amulapa,Honduras,41,2023,9,14,3,Medio
8324,2022-01-04,Apulo,Mexico,30,2022,1,4,1,Medio
8325,2022-06-14,Amulapa,Estados Unidos,24,2022,6,14,2,Bajo
8326,2022-05-14,Amulapa,Costa Rica,52,2022,5,14,2,Medio
8327,2024-07-03,Puerta Del Diablo,Honduras,22,2024,7,3,3,Bajo
8328,2021-04-12,Cerro Verde,Nicaragua,41,2021,4,12,2,Medio
8329,2021-03-15,Apulo,España,74,2021,3,15,1,Alto
8330,2024-11-02,Sunset Park,Estados Unidos,18,2024,11,2,4,Bajo
8331,2021-10-15,Puerta Del Diablo,Costa Rica,76,2021,10,15,4,Alto
8332,2021-10-05,Amulapa,España,18,2021,10,5,4,Bajo
8333,2024-01-06,Amulapa,Estados Unidos,30,2024,1,6,1,Medio
8334,2023-01-12,Cerro Verde,Mexico,26,2023,1,12,1,Bajo
8335,2024-02-18,Balboa,Honduras,44,2024,2,18,1,Medio
8336,2023-12-01,Apulo,Mexico,5,2023,12,1,4,Bajo
8337,2023-12-15,Sunset Park,Nicaragua,79,2023,12,15,4,Alto
8338,2021-08-07,Apulo,Guatemala,19,2021,8,7,3,Bajo
8339,2024-03-20,Apulo,Guatemala,22,2024,3,20,1,Bajo
8340,2022-03-11,Apulo,Honduras,33,2022,3,11,1,Medio
8341,2021-05-10,Cerro Verde,Costa Rica,11,2021,5,10,2,Bajo
8342,2022-01-15,Amulapa,Honduras,7,2022,1,15,1,Bajo
8343,2024-07-19,Apulo,Guatemala,19,2024,7,19,3,Bajo
8344,2024-03-24,Puerta Del Diablo,España,6,2024,3,24,1,Bajo
8345,2022-08-06,Balboa,España,38,2022,8,6,3,Medio
8346,2022-04-09,Amulapa,Estados Unidos,40,2022,4,9,2,Medio
8347,2021-05-19,Apulo,Mexico,57,2021,5,19,2,Medio
8348,2024-03-11,Cerro Verde,Mexico,75,2024,3,11,1,Alto
8349,2021-07-18,Balboa,Costa Rica,49,2021,7,18,3,Medio
8350,2024-03-08,Amulapa,Canada,52,2024,3,8,1,Medio
8351,2022-06-29,Puerta Del Diablo,Honduras,77,2022,6,29,2,Alto
8352,2024-06-01,Sunset Park,Canada,36,2024,6,1,2,Medio
8353,2021-12-27,Balboa,Honduras,61,2021,12,27,4,Alto
8354,2024-02-14,Apulo,Nicaragua,45,2024,2,14,1,Medio
8355,2021-01-20,Sunset Park,Mexico,35,2021,1,20,1,Medio
8356,2021-11-20,Cerro Verde,Guatemala,6,2021,11,20,4,Bajo
8357,2023-11-27,Puerta Del Diablo,Costa Rica,15,2023,11,27,4,Bajo
8358,2024-11-04,Sunset Park,Estados Unidos,70,2024,11,4,4,Alto
8359,2022-02-21,Sunset Park,España,76,2022,2,21,1,Alto
8360,2021-04-18,Apulo,Mexico,65,2021,4,18,2,Alto
8361,2024-01-15,Balboa,Costa Rica,66,2024,1,15,1,Alto
8362,2024-08-08,Apulo,Nicaragua,7,2024,8,8,3,Bajo
8363,2023-06-16,Cerro Verde,Costa Rica,77,2023,6,16,2,Alto
8364,2024-12-20,Balboa,Canada,79,2024,12,20,4,Alto
8365,2024-11-15,Amulapa,Honduras,32,2024,11,15,4,Medio
8366,2021-03-13,Sunset Park,España,30,2021,3,13,1,Medio
8367,2021-07-19,Sunset Park,Costa Rica,65,2021,7,19,3,Alto
8368,2021-03-31,Apulo,Costa Rica,62,2021,3,31,1,Alto
8369,2023-07-12,Balboa,Honduras,41,2023,7,12,3,Medio
8370,2021-07-07,Amulapa,Honduras,47,2021,7,7,3,Medio
8371,2023-08-29,Apulo,Nicaragua,17,2023,8,29,3,Bajo
8372,2021-04-05,Amulapa,Guatemala,24,2021,4,5,2,Bajo
8373,2023-05-21,Balboa,Guatemala,35,2023,5,21,2,Medio
8374,2023-07-23,Apulo,Estados Unidos,54,2023,7,23,3,Medio
8375,2021-01-18,Apulo,Guatemala,56,2021,1,18,1,Medio
8376,2022-10-21,Balboa,Canada,57,2022,10,21,4,Medio
8377,2022-06-19,Amulapa,Estados Unidos,54,2022,6,19,2,Medio
8378,2024-08-15,Sunset Park,España,70,2024,8,15,3,Alto
8379,2024-05-26,Apulo,España,66,2024,5,26,2,Alto
8380,2022-06-04,Amulapa,Guatemala,7,2022,6,4,2,Bajo
8381,2023-08-13,Cerro Verde,Nicaragua,52,2023,8,13,3,Medio
8382,2023-09-02,Puerta Del Diablo,Honduras,54,2023,9,2,3,Medio
8383,2022-07-26,Sunset Park,Mexico,49,2022,7,26,3,Medio
8384,2024-12-24,Sunset Park,Canada,5,2024,12,24,4,Bajo
8385,2021-05-21,Amulapa,Canada,5,2021,5,21,2,Bajo
8386,2021-07-02,Puerta Del Diablo,Mexico,70,2021,7,2,3,Alto
8387,2024-11-11,Puerta Del Diablo,Nicaragua,32,2024,11,11,4,Medio
8388,2024-09-17,Sunset Park,Costa Rica,31,2024,9,17,3,Medio
8389,2022-06-18,Balboa,Mexico,61,2022,6,18,2,Alto
8390,2021-10-18,Puerta Del Diablo,Nicaragua,76,2021,10,18,4,Alto
8391,2023-03-31,Sunset Park,Canada,29,2023,3,31,1,Bajo
8392,2023-12-03,Cerro Verde,Guatemala,17,2023,12,3,4,Bajo
8393,2022-05-17,Amulapa,España,8,2022,5,17,2,Bajo
8394,2024-01-20,Puerta Del Diablo,Nicaragua,74,2024,1,20,1,Alto
8395,2021-01-26,Apulo,Honduras,65,2021,1,26,1,Alto
8396,2023-08-04,Sunset Park,Estados Unidos,39,2023,8,4,3,Medio
8397,2022-09-25,Puerta Del Diablo,Mexico,17,2022,9,25,3,Bajo
8398,2023-05-12,Cerro Verde,Canada,76,2023,5,12,2,Alto
8399,2022-01-08,Apulo,Costa Rica,39,2022,1,8,1,Medio
8400,2024-04-18,Cerro Verde,Honduras,62,2024,4,18,2,Alto
8401,2021-12-16,Cerro Verde,Nicaragua,66,2021,12,16,4,Alto
8402,2023-03-22,Puerta Del Diablo,Mexico,46,2023,3,22,1,Medio
8403,2023-06-03,Balboa,Mexico,33,2023,6,3,2,Medio
8404,2024-07-31,Amulapa,Nicaragua,10,2024,7,31,3,Bajo
8405,2021-10-31,Puerta Del Diablo,Nicaragua,20,2021,10,31,4,Bajo
8406,2022-11-23,Apulo,Honduras,63,2022,11,23,4,Alto
8407,2023-04-27,Balboa,Mexico,27,2023,4,27,2,Bajo
8408,2024-11-05,Apulo,Mexico,43,2024,11,5,4,Medio
8409,2022-02-25,Amulapa,Estados Unidos,44,2022,2,25,1,Medio
8410,2024-03-20,Sunset Park,Estados Unidos,36,2024,3,20,1,Medio
8411,2022-11-25,Apulo,España,7,2022,11,25,4,Bajo
8412,2023-09-04,Apulo,Costa Rica,77,2023,9,4,3,Alto
8413,2022-08-03,Apulo,Nicaragua,10,2022,8,3,3,Bajo
8414,2023-02-07,Apulo,Guatemala,8,2023,2,7,1,Bajo
8415,2021-04-27,Puerta Del Diablo,Guatemala,24,2021,4,27,2,Bajo
8416,2021-12-05,Apulo,Estados Unidos,9,2021,12,5,4,Bajo
8417,2023-03-15,Balboa,Honduras,46,2023,3,15,1,Medio
8418,2022-11-14,Amulapa,Honduras,18,2022,11,14,4,Bajo
8419,2022-07-20,Puerta Del Diablo,Canada,7,2022,7,20,3,Bajo
8420,2022-08-20,Cerro Verde,Canada,23,2022,8,20,3,Bajo
8421,2022-06-03,Puerta Del Diablo,Nicaragua,70,2022,6,3,2,Alto
8422,2022-04-19,Balboa,Estados Unidos,70,2022,4,19,2,Alto
8423,2024-05-20,Puerta Del Diablo,Mexico,19,2024,5,20,2,Bajo
8424,2023-05-07,Sunset Park,España,76,2023,5,7,2,Alto
8425,2023-01-20,Amulapa,Honduras,34,2023,1,20,1,Medio
8426,2021-07-17,Sunset Park,Honduras,53,2021,7,17,3,Medio
8427,2021-01-30,Cerro Verde,España,59,2021,1,30,1,Medio
8428,2023-05-15,Apulo,Costa Rica,61,2023,5,15,2,Alto
8429,2022-10-30,Amulapa,Mexico,37,2022,10,30,4,Medio
8430,2024-10-05,Puerta Del Diablo,Estados Unidos,72,2024,10,5,4,Alto
8431,2022-10-01,Balboa,Honduras,14,2022,10,1,4,Bajo
8432,2022-11-27,Cerro Verde,Canada,5,2022,11,27,4,Bajo
8433,2022-05-08,Puerta Del Diablo,Honduras,30,2022,5,8,2,Medio
8434,2022-03-24,Cerro Verde,Guatemala,43,2022,3,24,1,Medio
8435,2022-12-24,Puerta Del Diablo,Honduras,55,2022,12,24,4,Medio
8436,2022-04-05,Balboa,Costa Rica,32,2022,4,5,2,Medio
8437,2024-06-04,Sunset Park,Canada,63,2024,6,4,2,Alto
8438,2022-07-24,Puerta Del Diablo,Costa Rica,65,2022,7,24,3,Alto
8439,2021-08-06,Apulo,España,13,2021,8,6,3,Bajo
8440,2023-02-14,Amulapa,Mexico,46,2023,2,14,1,Medio
8441,2023-07-28,Sunset Park,Honduras,74,2023,7,28,3,Alto
8442,2023-12-27,Apulo,Estados Unidos,23,2023,12,27,4,Bajo
8443,2021-08-31,Balboa,Costa Rica,34,2021,8,31,3,Medio
8444,2023-07-21,Amulapa,Canada,79,2023,7,21,3,Alto
8445,2022-09-09,Amulapa,Guatemala,67,2022,9,9,3,Alto
8446,2023-01-18,Cerro Verde,Mexico,78,2023,1,18,1,Alto
8447,2021-10-15,Amulapa,Canada,11,2021,10,15,4,Bajo
8448,2022-03-07,Sunset Park,Canada,36,2022,3,7,1,Medio
8449,2023-10-09,Balboa,Honduras,13,2023,10,9,4,Bajo
8450,2022-07-13,Sunset Park,Mexico,58,2022,7,13,3,Medio
8451,2024-04-27,Apulo,Estados Unidos,69,2024,4,27,2,Alto
8452,2021-03-21,Puerta Del Diablo,Estados Unidos,7,2021,3,21,1,Bajo
8453,2023-08-05,Sunset Park,Costa Rica,26,2023,8,5,3,Bajo
8454,2022-03-16,Amulapa,España,73,2022,3,16,1,Alto
8455,2021-09-07,Cerro Verde,Canada,75,2021,9,7,3,Alto
8456,2021-02-05,Amulapa,Honduras,38,2021,2,5,1,Medio
8457,2024-12-21,Apulo,España,50,2024,12,21,4,Medio
8458,2021-05-31,Cerro Verde,Honduras,52,2021,5,31,2,Medio
8459,2024-10-26,Puerta Del Diablo,Costa Rica,25,2024,10,26,4,Bajo
8460,2021-05-21,Amulapa,Mexico,45,2021,5,21,2,Medio
8461,2021-02-14,Amulapa,Mexico,18,2021,2,14,1,Bajo
8462,2024-12-28,Puerta Del Diablo,Honduras,34,2024,12,28,4,Medio
8463,2024-05-22,Puerta Del Diablo,Estados Unidos,27,2024,5,22,2,Bajo
8464,2024-12-09,Cerro Verde,Costa Rica,8,2024,12,9,4,Bajo
8465,2022-02-26,Cerro Verde,Nicaragua,28,2022,2,26,1,Bajo
8466,2021-04-21,Sunset Park,Nicaragua,76,2021,4,21,2,Alto
8467,2024-10-27,Puerta Del Diablo,Guatemala,8,2024,10,27,4,Bajo
8468,2023-08-23,Amulapa,Estados Unidos,36,2023,8,23,3,Medio
8469,2022-02-19,Apulo,Estados Unidos,45,2022,2,19,1,Medio
8470,2021-07-20,Amulapa,Estados Unidos,16,2021,7,20,3,Bajo
8471,2022-06-04,Puerta Del Diablo,Costa Rica,9,2022,6,4,2,Bajo
8472,2021-09-25,Balboa,Costa Rica,31,2021,9,25,3,Medio
8473,2023-08-23,Cerro Verde,Canada,15,2023,8,23,3,Bajo
8474,2023-08-09,Amulapa,Canada,77,2023,8,9,3,Alto
8475,2023-11-22,Puerta Del Diablo,Guatemala,68,2023,11,22,4,Alto
8476,2022-02-14,Cerro Verde,Honduras,21,2022,2,14,1,Bajo
8477,2022-01-31,Sunset Park,Canada,11,2022,1,31,1,Bajo
8478,2024-01-26,Apulo,Mexico,44,2024,1,26,1,Medio
8479,2024-11-17,Sunset Park,España,12,2024,11,17,4,Bajo
8480,2024-06-27,Balboa,Guatemala,30,2024,6,27,2,Medio
8481,2024-02-27,Cerro Verde,Honduras,71,2024,2,27,1,Alto
8482,2021-05-23,Amulapa,Mexico,22,2021,5,23,2,Bajo
8483,2022-04-27,Balboa,Costa Rica,77,2022,4,27,2,Alto
8484,2021-04-01,Cerro Verde,España,54,2021,4,1,2,Medio
8485,2021-01-08,Cerro Verde,Honduras,49,2021,1,8,1,Medio
8486,2024-11-30,Amulapa,Honduras,11,2024,11,30,4,Bajo
8487,2023-01-29,Balboa,Nicaragua,73,2023,1,29,1,Alto
8488,2023-09-28,Amulapa,Estados Unidos,41,2023,9,28,3,Medio
8489,2024-12-18,Balboa,España,78,2024,12,18,4,Alto
8490,2023-07-21,Sunset Park,Nicaragua,12,2023,7,21,3,Bajo
8491,2022-11-18,Puerta Del Diablo,España,5,2022,11,18,4,Bajo
8492,2024-01-06,Sunset Park,Guatemala,44,2024,1,6,1,Medio
8493,2023-04-23,Cerro Verde,España,21,2023,4,23,2,Bajo
8494,2023-08-31,Balboa,Mexico,34,2023,8,31,3,Medio
8495,2021-09-01,Sunset Park,Nicaragua,25,2021,9,1,3,Bajo
8496,2021-07-18,Apulo,Nicaragua,58,2021,7,18,3,Medio
8497,2023-05-27,Sunset Park,Costa Rica,77,2023,5,27,2,Alto
8498,2024-11-07,Apulo,Costa Rica,16,2024,11,7,4,Bajo
8499,2024-09-09,Puerta Del Diablo,Canada,70,2024,9,9,3,Alto
8500,2023-01-22,Sunset Park,Honduras,72,2023,1,22,1,Alto
8501,2022-07-21,Apulo,Nicaragua,7,2022,7,21,3,Bajo
8502,2021-12-22,Apulo,Costa Rica,33,2021,12,22,4,Medio
8503,2024-05-07,Amulapa,Guatemala,17,2024,5,7,2,Bajo
8504,2023-03-17,Balboa,Estados Unidos,22,2023,3,17,1,Bajo
8505,2023-04-03,Apulo,Nicaragua,26,2023,4,3,2,Bajo
8506,2024-10-08,Puerta Del Diablo,Mexico,67,2024,10,8,4,Alto
8507,2023-08-29,Puerta Del Diablo,Mexico,79,2023,8,29,3,Alto
8508,2024-10-03,Apulo,Honduras,68,2024,10,3,4,Alto
8509,2023-02-23,Sunset Park,Costa Rica,35,2023,2,23,1,Medio
8510,2023-03-03,Sunset Park,Nicaragua,60,2023,3,3,1,Alto
8511,2024-12-30,Sunset Park,Guatemala,28,2024,12,30,4,Bajo
8512,2021-12-12,Amulapa,España,9,2021,12,12,4,Bajo
8513,2024-07-25,Amulapa,Costa Rica,12,2024,7,25,3,Bajo
8514,2021-07-30,Cerro Verde,Mexico,48,2021,7,30,3,Medio
8515,2023-04-02,Cerro Verde,Guatemala,18,2023,4,2,2,Bajo
8516,2024-05-11,Amulapa,Nicaragua,78,2024,5,11,2,Alto
8517,2023-12-24,Apulo,Estados Unidos,27,2023,12,24,4,Bajo
8518,2023-10-22,Puerta Del Diablo,España,17,2023,10,22,4,Bajo
8519,2024-06-04,Amulapa,Costa Rica,7,2024,6,4,2,Bajo
8520,2022-12-19,Puerta Del Diablo,Nicaragua,14,2022,12,19,4,Bajo
8521,2021-04-19,Apulo,España,30,2021,4,19,2,Medio
8522,2021-04-27,Balboa,Mexico,63,2021,4,27,2,Alto
8523,2022-01-16,Puerta Del Diablo,España,32,2022,1,16,1,Medio
8524,2021-06-29,Amulapa,Mexico,50,2021,6,29,2,Medio
8525,2022-08-09,Amulapa,Honduras,46,2022,8,9,3,Medio
8526,2024-11-11,Apulo,España,15,2024,11,11,4,Bajo
8527,2023-02-17,Amulapa,Nicaragua,24,2023,2,17,1,Bajo
8528,2024-04-08,Puerta Del Diablo,Nicaragua,28,2024,4,8,2,Bajo
8529,2023-03-05,Amulapa,España,26,2023,3,5,1,Bajo
8530,2021-10-05,Cerro Verde,Mexico,13,2021,10,5,4,Bajo
8531,2021-01-31,Amulapa,Costa Rica,57,2021,1,31,1,Medio
8532,2024-04-02,Apulo,Honduras,54,2024,4,2,2,Medio
8533,2024-05-07,Amulapa,Nicaragua,26,2024,5,7,2,Bajo
8534,2021-03-13,Balboa,Estados Unidos,35,2021,3,13,1,Medio
8535,2022-05-10,Apulo,Canada,24,2022,5,10,2,Bajo
8536,2023-03-08,Sunset Park,Honduras,53,2023,3,8,1,Medio
8537,2023-08-24,Balboa,Estados Unidos,65,2023,8,24,3,Alto
8538,2023-01-27,Balboa,Guatemala,56,2023,1,27,1,Medio
8539,2021-04-29,Amulapa,Nicaragua,13,2021,4,29,2,Bajo
8540,2024-01-18,Puerta Del Diablo,Costa Rica,41,2024,1,18,1,Medio
8541,2022-11-13,Balboa,Nicaragua,41,2022,11,13,4,Medio
8542,2022-11-27,Puerta Del Diablo,Estados Unidos,65,2022,11,27,4,Alto
8543,2021-02-06,Apulo,Canada,14,2021,2,6,1,Bajo
8544,2021-12-14,Cerro Verde,España,61,2021,12,14,4,Alto
8545,2021-06-09,Amulapa,España,78,2021,6,9,2,Alto
8546,2021-06-12,Sunset Park,Honduras,69,2021,6,12,2,Alto
8547,2022-04-06,Balboa,Guatemala,68,2022,4,6,2,Alto
8548,2024-02-10,Cerro Verde,Nicaragua,25,2024,2,10,1,Bajo
8549,2024-10-30,Cerro Verde,Guatemala,60,2024,10,30,4,Alto
8550,2022-09-24,Puerta Del Diablo,Estados Unidos,61,2022,9,24,3,Alto
8551,2021-09-09,Puerta Del Diablo,Mexico,36,2021,9,9,3,Medio
8552,2024-11-18,Sunset Park,Honduras,38,2024,11,18,4,Medio
8553,2023-05-09,Apulo,Honduras,11,2023,5,9,2,Bajo
8554,2021-03-11,Amulapa,Honduras,7,2021,3,11,1,Bajo
8555,2023-08-13,Puerta Del Diablo,Guatemala,78,2023,8,13,3,Alto
8556,2022-10-09,Apulo,España,55,2022,10,9,4,Medio
8557,2021-10-27,Apulo,Nicaragua,24,2021,10,27,4,Bajo
8558,2023-07-03,Amulapa,Honduras,22,2023,7,3,3,Bajo
8559,2022-08-12,Amulapa,Costa Rica,72,2022,8,12,3,Alto
8560,2023-06-28,Cerro Verde,Estados Unidos,37,2023,6,28,2,Medio
8561,2023-06-09,Balboa,Nicaragua,70,2023,6,9,2,Alto
8562,2024-11-24,Cerro Verde,Estados Unidos,20,2024,11,24,4,Bajo
8563,2022-06-14,Sunset Park,Nicaragua,58,2022,6,14,2,Medio
8564,2024-04-28,Amulapa,Canada,76,2024,4,28,2,Alto
8565,2024-02-06,Amulapa,Guatemala,41,2024,2,6,1,Medio
8566,2021-04-04,Balboa,Mexico,57,2021,4,4,2,Medio
8567,2022-06-09,Amulapa,Honduras,11,2022,6,9,2,Bajo
8568,2023-10-19,Cerro Verde,Estados Unidos,21,2023,10,19,4,Bajo
8569,2024-03-20,Sunset Park,Costa Rica,47,2024,3,20,1,Medio
8570,2024-07-22,Amulapa,Estados Unidos,12,2024,7,22,3,Bajo
8571,2024-01-01,Amulapa,Guatemala,23,2024,1,1,1,Bajo
8572,2022-04-10,Balboa,Guatemala,32,2022,4,10,2,Medio
8573,2023-03-15,Amulapa,Canada,17,2023,3,15,1,Bajo
8574,2024-11-16,Amulapa,Mexico,41,2024,11,16,4,Medio
8575,2023-05-16,Apulo,Estados Unidos,71,2023,5,16,2,Alto
8576,2021-06-07,Sunset Park,España,77,2021,6,7,2,Alto
8577,2023-10-27,Apulo,Costa Rica,52,2023,10,27,4,Medio
8578,2023-09-27,Balboa,Canada,46,2023,9,27,3,Medio
8579,2022-01-17,Sunset Park,España,18,2022,1,17,1,Bajo
8580,2021-08-23,Amulapa,Nicaragua,15,2021,8,23,3,Bajo
8581,2023-10-03,Sunset Park,Mexico,30,2023,10,3,4,Medio
8582,2023-10-24,Amulapa,Estados Unidos,63,2023,10,24,4,Alto
8583,2024-03-21,Cerro Verde,Nicaragua,36,2024,3,21,1,Medio
8584,2024-01-21,Apulo,España,40,2024,1,21,1,Medio
8585,2023-03-03,Apulo,Mexico,31,2023,3,3,1,Medio
8586,2022-06-08,Sunset Park,Canada,16,2022,6,8,2,Bajo
8587,2022-04-12,Sunset Park,Honduras,40,2022,4,12,2,Medio
8588,2023-12-08,Puerta Del Diablo,Nicaragua,59,2023,12,8,4,Medio
8589,2022-05-14,Cerro Verde,Estados Unidos,7,2022,5,14,2,Bajo
8590,2023-03-16,Apulo,Mexico,23,2023,3,16,1,Bajo
8591,2021-06-16,Apulo,Honduras,22,2021,6,16,2,Bajo
8592,2023-04-12,Sunset Park,Guatemala,55,2023,4,12,2,Medio
8593,2021-12-04,Apulo,Canada,40,2021,12,4,4,Medio
8594,2022-01-22,Amulapa,Guatemala,62,2022,1,22,1,Alto
8595,2024-09-14,Balboa,Canada,72,2024,9,14,3,Alto
8596,2021-08-26,Sunset Park,Mexico,5,2021,8,26,3,Bajo
8597,2023-08-05,Apulo,España,50,2023,8,5,3,Medio
8598,2022-02-26,Amulapa,Honduras,72,2022,2,26,1,Alto
8599,2022-12-26,Balboa,Mexico,69,2022,12,26,4,Alto
8600,2023-02-22,Sunset Park,Canada,23,2023,2,22,1,Bajo
8601,2021-04-22,Amulapa,Costa Rica,47,2021,4,22,2,Medio
8602,2021-03-16,Puerta Del Diablo,Honduras,27,2021,3,16,1,Bajo
8603,2024-01-20,Apulo,Canada,37,2024,1,20,1,Medio
8604,2024-02-23,Cerro Verde,Honduras,21,2024,2,23,1,Bajo
8605,2021-10-17,Balboa,España,63,2021,10,17,4,Alto
8606,2023-08-09,Sunset Park,España,37,2023,8,9,3,Medio
8607,2023-11-26,Apulo,Guatemala,79,2023,11,26,4,Alto
8608,2023-01-27,Amulapa,Nicaragua,42,2023,1,27,1,Medio
8609,2023-02-13,Apulo,Mexico,43,2023,2,13,1,Medio
8610,2022-06-08,Apulo,Costa Rica,75,2022,6,8,2,Alto
8611,2021-09-27,Puerta Del Diablo,Honduras,25,2021,9,27,3,Bajo
8612,2024-09-20,Amulapa,Estados Unidos,29,2024,9,20,3,Bajo
8613,2023-05-14,Apulo,Guatemala,12,2023,5,14,2,Bajo
8614,2022-03-23,Cerro Verde,Estados Unidos,34,2022,3,23,1,Medio
8615,2022-03-03,Cerro Verde,Honduras,76,2022,3,3,1,Alto
8616,2024-10-05,Puerta Del Diablo,Costa Rica,24,2024,10,5,4,Bajo
8617,2021-09-01,Puerta Del Diablo,Honduras,39,2021,9,1,3,Medio
8618,2021-10-22,Balboa,Nicaragua,71,2021,10,22,4,Alto
8619,2024-07-15,Apulo,Guatemala,29,2024,7,15,3,Bajo
8620,2021-04-20,Apulo,Canada,49,2021,4,20,2,Medio
8621,2022-04-26,Sunset Park,Guatemala,51,2022,4,26,2,Medio
8622,2024-03-11,Amulapa,Costa Rica,72,2024,3,11,1,Alto
8623,2021-08-11,Balboa,Guatemala,8,2021,8,11,3,Bajo
8624,2022-02-25,Puerta Del Diablo,Mexico,66,2022,2,25,1,Alto
8625,2023-08-06,Amulapa,Guatemala,19,2023,8,6,3,Bajo
8626,2024-04-16,Sunset Park,Nicaragua,10,2024,4,16,2,Bajo
8627,2024-10-05,Puerta Del Diablo,Costa Rica,11,2024,10,5,4,Bajo
8628,2023-11-16,Cerro Verde,España,7,2023,11,16,4,Bajo
8629,2023-03-16,Amulapa,Mexico,39,2023,3,16,1,Medio
8630,2022-02-06,Cerro Verde,Estados Unidos,23,2022,2,6,1,Bajo
8631,2023-07-20,Puerta Del Diablo,Costa Rica,73,2023,7,20,3,Alto
8632,2024-06-17,Cerro Verde,Costa Rica,56,2024,6,17,2,Medio
8633,2021-04-24,Cerro Verde,Costa Rica,18,2021,4,24,2,Bajo
8634,2022-10-20,Sunset Park,España,9,2022,10,20,4,Bajo
8635,2022-10-03,Puerta Del Diablo,Mexico,66,2022,10,3,4,Alto
8636,2022-03-05,Sunset Park,Estados Unidos,47,2022,3,5,1,Medio
8637,2023-02-10,Amulapa,Honduras,11,2023,2,10,1,Bajo
8638,2023-03-24,Balboa,Estados Unidos,49,2023,3,24,1,Medio
8639,2023-01-16,Cerro Verde,Costa Rica,41,2023,1,16,1,Medio
8640,2022-08-05,Puerta Del Diablo,Guatemala,36,2022,8,5,3,Medio
8641,2022-10-24,Sunset Park,Estados Unidos,46,2022,10,24,4,Medio
8642,2022-08-28,Amulapa,Guatemala,9,2022,8,28,3,Bajo
8643,2023-05-22,Cerro Verde,España,14,2023,5,22,2,Bajo
8644,2021-12-13,Balboa,España,48,2021,12,13,4,Medio
8645,2023-09-10,Apulo,España,14,2023,9,10,3,Bajo
8646,2023-02-24,Balboa,Costa Rica,22,2023,2,24,1,Bajo
8647,2022-09-12,Balboa,Mexico,67,2022,9,12,3,Alto
8648,2023-11-27,Cerro Verde,Estados Unidos,79,2023,11,27,4,Alto
8649,2022-05-16,Apulo,Costa Rica,47,2022,5,16,2,Medio
8650,2023-01-12,Cerro Verde,Honduras,77,2023,1,12,1,Alto
8651,2024-11-27,Puerta Del Diablo,Guatemala,58,2024,11,27,4,Medio
8652,2022-04-11,Cerro Verde,Costa Rica,64,2022,4,11,2,Alto
8653,2022-04-29,Puerta Del Diablo,Estados Unidos,15,2022,4,29,2,Bajo
8654,2023-06-26,Sunset Park,Mexico,42,2023,6,26,2,Medio
8655,2024-09-29,Cerro Verde,Guatemala,58,2024,9,29,3,Medio
8656,2024-09-19,Balboa,Estados Unidos,61,2024,9,19,3,Alto
8657,2024-06-18,Cerro Verde,Guatemala,78,2024,6,18,2,Alto
8658,2021-05-19,Apulo,Costa Rica,12,2021,5,19,2,Bajo
8659,2022-06-26,Balboa,Nicaragua,28,2022,6,26,2,Bajo
8660,2022-10-02,Cerro Verde,España,37,2022,10,2,4,Medio
8661,2022-07-01,Balboa,Nicaragua,51,2022,7,1,3,Medio
8662,2024-12-07,Amulapa,Mexico,47,2024,12,7,4,Medio
8663,2023-05-09,Puerta Del Diablo,Honduras,45,2023,5,9,2,Medio
8664,2023-03-30,Puerta Del Diablo,España,79,2023,3,30,1,Alto
8665,2021-09-18,Apulo,España,76,2021,9,18,3,Alto
8666,2023-12-29,Amulapa,Canada,10,2023,12,29,4,Bajo
8667,2024-05-23,Cerro Verde,Nicaragua,18,2024,5,23,2,Bajo
8668,2024-07-25,Amulapa,Costa Rica,26,2024,7,25,3,Bajo
8669,2024-07-31,Balboa,Mexico,69,2024,7,31,3,Alto
8670,2022-01-23,Puerta Del Diablo,Nicaragua,22,2022,1,23,1,Bajo
8671,2022-11-04,Apulo,Mexico,26,2022,11,4,4,Bajo
8672,2024-10-02,Apulo,España,28,2024,10,2,4,Bajo
8673,2021-05-02,Balboa,Honduras,52,2021,5,2,2,Medio
8674,2024-03-20,Amulapa,Nicaragua,44,2024,3,20,1,Medio
8675,2024-04-19,Puerta Del Diablo,Nicaragua,51,2024,4,19,2,Medio
8676,2022-12-04,Apulo,Estados Unidos,10,2022,12,4,4,Bajo
8677,2021-09-17,Sunset Park,Mexico,21,2021,9,17,3,Bajo
8678,2023-07-22,Balboa,Guatemala,38,2023,7,22,3,Medio
8679,2023-06-05,Cerro Verde,Mexico,57,2023,6,5,2,Medio
8680,2023-06-04,Sunset Park,Canada,72,2023,6,4,2,Alto
8681,2022-08-28,Balboa,Canada,28,2022,8,28,3,Bajo
8682,2024-11-09,Apulo,Mexico,15,2024,11,9,4,Bajo
8683,2022-03-27,Apulo,Nicaragua,47,2022,3,27,1,Medio
8684,2021-05-12,Cerro Verde,Nicaragua,26,2021,5,12,2,Bajo
8685,2024-04-12,Puerta Del Diablo,Mexico,53,2024,4,12,2,Medio
8686,2023-10-28,Amulapa,Mexico,60,2023,10,28,4,Alto
8687,2023-02-08,Amulapa,Mexico,33,2023,2,8,1,Medio
8688,2023-01-03,Cerro Verde,Canada,15,2023,1,3,1,Bajo
8689,2023-12-17,Puerta Del Diablo,Costa Rica,70,2023,12,17,4,Alto
8690,2021-01-13,Sunset Park,Costa Rica,68,2021,1,13,1,Alto
8691,2021-03-31,Amulapa,Costa Rica,16,2021,3,31,1,Bajo
8692,2021-06-01,Sunset Park,Honduras,64,2021,6,1,2,Alto
8693,2023-11-18,Apulo,Nicaragua,66,2023,11,18,4,Alto
8694,2022-11-23,Cerro Verde,Guatemala,9,2022,11,23,4,Bajo
8695,2023-04-18,Balboa,España,41,2023,4,18,2,Medio
8696,2023-09-24,Amulapa,Guatemala,7,2023,9,24,3,Bajo
8697,2023-11-17,Balboa,Guatemala,69,2023,11,17,4,Alto
8698,2024-01-30,Amulapa,Guatemala,12,2024,1,30,1,Bajo
8699,2022-03-14,Balboa,Guatemala,12,2022,3,14,1,Bajo
8700,2022-02-19,Balboa,Costa Rica,40,2022,2,19,1,Medio
8701,2022-03-04,Amulapa,España,15,2022,3,4,1,Bajo
8702,2023-01-26,Apulo,Guatemala,14,2023,1,26,1,Bajo
8703,2023-05-02,Amulapa,Honduras,21,2023,5,2,2,Bajo
8704,2022-08-20,Balboa,Estados Unidos,40,2022,8,20,3,Medio
8705,2021-08-20,Apulo,Guatemala,45,2021,8,20,3,Medio
8706,2024-09-09,Balboa,Honduras,34,2024,9,9,3,Medio
8707,2023-06-28,Apulo,Honduras,78,2023,6,28,2,Alto
8708,2021-06-13,Cerro Verde,Canada,49,2021,6,13,2,Medio
8709,2024-08-17,Sunset Park,Honduras,7,2024,8,17,3,Bajo
8710,2023-10-18,Apulo,Guatemala,22,2023,10,18,4,Bajo
8711,2023-01-30,Amulapa,Nicaragua,40,2023,1,30,1,Medio
8712,2022-10-12,Amulapa,Estados Unidos,23,2022,10,12,4,Bajo
8713,2022-10-23,Amulapa,Estados Unidos,40,2022,10,23,4,Medio
8714,2022-05-13,Apulo,Estados Unidos,8,2022,5,13,2,Bajo
8715,2022-09-13,Sunset Park,Costa Rica,73,2022,9,13,3,Alto
8716,2024-02-10,Apulo,Costa Rica,49,2024,2,10,1,Medio
8717,2022-05-17,Cerro Verde,Guatemala,50,2022,5,17,2,Medio
8718,2021-06-30,Puerta Del Diablo,Guatemala,75,2021,6,30,2,Alto
8719,2023-01-05,Sunset Park,Canada,12,2023,1,5,1,Bajo
8720,2022-11-27,Apulo,Mexico,71,2022,11,27,4,Alto
8721,2024-01-07,Amulapa,España,63,2024,1,7,1,Alto
8722,2023-02-04,Cerro Verde,Canada,56,2023,2,4,1,Medio
8723,2022-12-04,Balboa,Honduras,40,2022,12,4,4,Medio
8724,2024-07-21,Amulapa,Guatemala,62,2024,7,21,3,Alto
8725,2022-01-16,Sunset Park,Estados Unidos,24,2022,1,16,1,Bajo
8726,2022-12-20,Balboa,Estados Unidos,79,2022,12,20,4,Alto
8727,2024-05-01,Cerro Verde,Guatemala,43,2024,5,1,2,Medio
8728,2024-12-11,Amulapa,Costa Rica,6,2024,12,11,4,Bajo
8729,2022-05-12,Sunset Park,Guatemala,51,2022,5,12,2,Medio
8730,2024-08-04,Amulapa,Nicaragua,69,2024,8,4,3,Alto
8731,2021-04-12,Apulo,Canada,50,2021,4,12,2,Medio
8732,2022-12-21,Puerta Del Diablo,Mexico,75,2022,12,21,4,Alto
8733,2021-04-28,Puerta Del Diablo,Guatemala,18,2021,4,28,2,Bajo
8734,2022-01-23,Apulo,Canada,71,2022,1,23,1,Alto
8735,2022-11-21,Cerro Verde,Guatemala,64,2022,11,21,4,Alto
8736,2022-01-11,Balboa,Mexico,60,2022,1,11,1,Alto
8737,2022-02-02,Cerro Verde,Mexico,53,2022,2,2,1,Medio
8738,2024-06-10,Sunset Park,Estados Unidos,62,2024,6,10,2,Alto
8739,2024-08-07,Puerta Del Diablo,Canada,20,2024,8,7,3,Bajo
8740,2024-10-28,Amulapa,Honduras,70,2024,10,28,4,Alto
8741,2022-11-17,Puerta Del Diablo,España,25,2022,11,17,4,Bajo
8742,2023-02-15,Apulo,Canada,52,2023,2,15,1,Medio
8743,2021-04-20,Sunset Park,Guatemala,14,2021,4,20,2,Bajo
8744,2023-03-18,Sunset Park,Guatemala,77,2023,3,18,1,Alto
8745,2024-08-20,Puerta Del Diablo,Nicaragua,20,2024,8,20,3,Bajo
8746,2021-08-14,Balboa,Nicaragua,33,2021,8,14,3,Medio
8747,2023-01-28,Sunset Park,Mexico,68,2023,1,28,1,Alto
8748,2022-03-19,Amulapa,Mexico,64,2022,3,19,1,Alto
8749,2021-09-14,Cerro Verde,Mexico,21,2021,9,14,3,Bajo
8750,2021-02-17,Apulo,España,42,2021,2,17,1,Medio
8751,2023-11-20,Cerro Verde,Estados Unidos,13,2023,11,20,4,Bajo
8752,2021-01-16,Sunset Park,Mexico,68,2021,1,16,1,Alto
8753,2021-09-12,Apulo,Nicaragua,54,2021,9,12,3,Medio
8754,2023-03-03,Puerta Del Diablo,Costa Rica,57,2023,3,3,1,Medio
8755,2021-08-23,Cerro Verde,Canada,62,2021,8,23,3,Alto
8756,2021-12-22,Cerro Verde,Estados Unidos,50,2021,12,22,4,Medio
8757,2024-02-12,Cerro Verde,Honduras,15,2024,2,12,1,Bajo
8758,2022-06-07,Amulapa,España,10,2022,6,7,2,Bajo
8759,2023-08-31,Cerro Verde,Costa Rica,26,2023,8,31,3,Bajo
8760,2021-08-09,Apulo,Costa Rica,30,2021,8,9,3,Medio
8761,2021-10-02,Balboa,Estados Unidos,44,2021,10,2,4,Medio
8762,2021-08-22,Apulo,Nicaragua,48,2021,8,22,3,Medio
8763,2023-09-02,Sunset Park,Estados Unidos,14,2023,9,2,3,Bajo
8764,2021-01-19,Balboa,España,74,2021,1,19,1,Alto
8765,2021-09-25,Cerro Verde,Costa Rica,53,2021,9,25,3,Medio
8766,2022-08-05,Puerta Del Diablo,Canada,57,2022,8,5,3,Medio
8767,2024-01-31,Puerta Del Diablo,Guatemala,73,2024,1,31,1,Alto
8768,2021-10-25,Puerta Del Diablo,Costa Rica,70,2021,10,25,4,Alto
8769,2021-09-07,Apulo,Guatemala,30,2021,9,7,3,Medio
8770,2023-12-16,Sunset Park,Guatemala,19,2023,12,16,4,Bajo
8771,2023-04-01,Sunset Park,Estados Unidos,57,2023,4,1,2,Medio
8772,2023-09-10,Balboa,Honduras,30,2023,9,10,3,Medio
8773,2024-05-16,Puerta Del Diablo,Estados Unidos,45,2024,5,16,2,Medio
8774,2022-02-05,Puerta Del Diablo,Canada,28,2022,2,5,1,Bajo
8775,2021-05-26,Balboa,Honduras,43,2021,5,26,2,Medio
8776,2023-10-25,Cerro Verde,Nicaragua,68,2023,10,25,4,Alto
8777,2024-10-04,Puerta Del Diablo,Costa Rica,55,2024,10,4,4,Medio
8778,2021-09-08,Amulapa,Canada,31,2021,9,8,3,Medio
8779,2022-03-11,Cerro Verde,Honduras,42,2022,3,11,1,Medio
8780,2022-02-08,Apulo,Costa Rica,17,2022,2,8,1,Bajo
8781,2022-03-27,Cerro Verde,Canada,76,2022,3,27,1,Alto
8782,2024-06-09,Balboa,Costa Rica,73,2024,6,9,2,Alto
8783,2022-07-23,Cerro Verde,Costa Rica,62,2022,7,23,3,Alto
8784,2024-11-22,Apulo,Nicaragua,37,2024,11,22,4,Medio
8785,2023-05-30,Balboa,Nicaragua,77,2023,5,30,2,Alto
8786,2024-02-04,Puerta Del Diablo,Honduras,34,2024,2,4,1,Medio
8787,2023-06-14,Amulapa,Nicaragua,64,2023,6,14,2,Alto
8788,2024-11-10,Puerta Del Diablo,Canada,78,2024,11,10,4,Alto
8789,2023-07-23,Amulapa,Costa Rica,64,2023,7,23,3,Alto
8790,2023-04-26,Sunset Park,Costa Rica,29,2023,4,26,2,Bajo
8791,2021-01-06,Sunset Park,Nicaragua,27,2021,1,6,1,Bajo
8792,2022-08-23,Puerta Del Diablo,Costa Rica,23,2022,8,23,3,Bajo
8793,2021-03-22,Apulo,Costa Rica,78,2021,3,22,1,Alto
8794,2021-01-28,Amulapa,España,10,2021,1,28,1,Bajo
8795,2023-05-28,Apulo,Nicaragua,35,2023,5,28,2,Medio
8796,2022-03-26,Puerta Del Diablo,Guatemala,26,2022,3,26,1,Bajo
8797,2021-09-12,Apulo,Canada,65,2021,9,12,3,Alto
8798,2023-07-24,Balboa,Mexico,64,2023,7,24,3,Alto
8799,2023-01-26,Cerro Verde,Canada,73,2023,1,26,1,Alto
8800,2024-11-11,Amulapa,Estados Unidos,23,2024,11,11,4,Bajo
8801,2022-05-20,Balboa,Nicaragua,25,2022,5,20,2,Bajo
8802,2021-08-26,Balboa,Costa Rica,69,2021,8,26,3,Alto
8803,2024-08-07,Apulo,Honduras,15,2024,8,7,3,Bajo
8804,2021-02-04,Puerta Del Diablo,Estados Unidos,50,2021,2,4,1,Medio
8805,2024-04-28,Puerta Del Diablo,Guatemala,56,2024,4,28,2,Medio
8806,2022-02-04,Puerta Del Diablo,España,24,2022,2,4,1,Bajo
8807,2024-05-01,Cerro Verde,Canada,16,2024,5,1,2,Bajo
8808,2024-11-10,Amulapa,Mexico,64,2024,11,10,4,Alto
8809,2023-02-09,Puerta Del Diablo,Canada,51,2023,2,9,1,Medio
8810,2021-11-11,Puerta Del Diablo,Costa Rica,52,2021,11,11,4,Medio
8811,2021-02-11,Apulo,Mexico,47,2021,2,11,1,Medio
8812,2023-01-09,Sunset Park,Mexico,35,2023,1,9,1,Medio
8813,2024-03-29,Sunset Park,Mexico,47,2024,3,29,1,Medio
8814,2022-10-18,Apulo,España,33,2022,10,18,4,Medio
8815,2021-12-31,Puerta Del Diablo,Honduras,67,2021,12,31,4,Alto
8816,2024-08-21,Sunset Park,Mexico,73,2024,8,21,3,Alto
8817,2023-10-15,Puerta Del Diablo,Nicaragua,68,2023,10,15,4,Alto
8818,2024-09-07,Balboa,Nicaragua,45,2024,9,7,3,Medio
8819,2023-11-27,Amulapa,Honduras,14,2023,11,27,4,Bajo
8820,2022-03-13,Cerro Verde,España,34,2022,3,13,1,Medio
8821,2024-12-29,Puerta Del Diablo,Canada,27,2024,12,29,4,Bajo
8822,2023-04-14,Apulo,Costa Rica,43,2023,4,14,2,Medio
8823,2021-05-10,Apulo,Honduras,46,2021,5,10,2,Medio
8824,2021-05-10,Apulo,Estados Unidos,30,2021,5,10,2,Medio
8825,2022-02-17,Cerro Verde,Costa Rica,14,2022,2,17,1,Bajo
8826,2024-09-07,Amulapa,Costa Rica,7,2024,9,7,3,Bajo
8827,2024-07-18,Puerta Del Diablo,Guatemala,76,2024,7,18,3,Alto
8828,2024-06-11,Sunset Park,Costa Rica,5,2024,6,11,2,Bajo
8829,2022-05-01,Amulapa,Costa Rica,12,2022,5,1,2,Bajo
8830,2024-02-13,Balboa,España,55,2024,2,13,1,Medio
8831,2023-05-03,Puerta Del Diablo,Canada,66,2023,5,3,2,Alto
8832,2021-12-02,Cerro Verde,España,74,2021,12,2,4,Alto
8833,2024-06-29,Puerta Del Diablo,España,74,2024,6,29,2,Alto
8834,2023-09-06,Amulapa,Nicaragua,21,2023,9,6,3,Bajo
8835,2022-11-04,Balboa,Estados Unidos,32,2022,11,4,4,Medio
8836,2022-08-23,Cerro Verde,Estados Unidos,43,2022,8,23,3,Medio
8837,2024-12-29,Sunset Park,Nicaragua,7,2024,12,29,4,Bajo
8838,2024-10-24,Puerta Del Diablo,Costa Rica,30,2024,10,24,4,Medio
8839,2021-09-18,Cerro Verde,Nicaragua,25,2021,9,18,3,Bajo
8840,2023-07-22,Puerta Del Diablo,Mexico,51,2023,7,22,3,Medio
8841,2023-09-12,Cerro Verde,Estados Unidos,57,2023,9,12,3,Medio
8842,2021-09-16,Balboa,Nicaragua,31,2021,9,16,3,Medio
8843,2021-12-14,Apulo,España,8,2021,12,14,4,Bajo
8844,2022-08-25,Amulapa,Guatemala,48,2022,8,25,3,Medio
8845,2021-05-19,Puerta Del Diablo,Guatemala,22,2021,5,19,2,Bajo
8846,2023-02-18,Cerro Verde,España,65,2023,2,18,1,Alto
8847,2022-06-03,Cerro Verde,Nicaragua,31,2022,6,3,2,Medio
8848,2021-12-12,Cerro Verde,España,75,2021,12,12,4,Alto
8849,2024-09-09,Balboa,Nicaragua,62,2024,9,9,3,Alto
8850,2024-07-22,Apulo,España,18,2024,7,22,3,Bajo
8851,2022-10-12,Puerta Del Diablo,Mexico,47,2022,10,12,4,Medio
8852,2021-05-10,Cerro Verde,Nicaragua,45,2021,5,10,2,Medio
8853,2022-03-31,Amulapa,España,49,2022,3,31,1,Medio
8854,2024-02-06,Puerta Del Diablo,Nicaragua,75,2024,2,6,1,Alto
8855,2021-10-15,Puerta Del Diablo,Honduras,43,2021,10,15,4,Medio
8856,2023-02-05,Cerro Verde,Honduras,78,2023,2,5,1,Alto
8857,2024-07-18,Sunset Park,Estados Unidos,51,2024,7,18,3,Medio
8858,2024-04-29,Apulo,Honduras,59,2024,4,29,2,Medio
8859,2022-09-15,Cerro Verde,España,42,2022,9,15,3,Medio
8860,2023-10-01,Balboa,Canada,41,2023,10,1,4,Medio
8861,2023-04-25,Puerta Del Diablo,Mexico,28,2023,4,25,2,Bajo
8862,2024-08-15,Puerta Del Diablo,Guatemala,18,2024,8,15,3,Bajo
8863,2022-12-13,Puerta Del Diablo,Nicaragua,7,2022,12,13,4,Bajo
8864,2023-05-03,Balboa,Canada,6,2023,5,3,2,Bajo
8865,2022-06-23,Cerro Verde,España,50,2022,6,23,2,Medio
8866,2021-07-02,Amulapa,Nicaragua,35,2021,7,2,3,Medio
8867,2021-07-28,Apulo,Mexico,50,2021,7,28,3,Medio
8868,2024-05-08,Cerro Verde,Canada,77,2024,5,8,2,Alto
8869,2021-05-03,Sunset Park,Canada,76,2021,5,3,2,Alto
8870,2021-10-15,Balboa,Canada,40,2021,10,15,4,Medio
8871,2023-02-17,Apulo,Honduras,55,2023,2,17,1,Medio
8872,2023-07-20,Apulo,Nicaragua,44,2023,7,20,3,Medio
8873,2022-01-10,Sunset Park,Canada,46,2022,1,10,1,Medio
8874,2021-04-02,Sunset Park,Costa Rica,75,2021,4,2,2,Alto
8875,2023-09-19,Balboa,Costa Rica,69,2023,9,19,3,Alto
8876,2022-05-25,Cerro Verde,Canada,8,2022,5,25,2,Bajo
8877,2023-03-18,Puerta Del Diablo,Estados Unidos,67,2023,3,18,1,Alto
8878,2021-06-20,Puerta Del Diablo,Estados Unidos,12,2021,6,20,2,Bajo
8879,2023-11-08,Apulo,España,23,2023,11,8,4,Bajo
8880,2023-11-22,Sunset Park,Canada,61,2023,11,22,4,Alto
8881,2023-10-11,Apulo,Nicaragua,17,2023,10,11,4,Bajo
8882,2024-08-11,Balboa,España,43,2024,8,11,3,Medio
8883,2023-04-25,Amulapa,Mexico,18,2023,4,25,2,Bajo
8884,2022-12-27,Apulo,Honduras,55,2022,12,27,4,Medio
8885,2024-03-24,Cerro Verde,Costa Rica,72,2024,3,24,1,Alto
8886,2021-02-22,Cerro Verde,Honduras,62,2021,2,22,1,Alto
8887,2024-07-12,Puerta Del Diablo,Guatemala,52,2024,7,12,3,Medio
8888,2022-04-20,Balboa,Canada,8,2022,4,20,2,Bajo
8889,2022-10-14,Sunset Park,Estados Unidos,32,2022,10,14,4,Medio
8890,2022-09-24,Puerta Del Diablo,Honduras,49,2022,9,24,3,Medio
8891,2022-04-21,Apulo,Guatemala,77,2022,4,21,2,Alto
8892,2021-10-13,Apulo,Nicaragua,23,2021,10,13,4,Bajo
8893,2024-10-07,Cerro Verde,Canada,12,2024,10,7,4,Bajo
8894,2024-08-30,Amulapa,Mexico,58,2024,8,30,3,Medio
8895,2023-08-07,Apulo,Guatemala,68,2023,8,7,3,Alto
8896,2021-08-18,Sunset Park,Canada,14,2021,8,18,3,Bajo
8897,2024-06-09,Cerro Verde,Nicaragua,69,2024,6,9,2,Alto
8898,2022-06-02,Puerta Del Diablo,España,36,2022,6,2,2,Medio
8899,2024-02-27,Sunset Park,Nicaragua,45,2024,2,27,1,Medio
8900,2021-10-26,Cerro Verde,Estados Unidos,67,2021,10,26,4,Alto
8901,2021-01-21,Amulapa,Guatemala,16,2021,1,21,1,Bajo
8902,2022-06-08,Cerro Verde,España,30,2022,6,8,2,Medio
8903,2022-01-11,Amulapa,Canada,55,2022,1,11,1,Medio
8904,2024-06-06,Apulo,Canada,36,2024,6,6,2,Medio
8905,2021-06-23,Amulapa,Estados Unidos,72,2021,6,23,2,Alto
8906,2023-07-23,Amulapa,Guatemala,41,2023,7,23,3,Medio
8907,2021-06-28,Puerta Del Diablo,España,78,2021,6,28,2,Alto
8908,2023-04-28,Balboa,Guatemala,12,2023,4,28,2,Bajo
8909,2022-04-05,Cerro Verde,Estados Unidos,14,2022,4,5,2,Bajo
8910,2023-07-30,Amulapa,España,54,2023,7,30,3,Medio
8911,2023-06-29,Sunset Park,Honduras,37,2023,6,29,2,Medio
8912,2021-05-17,Apulo,Estados Unidos,10,2021,5,17,2,Bajo
8913,2021-09-15,Amulapa,Mexico,12,2021,9,15,3,Bajo
8914,2021-06-06,Apulo,Estados Unidos,45,2021,6,6,2,Medio
8915,2023-04-09,Amulapa,Estados Unidos,25,2023,4,9,2,Bajo
8916,2022-07-01,Puerta Del Diablo,Guatemala,30,2022,7,1,3,Medio
8917,2024-01-15,Sunset Park,Estados Unidos,76,2024,1,15,1,Alto
8918,2023-07-29,Amulapa,Canada,12,2023,7,29,3,Bajo
8919,2024-08-27,Apulo,España,70,2024,8,27,3,Alto
8920,2023-02-14,Sunset Park,Honduras,70,2023,2,14,1,Alto
8921,2021-07-30,Apulo,Estados Unidos,16,2021,7,30,3,Bajo
8922,2022-01-28,Balboa,Costa Rica,42,2022,1,28,1,Medio
8923,2021-11-04,Sunset Park,España,12,2021,11,4,4,Bajo
8924,2022-09-15,Sunset Park,España,29,2022,9,15,3,Bajo
8925,2022-04-29,Cerro Verde,Mexico,44,2022,4,29,2,Medio
8926,2023-07-29,Sunset Park,Costa Rica,63,2023,7,29,3,Alto
8927,2023-06-08,Amulapa,España,44,2023,6,8,2,Medio
8928,2024-03-23,Amulapa,Honduras,8,2024,3,23,1,Bajo
8929,2024-02-09,Apulo,Canada,54,2024,2,9,1,Medio
8930,2023-02-18,Cerro Verde,Nicaragua,57,2023,2,18,1,Medio
8931,2022-11-14,Cerro Verde,España,46,2022,11,14,4,Medio
8932,2023-03-07,Sunset Park,Estados Unidos,50,2023,3,7,1,Medio
8933,2022-07-06,Cerro Verde,Guatemala,34,2022,7,6,3,Medio
8934,2024-10-30,Sunset Park,Canada,58,2024,10,30,4,Medio
8935,2023-11-01,Sunset Park,Honduras,45,2023,11,1,4,Medio
8936,2023-02-19,Cerro Verde,Nicaragua,57,2023,2,19,1,Medio
8937,2024-12-20,Apulo,España,52,2024,12,20,4,Medio
8938,2024-10-02,Cerro Verde,Mexico,25,2024,10,2,4,Bajo
8939,2024-09-17,Puerta Del Diablo,Mexico,67,2024,9,17,3,Alto
8940,2021-02-02,Amulapa,Honduras,7,2021,2,2,1,Bajo
8941,2021-01-05,Sunset Park,Costa Rica,14,2021,1,5,1,Bajo
8942,2024-07-24,Amulapa,Nicaragua,12,2024,7,24,3,Bajo
8943,2023-11-20,Balboa,Mexico,34,2023,11,20,4,Medio
8944,2024-12-11,Balboa,Honduras,68,2024,12,11,4,Alto
8945,2022-08-09,Amulapa,Costa Rica,7,2022,8,9,3,Bajo
8946,2022-05-28,Amulapa,España,63,2022,5,28,2,Alto
8947,2024-09-12,Balboa,Honduras,18,2024,9,12,3,Bajo
8948,2022-07-17,Amulapa,Guatemala,20,2022,7,17,3,Bajo
8949,2021-12-19,Balboa,Guatemala,9,2021,12,19,4,Bajo
8950,2021-07-12,Sunset Park,Estados Unidos,63,2021,7,12,3,Alto
8951,2021-02-17,Sunset Park,Honduras,19,2021,2,17,1,Bajo
8952,2024-12-11,Amulapa,Mexico,16,2024,12,11,4,Bajo
8953,2021-08-11,Cerro Verde,Costa Rica,42,2021,8,11,3,Medio
8954,2022-12-07,Cerro Verde,Estados Unidos,59,2022,12,7,4,Medio
8955,2023-07-03,Balboa,Costa Rica,7,2023,7,3,3,Bajo
8956,2021-04-14,Sunset Park,Estados Unidos,64,2021,4,14,2,Alto
8957,2023-02-25,Amulapa,Costa Rica,65,2023,2,25,1,Alto
8958,2022-12-29,Cerro Verde,España,47,2022,12,29,4,Medio
8959,2023-01-06,Cerro Verde,Mexico,72,2023,1,6,1,Alto
8960,2022-12-14,Cerro Verde,Mexico,26,2022,12,14,4,Bajo
8961,2021-10-10,Amulapa,Honduras,47,2021,10,10,4,Medio
8962,2021-07-06,Sunset Park,Estados Unidos,70,2021,7,6,3,Alto
8963,2022-05-02,Puerta Del Diablo,España,61,2022,5,2,2,Alto
8964,2023-04-17,Balboa,Nicaragua,77,2023,4,17,2,Alto
8965,2022-11-06,Cerro Verde,Nicaragua,62,2022,11,6,4,Alto
8966,2022-06-06,Amulapa,Honduras,40,2022,6,6,2,Medio
8967,2022-04-03,Cerro Verde,Honduras,55,2022,4,3,2,Medio
8968,2023-02-03,Balboa,España,36,2023,2,3,1,Medio
8969,2023-03-31,Sunset Park,Mexico,42,2023,3,31,1,Medio
8970,2023-10-24,Amulapa,Costa Rica,27,2023,10,24,4,Bajo
8971,2022-04-06,Apulo,Mexico,22,2022,4,6,2,Bajo
8972,2022-11-05,Balboa,España,7,2022,11,5,4,Bajo
8973,2021-02-23,Balboa,Honduras,32,2021,2,23,1,Medio
8974,2022-01-08,Apulo,Canada,33,2022,1,8,1,Medio
8975,2022-06-06,Apulo,España,15,2022,6,6,2,Bajo
8976,2024-10-19,Balboa,Nicaragua,35,2024,10,19,4,Medio
8977,2024-03-17,Cerro Verde,Costa Rica,54,2024,3,17,1,Medio
8978,2024-10-18,Apulo,Canada,46,2024,10,18,4,Medio
8979,2021-12-02,Puerta Del Diablo,Estados Unidos,23,2021,12,2,4,Bajo
8980,2023-12-07,Amulapa,España,55,2023,12,7,4,Medio
8981,2021-08-17,Puerta Del Diablo,Guatemala,47,2021,8,17,3,Medio
8982,2023-05-16,Amulapa,Estados Unidos,30,2023,5,16,2,Medio
8983,2022-09-11,Balboa,Guatemala,7,2022,9,11,3,Bajo
8984,2022-07-28,Cerro Verde,España,31,2022,7,28,3,Medio
8985,2021-05-16,Apulo,Guatemala,60,2021,5,16,2,Alto
8986,2023-06-30,Balboa,Nicaragua,38,2023,6,30,2,Medio
8987,2021-05-21,Apulo,Costa Rica,78,2021,5,21,2,Alto
8988,2024-07-28,Amulapa,Nicaragua,62,2024,7,28,3,Alto
8989,2021-02-14,Amulapa,Costa Rica,36,2021,2,14,1,Medio
8990,2024-08-14,Puerta Del Diablo,Costa Rica,10,2024,8,14,3,Bajo
8991,2021-10-11,Cerro Verde,Estados Unidos,30,2021,10,11,4,Medio
8992,2024-04-05,Amulapa,Costa Rica,45,2024,4,5,2,Medio
8993,2022-05-15,Puerta Del Diablo,Honduras,21,2022,5,15,2,Bajo
8994,2023-01-10,Sunset Park,Nicaragua,44,2023,1,10,1,Medio
8995,2024-04-04,Puerta Del Diablo,Estados Unidos,49,2024,4,4,2,Medio
8996,2023-10-31,Amulapa,Canada,36,2023,10,31,4,Medio
8997,2024-08-24,Apulo,Mexico,36,2024,8,24,3,Medio
8998,2024-05-13,Amulapa,Costa Rica,33,2024,5,13,2,Medio
8999,2022-04-23,Sunset Park,Costa Rica,65,2022,4,23,2,Alto
9000,2023-11-03,Puerta Del Diablo,Nicaragua,8,2023,11,3,4,Bajo
9001,2022-10-27,Sunset Park,España,79,2022,10,27,4,Alto
9002,2022-09-09,Puerta Del Diablo,Nicaragua,55,2022,9,9,3,Medio
9003,2023-08-09,Cerro Verde,Canada,28,2023,8,9,3,Bajo
9004,2023-02-24,Amulapa,Mexico,29,2023,2,24,1,Bajo
9005,2024-07-09,Puerta Del Diablo,Mexico,13,2024,7,9,3,Bajo
9006,2022-10-23,Puerta Del Diablo,Canada,65,2022,10,23,4,Alto
9007,2024-07-03,Puerta Del Diablo,Costa Rica,34,2024,7,3,3,Medio
9008,2021-10-04,Cerro Verde,Canada,21,2021,10,4,4,Bajo
9009,2022-02-16,Cerro Verde,Costa Rica,64,2022,2,16,1,Alto
9010,2021-11-24,Puerta Del Diablo,Guatemala,14,2021,11,24,4,Bajo
9011,2023-05-19,Apulo,España,23,2023,5,19,2,Bajo
9012,2024-05-19,Cerro Verde,España,42,2024,5,19,2,Medio
9013,2022-05-10,Sunset Park,Canada,32,2022,5,10,2,Medio
9014,2022-03-23,Sunset Park,Guatemala,12,2022,3,23,1,Bajo
9015,2021-03-23,Apulo,Canada,72,2021,3,23,1,Alto
9016,2021-01-20,Amulapa,Guatemala,59,2021,1,20,1,Medio
9017,2024-05-12,Puerta Del Diablo,España,66,2024,5,12,2,Alto
9018,2022-10-07,Cerro Verde,Estados Unidos,45,2022,10,7,4,Medio
9019,2022-10-25,Apulo,España,36,2022,10,25,4,Medio
9020,2021-05-17,Puerta Del Diablo,Costa Rica,60,2021,5,17,2,Alto
9021,2024-09-28,Balboa,España,48,2024,9,28,3,Medio
9022,2022-10-02,Amulapa,Guatemala,69,2022,10,2,4,Alto
9023,2023-10-30,Sunset Park,Costa Rica,13,2023,10,30,4,Bajo
9024,2021-04-14,Apulo,Guatemala,36,2021,4,14,2,Medio
9025,2022-03-12,Cerro Verde,España,24,2022,3,12,1,Bajo
9026,2023-07-14,Balboa,Nicaragua,63,2023,7,14,3,Alto
9027,2024-04-03,Amulapa,España,71,2024,4,3,2,Alto
9028,2024-08-02,Balboa,Mexico,66,2024,8,2,3,Alto
9029,2021-04-01,Amulapa,Estados Unidos,57,2021,4,1,2,Medio
9030,2023-11-07,Amulapa,Costa Rica,10,2023,11,7,4,Bajo
9031,2021-06-27,Amulapa,Mexico,25,2021,6,27,2,Bajo
9032,2024-11-12,Balboa,España,39,2024,11,12,4,Medio
9033,2024-05-03,Puerta Del Diablo,Canada,6,2024,5,3,2,Bajo
9034,2024-11-03,Amulapa,España,5,2024,11,3,4,Bajo
9035,2023-01-19,Sunset Park,Guatemala,40,2023,1,19,1,Medio
9036,2021-10-29,Cerro Verde,Costa Rica,59,2021,10,29,4,Medio
9037,2023-10-01,Cerro Verde,Costa Rica,70,2023,10,1,4,Alto
9038,2024-01-01,Puerta Del Diablo,Canada,42,2024,1,1,1,Medio
9039,2023-12-26,Apulo,Honduras,12,2023,12,26,4,Bajo
9040,2023-12-12,Puerta Del Diablo,Guatemala,21,2023,12,12,4,Bajo
9041,2024-06-25,Puerta Del Diablo,Guatemala,72,2024,6,25,2,Alto
9042,2023-01-09,Puerta Del Diablo,Costa Rica,19,2023,1,9,1,Bajo
9043,2021-07-28,Balboa,Guatemala,61,2021,7,28,3,Alto
9044,2021-09-12,Balboa,Guatemala,36,2021,9,12,3,Medio
9045,2023-07-29,Balboa,España,20,2023,7,29,3,Bajo
9046,2024-07-03,Puerta Del Diablo,Mexico,17,2024,7,3,3,Bajo
9047,2023-11-21,Balboa,Costa Rica,38,2023,11,21,4,Medio
9048,2024-07-13,Puerta Del Diablo,Estados Unidos,67,2024,7,13,3,Alto
9049,2021-03-15,Amulapa,Nicaragua,62,2021,3,15,1,Alto
9050,2021-03-23,Sunset Park,Nicaragua,49,2021,3,23,1,Medio
9051,2024-04-20,Balboa,Guatemala,29,2024,4,20,2,Bajo
9052,2024-12-30,Apulo,Guatemala,24,2024,12,30,4,Bajo
9053,2021-11-10,Sunset Park,Costa Rica,74,2021,11,10,4,Alto
9054,2021-07-17,Amulapa,Honduras,42,2021,7,17,3,Medio
9055,2024-04-24,Cerro Verde,España,36,2024,4,24,2,Medio
9056,2021-06-13,Apulo,Honduras,75,2021,6,13,2,Alto
9057,2024-07-17,Apulo,Costa Rica,64,2024,7,17,3,Alto
9058,2024-01-12,Balboa,Costa Rica,39,2024,1,12,1,Medio
9059,2021-07-21,Balboa,Canada,40,2021,7,21,3,Medio
9060,2022-08-22,Puerta Del Diablo,Nicaragua,63,2022,8,22,3,Alto
9061,2021-05-16,Cerro Verde,Canada,65,2021,5,16,2,Alto
9062,2021-08-04,Amulapa,Estados Unidos,16,2021,8,4,3,Bajo
9063,2024-01-20,Apulo,Guatemala,44,2024,1,20,1,Medio
9064,2023-12-03,Balboa,Mexico,27,2023,12,3,4,Bajo
9065,2022-11-01,Apulo,Canada,20,2022,11,1,4,Bajo
9066,2021-06-24,Apulo,España,51,2021,6,24,2,Medio
9067,2021-09-07,Puerta Del Diablo,España,39,2021,9,7,3,Medio
9068,2024-11-11,Sunset Park,Costa Rica,9,2024,11,11,4,Bajo
9069,2024-11-18,Puerta Del Diablo,Nicaragua,63,2024,11,18,4,Alto
9070,2022-08-12,Amulapa,Honduras,39,2022,8,12,3,Medio
9071,2024-11-25,Apulo,Estados Unidos,8,2024,11,25,4,Bajo
9072,2022-09-29,Sunset Park,Mexico,72,2022,9,29,3,Alto
9073,2024-05-12,Amulapa,Estados Unidos,37,2024,5,12,2,Medio
9074,2023-04-28,Amulapa,España,71,2023,4,28,2,Alto
9075,2023-04-08,Amulapa,Costa Rica,16,2023,4,8,2,Bajo
9076,2024-07-17,Sunset Park,Estados Unidos,47,2024,7,17,3,Medio
9077,2021-09-23,Cerro Verde,Costa Rica,20,2021,9,23,3,Bajo
9078,2023-02-24,Balboa,Nicaragua,24,2023,2,24,1,Bajo
9079,2023-07-04,Sunset Park,Estados Unidos,67,2023,7,4,3,Alto
9080,2021-06-23,Sunset Park,Honduras,67,2021,6,23,2,Alto
9081,2022-11-30,Amulapa,Estados Unidos,9,2022,11,30,4,Bajo
9082,2022-12-11,Amulapa,Estados Unidos,12,2022,12,11,4,Bajo
9083,2022-01-18,Balboa,Guatemala,22,2022,1,18,1,Bajo
9084,2024-04-14,Cerro Verde,Honduras,26,2024,4,14,2,Bajo
9085,2022-10-07,Sunset Park,Nicaragua,35,2022,10,7,4,Medio
9086,2021-03-04,Cerro Verde,Honduras,31,2021,3,4,1,Medio
9087,2023-03-07,Cerro Verde,Canada,19,2023,3,7,1,Bajo
9088,2024-08-15,Sunset Park,Mexico,45,2024,8,15,3,Medio
9089,2022-06-04,Balboa,España,44,2022,6,4,2,Medio
9090,2024-02-20,Amulapa,España,64,2024,2,20,1,Alto
9091,2022-02-22,Cerro Verde,Canada,9,2022,2,22,1,Bajo
9092,2022-05-21,Balboa,España,66,2022,5,21,2,Alto
9093,2021-07-27,Apulo,Costa Rica,34,2021,7,27,3,Medio
9094,2024-12-19,Sunset Park,Estados Unidos,8,2024,12,19,4,Bajo
9095,2024-01-07,Amulapa,Costa Rica,36,2024,1,7,1,Medio
9096,2021-06-29,Puerta Del Diablo,Guatemala,65,2021,6,29,2,Alto
9097,2024-03-14,Sunset Park,Estados Unidos,76,2024,3,14,1,Alto
9098,2024-06-18,Amulapa,Guatemala,36,2024,6,18,2,Medio
9099,2023-06-20,Balboa,Guatemala,57,2023,6,20,2,Medio
9100,2022-02-17,Sunset Park,Guatemala,59,2022,2,17,1,Medio
9101,2021-05-27,Apulo,Mexico,76,2021,5,27,2,Alto
9102,2024-02-17,Amulapa,Canada,61,2024,2,17,1,Alto
9103,2021-06-03,Cerro Verde,España,64,2021,6,3,2,Alto
9104,2023-06-10,Puerta Del Diablo,Nicaragua,57,2023,6,10,2,Medio
9105,2021-11-27,Balboa,Honduras,76,2021,11,27,4,Alto
9106,2023-11-15,Balboa,Canada,51,2023,11,15,4,Medio
9107,2024-05-29,Puerta Del Diablo,Nicaragua,48,2024,5,29,2,Medio
9108,2023-11-29,Sunset Park,Guatemala,69,2023,11,29,4,Alto
9109,2022-05-03,Puerta Del Diablo,Costa Rica,64,2022,5,3,2,Alto
9110,2023-10-16,Balboa,Honduras,73,2023,10,16,4,Alto
9111,2024-03-27,Amulapa,Nicaragua,5,2024,3,27,1,Bajo
9112,2021-12-08,Sunset Park,Estados Unidos,14,2021,12,8,4,Bajo
9113,2021-07-05,Amulapa,Mexico,69,2021,7,5,3,Alto
9114,2023-11-25,Balboa,Estados Unidos,25,2023,11,25,4,Bajo
9115,2022-04-22,Balboa,España,38,2022,4,22,2,Medio
9116,2024-06-16,Apulo,España,21,2024,6,16,2,Bajo
9117,2021-02-23,Cerro Verde,Costa Rica,15,2021,2,23,1,Bajo
9118,2021-08-20,Cerro Verde,Nicaragua,29,2021,8,20,3,Bajo
9119,2024-02-03,Puerta Del Diablo,Honduras,5,2024,2,3,1,Bajo
9120,2024-09-27,Sunset Park,Estados Unidos,27,2024,9,27,3,Bajo
9121,2022-01-02,Balboa,Mexico,61,2022,1,2,1,Alto
9122,2022-05-09,Cerro Verde,Estados Unidos,71,2022,5,9,2,Alto
9123,2021-11-16,Puerta Del Diablo,Honduras,29,2021,11,16,4,Bajo
9124,2023-08-02,Sunset Park,España,33,2023,8,2,3,Medio
9125,2021-07-20,Amulapa,Canada,70,2021,7,20,3,Alto
9126,2021-02-08,Sunset Park,Honduras,74,2021,2,8,1,Alto
9127,2024-07-14,Sunset Park,Mexico,57,2024,7,14,3,Medio
9128,2021-09-24,Puerta Del Diablo,Honduras,19,2021,9,24,3,Bajo
9129,2022-10-16,Balboa,Guatemala,58,2022,10,16,4,Medio
9130,2024-11-24,Puerta Del Diablo,Costa Rica,67,2024,11,24,4,Alto
9131,2022-11-04,Puerta Del Diablo,Mexico,12,2022,11,4,4,Bajo
9132,2023-05-07,Apulo,Canada,51,2023,5,7,2,Medio
9133,2022-01-26,Apulo,Canada,70,2022,1,26,1,Alto
9134,2021-04-24,Sunset Park,Mexico,59,2021,4,24,2,Medio
9135,2022-06-15,Amulapa,España,69,2022,6,15,2,Alto
9136,2022-05-30,Apulo,Honduras,18,2022,5,30,2,Bajo
9137,2023-08-28,Amulapa,Costa Rica,39,2023,8,28,3,Medio
9138,2021-06-08,Amulapa,Nicaragua,52,2021,6,8,2,Medio
9139,2023-08-01,Balboa,Guatemala,61,2023,8,1,3,Alto
9140,2023-11-03,Balboa,España,33,2023,11,3,4,Medio
9141,2021-04-05,Apulo,Honduras,59,2021,4,5,2,Medio
9142,2022-11-14,Cerro Verde,Mexico,43,2022,11,14,4,Medio
9143,2022-10-21,Sunset Park,Canada,52,2022,10,21,4,Medio
9144,2024-12-12,Amulapa,Costa Rica,41,2024,12,12,4,Medio
9145,2023-01-10,Sunset Park,Nicaragua,45,2023,1,10,1,Medio
9146,2023-02-26,Sunset Park,Guatemala,24,2023,2,26,1,Bajo
9147,2024-09-06,Sunset Park,Nicaragua,50,2024,9,6,3,Medio
9148,2024-01-22,Balboa,Canada,68,2024,1,22,1,Alto
9149,2023-06-27,Amulapa,Canada,63,2023,6,27,2,Alto
9150,2023-01-14,Balboa,Costa Rica,64,2023,1,14,1,Alto
9151,2024-09-11,Sunset Park,Estados Unidos,52,2024,9,11,3,Medio
9152,2024-12-04,Cerro Verde,Honduras,38,2024,12,4,4,Medio
9153,2021-02-07,Puerta Del Diablo,Guatemala,68,2021,2,7,1,Alto
9154,2024-07-28,Amulapa,Canada,34,2024,7,28,3,Medio
9155,2024-05-17,Sunset Park,España,38,2024,5,17,2,Medio
9156,2021-03-04,Balboa,Canada,59,2021,3,4,1,Medio
9157,2021-06-17,Balboa,Nicaragua,21,2021,6,17,2,Bajo
9158,2023-07-13,Amulapa,Guatemala,77,2023,7,13,3,Alto
9159,2022-10-08,Amulapa,Mexico,25,2022,10,8,4,Bajo
9160,2024-10-23,Amulapa,Mexico,53,2024,10,23,4,Medio
9161,2022-03-12,Puerta Del Diablo,Honduras,47,2022,3,12,1,Medio
9162,2022-10-25,Puerta Del Diablo,Mexico,57,2022,10,25,4,Medio
9163,2024-05-31,Cerro Verde,Costa Rica,27,2024,5,31,2,Bajo
9164,2021-05-10,Balboa,Canada,66,2021,5,10,2,Alto
9165,2023-09-20,Puerta Del Diablo,Canada,66,2023,9,20,3,Alto
9166,2024-05-09,Amulapa,Guatemala,6,2024,5,9,2,Bajo
9167,2024-03-23,Amulapa,Guatemala,66,2024,3,23,1,Alto
9168,2022-10-19,Balboa,Canada,23,2022,10,19,4,Bajo
9169,2024-01-10,Cerro Verde,Guatemala,74,2024,1,10,1,Alto
9170,2021-04-19,Balboa,Estados Unidos,48,2021,4,19,2,Medio
9171,2023-03-09,Apulo,Honduras,75,2023,3,9,1,Alto
9172,2023-10-03,Puerta Del Diablo,Estados Unidos,57,2023,10,3,4,Medio
9173,2023-06-03,Puerta Del Diablo,Guatemala,44,2023,6,3,2,Medio
9174,2023-12-20,Cerro Verde,Estados Unidos,36,2023,12,20,4,Medio
9175,2023-09-03,Cerro Verde,Honduras,79,2023,9,3,3,Alto
9176,2022-01-06,Cerro Verde,Mexico,59,2022,1,6,1,Medio
9177,2022-06-17,Puerta Del Diablo,Estados Unidos,48,2022,6,17,2,Medio
9178,2021-05-02,Puerta Del Diablo,Canada,6,2021,5,2,2,Bajo
9179,2021-10-01,Apulo,Costa Rica,33,2021,10,1,4,Medio
9180,2023-03-06,Puerta Del Diablo,Honduras,75,2023,3,6,1,Alto
9181,2021-07-16,Balboa,Canada,33,2021,7,16,3,Medio
9182,2024-09-18,Amulapa,Guatemala,59,2024,9,18,3,Medio
9183,2022-03-21,Puerta Del Diablo,Canada,9,2022,3,21,1,Bajo
9184,2021-03-25,Puerta Del Diablo,España,6,2021,3,25,1,Bajo
9185,2022-06-01,Cerro Verde,España,46,2022,6,1,2,Medio
9186,2023-02-20,Puerta Del Diablo,Canada,25,2023,2,20,1,Bajo
9187,2023-04-06,Apulo,Costa Rica,16,2023,4,6,2,Bajo
9188,2022-02-25,Balboa,Honduras,30,2022,2,25,1,Medio
9189,2022-07-14,Apulo,Mexico,24,2022,7,14,3,Bajo
9190,2024-04-11,Sunset Park,Estados Unidos,9,2024,4,11,2,Bajo
9191,2021-02-25,Amulapa,España,72,2021,2,25,1,Alto
9192,2021-03-31,Balboa,Honduras,45,2021,3,31,1,Medio
9193,2024-07-18,Sunset Park,Canada,78,2024,7,18,3,Alto
9194,2022-12-14,Puerta Del Diablo,Nicaragua,16,2022,12,14,4,Bajo
9195,2021-10-06,Cerro Verde,Estados Unidos,68,2021,10,6,4,Alto
9196,2022-05-20,Apulo,Canada,55,2022,5,20,2,Medio
9197,2022-05-08,Balboa,Estados Unidos,50,2022,5,8,2,Medio
9198,2022-03-11,Balboa,Estados Unidos,73,2022,3,11,1,Alto
9199,2023-07-19,Cerro Verde,Canada,79,2023,7,19,3,Alto
9200,2023-08-20,Apulo,España,34,2023,8,20,3,Medio
9201,2021-07-29,Cerro Verde,Estados Unidos,31,2021,7,29,3,Medio
9202,2022-10-29,Amulapa,Mexico,50,2022,10,29,4,Medio
9203,2023-02-08,Amulapa,Guatemala,29,2023,2,8,1,Bajo
9204,2024-09-25,Sunset Park,Estados Unidos,70,2024,9,25,3,Alto
9205,2022-03-13,Amulapa,Nicaragua,79,2022,3,13,1,Alto
9206,2021-08-03,Puerta Del Diablo,España,5,2021,8,3,3,Bajo
9207,2024-04-04,Sunset Park,España,26,2024,4,4,2,Bajo
9208,2024-02-12,Cerro Verde,Canada,69,2024,2,12,1,Alto
9209,2024-04-05,Balboa,España,48,2024,4,5,2,Medio
9210,2021-10-11,Apulo,Nicaragua,61,2021,10,11,4,Alto
9211,2023-06-04,Balboa,España,58,2023,6,4,2,Medio
9212,2024-06-16,Cerro Verde,Nicaragua,14,2024,6,16,2,Bajo
9213,2024-12-07,Cerro Verde,Mexico,36,2024,12,7,4,Medio
9214,2024-12-11,Balboa,Honduras,62,2024,12,11,4,Alto
9215,2023-01-23,Balboa,Estados Unidos,10,2023,1,23,1,Bajo
9216,2022-06-30,Balboa,Nicaragua,13,2022,6,30,2,Bajo
9217,2023-06-23,Amulapa,Guatemala,13,2023,6,23,2,Bajo
9218,2023-01-20,Apulo,Nicaragua,35,2023,1,20,1,Medio
9219,2021-02-04,Puerta Del Diablo,Honduras,47,2021,2,4,1,Medio
9220,2024-11-27,Puerta Del Diablo,Costa Rica,72,2024,11,27,4,Alto
9221,2022-07-24,Cerro Verde,Guatemala,42,2022,7,24,3,Medio
9222,2024-02-23,Apulo,Estados Unidos,43,2024,2,23,1,Medio
9223,2024-08-14,Balboa,Costa Rica,42,2024,8,14,3,Medio
9224,2024-04-28,Puerta Del Diablo,Canada,44,2024,4,28,2,Medio
9225,2022-11-01,Apulo,Nicaragua,38,2022,11,1,4,Medio
9226,2023-12-25,Balboa,Guatemala,48,2023,12,25,4,Medio
9227,2021-04-29,Apulo,Estados Unidos,47,2021,4,29,2,Medio
9228,2023-03-26,Apulo,Canada,40,2023,3,26,1,Medio
9229,2021-09-04,Sunset Park,España,26,2021,9,4,3,Bajo
9230,2021-09-23,Apulo,Mexico,25,2021,9,23,3,Bajo
9231,2022-12-04,Amulapa,Nicaragua,22,2022,12,4,4,Bajo
9232,2024-09-03,Amulapa,Nicaragua,51,2024,9,3,3,Medio
9233,2023-01-04,Sunset Park,Costa Rica,18,2023,1,4,1,Bajo
9234,2021-07-19,Cerro Verde,Mexico,32,2021,7,19,3,Medio
9235,2024-03-30,Amulapa,Nicaragua,66,2024,3,30,1,Alto
9236,2021-11-09,Apulo,Costa Rica,22,2021,11,9,4,Bajo
9237,2023-12-17,Amulapa,España,32,2023,12,17,4,Medio
9238,2024-07-16,Puerta Del Diablo,Nicaragua,38,2024,7,16,3,Medio
9239,2022-02-10,Apulo,Estados Unidos,24,2022,2,10,1,Bajo
9240,2024-08-15,Puerta Del Diablo,España,41,2024,8,15,3,Medio
9241,2021-03-15,Balboa,Canada,40,2021,3,15,1,Medio
9242,2024-10-01,Puerta Del Diablo,Guatemala,54,2024,10,1,4,Medio
9243,2022-07-06,Cerro Verde,Nicaragua,55,2022,7,6,3,Medio
9244,2022-06-21,Apulo,Canada,75,2022,6,21,2,Alto
9245,2023-05-19,Sunset Park,Estados Unidos,22,2023,5,19,2,Bajo
9246,2021-06-18,Amulapa,Canada,68,2021,6,18,2,Alto
9247,2023-08-07,Apulo,Nicaragua,78,2023,8,7,3,Alto
9248,2024-12-28,Sunset Park,Costa Rica,66,2024,12,28,4,Alto
9249,2021-09-08,Sunset Park,Canada,71,2021,9,8,3,Alto
9250,2024-07-06,Apulo,Honduras,74,2024,7,6,3,Alto
9251,2022-08-28,Puerta Del Diablo,Honduras,63,2022,8,28,3,Alto
9252,2023-10-21,Balboa,Costa Rica,34,2023,10,21,4,Medio
9253,2023-08-22,Puerta Del Diablo,Estados Unidos,19,2023,8,22,3,Bajo
9254,2023-10-04,Puerta Del Diablo,Nicaragua,6,2023,10,4,4,Bajo
9255,2024-02-03,Cerro Verde,Estados Unidos,7,2024,2,3,1,Bajo
9256,2023-10-11,Balboa,Nicaragua,14,2023,10,11,4,Bajo
9257,2023-10-12,Puerta Del Diablo,España,63,2023,10,12,4,Alto
9258,2021-12-08,Amulapa,España,24,2021,12,8,4,Bajo
9259,2022-12-19,Balboa,Estados Unidos,78,2022,12,19,4,Alto
9260,2021-11-17,Sunset Park,España,20,2021,11,17,4,Bajo
9261,2022-07-02,Amulapa,Canada,8,2022,7,2,3,Bajo
9262,2022-02-12,Apulo,Nicaragua,28,2022,2,12,1,Bajo
9263,2021-07-20,Apulo,Honduras,60,2021,7,20,3,Alto
9264,2024-07-11,Apulo,Estados Unidos,53,2024,7,11,3,Medio
9265,2023-11-20,Amulapa,España,10,2023,11,20,4,Bajo
9266,2023-03-09,Balboa,Costa Rica,13,2023,3,9,1,Bajo
9267,2024-08-16,Puerta Del Diablo,Estados Unidos,6,2024,8,16,3,Bajo
9268,2022-03-25,Balboa,Honduras,20,2022,3,25,1,Bajo
9269,2021-06-15,Apulo,Guatemala,14,2021,6,15,2,Bajo
9270,2023-06-02,Amulapa,Canada,52,2023,6,2,2,Medio
9271,2024-02-18,Puerta Del Diablo,Estados Unidos,7,2024,2,18,1,Bajo
9272,2023-02-08,Cerro Verde,España,25,2023,2,8,1,Bajo
9273,2021-10-14,Apulo,Honduras,48,2021,10,14,4,Medio
9274,2021-10-19,Puerta Del Diablo,Nicaragua,79,2021,10,19,4,Alto
9275,2022-10-11,Amulapa,Costa Rica,79,2022,10,11,4,Alto
9276,2024-07-06,Puerta Del Diablo,Estados Unidos,72,2024,7,6,3,Alto
9277,2023-08-09,Sunset Park,Guatemala,57,2023,8,9,3,Medio
9278,2022-10-25,Amulapa,Canada,15,2022,10,25,4,Bajo
9279,2023-04-03,Cerro Verde,España,38,2023,4,3,2,Medio
9280,2021-09-21,Cerro Verde,Guatemala,5,2021,9,21,3,Bajo
9281,2024-11-22,Amulapa,Honduras,39,2024,11,22,4,Medio
9282,2021-08-18,Sunset Park,España,10,2021,8,18,3,Bajo
9283,2022-09-26,Amulapa,Honduras,22,2022,9,26,3,Bajo
9284,2021-08-25,Puerta Del Diablo,Mexico,77,2021,8,25,3,Alto
9285,2023-06-28,Cerro Verde,Canada,27,2023,6,28,2,Bajo
9286,2024-03-09,Amulapa,Canada,29,2024,3,9,1,Bajo
9287,2024-05-11,Cerro Verde,Estados Unidos,46,2024,5,11,2,Medio
9288,2022-10-14,Balboa,Canada,21,2022,10,14,4,Bajo
9289,2024-01-07,Puerta Del Diablo,Guatemala,13,2024,1,7,1,Bajo
9290,2022-12-17,Sunset Park,España,54,2022,12,17,4,Medio
9291,2023-12-22,Apulo,España,42,2023,12,22,4,Medio
9292,2023-02-16,Sunset Park,Honduras,45,2023,2,16,1,Medio
9293,2021-05-05,Balboa,Nicaragua,17,2021,5,5,2,Bajo
9294,2021-10-06,Balboa,Guatemala,61,2021,10,6,4,Alto
9295,2024-04-14,Apulo,Mexico,22,2024,4,14,2,Bajo
9296,2024-07-30,Puerta Del Diablo,Costa Rica,14,2024,7,30,3,Bajo
9297,2023-09-21,Amulapa,Mexico,73,2023,9,21,3,Alto
9298,2023-05-18,Cerro Verde,España,40,2023,5,18,2,Medio
9299,2023-12-14,Sunset Park,Guatemala,9,2023,12,14,4,Bajo
9300,2022-01-21,Sunset Park,Mexico,41,2022,1,21,1,Medio
9301,2022-07-12,Apulo,Nicaragua,12,2022,7,12,3,Bajo
9302,2023-07-06,Puerta Del Diablo,Nicaragua,24,2023,7,6,3,Bajo
9303,2021-08-24,Puerta Del Diablo,España,38,2021,8,24,3,Medio
9304,2021-07-04,Cerro Verde,Estados Unidos,55,2021,7,4,3,Medio
9305,2021-09-26,Sunset Park,España,51,2021,9,26,3,Medio
9306,2024-04-29,Amulapa,Costa Rica,46,2024,4,29,2,Medio
9307,2021-09-04,Sunset Park,España,29,2021,9,4,3,Bajo
9308,2021-08-30,Apulo,España,13,2021,8,30,3,Bajo
9309,2021-10-08,Sunset Park,Guatemala,41,2021,10,8,4,Medio
9310,2024-06-11,Amulapa,Guatemala,39,2024,6,11,2,Medio
9311,2022-02-28,Puerta Del Diablo,Nicaragua,56,2022,2,28,1,Medio
9312,2021-05-30,Amulapa,Guatemala,8,2021,5,30,2,Bajo
9313,2023-01-03,Puerta Del Diablo,Mexico,15,2023,1,3,1,Bajo
9314,2024-03-13,Cerro Verde,Honduras,43,2024,3,13,1,Medio
9315,2022-01-09,Apulo,Honduras,9,2022,1,9,1,Bajo
9316,2024-04-21,Sunset Park,Honduras,24,2024,4,21,2,Bajo
9317,2021-04-02,Cerro Verde,Guatemala,62,2021,4,2,2,Alto
9318,2021-08-02,Amulapa,España,63,2021,8,2,3,Alto
9319,2024-06-07,Amulapa,Costa Rica,27,2024,6,7,2,Bajo
9320,2022-12-23,Puerta Del Diablo,Nicaragua,41,2022,12,23,4,Medio
9321,2022-11-12,Puerta Del Diablo,Guatemala,71,2022,11,12,4,Alto
9322,2022-06-25,Cerro Verde,Mexico,55,2022,6,25,2,Medio
9323,2024-11-29,Balboa,Mexico,17,2024,11,29,4,Bajo
9324,2022-05-07,Balboa,España,37,2022,5,7,2,Medio
9325,2022-05-19,Apulo,Guatemala,24,2022,5,19,2,Bajo
9326,2024-12-05,Puerta Del Diablo,Mexico,62,2024,12,5,4,Alto
9327,2021-09-13,Amulapa,Canada,64,2021,9,13,3,Alto
9328,2022-09-13,Cerro Verde,Honduras,37,2022,9,13,3,Medio
9329,2021-08-21,Amulapa,España,10,2021,8,21,3,Bajo
9330,2024-07-02,Balboa,Guatemala,52,2024,7,2,3,Medio
9331,2023-08-23,Amulapa,Guatemala,59,2023,8,23,3,Medio
9332,2022-01-28,Apulo,Mexico,78,2022,1,28,1,Alto
9333,2021-11-07,Puerta Del Diablo,Estados Unidos,39,2021,11,7,4,Medio
9334,2022-09-30,Cerro Verde,Canada,36,2022,9,30,3,Medio
9335,2024-04-21,Apulo,Nicaragua,7,2024,4,21,2,Bajo
9336,2024-12-30,Sunset Park,Nicaragua,20,2024,12,30,4,Bajo
9337,2024-05-16,Sunset Park,Canada,40,2024,5,16,2,Medio
9338,2021-12-05,Apulo,Estados Unidos,35,2021,12,5,4,Medio
9339,2023-08-21,Amulapa,Costa Rica,38,2023,8,21,3,Medio
9340,2022-09-08,Balboa,Canada,9,2022,9,8,3,Bajo
9341,2023-06-23,Apulo,Guatemala,79,2023,6,23,2,Alto
9342,2024-12-20,Balboa,España,23,2024,12,20,4,Bajo
9343,2022-10-19,Balboa,Canada,18,2022,10,19,4,Bajo
9344,2024-01-04,Cerro Verde,Mexico,66,2024,1,4,1,Alto
9345,2023-03-20,Puerta Del Diablo,Mexico,38,2023,3,20,1,Medio
9346,2022-06-29,Cerro Verde,Honduras,18,2022,6,29,2,Bajo
9347,2024-10-24,Puerta Del Diablo,España,72,2024,10,24,4,Alto
9348,2022-08-26,Puerta Del Diablo,Nicaragua,40,2022,8,26,3,Medio
9349,2021-08-11,Cerro Verde,Canada,32,2021,8,11,3,Medio
9350,2024-12-23,Puerta Del Diablo,Costa Rica,16,2024,12,23,4,Bajo
9351,2022-01-28,Balboa,Honduras,69,2022,1,28,1,Alto
9352,2023-02-26,Sunset Park,Nicaragua,23,2023,2,26,1,Bajo
9353,2022-08-24,Balboa,Estados Unidos,57,2022,8,24,3,Medio
9354,2021-10-26,Amulapa,España,39,2021,10,26,4,Medio
9355,2024-01-03,Apulo,Guatemala,68,2024,1,3,1,Alto
9356,2024-04-04,Puerta Del Diablo,Costa Rica,75,2024,4,4,2,Alto
9357,2024-01-01,Amulapa,Mexico,11,2024,1,1,1,Bajo
9358,2023-12-20,Cerro Verde,Estados Unidos,9,2023,12,20,4,Bajo
9359,2024-03-18,Sunset Park,Mexico,75,2024,3,18,1,Alto
9360,2021-09-17,Cerro Verde,Mexico,57,2021,9,17,3,Medio
9361,2022-05-14,Puerta Del Diablo,España,58,2022,5,14,2,Medio
9362,2023-04-30,Sunset Park,Nicaragua,49,2023,4,30,2,Medio
9363,2021-11-30,Puerta Del Diablo,Estados Unidos,38,2021,11,30,4,Medio
9364,2024-02-21,Puerta Del Diablo,Guatemala,60,2024,2,21,1,Alto
9365,2024-03-17,Puerta Del Diablo,Estados Unidos,25,2024,3,17,1,Bajo
9366,2023-03-27,Apulo,Costa Rica,76,2023,3,27,1,Alto
9367,2023-03-15,Sunset Park,Honduras,27,2023,3,15,1,Bajo
9368,2022-03-08,Amulapa,Guatemala,58,2022,3,8,1,Medio
9369,2021-07-26,Amulapa,Nicaragua,40,2021,7,26,3,Medio
9370,2023-05-07,Apulo,Estados Unidos,15,2023,5,7,2,Bajo
9371,2023-07-15,Balboa,España,14,2023,7,15,3,Bajo
9372,2021-12-21,Apulo,España,42,2021,12,21,4,Medio
9373,2024-11-16,Balboa,Estados Unidos,56,2024,11,16,4,Medio
9374,2024-05-25,Sunset Park,Costa Rica,58,2024,5,25,2,Medio
9375,2024-09-12,Cerro Verde,Honduras,6,2024,9,12,3,Bajo
9376,2021-03-22,Sunset Park,Estados Unidos,67,2021,3,22,1,Alto
9377,2023-01-06,Balboa,Nicaragua,71,2023,1,6,1,Alto
9378,2022-01-07,Sunset Park,Costa Rica,79,2022,1,7,1,Alto
9379,2022-07-04,Sunset Park,Canada,48,2022,7,4,3,Medio
9380,2023-12-20,Apulo,Mexico,30,2023,12,20,4,Medio
9381,2024-07-25,Puerta Del Diablo,Guatemala,28,2024,7,25,3,Bajo
9382,2021-06-15,Puerta Del Diablo,Nicaragua,55,2021,6,15,2,Medio
9383,2021-11-22,Puerta Del Diablo,Honduras,48,2021,11,22,4,Medio
9384,2024-05-12,Apulo,Estados Unidos,41,2024,5,12,2,Medio
9385,2024-05-30,Apulo,Honduras,18,2024,5,30,2,Bajo
9386,2022-04-25,Balboa,Nicaragua,31,2022,4,25,2,Medio
9387,2022-09-19,Balboa,Costa Rica,11,2022,9,19,3,Bajo
9388,2021-05-06,Amulapa,España,6,2021,5,6,2,Bajo
9389,2022-05-27,Amulapa,Mexico,74,2022,5,27,2,Alto
9390,2021-06-26,Amulapa,Mexico,73,2021,6,26,2,Alto
9391,2022-11-25,Puerta Del Diablo,Guatemala,58,2022,11,25,4,Medio
9392,2021-01-21,Puerta Del Diablo,Nicaragua,33,2021,1,21,1,Medio
9393,2022-04-29,Apulo,Honduras,55,2022,4,29,2,Medio
9394,2024-07-09,Sunset Park,Nicaragua,38,2024,7,9,3,Medio
9395,2021-05-30,Amulapa,Nicaragua,76,2021,5,30,2,Alto
9396,2023-04-28,Apulo,Estados Unidos,19,2023,4,28,2,Bajo
9397,2022-12-23,Cerro Verde,Guatemala,20,2022,12,23,4,Bajo
9398,2022-11-03,Puerta Del Diablo,Guatemala,30,2022,11,3,4,Medio
9399,2023-07-02,Amulapa,Nicaragua,22,2023,7,2,3,Bajo
9400,2023-10-06,Apulo,Canada,40,2023,10,6,4,Medio
9401,2024-02-02,Balboa,Honduras,11,2024,2,2,1,Bajo
9402,2022-05-25,Amulapa,Guatemala,33,2022,5,25,2,Medio
9403,2022-11-11,Apulo,España,71,2022,11,11,4,Alto
9404,2022-01-18,Amulapa,Costa Rica,12,2022,1,18,1,Bajo
9405,2024-02-13,Amulapa,Honduras,25,2024,2,13,1,Bajo
9406,2021-02-09,Cerro Verde,Nicaragua,11,2021,2,9,1,Bajo
9407,2023-06-04,Cerro Verde,Guatemala,36,2023,6,4,2,Medio
9408,2024-02-05,Puerta Del Diablo,Honduras,52,2024,2,5,1,Medio
9409,2021-06-21,Puerta Del Diablo,Guatemala,38,2021,6,21,2,Medio
9410,2022-09-27,Amulapa,Estados Unidos,23,2022,9,27,3,Bajo
9411,2024-08-28,Cerro Verde,España,28,2024,8,28,3,Bajo
9412,2021-09-30,Balboa,Nicaragua,68,2021,9,30,3,Alto
9413,2022-06-13,Sunset Park,Honduras,71,2022,6,13,2,Alto
9414,2021-07-28,Balboa,Guatemala,30,2021,7,28,3,Medio
9415,2024-05-22,Amulapa,Nicaragua,5,2024,5,22,2,Bajo
9416,2023-07-31,Puerta Del Diablo,Costa Rica,28,2023,7,31,3,Bajo
9417,2021-05-23,Puerta Del Diablo,Nicaragua,10,2021,5,23,2,Bajo
9418,2024-11-01,Apulo,Nicaragua,8,2024,11,1,4,Bajo
9419,2023-07-07,Sunset Park,Canada,62,2023,7,7,3,Alto
9420,2023-07-06,Sunset Park,Mexico,33,2023,7,6,3,Medio
9421,2024-09-16,Balboa,Mexico,77,2024,9,16,3,Alto
9422,2023-01-11,Amulapa,Canada,72,2023,1,11,1,Alto
9423,2021-03-11,Balboa,Nicaragua,8,2021,3,11,1,Bajo
9424,2022-01-20,Apulo,Honduras,51,2022,1,20,1,Medio
9425,2024-07-20,Amulapa,Costa Rica,26,2024,7,20,3,Bajo
9426,2023-11-12,Amulapa,Nicaragua,34,2023,11,12,4,Medio
9427,2022-04-16,Puerta Del Diablo,Mexico,70,2022,4,16,2,Alto
9428,2022-06-02,Balboa,Honduras,54,2022,6,2,2,Medio
9429,2023-05-01,Amulapa,Honduras,32,2023,5,1,2,Medio
9430,2022-08-29,Apulo,España,32,2022,8,29,3,Medio
9431,2024-12-18,Cerro Verde,Canada,8,2024,12,18,4,Bajo
9432,2023-05-28,Cerro Verde,España,5,2023,5,28,2,Bajo
9433,2023-09-04,Amulapa,España,63,2023,9,4,3,Alto
9434,2023-08-17,Apulo,Nicaragua,52,2023,8,17,3,Medio
9435,2022-12-05,Cerro Verde,Costa Rica,50,2022,12,5,4,Medio
9436,2021-10-12,Cerro Verde,Costa Rica,22,2021,10,12,4,Bajo
9437,2024-04-14,Amulapa,España,41,2024,4,14,2,Medio
9438,2022-03-07,Cerro Verde,España,65,2022,3,7,1,Alto
9439,2022-03-04,Puerta Del Diablo,Costa Rica,63,2022,3,4,1,Alto
9440,2021-11-28,Apulo,Honduras,10,2021,11,28,4,Bajo
9441,2022-03-20,Sunset Park,Guatemala,6,2022,3,20,1,Bajo
9442,2024-05-21,Puerta Del Diablo,Estados Unidos,15,2024,5,21,2,Bajo
9443,2022-03-19,Balboa,Costa Rica,13,2022,3,19,1,Bajo
9444,2024-04-29,Cerro Verde,Estados Unidos,79,2024,4,29,2,Alto
9445,2022-04-23,Amulapa,Canada,75,2022,4,23,2,Alto
9446,2022-05-20,Cerro Verde,Nicaragua,26,2022,5,20,2,Bajo
9447,2021-05-29,Puerta Del Diablo,Guatemala,45,2021,5,29,2,Medio
9448,2021-09-06,Cerro Verde,Nicaragua,59,2021,9,6,3,Medio
9449,2022-08-27,Balboa,Mexico,53,2022,8,27,3,Medio
9450,2022-10-22,Balboa,Estados Unidos,8,2022,10,22,4,Bajo
9451,2021-08-31,Cerro Verde,Costa Rica,74,2021,8,31,3,Alto
9452,2024-02-23,Sunset Park,Guatemala,11,2024,2,23,1,Bajo
9453,2024-09-29,Apulo,Nicaragua,19,2024,9,29,3,Bajo
9454,2021-09-24,Cerro Verde,Estados Unidos,72,2021,9,24,3,Alto
9455,2024-12-04,Puerta Del Diablo,Nicaragua,30,2024,12,4,4,Medio
9456,2023-04-29,Apulo,Canada,36,2023,4,29,2,Medio
9457,2021-10-23,Apulo,España,35,2021,10,23,4,Medio
9458,2024-09-01,Balboa,Canada,32,2024,9,1,3,Medio
9459,2023-07-11,Amulapa,Honduras,65,2023,7,11,3,Alto
9460,2022-07-11,Cerro Verde,Honduras,13,2022,7,11,3,Bajo
9461,2024-01-31,Puerta Del Diablo,Costa Rica,52,2024,1,31,1,Medio
9462,2021-01-15,Puerta Del Diablo,Canada,32,2021,1,15,1,Medio
9463,2024-07-16,Apulo,Honduras,64,2024,7,16,3,Alto
9464,2021-12-03,Apulo,Estados Unidos,14,2021,12,3,4,Bajo
9465,2021-07-25,Puerta Del Diablo,Honduras,36,2021,7,25,3,Medio
9466,2022-02-15,Cerro Verde,Mexico,41,2022,2,15,1,Medio
9467,2024-01-07,Cerro Verde,Guatemala,63,2024,1,7,1,Alto
9468,2021-11-18,Cerro Verde,Estados Unidos,25,2021,11,18,4,Bajo
9469,2024-11-15,Apulo,Guatemala,30,2024,11,15,4,Medio
9470,2022-08-20,Sunset Park,Nicaragua,61,2022,8,20,3,Alto
9471,2022-07-19,Amulapa,Nicaragua,29,2022,7,19,3,Bajo
9472,2022-07-07,Amulapa,España,32,2022,7,7,3,Medio
9473,2023-03-18,Sunset Park,España,11,2023,3,18,1,Bajo
9474,2023-08-23,Cerro Verde,Costa Rica,35,2023,8,23,3,Medio
9475,2022-05-16,Apulo,Estados Unidos,50,2022,5,16,2,Medio
9476,2021-11-16,Apulo,Costa Rica,58,2021,11,16,4,Medio
9477,2024-03-08,Apulo,Estados Unidos,21,2024,3,8,1,Bajo
9478,2023-01-23,Apulo,Costa Rica,22,2023,1,23,1,Bajo
9479,2022-02-23,Sunset Park,Mexico,23,2022,2,23,1,Bajo
9480,2022-05-27,Sunset Park,Honduras,60,2022,5,27,2,Alto
9481,2021-06-04,Amulapa,España,9,2021,6,4,2,Bajo
9482,2022-10-03,Cerro Verde,Mexico,18,2022,10,3,4,Bajo
9483,2022-11-26,Apulo,Guatemala,11,2022,11,26,4,Bajo
9484,2024-02-13,Amulapa,Mexico,37,2024,2,13,1,Medio
9485,2023-08-03,Amulapa,Canada,23,2023,8,3,3,Bajo
9486,2021-01-09,Sunset Park,Honduras,73,2021,1,9,1,Alto
9487,2024-06-24,Balboa,Estados Unidos,14,2024,6,24,2,Bajo
9488,2022-04-29,Amulapa,Costa Rica,60,2022,4,29,2,Alto
9489,2021-12-30,Amulapa,Guatemala,19,2021,12,30,4,Bajo
9490,2021-07-17,Puerta Del Diablo,Canada,7,2021,7,17,3,Bajo
9491,2021-12-29,Amulapa,Honduras,77,2021,12,29,4,Alto
9492,2021-01-11,Balboa,Honduras,35,2021,1,11,1,Medio
9493,2022-06-02,Balboa,España,75,2022,6,2,2,Alto
9494,2021-08-16,Balboa,Estados Unidos,27,2021,8,16,3,Bajo
9495,2022-09-16,Balboa,Canada,52,2022,9,16,3,Medio
9496,2021-11-19,Amulapa,Honduras,63,2021,11,19,4,Alto
9497,2022-10-30,Balboa,Nicaragua,79,2022,10,30,4,Alto
9498,2024-03-05,Sunset Park,Honduras,59,2024,3,5,1,Medio
9499,2022-04-17,Cerro Verde,Mexico,70,2022,4,17,2,Alto
9500,2022-11-18,Puerta Del Diablo,Nicaragua,56,2022,11,18,4,Medio
9501,2021-05-23,Sunset Park,Honduras,74,2021,5,23,2,Alto
9502,2021-09-05,Amulapa,Guatemala,6,2021,9,5,3,Bajo
9503,2021-02-21,Cerro Verde,Estados Unidos,26,2021,2,21,1,Bajo
9504,2023-11-18,Balboa,Nicaragua,73,2023,11,18,4,Alto
9505,2023-11-23,Balboa,Costa Rica,23,2023,11,23,4,Bajo
9506,2023-06-02,Sunset Park,Nicaragua,8,2023,6,2,2,Bajo
9507,2022-12-09,Sunset Park,Nicaragua,71,2022,12,9,4,Alto
9508,2023-07-16,Cerro Verde,España,38,2023,7,16,3,Medio
9509,2021-05-21,Balboa,Honduras,11,2021,5,21,2,Bajo
9510,2021-06-03,Amulapa,Mexico,77,2021,6,3,2,Alto
9511,2021-10-18,Puerta Del Diablo,Honduras,5,2021,10,18,4,Bajo
9512,2024-11-15,Sunset Park,Costa Rica,53,2024,11,15,4,Medio
9513,2023-06-24,Cerro Verde,Nicaragua,32,2023,6,24,2,Medio
9514,2024-07-20,Puerta Del Diablo,Estados Unidos,76,2024,7,20,3,Alto
9515,2023-10-04,Puerta Del Diablo,Nicaragua,50,2023,10,4,4,Medio
9516,2024-06-10,Puerta Del Diablo,Nicaragua,14,2024,6,10,2,Bajo
9517,2024-08-27,Sunset Park,Guatemala,51,2024,8,27,3,Medio
9518,2023-09-08,Cerro Verde,Guatemala,31,2023,9,8,3,Medio
9519,2023-11-19,Balboa,Mexico,7,2023,11,19,4,Bajo
9520,2023-11-06,Amulapa,Canada,40,2023,11,6,4,Medio
9521,2023-11-26,Amulapa,Costa Rica,20,2023,11,26,4,Bajo
9522,2024-07-11,Balboa,Guatemala,39,2024,7,11,3,Medio
9523,2021-08-01,Cerro Verde,Estados Unidos,25,2021,8,1,3,Bajo
9524,2021-07-08,Sunset Park,Mexico,49,2021,7,8,3,Medio
9525,2023-01-12,Sunset Park,Canada,44,2023,1,12,1,Medio
9526,2024-02-04,Puerta Del Diablo,Honduras,8,2024,2,4,1,Bajo
9527,2023-12-31,Cerro Verde,Nicaragua,35,2023,12,31,4,Medio
9528,2024-11-21,Sunset Park,Costa Rica,44,2024,11,21,4,Medio
9529,2022-02-09,Puerta Del Diablo,Mexico,24,2022,2,9,1,Bajo
9530,2023-06-20,Apulo,Nicaragua,34,2023,6,20,2,Medio
9531,2021-06-18,Balboa,Guatemala,62,2021,6,18,2,Alto
9532,2022-09-01,Balboa,Honduras,60,2022,9,1,3,Alto
9533,2021-02-28,Apulo,Mexico,31,2021,2,28,1,Medio
9534,2023-07-28,Apulo,Guatemala,24,2023,7,28,3,Bajo
9535,2023-04-04,Amulapa,Guatemala,58,2023,4,4,2,Medio
9536,2022-07-03,Balboa,Canada,8,2022,7,3,3,Bajo
9537,2024-10-11,Sunset Park,Costa Rica,72,2024,10,11,4,Alto
9538,2022-05-01,Balboa,Honduras,60,2022,5,1,2,Alto
9539,2021-10-23,Sunset Park,Mexico,15,2021,10,23,4,Bajo
9540,2021-08-15,Balboa,Nicaragua,39,2021,8,15,3,Medio
9541,2024-12-10,Puerta Del Diablo,Estados Unidos,56,2024,12,10,4,Medio
9542,2024-02-20,Sunset Park,España,40,2024,2,20,1,Medio
9543,2021-10-16,Puerta Del Diablo,Estados Unidos,29,2021,10,16,4,Bajo
9544,2021-04-28,Puerta Del Diablo,Costa Rica,66,2021,4,28,2,Alto
9545,2023-02-01,Puerta Del Diablo,Honduras,47,2023,2,1,1,Medio
9546,2022-03-10,Puerta Del Diablo,Costa Rica,38,2022,3,10,1,Medio
9547,2023-12-20,Balboa,España,65,2023,12,20,4,Alto
9548,2024-06-09,Amulapa,Costa Rica,74,2024,6,9,2,Alto
9549,2021-12-19,Apulo,Nicaragua,49,2021,12,19,4,Medio
9550,2023-09-23,Cerro Verde,Guatemala,15,2023,9,23,3,Bajo
9551,2024-01-17,Puerta Del Diablo,Canada,33,2024,1,17,1,Medio
9552,2022-07-08,Balboa,Costa Rica,46,2022,7,8,3,Medio
9553,2023-02-24,Cerro Verde,Costa Rica,32,2023,2,24,1,Medio
9554,2021-02-23,Balboa,Estados Unidos,70,2021,2,23,1,Alto
9555,2024-07-14,Puerta Del Diablo,Mexico,39,2024,7,14,3,Medio
9556,2024-06-03,Balboa,Nicaragua,46,2024,6,3,2,Medio
9557,2024-02-17,Cerro Verde,Guatemala,71,2024,2,17,1,Alto
9558,2022-07-18,Apulo,Guatemala,70,2022,7,18,3,Alto
9559,2021-10-22,Amulapa,España,10,2021,10,22,4,Bajo
9560,2024-02-25,Puerta Del Diablo,Estados Unidos,45,2024,2,25,1,Medio
9561,2024-10-09,Puerta Del Diablo,España,32,2024,10,9,4,Medio
9562,2022-08-02,Puerta Del Diablo,Estados Unidos,50,2022,8,2,3,Medio
9563,2024-04-27,Amulapa,Canada,18,2024,4,27,2,Bajo
9564,2023-07-25,Amulapa,Honduras,27,2023,7,25,3,Bajo
9565,2023-07-11,Balboa,Guatemala,32,2023,7,11,3,Medio
9566,2021-07-09,Sunset Park,Mexico,78,2021,7,9,3,Alto
9567,2024-08-12,Puerta Del Diablo,Nicaragua,75,2024,8,12,3,Alto
9568,2021-12-13,Puerta Del Diablo,Estados Unidos,12,2021,12,13,4,Bajo
9569,2024-09-08,Balboa,Guatemala,59,2024,9,8,3,Medio
9570,2021-03-12,Balboa,Costa Rica,45,2021,3,12,1,Medio
9571,2022-09-28,Puerta Del Diablo,Canada,33,2022,9,28,3,Medio
9572,2023-05-03,Sunset Park,Canada,23,2023,5,3,2,Bajo
9573,2024-06-20,Balboa,Estados Unidos,46,2024,6,20,2,Medio
9574,2023-07-03,Balboa,Honduras,68,2023,7,3,3,Alto
9575,2022-07-10,Amulapa,Estados Unidos,45,2022,7,10,3,Medio
9576,2022-08-26,Amulapa,Nicaragua,71,2022,8,26,3,Alto
9577,2021-03-15,Puerta Del Diablo,Nicaragua,10,2021,3,15,1,Bajo
9578,2024-07-06,Sunset Park,Honduras,50,2024,7,6,3,Medio
9579,2024-09-30,Cerro Verde,España,76,2024,9,30,3,Alto
9580,2022-02-18,Amulapa,Mexico,19,2022,2,18,1,Bajo
9581,2024-06-03,Cerro Verde,Canada,11,2024,6,3,2,Bajo
9582,2024-01-02,Amulapa,Costa Rica,16,2024,1,2,1,Bajo
9583,2021-03-10,Puerta Del Diablo,España,69,2021,3,10,1,Alto
9584,2021-08-04,Sunset Park,Honduras,55,2021,8,4,3,Medio
9585,2024-11-15,Amulapa,Costa Rica,20,2024,11,15,4,Bajo
9586,2023-04-08,Sunset Park,Estados Unidos,32,2023,4,8,2,Medio
9587,2022-11-19,Balboa,Honduras,54,2022,11,19,4,Medio
9588,2021-12-31,Puerta Del Diablo,Nicaragua,24,2021,12,31,4,Bajo
9589,2021-05-21,Cerro Verde,Canada,47,2021,5,21,2,Medio
9590,2024-09-09,Balboa,Mexico,57,2024,9,9,3,Medio
9591,2022-09-22,Amulapa,Canada,75,2022,9,22,3,Alto
9592,2023-07-28,Puerta Del Diablo,Costa Rica,29,2023,7,28,3,Bajo
9593,2021-06-04,Balboa,Honduras,59,2021,6,4,2,Medio
9594,2021-06-01,Puerta Del Diablo,Canada,17,2021,6,1,2,Bajo
9595,2021-03-19,Balboa,Canada,51,2021,3,19,1,Medio
9596,2022-12-17,Balboa,España,22,2022,12,17,4,Bajo
9597,2023-06-24,Sunset Park,Guatemala,20,2023,6,24,2,Bajo
9598,2022-08-12,Amulapa,Canada,57,2022,8,12,3,Medio
9599,2023-01-01,Apulo,España,50,2023,1,1,1,Medio
9600,2022-12-13,Puerta Del Diablo,España,40,2022,12,13,4,Medio
9601,2023-04-22,Sunset Park,España,24,2023,4,22,2,Bajo
9602,2021-07-10,Puerta Del Diablo,Costa Rica,36,2021,7,10,3,Medio
9603,2023-07-29,Sunset Park,Canada,79,2023,7,29,3,Alto
9604,2023-09-20,Cerro Verde,Costa Rica,34,2023,9,20,3,Medio
9605,2024-08-23,Sunset Park,Estados Unidos,37,2024,8,23,3,Medio
9606,2021-03-17,Cerro Verde,Mexico,17,2021,3,17,1,Bajo
9607,2023-09-19,Amulapa,España,45,2023,9,19,3,Medio
9608,2024-09-05,Amulapa,Estados Unidos,7,2024,9,5,3,Bajo
9609,2021-04-21,Amulapa,Mexico,9,2021,4,21,2,Bajo
9610,2023-02-16,Cerro Verde,Estados Unidos,30,2023,2,16,1,Medio
9611,2022-05-23,Balboa,Guatemala,11,2022,5,23,2,Bajo
9612,2024-10-20,Apulo,España,22,2024,10,20,4,Bajo
9613,2022-07-17,Puerta Del Diablo,España,43,2022,7,17,3,Medio
9614,2021-11-03,Cerro Verde,Canada,49,2021,11,3,4,Medio
9615,2023-08-25,Puerta Del Diablo,Costa Rica,60,2023,8,25,3,Alto
9616,2023-06-07,Amulapa,España,69,2023,6,7,2,Alto
9617,2023-03-17,Balboa,Mexico,39,2023,3,17,1,Medio
9618,2021-03-02,Apulo,Estados Unidos,27,2021,3,2,1,Bajo
9619,2022-10-04,Balboa,Nicaragua,24,2022,10,4,4,Bajo
9620,2022-11-29,Amulapa,Honduras,50,2022,11,29,4,Medio
9621,2022-08-09,Apulo,España,49,2022,8,9,3,Medio
9622,2022-04-30,Cerro Verde,Nicaragua,10,2022,4,30,2,Bajo
9623,2024-09-29,Sunset Park,Nicaragua,17,2024,9,29,3,Bajo
9624,2021-10-22,Apulo,Guatemala,27,2021,10,22,4,Bajo
9625,2022-01-10,Balboa,Canada,62,2022,1,10,1,Alto
9626,2023-11-26,Amulapa,Estados Unidos,8,2023,11,26,4,Bajo
9627,2023-12-27,Puerta Del Diablo,Costa Rica,40,2023,12,27,4,Medio
9628,2024-02-29,Cerro Verde,Nicaragua,66,2024,2,29,1,Alto
9629,2024-11-24,Amulapa,Nicaragua,19,2024,11,24,4,Bajo
9630,2024-04-08,Apulo,Honduras,15,2024,4,8,2,Bajo
9631,2022-02-18,Amulapa,Mexico,57,2022,2,18,1,Medio
9632,2023-01-08,Cerro Verde,Guatemala,26,2023,1,8,1,Bajo
9633,2021-08-15,Cerro Verde,Estados Unidos,34,2021,8,15,3,Medio
9634,2024-12-08,Apulo,España,22,2024,12,8,4,Bajo
9635,2023-11-18,Puerta Del Diablo,España,54,2023,11,18,4,Medio
9636,2023-05-14,Cerro Verde,Canada,78,2023,5,14,2,Alto
9637,2023-01-21,Cerro Verde,Costa Rica,73,2023,1,21,1,Alto
9638,2022-09-28,Balboa,España,37,2022,9,28,3,Medio
9639,2024-11-28,Cerro Verde,Guatemala,60,2024,11,28,4,Alto
9640,2021-04-13,Amulapa,Guatemala,22,2021,4,13,2,Bajo
9641,2021-07-15,Cerro Verde,Estados Unidos,62,2021,7,15,3,Alto
9642,2023-09-03,Cerro Verde,Mexico,58,2023,9,3,3,Medio
9643,2022-07-01,Cerro Verde,Nicaragua,75,2022,7,1,3,Alto
9644,2023-07-05,Puerta Del Diablo,Guatemala,25,2023,7,5,3,Bajo
9645,2023-07-21,Sunset Park,Estados Unidos,20,2023,7,21,3,Bajo
9646,2023-07-23,Sunset Park,Mexico,17,2023,7,23,3,Bajo
9647,2021-01-28,Sunset Park,Honduras,17,2021,1,28,1,Bajo
9648,2024-03-11,Cerro Verde,España,46,2024,3,11,1,Medio
9649,2022-06-24,Sunset Park,Nicaragua,29,2022,6,24,2,Bajo
9650,2022-05-11,Amulapa,Guatemala,22,2022,5,11,2,Bajo
9651,2022-12-20,Puerta Del Diablo,Guatemala,57,2022,12,20,4,Medio
9652,2021-01-25,Balboa,Estados Unidos,53,2021,1,25,1,Medio
9653,2022-10-09,Apulo,Mexico,31,2022,10,9,4,Medio
9654,2021-01-24,Cerro Verde,Canada,78,2021,1,24,1,Alto
9655,2021-11-27,Cerro Verde,Mexico,28,2021,11,27,4,Bajo
9656,2022-09-17,Cerro Verde,España,28,2022,9,17,3,Bajo
9657,2024-06-05,Balboa,Guatemala,69,2024,6,5,2,Alto
9658,2022-12-20,Balboa,Guatemala,36,2022,12,20,4,Medio
9659,2023-02-17,Amulapa,Costa Rica,77,2023,2,17,1,Alto
9660,2022-08-28,Sunset Park,Canada,9,2022,8,28,3,Bajo
9661,2023-02-19,Amulapa,Guatemala,26,2023,2,19,1,Bajo
9662,2023-10-11,Apulo,Guatemala,58,2023,10,11,4,Medio
9663,2024-05-07,Puerta Del Diablo,Mexico,60,2024,5,7,2,Alto
9664,2021-06-06,Apulo,España,28,2021,6,6,2,Bajo
9665,2024-11-04,Puerta Del Diablo,Costa Rica,34,2024,11,4,4,Medio
9666,2024-09-26,Amulapa,Honduras,16,2024,9,26,3,Bajo
9667,2024-12-07,Apulo,Canada,16,2024,12,7,4,Bajo
9668,2023-02-06,Amulapa,Canada,25,2023,2,6,1,Bajo
9669,2021-04-15,Apulo,Canada,15,2021,4,15,2,Bajo
9670,2023-07-22,Apulo,Mexico,6,2023,7,22,3,Bajo
9671,2021-10-02,Balboa,Guatemala,46,2021,10,2,4,Medio
9672,2022-05-16,Balboa,Honduras,29,2022,5,16,2,Bajo
9673,2023-01-31,Apulo,Guatemala,79,2023,1,31,1,Alto
9674,2024-05-30,Cerro Verde,Honduras,21,2024,5,30,2,Bajo
9675,2022-02-13,Apulo,Costa Rica,60,2022,2,13,1,Alto
9676,2022-06-26,Sunset Park,España,68,2022,6,26,2,Alto
9677,2024-02-15,Sunset Park,Canada,57,2024,2,15,1,Medio
9678,2024-03-28,Cerro Verde,Costa Rica,19,2024,3,28,1,Bajo
9679,2022-10-25,Apulo,España,5,2022,10,25,4,Bajo
9680,2023-06-25,Amulapa,Mexico,45,2023,6,25,2,Medio
9681,2021-04-29,Cerro Verde,Estados Unidos,60,2021,4,29,2,Alto
9682,2022-07-24,Balboa,Mexico,36,2022,7,24,3,Medio
9683,2022-10-10,Cerro Verde,Honduras,23,2022,10,10,4,Bajo
9684,2023-08-02,Cerro Verde,Mexico,44,2023,8,2,3,Medio
9685,2022-07-18,Sunset Park,Mexico,54,2022,7,18,3,Medio
9686,2023-10-27,Sunset Park,Guatemala,25,2023,10,27,4,Bajo
9687,2021-03-07,Puerta Del Diablo,Honduras,12,2021,3,7,1,Bajo
9688,2023-02-04,Puerta Del Diablo,España,23,2023,2,4,1,Bajo
9689,2021-02-25,Balboa,Estados Unidos,62,2021,2,25,1,Alto
9690,2021-01-15,Cerro Verde,España,25,2021,1,15,1,Bajo
9691,2024-12-15,Sunset Park,Estados Unidos,59,2024,12,15,4,Medio
9692,2023-11-15,Cerro Verde,Guatemala,39,2023,11,15,4,Medio
9693,2024-04-20,Puerta Del Diablo,Mexico,55,2024,4,20,2,Medio
9694,2023-04-06,Amulapa,Guatemala,71,2023,4,6,2,Alto
9695,2023-02-15,Cerro Verde,Nicaragua,34,2023,2,15,1,Medio
9696,2021-05-15,Amulapa,Costa Rica,7,2021,5,15,2,Bajo
9697,2024-02-22,Cerro Verde,Canada,34,2024,2,22,1,Medio
9698,2024-11-24,Sunset Park,Costa Rica,50,2024,11,24,4,Medio
9699,2023-09-10,Cerro Verde,Costa Rica,46,2023,9,10,3,Medio
9700,2024-06-03,Sunset Park,Estados Unidos,65,2024,6,3,2,Alto
9701,2024-07-06,Puerta Del Diablo,Estados Unidos,8,2024,7,6,3,Bajo
9702,2021-09-15,Amulapa,Guatemala,67,2021,9,15,3,Alto
9703,2023-11-20,Apulo,Nicaragua,52,2023,11,20,4,Medio
9704,2021-01-29,Amulapa,Mexico,31,2021,1,29,1,Medio
9705,2021-07-04,Puerta Del Diablo,Mexico,9,2021,7,4,3,Bajo
9706,2024-04-30,Cerro Verde,Costa Rica,57,2024,4,30,2,Medio
9707,2023-07-29,Puerta Del Diablo,Mexico,54,2023,7,29,3,Medio
9708,2022-01-28,Apulo,Nicaragua,77,2022,1,28,1,Alto
9709,2023-03-14,Cerro Verde,España,51,2023,3,14,1,Medio
9710,2023-05-24,Cerro Verde,Costa Rica,28,2023,5,24,2,Bajo
9711,2022-01-03,Cerro Verde,Canada,16,2022,1,3,1,Bajo
9712,2022-12-01,Amulapa,Guatemala,6,2022,12,1,4,Bajo
9713,2022-03-26,Amulapa,Guatemala,46,2022,3,26,1,Medio
9714,2021-09-15,Amulapa,Honduras,77,2021,9,15,3,Alto
9715,2022-06-15,Sunset Park,Estados Unidos,28,2022,6,15,2,Bajo
9716,2024-07-14,Cerro Verde,Nicaragua,63,2024,7,14,3,Alto
9717,2023-05-06,Cerro Verde,Costa Rica,10,2023,5,6,2,Bajo
9718,2023-01-24,Cerro Verde,Honduras,73,2023,1,24,1,Alto
9719,2021-09-29,Cerro Verde,Costa Rica,68,2021,9,29,3,Alto
9720,2022-07-24,Cerro Verde,España,37,2022,7,24,3,Medio
9721,2022-08-24,Cerro Verde,Mexico,45,2022,8,24,3,Medio
9722,2024-04-19,Cerro Verde,Costa Rica,28,2024,4,19,2,Bajo
9723,2021-02-20,Amulapa,Guatemala,75,2021,2,20,1,Alto
9724,2024-10-15,Amulapa,Nicaragua,69,2024,10,15,4,Alto
9725,2021-11-23,Balboa,Mexico,44,2021,11,23,4,Medio
9726,2021-01-18,Balboa,Nicaragua,12,2021,1,18,1,Bajo
9727,2024-07-11,Puerta Del Diablo,Canada,37,2024,7,11,3,Medio
9728,2022-03-04,Puerta Del Diablo,Costa Rica,39,2022,3,4,1,Medio
9729,2024-02-13,Cerro Verde,Honduras,28,2024,2,13,1,Bajo
9730,2024-11-12,Cerro Verde,Mexico,67,2024,11,12,4,Alto
9731,2024-05-13,Cerro Verde,Estados Unidos,7,2024,5,13,2,Bajo
9732,2021-12-10,Puerta Del Diablo,Mexico,72,2021,12,10,4,Alto
9733,2024-12-28,Sunset Park,Honduras,12,2024,12,28,4,Bajo
9734,2024-07-09,Puerta Del Diablo,España,14,2024,7,9,3,Bajo
9735,2024-09-26,Cerro Verde,Honduras,63,2024,9,26,3,Alto
9736,2021-06-08,Apulo,Estados Unidos,11,2021,6,8,2,Bajo
9737,2022-09-12,Balboa,Mexico,63,2022,9,12,3,Alto
9738,2022-01-14,Apulo,Nicaragua,55,2022,1,14,1,Medio
9739,2022-07-24,Puerta Del Diablo,Estados Unidos,32,2022,7,24,3,Medio
9740,2022-12-06,Amulapa,Guatemala,44,2022,12,6,4,Medio
9741,2021-01-19,Sunset Park,Costa Rica,75,2021,1,19,1,Alto
9742,2021-05-10,Apulo,Honduras,42,2021,5,10,2,Medio
9743,2021-07-31,Amulapa,Costa Rica,42,2021,7,31,3,Medio
9744,2021-11-07,Apulo,Costa Rica,8,2021,11,7,4,Bajo
9745,2022-08-04,Balboa,Estados Unidos,24,2022,8,4,3,Bajo
9746,2024-04-27,Puerta Del Diablo,Estados Unidos,39,2024,4,27,2,Medio
9747,2021-01-12,Sunset Park,Nicaragua,6,2021,1,12,1,Bajo
9748,2021-03-27,Puerta Del Diablo,Costa Rica,44,2021,3,27,1,Medio
9749,2023-10-02,Puerta Del Diablo,Honduras,70,2023,10,2,4,Alto
9750,2024-10-15,Sunset Park,Costa Rica,25,2024,10,15,4,Bajo
9751,2022-12-30,Balboa,Honduras,21,2022,12,30,4,Bajo
9752,2021-04-11,Cerro Verde,Nicaragua,25,2021,4,11,2,Bajo
9753,2021-01-30,Apulo,Canada,44,2021,1,30,1,Medio
9754,2023-08-03,Amulapa,Honduras,36,2023,8,3,3,Medio
9755,2021-10-30,Puerta Del Diablo,Honduras,76,2021,10,30,4,Alto
9756,2023-02-14,Sunset Park,Honduras,62,2023,2,14,1,Alto
9757,2023-03-01,Amulapa,Estados Unidos,27,2023,3,1,1,Bajo
9758,2023-06-08,Cerro Verde,Mexico,52,2023,6,8,2,Medio
9759,2022-08-20,Amulapa,Mexico,75,2022,8,20,3,Alto
9760,2021-04-13,Amulapa,Costa Rica,12,2021,4,13,2,Bajo
9761,2024-01-19,Amulapa,Honduras,54,2024,1,19,1,Medio
9762,2023-09-26,Puerta Del Diablo,Mexico,37,2023,9,26,3,Medio
9763,2021-10-18,Apulo,Mexico,59,2021,10,18,4,Medio
9764,2024-11-26,Apulo,España,27,2024,11,26,4,Bajo
9765,2022-08-17,Puerta Del Diablo,Estados Unidos,58,2022,8,17,3,Medio
9766,2024-09-05,Puerta Del Diablo,Mexico,58,2024,9,5,3,Medio
9767,2022-12-22,Cerro Verde,Canada,56,2022,12,22,4,Medio
9768,2022-06-22,Apulo,España,47,2022,6,22,2,Medio
9769,2021-04-08,Sunset Park,Nicaragua,67,2021,4,8,2,Alto
9770,2023-08-05,Puerta Del Diablo,España,71,2023,8,5,3,Alto
9771,2021-06-23,Sunset Park,España,18,2021,6,23,2,Bajo
9772,2022-04-30,Cerro Verde,Costa Rica,6,2022,4,30,2,Bajo
9773,2022-09-03,Puerta Del Diablo,Costa Rica,74,2022,9,3,3,Alto
9774,2023-08-06,Balboa,Nicaragua,61,2023,8,6,3,Alto
9775,2022-12-26,Amulapa,Nicaragua,78,2022,12,26,4,Alto
9776,2023-10-16,Balboa,Mexico,38,2023,10,16,4,Medio
9777,2022-04-10,Sunset Park,Nicaragua,30,2022,4,10,2,Medio
9778,2021-07-25,Puerta Del Diablo,Honduras,29,2021,7,25,3,Bajo
9779,2023-12-21,Sunset Park,España,65,2023,12,21,4,Alto
9780,2021-09-14,Apulo,Costa Rica,72,2021,9,14,3,Alto
9781,2021-10-24,Cerro Verde,España,63,2021,10,24,4,Alto
9782,2023-07-28,Puerta Del Diablo,Nicaragua,23,2023,7,28,3,Bajo
9783,2021-04-21,Amulapa,España,6,2021,4,21,2,Bajo
9784,2023-04-16,Balboa,Estados Unidos,51,2023,4,16,2,Medio
9785,2021-01-10,Sunset Park,Honduras,54,2021,1,10,1,Medio
9786,2024-03-26,Balboa,Canada,34,2024,3,26,1,Medio
9787,2024-02-28,Sunset Park,Mexico,58,2024,2,28,1,Medio
9788,2021-12-20,Balboa,España,20,2021,12,20,4,Bajo
9789,2024-02-19,Cerro Verde,Estados Unidos,43,2024,2,19,1,Medio
9790,2022-08-10,Amulapa,Mexico,77,2022,8,10,3,Alto
9791,2021-07-21,Puerta Del Diablo,Costa Rica,43,2021,7,21,3,Medio
9792,2022-06-29,Apulo,Costa Rica,55,2022,6,29,2,Medio
9793,2022-07-15,Amulapa,Guatemala,36,2022,7,15,3,Medio
9794,2023-10-03,Cerro Verde,Costa Rica,28,2023,10,3,4,Bajo
9795,2022-05-31,Amulapa,Costa Rica,45,2022,5,31,2,Medio
9796,2021-04-26,Apulo,Canada,13,2021,4,26,2,Bajo
9797,2024-09-30,Sunset Park,Honduras,61,2024,9,30,3,Alto
9798,2024-02-24,Cerro Verde,Honduras,39,2024,2,24,1,Medio
9799,2021-08-02,Apulo,Nicaragua,44,2021,8,2,3,Medio
9800,2022-12-10,Apulo,Mexico,71,2022,12,10,4,Alto
9801,2021-05-06,Amulapa,España,44,2021,5,6,2,Medio
9802,2022-03-08,Balboa,Nicaragua,20,2022,3,8,1,Bajo
9803,2023-10-04,Sunset Park,España,71,2023,10,4,4,Alto
9804,2022-03-05,Amulapa,Honduras,31,2022,3,5,1,Medio
9805,2022-10-30,Amulapa,Canada,20,2022,10,30,4,Bajo
9806,2024-09-02,Sunset Park,Guatemala,12,2024,9,2,3,Bajo
9807,2023-03-25,Balboa,Estados Unidos,72,2023,3,25,1,Alto
9808,2024-12-24,Sunset Park,Guatemala,25,2024,12,24,4,Bajo
9809,2023-08-22,Cerro Verde,Costa Rica,74,2023,8,22,3,Alto
9810,2022-12-24,Sunset Park,Nicaragua,11,2022,12,24,4,Bajo
9811,2024-11-26,Amulapa,Mexico,17,2024,11,26,4,Bajo
9812,2024-10-20,Balboa,Mexico,77,2024,10,20,4,Alto
9813,2024-02-09,Puerta Del Diablo,España,44,2024,2,9,1,Medio
9814,2021-08-12,Puerta Del Diablo,Honduras,50,2021,8,12,3,Medio
9815,2023-02-23,Balboa,Estados Unidos,38,2023,2,23,1,Medio
9816,2023-12-13,Amulapa,Canada,16,2023,12,13,4,Bajo
9817,2022-03-17,Cerro Verde,Guatemala,40,2022,3,17,1,Medio
9818,2021-08-14,Apulo,Canada,24,2021,8,14,3,Bajo
9819,2022-05-26,Apulo,Estados Unidos,69,2022,5,26,2,Alto
9820,2023-11-24,Balboa,Honduras,22,2023,11,24,4,Bajo
9821,2022-08-28,Puerta Del Diablo,Guatemala,55,2022,8,28,3,Medio
9822,2023-03-27,Cerro Verde,España,49,2023,3,27,1,Medio
9823,2023-08-07,Apulo,Canada,51,2023,8,7,3,Medio
9824,2023-11-15,Sunset Park,Costa Rica,68,2023,11,15,4,Alto
9825,2024-09-23,Sunset Park,Canada,7,2024,9,23,3,Bajo
9826,2021-01-23,Puerta Del Diablo,Estados Unidos,45,2021,1,23,1,Medio
9827,2024-04-03,Puerta Del Diablo,Mexico,33,2024,4,3,2,Medio
9828,2023-06-06,Cerro Verde,Honduras,39,2023,6,6,2,Medio
9829,2021-05-07,Puerta Del Diablo,Mexico,57,2021,5,7,2,Medio
9830,2024-03-19,Amulapa,España,78,2024,3,19,1,Alto
9831,2023-09-15,Puerta Del Diablo,Estados Unidos,75,2023,9,15,3,Alto
9832,2022-12-13,Puerta Del Diablo,Mexico,18,2022,12,13,4,Bajo
9833,2023-01-10,Sunset Park,Honduras,37,2023,1,10,1,Medio
9834,2024-11-16,Cerro Verde,Estados Unidos,52,2024,11,16,4,Medio
9835,2024-11-17,Apulo,Mexico,32,2024,11,17,4,Medio
9836,2022-02-14,Apulo,Canada,57,2022,2,14,1,Medio
9837,2023-03-09,Apulo,Guatemala,54,2023,3,9,1,Medio
9838,2023-07-20,Puerta Del Diablo,Nicaragua,28,2023,7,20,3,Bajo
9839,2022-08-26,Amulapa,Honduras,57,2022,8,26,3,Medio
9840,2022-07-28,Amulapa,Canada,37,2022,7,28,3,Medio
9841,2022-09-20,Balboa,Mexico,47,2022,9,20,3,Medio
9842,2022-05-27,Amulapa,Canada,47,2022,5,27,2,Medio
9843,2022-01-27,Cerro Verde,Costa Rica,42,2022,1,27,1,Medio
9844,2023-02-01,Balboa,Costa Rica,72,2023,2,1,1,Alto
9845,2021-07-17,Apulo,Nicaragua,9,2021,7,17,3,Bajo
9846,2021-08-30,Sunset Park,Estados Unidos,10,2021,8,30,3,Bajo
9847,2023-11-28,Sunset Park,Estados Unidos,41,2023,11,28,4,Medio
9848,2023-02-15,Balboa,Costa Rica,42,2023,2,15,1,Medio
9849,2022-05-12,Puerta Del Diablo,España,12,2022,5,12,2,Bajo
9850,2024-07-15,Balboa,Honduras,5,2024,7,15,3,Bajo
9851,2024-09-01,Amulapa,Costa Rica,34,2024,9,1,3,Medio
9852,2024-10-04,Puerta Del Diablo,Canada,26,2024,10,4,4,Bajo
9853,2022-02-05,Apulo,Guatemala,47,2022,2,5,1,Medio
9854,2022-08-05,Puerta Del Diablo,Guatemala,32,2022,8,5,3,Medio
9855,2021-05-01,Balboa,Estados Unidos,74,2021,5,1,2,Alto
9856,2023-07-07,Sunset Park,España,65,2023,7,7,3,Alto
9857,2022-08-07,Cerro Verde,Mexico,49,2022,8,7,3,Medio
9858,2021-01-05,Apulo,Honduras,78,2021,1,5,1,Alto
9859,2023-07-16,Cerro Verde,Nicaragua,21,2023,7,16,3,Bajo
9860,2021-12-14,Puerta Del Diablo,Honduras,20,2021,12,14,4,Bajo
9861,2024-02-16,Balboa,Mexico,32,2024,2,16,1,Medio
9862,2023-08-31,Cerro Verde,Nicaragua,17,2023,8,31,3,Bajo
9863,2022-03-01,Balboa,Mexico,31,2022,3,1,1,Medio
9864,2024-12-19,Puerta Del Diablo,Guatemala,21,2024,12,19,4,Bajo
9865,2023-04-02,Apulo,Mexico,14,2023,4,2,2,Bajo
9866,2023-02-17,Sunset Park,Mexico,50,2023,2,17,1,Medio
9867,2022-01-11,Apulo,Estados Unidos,39,2022,1,11,1,Medio
9868,2024-08-19,Sunset Park,Mexico,56,2024,8,19,3,Medio
9869,2023-07-04,Cerro Verde,Estados Unidos,42,2023,7,4,3,Medio
9870,2023-05-23,Cerro Verde,Estados Unidos,78,2023,5,23,2,Alto
9871,2022-04-02,Balboa,Nicaragua,50,2022,4,2,2,Medio
9872,2021-10-31,Apulo,Canada,46,2021,10,31,4,Medio
9873,2021-11-15,Sunset Park,Canada,41,2021,11,15,4,Medio
9874,2023-07-01,Puerta Del Diablo,Canada,30,2023,7,1,3,Medio
9875,2022-05-02,Sunset Park,Costa Rica,53,2022,5,2,2,Medio
9876,2022-01-05,Balboa,España,67,2022,1,5,1,Alto
9877,2024-12-26,Balboa,Canada,50,2024,12,26,4,Medio
9878,2022-05-16,Puerta Del Diablo,Nicaragua,57,2022,5,16,2,Medio
9879,2022-09-16,Cerro Verde,Honduras,30,2022,9,16,3,Medio
9880,2023-10-14,Cerro Verde,Estados Unidos,36,2023,10,14,4,Medio
9881,2024-01-12,Sunset Park,Guatemala,44,2024,1,12,1,Medio
9882,2021-06-08,Cerro Verde,Mexico,65,2021,6,8,2,Alto
9883,2023-07-17,Sunset Park,España,74,2023,7,17,3,Alto
9884,2021-06-28,Puerta Del Diablo,España,46,2021,6,28,2,Medio
9885,2022-07-11,Sunset Park,Estados Unidos,68,2022,7,11,3,Alto
9886,2024-07-06,Puerta Del Diablo,España,51,2024,7,6,3,Medio
9887,2022-12-27,Puerta Del Diablo,Mexico,65,2022,12,27,4,Alto
9888,2022-01-03,Balboa,Nicaragua,42,2022,1,3,1,Medio
9889,2023-09-29,Balboa,Nicaragua,15,2023,9,29,3,Bajo
9890,2024-04-19,Sunset Park,Nicaragua,37,2024,4,19,2,Medio
9891,2021-03-17,Sunset Park,Mexico,12,2021,3,17,1,Bajo
9892,2021-05-07,Balboa,Canada,57,2021,5,7,2,Medio
9893,2024-05-29,Cerro Verde,Mexico,42,2024,5,29,2,Medio
9894,2023-10-25,Balboa,Mexico,76,2023,10,25,4,Alto
9895,2024-02-10,Balboa,Mexico,15,2024,2,10,1,Bajo
9896,2024-05-03,Balboa,Nicaragua,37,2024,5,3,2,Medio
9897,2023-07-08,Balboa,Honduras,11,2023,7,8,3,Bajo
9898,2023-09-16,Balboa,Estados Unidos,13,2023,9,16,3,Bajo
9899,2024-06-06,Amulapa,Canada,14,2024,6,6,2,Bajo
9900,2023-06-27,Puerta Del Diablo,Estados Unidos,7,2023,6,27,2,Bajo
9901,2022-05-08,Apulo,Mexico,27,2022,5,8,2,Bajo
9902,2022-12-27,Balboa,Mexico,32,2022,12,27,4,Medio
9903,2023-05-01,Balboa,Mexico,56,2023,5,1,2,Medio
9904,2023-04-29,Puerta Del Diablo,Honduras,47,2023,4,29,2,Medio
9905,2024-12-20,Sunset Park,Nicaragua,12,2024,12,20,4,Bajo
9906,2022-03-09,Amulapa,Costa Rica,60,2022,3,9,1,Alto
9907,2021-12-28,Amulapa,España,45,2021,12,28,4,Medio
9908,2023-10-26,Sunset Park,Nicaragua,60,2023,10,26,4,Alto
9909,2024-07-18,Cerro Verde,Canada,30,2024,7,18,3,Medio
9910,2023-02-01,Cerro Verde,Nicaragua,7,2023,2,1,1,Bajo
9911,2023-08-17,Apulo,Honduras,30,2023,8,17,3,Medio
9912,2022-09-09,Puerta Del Diablo,Mexico,27,2022,9,9,3,Bajo
9913,2022-09-08,Puerta Del Diablo,Mexico,37,2022,9,8,3,Medio
9914,2022-02-12,Balboa,Guatemala,16,2022,2,12,1,Bajo
9915,2022-07-09,Apulo,Canada,10,2022,7,9,3,Bajo
9916,2022-04-13,Puerta Del Diablo,Canada,50,2022,4,13,2,Medio
9917,2022-09-20,Amulapa,Costa Rica,72,2022,9,20,3,Alto
9918,2022-08-26,Apulo,Costa Rica,40,2022,8,26,3,Medio
9919,2022-02-24,Cerro Verde,Estados Unidos,79,2022,2,24,1,Alto
9920,2021-12-23,Amulapa,España,5,2021,12,23,4,Bajo
9921,2022-09-02,Cerro Verde,Canada,36,2022,9,2,3,Medio
9922,2024-06-13,Balboa,Canada,40,2024,6,13,2,Medio
9923,2022-02-14,Balboa,España,37,2022,2,14,1,Medio
9924,2021-09-24,Sunset Park,España,56,2021,9,24,3,Medio
9925,2024-02-15,Puerta Del Diablo,Nicaragua,47,2024,2,15,1,Medio
9926,2022-02-08,Puerta Del Diablo,Estados Unidos,9,2022,2,8,1,Bajo
9927,2024-08-24,Amulapa,Mexico,21,2024,8,24,3,Bajo
9928,2021-02-02,Amulapa,Estados Unidos,68,2021,2,2,1,Alto
9929,2023-10-23,Sunset Park,Honduras,18,2023,10,23,4,Bajo
9930,2022-09-15,Puerta Del Diablo,Honduras,14,2022,9,15,3,Bajo
9931,2022-09-16,Amulapa,Nicaragua,58,2022,9,16,3,Medio
9932,2022-09-20,Puerta Del Diablo,Guatemala,39,2022,9,20,3,Medio
9933,2021-01-19,Balboa,Mexico,62,2021,1,19,1,Alto
9934,2021-03-30,Apulo,Nicaragua,27,2021,3,30,1,Bajo
9935,2023-07-15,Cerro Verde,Estados Unidos,48,2023,7,15,3,Medio
9936,2022-12-22,Amulapa,Costa Rica,44,2022,12,22,4,Medio
9937,2021-06-02,Cerro Verde,Guatemala,45,2021,6,2,2,Medio
9938,2021-03-23,Amulapa,España,23,2021,3,23,1,Bajo
9939,2023-02-23,Cerro Verde,Canada,40,2023,2,23,1,Medio
9940,2022-01-27,Puerta Del Diablo,Estados Unidos,31,2022,1,27,1,Medio
9941,2021-12-29,Sunset Park,España,7,2021,12,29,4,Bajo
9942,2023-05-03,Sunset Park,Costa Rica,9,2023,5,3,2,Bajo
9943,2022-02-03,Cerro Verde,Guatemala,9,2022,2,3,1,Bajo
9944,2024-11-22,Amulapa,Mexico,74,2024,11,22,4,Alto
9945,2024-06-02,Balboa,Mexico,69,2024,6,2,2,Alto
9946,2024-02-13,Amulapa,Mexico,35,2024,2,13,1,Medio
9947,2023-02-22,Sunset Park,Costa Rica,47,2023,2,22,1,Medio
9948,2023-09-11,Balboa,Estados Unidos,47,2023,9,11,3,Medio
9949,2021-10-04,Puerta Del Diablo,Costa Rica,63,2021,10,4,4,Alto
9950,2023-02-25,Puerta Del Diablo,Costa Rica,36,2023,2,25,1,Medio
9951,2023-04-19,Apulo,Estados Unidos,11,2023,4,19,2,Bajo
9952,2023-04-05,Puerta Del Diablo,Estados Unidos,36,2023,4,5,2,Medio
9953,2021-07-29,Puerta Del Diablo,Mexico,9,2021,7,29,3,Bajo
9954,2024-05-18,Balboa,Costa Rica,76,2024,5,18,2,Alto
9955,2023-06-16,Sunset Park,Costa Rica,14,2023,6,16,2,Bajo
9956,2021-07-18,Sunset Park,Mexico,32,2021,7,18,3,Medio
9957,2021-11-16,Cerro Verde,España,58,2021,11,16,4,Medio
9958,2022-01-18,Balboa,España,32,2022,1,18,1,Medio
9959,2021-06-09,Balboa,Mexico,29,2021,6,9,2,Bajo
9960,2024-02-25,Apulo,Costa Rica,57,2024,2,25,1,Medio
9961,2024-11-13,Puerta Del Diablo,España,38,2024,11,13,4,Medio
9962,2022-03-04,Sunset Park,Mexico,74,2022,3,4,1,Alto
9963,2022-10-24,Cerro Verde,Mexico,62,2022,10,24,4,Alto
9964,2021-06-09,Apulo,Costa Rica,5,2021,6,9,2,Bajo
9965,2021-02-11,Apulo,Guatemala,48,2021,2,11,1,Medio
9966,2023-08-25,Puerta Del Diablo,Canada,25,2023,8,25,3,Bajo
9967,2023-08-25,Sunset Park,Nicaragua,13,2023,8,25,3,Bajo
9968,2022-03-11,Cerro Verde,Estados Unidos,77,2022,3,11,1,Alto
9969,2023-11-11,Amulapa,Costa Rica,53,2023,11,11,4,Medio
9970,2024-04-10,Balboa,Honduras,8,2024,4,10,2,Bajo
9971,2022-08-08,Puerta Del Diablo,Honduras,38,2022,8,8,3,Medio
9972,2023-06-09,Cerro Verde,Mexico,69,2023,6,9,2,Alto
9973,2024-04-10,Puerta Del Diablo,Estados Unidos,60,2024,4,10,2,Alto
9974,2024-08-31,Balboa,Mexico,46,2024,8,31,3,Medio
9975,2023-10-04,Balboa,Mexico,10,2023,10,4,4,Bajo
9976,2021-09-28,Cerro Verde,España,72,2021,9,28,3,Alto
9977,2022-11-20,Puerta Del Diablo,Nicaragua,17,2022,11,20,4,Bajo
9978,2021-01-26,Balboa,Costa Rica,69,2021,1,26,1,Alto
9979,2021-11-24,Apulo,Costa Rica,56,2021,11,24,4,Medio
9980,2023-10-23,Amulapa,Estados Unidos,14,2023,10,23,4,Bajo
9981,2022-12-14,Balboa,Honduras,63,2022,12,14,4,Alto
9982,2022-09-04,Amulapa,Canada,10,2022,9,4,3,Bajo
9983,2021-07-29,Cerro Verde,Costa Rica,54,2021,7,29,3,Medio
9984,2023-03-03,Amulapa,Nicaragua,17,2023,3,3,1,Bajo
9985,2023-10-24,Sunset Park,Nicaragua,73,2023,10,24,4,Alto
9986,2024-02-19,Balboa,Estados Unidos,30,2024,2,19,1,Medio
9987,2022-03-05,Apulo,Costa Rica,51,2022,3,5,1,Medio
9988,2021-05-07,Sunset Park,Canada,55,2021,5,7,2,Medio
9989,2021-02-21,Amulapa,Canada,11,2021,2,21,1,Bajo
9990,2024-07-14,Sunset Park,Mexico,70,2024,7,14,3,Alto
9991,2022-12-17,Amulapa,España,45,2022,12,17,4,Medio
9992,2023-02-07,Cerro Verde,Costa Rica,67,2023,2,7,1,Alto
9993,2021-07-15,Apulo,Canada,45,2021,7,15,3,Medio
9994,2021-04-20,Amulapa,Nicaragua,13,2021,4,20,2,Bajo
9995,2023-02-03,Balboa,Mexico,13,2023,2,3,1,Bajo
9996,2024-11-16,Balboa,Costa Rica,70,2024,11,16,4,Alto
9997,2022-01-05,Apulo,Nicaragua,67,2022,1,5,1,Alto
9998,2022-09-08,Balboa,Guatemala,39,2022,9,8,3,Medio
9999,2023-12-22,Amulapa,Guatemala,74,2023,12,22,4,Alto
10000,2023-03-30,Puerta Del Diablo,Costa Rica,11,2023,3,30,1,Bajo
10001,2024-04-21,Cerro Verde,Mexico,70,2024,4,21,2,Alto
10002,2021-08-17,Amulapa,Honduras,10,2021,8,17,3,Bajo
10003,2023-07-18,Cerro Verde,Estados Unidos,71,2023,7,18,3,Alto
10004,2024-03-02,Balboa,España,68,2024,3,2,1,Alto
10005,2021-05-14,Cerro Verde,Mexico,66,2021,5,14,2,Alto
10006,2024-02-08,Cerro Verde,Honduras,42,2024,2,8,1,Medio
10007,2021-09-28,Amulapa,España,51,2021,9,28,3,Medio
10008,2021-04-21,Apulo,Nicaragua,31,2021,4,21,2,Medio
10009,2024-09-02,Puerta Del Diablo,España,50,2024,9,2,3,Medio
10010,2024-12-31,Amulapa,Mexico,75,2024,12,31,4,Alto
10011,2021-06-30,Apulo,Mexico,76,2021,6,30,2,Alto
10012,2024-08-29,Amulapa,España,22,2024,8,29,3,Bajo
10013,2021-12-16,Apulo,Honduras,48,2021,12,16,4,Medio
10014,2021-12-02,Apulo,Canada,75,2021,12,2,4,Alto
10015,2021-09-27,Balboa,Guatemala,46,2021,9,27,3,Medio
10016,2022-06-17,Amulapa,Nicaragua,74,2022,6,17,2,Alto
10017,2022-03-26,Balboa,Guatemala,50,2022,3,26,1,Medio
10018,2024-07-23,Apulo,Mexico,56,2024,7,23,3,Medio
10019,2023-06-11,Apulo,Costa Rica,20,2023,6,11,2,Bajo
10020,2024-03-15,Puerta Del Diablo,Canada,22,2024,3,15,1,Bajo
10021,2021-12-27,Amulapa,Nicaragua,47,2021,12,27,4,Medio
10022,2022-07-18,Sunset Park,Nicaragua,78,2022,7,18,3,Alto
10023,2021-09-30,Apulo,Estados Unidos,67,2021,9,30,3,Alto
10024,2021-11-30,Puerta Del Diablo,España,59,2021,11,30,4,Medio
10025,2021-09-26,Balboa,España,78,2021,9,26,3,Alto
10026,2021-01-27,Puerta Del Diablo,España,28,2021,1,27,1,Bajo
10027,2024-06-04,Puerta Del Diablo,Mexico,29,2024,6,4,2,Bajo
10028,2021-10-17,Sunset Park,Costa Rica,79,2021,10,17,4,Alto
10029,2021-06-13,Amulapa,Mexico,70,2021,6,13,2,Alto
10030,2022-02-10,Sunset Park,Mexico,10,2022,2,10,1,Bajo
10031,2024-10-19,Amulapa,Mexico,43,2024,10,19,4,Medio
10032,2022-08-03,Apulo,Mexico,15,2022,8,3,3,Bajo
10033,2022-07-29,Sunset Park,Canada,18,2022,7,29,3,Bajo
10034,2023-01-24,Cerro Verde,Guatemala,38,2023,1,24,1,Medio
10035,2022-07-07,Balboa,Costa Rica,34,2022,7,7,3,Medio
10036,2021-11-08,Cerro Verde,Estados Unidos,61,2021,11,8,4,Alto
10037,2024-08-04,Balboa,Costa Rica,51,2024,8,4,3,Medio
10038,2023-08-31,Amulapa,Estados Unidos,79,2023,8,31,3,Alto
10039,2023-09-11,Sunset Park,Costa Rica,24,2023,9,11,3,Bajo
10040,2021-05-24,Balboa,Honduras,29,2021,5,24,2,Bajo
10041,2021-11-17,Apulo,Honduras,32,2021,11,17,4,Medio
10042,2024-10-01,Puerta Del Diablo,Mexico,17,2024,10,1,4,Bajo
10043,2024-11-24,Balboa,Estados Unidos,60,2024,11,24,4,Alto
10044,2023-03-24,Sunset Park,Honduras,53,2023,3,24,1,Medio
10045,2024-08-20,Cerro Verde,Costa Rica,27,2024,8,20,3,Bajo
10046,2021-02-12,Cerro Verde,Nicaragua,79,2021,2,12,1,Alto
10047,2024-05-28,Sunset Park,Honduras,68,2024,5,28,2,Alto
10048,2022-02-08,Sunset Park,Estados Unidos,19,2022,2,8,1,Bajo
10049,2023-11-22,Balboa,Guatemala,65,2023,11,22,4,Alto
10050,2024-05-07,Apulo,Honduras,52,2024,5,7,2,Medio
10051,2023-02-26,Balboa,Guatemala,58,2023,2,26,1,Medio
10052,2022-01-27,Puerta Del Diablo,Estados Unidos,55,2022,1,27,1,Medio
10053,2021-12-03,Sunset Park,Guatemala,31,2021,12,3,4,Medio
10054,2024-05-19,Sunset Park,Guatemala,54,2024,5,19,2,Medio
10055,2021-05-27,Apulo,Guatemala,77,2021,5,27,2,Alto
10056,2022-06-05,Balboa,Honduras,69,2022,6,5,2,Alto
10057,2024-10-09,Balboa,España,39,2024,10,9,4,Medio
10058,2023-07-02,Puerta Del Diablo,Mexico,19,2023,7,2,3,Bajo
10059,2024-02-21,Puerta Del Diablo,Canada,76,2024,2,21,1,Alto
10060,2023-01-23,Balboa,Estados Unidos,45,2023,1,23,1,Medio
10061,2022-10-12,Puerta Del Diablo,Estados Unidos,75,2022,10,12,4,Alto
10062,2023-02-04,Cerro Verde,Honduras,66,2023,2,4,1,Alto
10063,2022-10-25,Apulo,Costa Rica,47,2022,10,25,4,Medio
10064,2022-08-22,Cerro Verde,Costa Rica,11,2022,8,22,3,Bajo
10065,2022-05-09,Balboa,Canada,62,2022,5,9,2,Alto
10066,2024-11-16,Apulo,España,10,2024,11,16,4,Bajo
10067,2021-06-16,Apulo,Estados Unidos,25,2021,6,16,2,Bajo
10068,2022-02-06,Amulapa,Costa Rica,75,2022,2,6,1,Alto
10069,2023-01-03,Amulapa,Nicaragua,29,2023,1,3,1,Bajo
10070,2021-09-30,Apulo,Estados Unidos,15,2021,9,30,3,Bajo
10071,2022-11-09,Sunset Park,Guatemala,63,2022,11,9,4,Alto
10072,2021-11-22,Balboa,Nicaragua,44,2021,11,22,4,Medio
10073,2021-09-11,Cerro Verde,España,49,2021,9,11,3,Medio
10074,2022-04-16,Amulapa,Mexico,73,2022,4,16,2,Alto
10075,2024-11-16,Apulo,Honduras,45,2024,11,16,4,Medio
10076,2022-11-27,Balboa,Mexico,66,2022,11,27,4,Alto
10077,2022-09-08,Balboa,Nicaragua,72,2022,9,8,3,Alto
10078,2021-06-28,Amulapa,Honduras,70,2021,6,28,2,Alto
10079,2022-01-31,Amulapa,Estados Unidos,72,2022,1,31,1,Alto
10080,2021-03-22,Amulapa,Nicaragua,30,2021,3,22,1,Medio
10081,2023-11-05,Amulapa,Costa Rica,23,2023,11,5,4,Bajo
10082,2023-07-29,Apulo,Guatemala,79,2023,7,29,3,Alto
10083,2023-11-07,Sunset Park,Canada,45,2023,11,7,4,Medio
10084,2021-01-27,Amulapa,Canada,49,2021,1,27,1,Medio
10085,2024-10-22,Puerta Del Diablo,Canada,19,2024,10,22,4,Bajo
10086,2021-02-04,Sunset Park,Guatemala,21,2021,2,4,1,Bajo
10087,2024-07-27,Puerta Del Diablo,Mexico,54,2024,7,27,3,Medio
10088,2023-02-25,Puerta Del Diablo,Mexico,72,2023,2,25,1,Alto
10089,2024-06-04,Apulo,Canada,43,2024,6,4,2,Medio
10090,2021-08-07,Balboa,Canada,73,2021,8,7,3,Alto
10091,2021-12-30,Amulapa,España,70,2021,12,30,4,Alto
10092,2021-05-22,Balboa,Nicaragua,76,2021,5,22,2,Alto
10093,2023-02-05,Puerta Del Diablo,Canada,36,2023,2,5,1,Medio
10094,2021-01-15,Puerta Del Diablo,Mexico,60,2021,1,15,1,Alto
10095,2023-04-12,Cerro Verde,Nicaragua,29,2023,4,12,2,Bajo
10096,2024-07-12,Puerta Del Diablo,Estados Unidos,58,2024,7,12,3,Medio
10097,2024-06-07,Amulapa,Guatemala,17,2024,6,7,2,Bajo
10098,2021-12-02,Amulapa,Canada,50,2021,12,2,4,Medio
10099,2023-01-27,Balboa,Costa Rica,46,2023,1,27,1,Medio
10100,2024-11-24,Apulo,Guatemala,59,2024,11,24,4,Medio
10101,2023-03-06,Apulo,Nicaragua,28,2023,3,6,1,Bajo
10102,2022-08-10,Puerta Del Diablo,España,63,2022,8,10,3,Alto
10103,2021-10-18,Amulapa,Mexico,31,2021,10,18,4,Medio
10104,2024-12-04,Cerro Verde,Estados Unidos,49,2024,12,4,4,Medio
10105,2023-06-11,Balboa,Canada,68,2023,6,11,2,Alto
10106,2022-11-26,Balboa,Guatemala,12,2022,11,26,4,Bajo
10107,2022-07-17,Balboa,España,7,2022,7,17,3,Bajo
10108,2023-08-15,Cerro Verde,Mexico,19,2023,8,15,3,Bajo
10109,2021-05-18,Cerro Verde,Nicaragua,77,2021,5,18,2,Alto
10110,2024-12-26,Puerta Del Diablo,Nicaragua,37,2024,12,26,4,Medio
10111,2021-12-14,Cerro Verde,Costa Rica,54,2021,12,14,4,Medio
10112,2024-08-15,Apulo,Honduras,52,2024,8,15,3,Medio
10113,2021-08-16,Balboa,España,68,2021,8,16,3,Alto
10114,2023-07-24,Balboa,Mexico,57,2023,7,24,3,Medio
10115,2022-06-05,Balboa,Costa Rica,53,2022,6,5,2,Medio
10116,2022-12-23,Cerro Verde,Mexico,75,2022,12,23,4,Alto
10117,2021-12-03,Amulapa,España,66,2021,12,3,4,Alto
10118,2023-03-05,Sunset Park,Honduras,23,2023,3,5,1,Bajo
10119,2024-01-22,Amulapa,Nicaragua,21,2024,1,22,1,Bajo
10120,2022-06-18,Amulapa,Canada,61,2022,6,18,2,Alto
10121,2023-10-01,Cerro Verde,Mexico,61,2023,10,1,4,Alto
10122,2024-11-25,Amulapa,Nicaragua,78,2024,11,25,4,Alto
10123,2022-06-15,Puerta Del Diablo,Canada,75,2022,6,15,2,Alto
10124,2022-02-13,Cerro Verde,España,74,2022,2,13,1,Alto
10125,2022-03-29,Apulo,Costa Rica,75,2022,3,29,1,Alto
10126,2021-03-03,Apulo,Costa Rica,27,2021,3,3,1,Bajo
10127,2021-07-14,Balboa,Mexico,8,2021,7,14,3,Bajo
10128,2024-08-17,Amulapa,Estados Unidos,74,2024,8,17,3,Alto
10129,2024-07-20,Apulo,Guatemala,55,2024,7,20,3,Medio
10130,2021-02-13,Sunset Park,Mexico,70,2021,2,13,1,Alto
10131,2023-09-15,Puerta Del Diablo,Honduras,12,2023,9,15,3,Bajo
10132,2024-01-09,Puerta Del Diablo,Honduras,8,2024,1,9,1,Bajo
10133,2022-03-24,Amulapa,Estados Unidos,49,2022,3,24,1,Medio
10134,2021-03-06,Balboa,Guatemala,13,2021,3,6,1,Bajo
10135,2022-08-07,Balboa,España,50,2022,8,7,3,Medio
10136,2022-10-18,Puerta Del Diablo,Canada,57,2022,10,18,4,Medio
10137,2022-02-10,Amulapa,Canada,35,2022,2,10,1,Medio
10138,2024-07-03,Balboa,Nicaragua,7,2024,7,3,3,Bajo
10139,2022-05-06,Cerro Verde,Estados Unidos,30,2022,5,6,2,Medio
10140,2023-08-23,Sunset Park,Guatemala,7,2023,8,23,3,Bajo
10141,2024-12-10,Cerro Verde,Guatemala,35,2024,12,10,4,Medio
10142,2022-11-28,Apulo,Honduras,6,2022,11,28,4,Bajo
10143,2021-10-10,Apulo,España,58,2021,10,10,4,Medio
10144,2023-12-08,Cerro Verde,Nicaragua,61,2023,12,8,4,Alto
10145,2022-06-15,Apulo,Guatemala,33,2022,6,15,2,Medio
10146,2023-05-03,Sunset Park,Estados Unidos,24,2023,5,3,2,Bajo
10147,2022-11-16,Balboa,España,65,2022,11,16,4,Alto
10148,2021-03-29,Puerta Del Diablo,España,7,2021,3,29,1,Bajo
10149,2022-07-10,Cerro Verde,Costa Rica,40,2022,7,10,3,Medio
10150,2024-03-01,Apulo,España,19,2024,3,1,1,Bajo
10151,2022-10-04,Apulo,Mexico,38,2022,10,4,4,Medio
10152,2024-05-25,Amulapa,Costa Rica,59,2024,5,25,2,Medio
10153,2021-01-18,Cerro Verde,Estados Unidos,65,2021,1,18,1,Alto
10154,2021-10-09,Apulo,Honduras,44,2021,10,9,4,Medio
10155,2022-09-03,Amulapa,España,17,2022,9,3,3,Bajo
10156,2023-03-30,Cerro Verde,Estados Unidos,6,2023,3,30,1,Bajo
10157,2023-06-18,Apulo,Nicaragua,63,2023,6,18,2,Alto
10158,2022-04-23,Puerta Del Diablo,Mexico,62,2022,4,23,2,Alto
10159,2021-01-07,Balboa,Guatemala,21,2021,1,7,1,Bajo
10160,2023-03-28,Sunset Park,Nicaragua,72,2023,3,28,1,Alto
10161,2024-05-13,Apulo,Estados Unidos,58,2024,5,13,2,Medio
10162,2023-09-11,Puerta Del Diablo,Honduras,30,2023,9,11,3,Medio
10163,2023-10-25,Cerro Verde,Estados Unidos,48,2023,10,25,4,Medio
10164,2022-05-17,Apulo,Costa Rica,76,2022,5,17,2,Alto
10165,2022-06-14,Sunset Park,Guatemala,29,2022,6,14,2,Bajo
10166,2024-01-16,Sunset Park,España,14,2024,1,16,1,Bajo
10167,2023-02-04,Apulo,Estados Unidos,67,2023,2,4,1,Alto
10168,2022-12-07,Cerro Verde,Costa Rica,68,2022,12,7,4,Alto
10169,2021-03-24,Apulo,Nicaragua,23,2021,3,24,1,Bajo
10170,2022-02-09,Cerro Verde,Mexico,28,2022,2,9,1,Bajo
10171,2023-01-23,Cerro Verde,Nicaragua,52,2023,1,23,1,Medio
10172,2024-01-24,Apulo,Estados Unidos,77,2024,1,24,1,Alto
10173,2024-01-31,Cerro Verde,Guatemala,32,2024,1,31,1,Medio
10174,2023-01-12,Balboa,Honduras,42,2023,1,12,1,Medio
10175,2021-03-08,Cerro Verde,Mexico,7,2021,3,8,1,Bajo
10176,2022-11-18,Puerta Del Diablo,Costa Rica,45,2022,11,18,4,Medio
10177,2023-12-11,Cerro Verde,España,10,2023,12,11,4,Bajo
10178,2022-02-01,Balboa,Guatemala,40,2022,2,1,1,Medio
10179,2021-12-11,Balboa,Estados Unidos,45,2021,12,11,4,Medio
10180,2022-02-05,Sunset Park,Nicaragua,6,2022,2,5,1,Bajo
10181,2024-04-25,Amulapa,Estados Unidos,8,2024,4,25,2,Bajo
10182,2024-07-08,Balboa,Costa Rica,33,2024,7,8,3,Medio
10183,2023-10-17,Apulo,Canada,20,2023,10,17,4,Bajo
10184,2024-03-07,Amulapa,Estados Unidos,68,2024,3,7,1,Alto
10185,2021-08-05,Apulo,Honduras,77,2021,8,5,3,Alto
10186,2022-06-06,Cerro Verde,Estados Unidos,20,2022,6,6,2,Bajo
10187,2024-11-22,Balboa,Canada,70,2024,11,22,4,Alto
10188,2024-05-14,Apulo,Costa Rica,12,2024,5,14,2,Bajo
10189,2021-05-01,Amulapa,Mexico,11,2021,5,1,2,Bajo
10190,2021-10-17,Balboa,España,72,2021,10,17,4,Alto
10191,2024-12-29,Amulapa,Guatemala,46,2024,12,29,4,Medio
10192,2021-03-30,Balboa,Guatemala,52,2021,3,30,1,Medio
10193,2022-03-10,Sunset Park,Honduras,71,2022,3,10,1,Alto
10194,2022-06-29,Apulo,Honduras,32,2022,6,29,2,Medio
10195,2023-11-18,Cerro Verde,Nicaragua,36,2023,11,18,4,Medio
10196,2023-05-14,Apulo,Costa Rica,48,2023,5,14,2,Medio
10197,2021-09-08,Sunset Park,Costa Rica,56,2021,9,8,3,Medio
10198,2023-07-14,Cerro Verde,Canada,65,2023,7,14,3,Alto
10199,2024-01-26,Cerro Verde,Mexico,60,2024,1,26,1,Alto
10200,2021-10-24,Balboa,Honduras,40,2021,10,24,4,Medio
10201,2023-06-20,Apulo,Costa Rica,73,2023,6,20,2,Alto
10202,2021-07-08,Puerta Del Diablo,Honduras,74,2021,7,8,3,Alto
10203,2024-04-08,Puerta Del Diablo,Estados Unidos,7,2024,4,8,2,Bajo
10204,2022-10-15,Puerta Del Diablo,Canada,30,2022,10,15,4,Medio
10205,2023-01-11,Balboa,Canada,66,2023,1,11,1,Alto
10206,2021-04-27,Puerta Del Diablo,Honduras,38,2021,4,27,2,Medio
10207,2024-12-04,Amulapa,Canada,7,2024,12,4,4,Bajo
10208,2024-09-11,Puerta Del Diablo,Guatemala,6,2024,9,11,3,Bajo
10209,2021-06-14,Cerro Verde,España,49,2021,6,14,2,Medio
10210,2021-02-19,Cerro Verde,Canada,5,2021,2,19,1,Bajo
10211,2023-05-14,Amulapa,Honduras,75,2023,5,14,2,Alto
10212,2021-09-12,Puerta Del Diablo,Honduras,59,2021,9,12,3,Medio
10213,2022-03-02,Balboa,Estados Unidos,61,2022,3,2,1,Alto
10214,2022-06-14,Amulapa,España,66,2022,6,14,2,Alto
10215,2023-06-16,Sunset Park,Canada,23,2023,6,16,2,Bajo
10216,2023-12-07,Balboa,Honduras,31,2023,12,7,4,Medio
10217,2022-04-27,Sunset Park,Canada,13,2022,4,27,2,Bajo
10218,2021-07-30,Cerro Verde,Mexico,18,2021,7,30,3,Bajo
10219,2021-06-25,Puerta Del Diablo,Canada,46,2021,6,25,2,Medio
10220,2023-10-31,Apulo,Honduras,65,2023,10,31,4,Alto
10221,2022-05-20,Sunset Park,Mexico,28,2022,5,20,2,Bajo
10222,2021-11-17,Amulapa,España,75,2021,11,17,4,Alto
10223,2023-11-20,Puerta Del Diablo,Honduras,34,2023,11,20,4,Medio
10224,2022-03-15,Amulapa,Guatemala,9,2022,3,15,1,Bajo
10225,2023-12-23,Cerro Verde,Costa Rica,14,2023,12,23,4,Bajo
10226,2021-07-10,Puerta Del Diablo,Canada,15,2021,7,10,3,Bajo
10227,2022-12-14,Amulapa,España,72,2022,12,14,4,Alto
10228,2023-08-27,Puerta Del Diablo,Canada,70,2023,8,27,3,Alto
10229,2021-03-14,Apulo,Mexico,44,2021,3,14,1,Medio
10230,2023-06-19,Sunset Park,España,44,2023,6,19,2,Medio
10231,2023-12-22,Puerta Del Diablo,Mexico,25,2023,12,22,4,Bajo
10232,2021-02-08,Amulapa,Guatemala,78,2021,2,8,1,Alto
10233,2023-01-07,Sunset Park,Estados Unidos,59,2023,1,7,1,Medio
10234,2023-08-17,Sunset Park,Costa Rica,34,2023,8,17,3,Medio
10235,2022-12-22,Balboa,Estados Unidos,77,2022,12,22,4,Alto
10236,2021-11-25,Apulo,Guatemala,75,2021,11,25,4,Alto
10237,2021-06-06,Cerro Verde,Canada,23,2021,6,6,2,Bajo
10238,2024-12-15,Amulapa,Honduras,20,2024,12,15,4,Bajo
10239,2024-03-08,Balboa,Honduras,33,2024,3,8,1,Medio
10240,2022-02-20,Cerro Verde,Canada,22,2022,2,20,1,Bajo
10241,2021-02-07,Balboa,Nicaragua,18,2021,2,7,1,Bajo
10242,2024-02-09,Sunset Park,España,67,2024,2,9,1,Alto
10243,2021-03-08,Puerta Del Diablo,Guatemala,66,2021,3,8,1,Alto
10244,2022-04-04,Amulapa,Canada,65,2022,4,4,2,Alto
10245,2021-02-09,Sunset Park,Guatemala,78,2021,2,9,1,Alto
10246,2022-01-09,Amulapa,Costa Rica,16,2022,1,9,1,Bajo
10247,2022-02-11,Puerta Del Diablo,Canada,48,2022,2,11,1,Medio
10248,2024-08-05,Puerta Del Diablo,Costa Rica,39,2024,8,5,3,Medio
10249,2022-10-24,Balboa,Costa Rica,25,2022,10,24,4,Bajo
10250,2022-01-01,Sunset Park,Costa Rica,50,2022,1,1,1,Medio
10251,2021-03-18,Apulo,Nicaragua,37,2021,3,18,1,Medio
10252,2024-01-05,Balboa,Mexico,14,2024,1,5,1,Bajo
10253,2023-12-06,Cerro Verde,Estados Unidos,47,2023,12,6,4,Medio
10254,2023-05-26,Apulo,Guatemala,26,2023,5,26,2,Bajo
10255,2022-12-24,Balboa,Guatemala,74,2022,12,24,4,Alto
10256,2023-02-12,Cerro Verde,Nicaragua,63,2023,2,12,1,Alto
10257,2024-04-27,Cerro Verde,España,66,2024,4,27,2,Alto
10258,2021-12-21,Apulo,España,75,2021,12,21,4,Alto
10259,2023-03-23,Apulo,Estados Unidos,30,2023,3,23,1,Medio
10260,2024-07-07,Balboa,Costa Rica,78,2024,7,7,3,Alto
10261,2024-02-11,Puerta Del Diablo,Nicaragua,49,2024,2,11,1,Medio
10262,2024-03-23,Puerta Del Diablo,Nicaragua,40,2024,3,23,1,Medio
10263,2023-12-09,Amulapa,Guatemala,63,2023,12,9,4,Alto
10264,2023-06-23,Amulapa,Honduras,14,2023,6,23,2,Bajo
10265,2021-06-05,Sunset Park,Mexico,20,2021,6,5,2,Bajo
10266,2023-03-07,Cerro Verde,Costa Rica,41,2023,3,7,1,Medio
10267,2022-07-19,Balboa,Guatemala,10,2022,7,19,3,Bajo
10268,2024-04-28,Balboa,Guatemala,46,2024,4,28,2,Medio
10269,2021-04-04,Cerro Verde,Estados Unidos,27,2021,4,4,2,Bajo
10270,2021-08-03,Cerro Verde,España,61,2021,8,3,3,Alto
10271,2024-04-11,Amulapa,Canada,58,2024,4,11,2,Medio
10272,2024-07-10,Sunset Park,Canada,54,2024,7,10,3,Medio
10273,2021-01-10,Cerro Verde,Mexico,23,2021,1,10,1,Bajo
10274,2024-05-23,Amulapa,Canada,29,2024,5,23,2,Bajo
10275,2024-07-19,Apulo,Estados Unidos,32,2024,7,19,3,Medio
10276,2023-02-14,Puerta Del Diablo,Estados Unidos,31,2023,2,14,1,Medio
10277,2022-04-02,Sunset Park,Costa Rica,42,2022,4,2,2,Medio
10278,2023-07-25,Puerta Del Diablo,Guatemala,7,2023,7,25,3,Bajo
10279,2021-08-13,Balboa,Canada,64,2021,8,13,3,Alto
10280,2023-08-28,Cerro Verde,Mexico,43,2023,8,28,3,Medio
10281,2021-11-18,Amulapa,Mexico,59,2021,11,18,4,Medio
10282,2022-12-28,Cerro Verde,Nicaragua,50,2022,12,28,4,Medio
10283,2023-12-08,Puerta Del Diablo,Guatemala,63,2023,12,8,4,Alto
10284,2022-11-12,Sunset Park,Mexico,49,2022,11,12,4,Medio
10285,2024-11-27,Amulapa,Canada,63,2024,11,27,4,Alto
10286,2023-01-18,Apulo,España,28,2023,1,18,1,Bajo
10287,2022-10-05,Balboa,Honduras,43,2022,10,5,4,Medio
10288,2021-10-28,Amulapa,Guatemala,7,2021,10,28,4,Bajo
10289,2023-02-25,Amulapa,Mexico,8,2023,2,25,1,Bajo
10290,2023-08-03,Puerta Del Diablo,Nicaragua,9,2023,8,3,3,Bajo
10291,2023-12-29,Apulo,España,57,2023,12,29,4,Medio
10292,2021-03-11,Puerta Del Diablo,Estados Unidos,12,2021,3,11,1,Bajo
10293,2022-10-08,Cerro Verde,Nicaragua,63,2022,10,8,4,Alto
10294,2021-12-24,Sunset Park,Mexico,77,2021,12,24,4,Alto
10295,2024-02-12,Balboa,Canada,14,2024,2,12,1,Bajo
10296,2021-08-01,Apulo,Canada,14,2021,8,1,3,Bajo
10297,2023-02-17,Sunset Park,Estados Unidos,43,2023,2,17,1,Medio
10298,2023-05-20,Amulapa,España,78,2023,5,20,2,Alto
10299,2024-10-31,Cerro Verde,Nicaragua,41,2024,10,31,4,Medio
10300,2023-11-22,Cerro Verde,Estados Unidos,58,2023,11,22,4,Medio
10301,2023-11-15,Amulapa,Nicaragua,62,2023,11,15,4,Alto
10302,2023-07-12,Sunset Park,España,45,2023,7,12,3,Medio
10303,2022-07-01,Amulapa,Canada,56,2022,7,1,3,Medio
10304,2021-12-18,Sunset Park,Mexico,46,2021,12,18,4,Medio
10305,2021-10-09,Puerta Del Diablo,Honduras,19,2021,10,9,4,Bajo
10306,2023-06-24,Sunset Park,Estados Unidos,61,2023,6,24,2,Alto
10307,2023-10-05,Amulapa,Guatemala,65,2023,10,5,4,Alto
10308,2023-06-19,Amulapa,Costa Rica,76,2023,6,19,2,Alto
10309,2021-08-09,Amulapa,Canada,43,2021,8,9,3,Medio
10310,2024-10-15,Apulo,Canada,70,2024,10,15,4,Alto
10311,2022-09-11,Balboa,Guatemala,9,2022,9,11,3,Bajo
10312,2024-11-25,Amulapa,Honduras,15,2024,11,25,4,Bajo
10313,2023-10-29,Amulapa,Honduras,44,2023,10,29,4,Medio
10314,2022-07-01,Puerta Del Diablo,España,25,2022,7,1,3,Bajo
10315,2024-11-21,Apulo,Guatemala,75,2024,11,21,4,Alto
10316,2023-02-05,Sunset Park,Nicaragua,33,2023,2,5,1,Medio
10317,2021-09-17,Cerro Verde,Costa Rica,43,2021,9,17,3,Medio
10318,2022-03-17,Sunset Park,Estados Unidos,14,2022,3,17,1,Bajo
10319,2023-07-09,Apulo,Estados Unidos,37,2023,7,9,3,Medio
10320,2023-10-06,Balboa,Costa Rica,22,2023,10,6,4,Bajo
10321,2022-07-05,Balboa,Estados Unidos,35,2022,7,5,3,Medio
10322,2022-09-16,Sunset Park,Costa Rica,54,2022,9,16,3,Medio
10323,2021-12-24,Sunset Park,Mexico,74,2021,12,24,4,Alto
10324,2021-03-11,Balboa,Nicaragua,40,2021,3,11,1,Medio
10325,2022-05-16,Cerro Verde,Guatemala,11,2022,5,16,2,Bajo
10326,2022-07-24,Apulo,Canada,61,2022,7,24,3,Alto
10327,2021-01-12,Cerro Verde,España,9,2021,1,12,1,Bajo
10328,2022-10-31,Balboa,Mexico,38,2022,10,31,4,Medio
10329,2021-08-18,Amulapa,Nicaragua,28,2021,8,18,3,Bajo
10330,2022-06-28,Apulo,Honduras,18,2022,6,28,2,Bajo
10331,2024-04-15,Puerta Del Diablo,Canada,65,2024,4,15,2,Alto
10332,2024-07-12,Apulo,Honduras,51,2024,7,12,3,Medio
10333,2022-03-04,Cerro Verde,Mexico,33,2022,3,4,1,Medio
10334,2024-07-19,Cerro Verde,España,17,2024,7,19,3,Bajo
10335,2022-07-17,Amulapa,España,51,2022,7,17,3,Medio
10336,2023-11-05,Apulo,Estados Unidos,78,2023,11,5,4,Alto
10337,2021-05-18,Amulapa,Guatemala,15,2021,5,18,2,Bajo
10338,2024-08-10,Sunset Park,Guatemala,21,2024,8,10,3,Bajo
10339,2021-05-05,Apulo,España,52,2021,5,5,2,Medio
10340,2023-07-08,Balboa,Honduras,73,2023,7,8,3,Alto
10341,2021-06-14,Apulo,Nicaragua,21,2021,6,14,2,Bajo
10342,2021-11-25,Cerro Verde,Honduras,35,2021,11,25,4,Medio
10343,2024-06-10,Sunset Park,Guatemala,41,2024,6,10,2,Medio
10344,2022-04-10,Sunset Park,Guatemala,15,2022,4,10,2,Bajo
10345,2021-10-18,Sunset Park,Nicaragua,78,2021,10,18,4,Alto
10346,2022-10-20,Puerta Del Diablo,España,28,2022,10,20,4,Bajo
10347,2024-03-06,Cerro Verde,Mexico,57,2024,3,6,1,Medio
10348,2024-10-23,Sunset Park,Honduras,17,2024,10,23,4,Bajo
10349,2023-07-26,Sunset Park,Mexico,19,2023,7,26,3,Bajo
10350,2024-02-20,Cerro Verde,Guatemala,20,2024,2,20,1,Bajo
10351,2022-12-26,Puerta Del Diablo,Estados Unidos,38,2022,12,26,4,Medio
10352,2022-07-29,Sunset Park,España,63,2022,7,29,3,Alto
10353,2023-08-23,Amulapa,Guatemala,47,2023,8,23,3,Medio
10354,2021-07-08,Sunset Park,Nicaragua,27,2021,7,8,3,Bajo
10355,2021-12-31,Cerro Verde,Canada,51,2021,12,31,4,Medio
10356,2024-03-26,Cerro Verde,España,70,2024,3,26,1,Alto
10357,2023-08-13,Apulo,Honduras,79,2023,8,13,3,Alto
10358,2024-08-11,Puerta Del Diablo,España,51,2024,8,11,3,Medio
10359,2024-08-18,Balboa,Costa Rica,22,2024,8,18,3,Bajo
10360,2022-07-31,Balboa,Mexico,44,2022,7,31,3,Medio
10361,2023-03-05,Balboa,Guatemala,24,2023,3,5,1,Bajo
10362,2023-07-05,Balboa,Costa Rica,29,2023,7,5,3,Bajo
10363,2021-07-19,Balboa,Canada,7,2021,7,19,3,Bajo
10364,2024-09-02,Puerta Del Diablo,Guatemala,35,2024,9,2,3,Medio
10365,2022-07-18,Amulapa,España,51,2022,7,18,3,Medio
10366,2021-04-22,Cerro Verde,Costa Rica,74,2021,4,22,2,Alto
10367,2024-12-27,Cerro Verde,Guatemala,35,2024,12,27,4,Medio
10368,2023-11-18,Balboa,Costa Rica,32,2023,11,18,4,Medio
10369,2021-08-04,Puerta Del Diablo,Honduras,61,2021,8,4,3,Alto
10370,2023-08-09,Apulo,Canada,51,2023,8,9,3,Medio
10371,2021-12-24,Apulo,España,64,2021,12,24,4,Alto
10372,2022-09-23,Amulapa,Costa Rica,32,2022,9,23,3,Medio
10373,2022-07-10,Apulo,Costa Rica,25,2022,7,10,3,Bajo
10374,2021-06-22,Amulapa,Estados Unidos,53,2021,6,22,2,Medio
10375,2023-10-03,Puerta Del Diablo,Honduras,65,2023,10,3,4,Alto
10376,2021-03-14,Sunset Park,España,8,2021,3,14,1,Bajo
10377,2024-04-25,Apulo,Honduras,6,2024,4,25,2,Bajo
10378,2021-07-09,Cerro Verde,Nicaragua,60,2021,7,9,3,Alto
10379,2022-07-06,Balboa,Honduras,35,2022,7,6,3,Medio
10380,2023-07-18,Sunset Park,Guatemala,26,2023,7,18,3,Bajo
10381,2023-04-16,Balboa,Estados Unidos,59,2023,4,16,2,Medio
10382,2024-04-24,Cerro Verde,España,27,2024,4,24,2,Bajo
10383,2021-06-22,Balboa,Mexico,56,2021,6,22,2,Medio
10384,2022-08-07,Amulapa,Honduras,15,2022,8,7,3,Bajo
10385,2022-02-16,Puerta Del Diablo,Mexico,64,2022,2,16,1,Alto
10386,2023-07-22,Amulapa,España,64,2023,7,22,3,Alto
10387,2022-05-07,Puerta Del Diablo,Costa Rica,73,2022,5,7,2,Alto
10388,2022-09-24,Cerro Verde,España,31,2022,9,24,3,Medio
10389,2021-10-06,Apulo,Costa Rica,7,2021,10,6,4,Bajo
10390,2021-11-20,Apulo,Nicaragua,26,2021,11,20,4,Bajo
10391,2024-11-27,Balboa,Costa Rica,39,2024,11,27,4,Medio
10392,2023-03-12,Cerro Verde,España,47,2023,3,12,1,Medio
10393,2021-08-17,Cerro Verde,Estados Unidos,75,2021,8,17,3,Alto
10394,2023-08-30,Puerta Del Diablo,Nicaragua,71,2023,8,30,3,Alto
10395,2021-03-20,Apulo,España,49,2021,3,20,1,Medio
10396,2024-04-25,Apulo,Mexico,61,2024,4,25,2,Alto
10397,2022-03-31,Sunset Park,Costa Rica,34,2022,3,31,1,Medio
10398,2024-10-06,Puerta Del Diablo,Estados Unidos,16,2024,10,6,4,Bajo
10399,2023-11-07,Apulo,Estados Unidos,67,2023,11,7,4,Alto
10400,2021-10-06,Apulo,Honduras,52,2021,10,6,4,Medio
10401,2021-08-03,Amulapa,Honduras,38,2021,8,3,3,Medio
10402,2023-08-21,Balboa,Guatemala,78,2023,8,21,3,Alto
10403,2021-09-08,Apulo,España,55,2021,9,8,3,Medio
10404,2023-07-30,Balboa,Honduras,31,2023,7,30,3,Medio
10405,2024-08-09,Apulo,Honduras,73,2024,8,9,3,Alto
10406,2024-11-14,Amulapa,Canada,15,2024,11,14,4,Bajo
10407,2022-01-07,Amulapa,Honduras,54,2022,1,7,1,Medio
10408,2022-04-18,Balboa,Nicaragua,14,2022,4,18,2,Bajo
10409,2023-08-12,Puerta Del Diablo,Mexico,29,2023,8,12,3,Bajo
10410,2024-02-14,Balboa,Mexico,10,2024,2,14,1,Bajo
10411,2021-03-05,Apulo,España,79,2021,3,5,1,Alto
10412,2021-10-02,Puerta Del Diablo,Mexico,24,2021,10,2,4,Bajo
10413,2022-07-27,Amulapa,Mexico,19,2022,7,27,3,Bajo
10414,2023-08-06,Cerro Verde,España,8,2023,8,6,3,Bajo
10415,2023-04-22,Apulo,Canada,72,2023,4,22,2,Alto
10416,2024-01-08,Apulo,Estados Unidos,48,2024,1,8,1,Medio
10417,2022-11-24,Sunset Park,Guatemala,9,2022,11,24,4,Bajo
10418,2022-11-05,Sunset Park,Guatemala,22,2022,11,5,4,Bajo
10419,2022-05-15,Puerta Del Diablo,España,29,2022,5,15,2,Bajo
10420,2021-10-07,Amulapa,Costa Rica,7,2021,10,7,4,Bajo
10421,2024-03-02,Cerro Verde,España,17,2024,3,2,1,Bajo
10422,2024-01-20,Balboa,Nicaragua,13,2024,1,20,1,Bajo
10423,2024-12-03,Amulapa,Costa Rica,32,2024,12,3,4,Medio
10424,2023-01-06,Sunset Park,Mexico,12,2023,1,6,1,Bajo
10425,2021-03-03,Cerro Verde,Guatemala,14,2021,3,3,1,Bajo
10426,2023-06-01,Cerro Verde,Guatemala,35,2023,6,1,2,Medio
10427,2023-04-30,Puerta Del Diablo,Canada,67,2023,4,30,2,Alto
10428,2022-04-01,Balboa,Costa Rica,48,2022,4,1,2,Medio
10429,2024-11-28,Puerta Del Diablo,Nicaragua,72,2024,11,28,4,Alto
10430,2022-08-29,Cerro Verde,Mexico,20,2022,8,29,3,Bajo
10431,2023-03-27,Balboa,Honduras,5,2023,3,27,1,Bajo
10432,2021-11-08,Amulapa,Costa Rica,72,2021,11,8,4,Alto
10433,2024-10-16,Apulo,Estados Unidos,54,2024,10,16,4,Medio
10434,2024-07-31,Sunset Park,Mexico,34,2024,7,31,3,Medio
10435,2021-10-12,Amulapa,Canada,32,2021,10,12,4,Medio
10436,2022-06-22,Balboa,Canada,67,2022,6,22,2,Alto
10437,2024-11-25,Sunset Park,Costa Rica,18,2024,11,25,4,Bajo
10438,2022-05-21,Amulapa,Nicaragua,50,2022,5,21,2,Medio
10439,2024-08-18,Apulo,España,55,2024,8,18,3,Medio
10440,2023-08-26,Amulapa,Estados Unidos,8,2023,8,26,3,Bajo
10441,2024-10-07,Amulapa,España,69,2024,10,7,4,Alto
10442,2024-12-25,Puerta Del Diablo,Estados Unidos,63,2024,12,25,4,Alto
10443,2023-03-01,Puerta Del Diablo,España,26,2023,3,1,1,Bajo
10444,2023-03-27,Cerro Verde,Guatemala,15,2023,3,27,1,Bajo
10445,2023-03-11,Puerta Del Diablo,España,75,2023,3,11,1,Alto
10446,2021-04-28,Balboa,Costa Rica,31,2021,4,28,2,Medio
10447,2024-06-19,Sunset Park,Guatemala,65,2024,6,19,2,Alto
10448,2021-12-22,Amulapa,Honduras,32,2021,12,22,4,Medio
10449,2022-12-20,Balboa,Estados Unidos,7,2022,12,20,4,Bajo
10450,2021-07-30,Sunset Park,Nicaragua,47,2021,7,30,3,Medio
10451,2023-02-01,Apulo,Canada,39,2023,2,1,1,Medio
10452,2022-06-13,Sunset Park,Guatemala,55,2022,6,13,2,Medio
10453,2021-06-15,Cerro Verde,Honduras,37,2021,6,15,2,Medio
10454,2021-12-13,Puerta Del Diablo,Nicaragua,44,2021,12,13,4,Medio
10455,2023-10-10,Balboa,Guatemala,52,2023,10,10,4,Medio
10456,2021-05-17,Amulapa,Honduras,72,2021,5,17,2,Alto
10457,2021-03-07,Balboa,Mexico,52,2021,3,7,1,Medio
10458,2024-10-24,Amulapa,Costa Rica,71,2024,10,24,4,Alto
10459,2024-02-29,Puerta Del Diablo,Estados Unidos,55,2024,2,29,1,Medio
10460,2021-01-26,Apulo,Honduras,57,2021,1,26,1,Medio
10461,2024-06-04,Sunset Park,Costa Rica,77,2024,6,4,2,Alto
10462,2024-02-06,Balboa,Guatemala,73,2024,2,6,1,Alto
10463,2022-05-28,Amulapa,Costa Rica,23,2022,5,28,2,Bajo
10464,2024-03-16,Cerro Verde,Estados Unidos,67,2024,3,16,1,Alto
10465,2022-09-27,Amulapa,Costa Rica,44,2022,9,27,3,Medio
10466,2021-11-10,Balboa,Canada,45,2021,11,10,4,Medio
10467,2022-12-01,Amulapa,Honduras,67,2022,12,1,4,Alto
10468,2023-05-08,Amulapa,España,28,2023,5,8,2,Bajo
10469,2021-02-22,Amulapa,Costa Rica,45,2021,2,22,1,Medio
10470,2022-08-22,Puerta Del Diablo,España,74,2022,8,22,3,Alto
10471,2023-01-11,Cerro Verde,Nicaragua,60,2023,1,11,1,Alto
10472,2022-06-15,Apulo,Honduras,69,2022,6,15,2,Alto
10473,2022-02-16,Balboa,Nicaragua,33,2022,2,16,1,Medio
10474,2022-01-22,Sunset Park,Nicaragua,76,2022,1,22,1,Alto
10475,2024-07-22,Cerro Verde,Honduras,71,2024,7,22,3,Alto
10476,2022-11-27,Balboa,Nicaragua,19,2022,11,27,4,Bajo
10477,2021-12-13,Sunset Park,Canada,12,2021,12,13,4,Bajo
10478,2023-05-04,Cerro Verde,Honduras,21,2023,5,4,2,Bajo
10479,2024-11-16,Sunset Park,Canada,69,2024,11,16,4,Alto
10480,2022-04-10,Cerro Verde,Honduras,30,2022,4,10,2,Medio
10481,2021-07-25,Sunset Park,Mexico,52,2021,7,25,3,Medio
10482,2021-08-11,Sunset Park,Mexico,60,2021,8,11,3,Alto
10483,2024-05-18,Balboa,Mexico,67,2024,5,18,2,Alto
10484,2023-12-21,Cerro Verde,Costa Rica,18,2023,12,21,4,Bajo
10485,2022-12-12,Apulo,Estados Unidos,77,2022,12,12,4,Alto
10486,2022-07-03,Amulapa,Guatemala,68,2022,7,3,3,Alto
10487,2021-07-28,Sunset Park,Nicaragua,31,2021,7,28,3,Medio
10488,2024-08-07,Amulapa,Estados Unidos,35,2024,8,7,3,Medio
10489,2024-08-17,Balboa,Nicaragua,45,2024,8,17,3,Medio
10490,2024-07-06,Balboa,Honduras,53,2024,7,6,3,Medio
10491,2021-07-13,Cerro Verde,Guatemala,11,2021,7,13,3,Bajo
10492,2023-10-24,Amulapa,Honduras,60,2023,10,24,4,Alto
10493,2021-08-01,Balboa,Costa Rica,32,2021,8,1,3,Medio
10494,2023-10-16,Amulapa,Estados Unidos,34,2023,10,16,4,Medio
10495,2022-07-03,Amulapa,Estados Unidos,36,2022,7,3,3,Medio
10496,2021-09-24,Puerta Del Diablo,España,79,2021,9,24,3,Alto
10497,2023-02-02,Sunset Park,Nicaragua,46,2023,2,2,1,Medio
10498,2023-02-03,Cerro Verde,Costa Rica,24,2023,2,3,1,Bajo
10499,2024-03-16,Puerta Del Diablo,Honduras,21,2024,3,16,1,Bajo
10500,2023-12-12,Sunset Park,Canada,22,2023,12,12,4,Bajo
10501,2021-10-11,Cerro Verde,Mexico,5,2021,10,11,4,Bajo
10502,2022-08-17,Cerro Verde,Mexico,58,2022,8,17,3,Medio
10503,2021-04-17,Apulo,Guatemala,64,2021,4,17,2,Alto
10504,2024-08-09,Balboa,Estados Unidos,68,2024,8,9,3,Alto
10505,2021-05-27,Cerro Verde,Costa Rica,13,2021,5,27,2,Bajo
10506,2021-11-30,Balboa,Mexico,79,2021,11,30,4,Alto
10507,2024-09-01,Amulapa,Nicaragua,42,2024,9,1,3,Medio
10508,2023-02-08,Puerta Del Diablo,Guatemala,71,2023,2,8,1,Alto
10509,2021-07-02,Balboa,España,44,2021,7,2,3,Medio
10510,2022-04-30,Apulo,España,8,2022,4,30,2,Bajo
10511,2023-12-03,Puerta Del Diablo,Mexico,16,2023,12,3,4,Bajo
10512,2024-09-12,Apulo,Canada,42,2024,9,12,3,Medio
10513,2021-04-17,Apulo,Honduras,59,2021,4,17,2,Medio
10514,2022-05-23,Puerta Del Diablo,Mexico,34,2022,5,23,2,Medio
10515,2024-06-17,Apulo,Nicaragua,36,2024,6,17,2,Medio
10516,2021-12-14,Amulapa,Mexico,41,2021,12,14,4,Medio
10517,2022-06-04,Sunset Park,España,23,2022,6,4,2,Bajo
10518,2021-08-03,Balboa,Costa Rica,18,2021,8,3,3,Bajo
10519,2024-07-15,Puerta Del Diablo,España,72,2024,7,15,3,Alto
10520,2024-01-18,Apulo,España,11,2024,1,18,1,Bajo
10521,2023-04-21,Puerta Del Diablo,Guatemala,8,2023,4,21,2,Bajo
10522,2023-10-03,Apulo,Costa Rica,40,2023,10,3,4,Medio
10523,2022-11-03,Balboa,Mexico,8,2022,11,3,4,Bajo
10524,2024-11-25,Cerro Verde,España,57,2024,11,25,4,Medio
10525,2024-10-25,Balboa,España,5,2024,10,25,4,Bajo
10526,2021-04-12,Amulapa,España,37,2021,4,12,2,Medio
10527,2023-07-29,Apulo,Estados Unidos,40,2023,7,29,3,Medio
10528,2021-09-17,Apulo,España,6,2021,9,17,3,Bajo
10529,2023-04-05,Amulapa,Costa Rica,47,2023,4,5,2,Medio
10530,2022-01-05,Amulapa,Nicaragua,8,2022,1,5,1,Bajo
10531,2023-05-06,Apulo,Costa Rica,41,2023,5,6,2,Medio
10532,2023-12-26,Amulapa,Canada,13,2023,12,26,4,Bajo
10533,2023-09-26,Puerta Del Diablo,España,32,2023,9,26,3,Medio
10534,2021-09-22,Amulapa,Estados Unidos,15,2021,9,22,3,Bajo
10535,2022-12-29,Puerta Del Diablo,Honduras,50,2022,12,29,4,Medio
10536,2022-04-08,Puerta Del Diablo,Estados Unidos,70,2022,4,8,2,Alto
10537,2022-01-26,Cerro Verde,Honduras,17,2022,1,26,1,Bajo
10538,2023-04-04,Amulapa,Estados Unidos,7,2023,4,4,2,Bajo
10539,2022-02-24,Amulapa,Canada,5,2022,2,24,1,Bajo
10540,2022-04-08,Apulo,España,58,2022,4,8,2,Medio
10541,2023-03-19,Sunset Park,Guatemala,58,2023,3,19,1,Medio
10542,2022-11-15,Puerta Del Diablo,Costa Rica,69,2022,11,15,4,Alto
10543,2024-07-12,Puerta Del Diablo,Guatemala,48,2024,7,12,3,Medio
10544,2023-07-27,Amulapa,Guatemala,34,2023,7,27,3,Medio
10545,2024-05-22,Apulo,Honduras,69,2024,5,22,2,Alto
10546,2023-11-24,Cerro Verde,Mexico,47,2023,11,24,4,Medio
10547,2023-04-07,Sunset Park,España,74,2023,4,7,2,Alto
10548,2021-11-17,Puerta Del Diablo,Canada,79,2021,11,17,4,Alto
10549,2022-01-09,Balboa,España,73,2022,1,9,1,Alto
10550,2021-04-04,Sunset Park,Honduras,29,2021,4,4,2,Bajo
10551,2023-01-02,Sunset Park,Guatemala,46,2023,1,2,1,Medio
10552,2024-09-15,Sunset Park,Canada,20,2024,9,15,3,Bajo
10553,2021-06-05,Sunset Park,Canada,50,2021,6,5,2,Medio
10554,2021-01-16,Sunset Park,Nicaragua,26,2021,1,16,1,Bajo
10555,2022-06-19,Apulo,Guatemala,63,2022,6,19,2,Alto
10556,2021-06-12,Sunset Park,Estados Unidos,63,2021,6,12,2,Alto
10557,2023-11-14,Sunset Park,Estados Unidos,78,2023,11,14,4,Alto
10558,2023-10-10,Balboa,Canada,16,2023,10,10,4,Bajo
10559,2023-11-11,Cerro Verde,Estados Unidos,33,2023,11,11,4,Medio
10560,2024-03-24,Cerro Verde,Guatemala,34,2024,3,24,1,Medio
10561,2021-02-14,Puerta Del Diablo,Mexico,53,2021,2,14,1,Medio
10562,2022-11-08,Puerta Del Diablo,Canada,54,2022,11,8,4,Medio
10563,2022-06-22,Apulo,Estados Unidos,18,2022,6,22,2,Bajo
10564,2021-06-27,Sunset Park,Canada,67,2021,6,27,2,Alto
10565,2023-06-08,Cerro Verde,Costa Rica,58,2023,6,8,2,Medio
10566,2022-02-26,Puerta Del Diablo,Nicaragua,8,2022,2,26,1,Bajo
10567,2022-01-14,Cerro Verde,España,45,2022,1,14,1,Medio
10568,2023-11-01,Cerro Verde,Costa Rica,52,2023,11,1,4,Medio
10569,2023-02-01,Cerro Verde,Canada,40,2023,2,1,1,Medio
10570,2024-06-16,Puerta Del Diablo,Canada,68,2024,6,16,2,Alto
10571,2023-04-23,Sunset Park,Guatemala,15,2023,4,23,2,Bajo
10572,2022-10-07,Puerta Del Diablo,Canada,73,2022,10,7,4,Alto
10573,2024-09-21,Amulapa,Honduras,75,2024,9,21,3,Alto
10574,2021-09-27,Cerro Verde,Honduras,48,2021,9,27,3,Medio
10575,2023-01-30,Sunset Park,Honduras,22,2023,1,30,1,Bajo
10576,2022-11-04,Cerro Verde,Costa Rica,43,2022,11,4,4,Medio
10577,2024-12-02,Amulapa,Honduras,64,2024,12,2,4,Alto
10578,2024-08-18,Cerro Verde,Guatemala,53,2024,8,18,3,Medio
10579,2021-03-02,Balboa,Estados Unidos,46,2021,3,2,1,Medio
10580,2022-08-11,Puerta Del Diablo,Guatemala,43,2022,8,11,3,Medio
10581,2024-12-14,Sunset Park,Nicaragua,19,2024,12,14,4,Bajo
10582,2024-09-12,Apulo,España,58,2024,9,12,3,Medio
10583,2022-06-10,Cerro Verde,Nicaragua,70,2022,6,10,2,Alto
10584,2023-12-16,Sunset Park,Honduras,78,2023,12,16,4,Alto
10585,2021-03-21,Amulapa,Guatemala,78,2021,3,21,1,Alto
10586,2021-03-26,Cerro Verde,Canada,49,2021,3,26,1,Medio
10587,2021-08-25,Balboa,Costa Rica,71,2021,8,25,3,Alto
10588,2022-04-29,Balboa,España,29,2022,4,29,2,Bajo
10589,2021-02-20,Sunset Park,España,34,2021,2,20,1,Medio
10590,2022-05-06,Apulo,Honduras,14,2022,5,6,2,Bajo
10591,2023-09-30,Puerta Del Diablo,Nicaragua,16,2023,9,30,3,Bajo
10592,2021-10-09,Puerta Del Diablo,Estados Unidos,24,2021,10,9,4,Bajo
10593,2023-10-10,Puerta Del Diablo,Guatemala,29,2023,10,10,4,Bajo
10594,2023-06-10,Balboa,Costa Rica,20,2023,6,10,2,Bajo
10595,2023-06-14,Apulo,Canada,44,2023,6,14,2,Medio
10596,2024-01-06,Apulo,Canada,79,2024,1,6,1,Alto
10597,2022-12-17,Balboa,Honduras,50,2022,12,17,4,Medio
10598,2021-12-23,Amulapa,Honduras,40,2021,12,23,4,Medio
10599,2021-03-25,Puerta Del Diablo,Canada,34,2021,3,25,1,Medio
10600,2021-06-18,Apulo,Estados Unidos,69,2021,6,18,2,Alto
10601,2023-05-06,Amulapa,Canada,60,2023,5,6,2,Alto
10602,2023-02-20,Apulo,Guatemala,54,2023,2,20,1,Medio
10603,2024-09-15,Balboa,España,13,2024,9,15,3,Bajo
10604,2024-11-16,Amulapa,Mexico,16,2024,11,16,4,Bajo
10605,2024-06-22,Puerta Del Diablo,Mexico,29,2024,6,22,2,Bajo
10606,2022-05-08,Puerta Del Diablo,Mexico,71,2022,5,8,2,Alto
10607,2022-08-26,Balboa,Honduras,66,2022,8,26,3,Alto
10608,2023-03-10,Apulo,Costa Rica,23,2023,3,10,1,Bajo
10609,2023-04-13,Apulo,Honduras,68,2023,4,13,2,Alto
10610,2023-03-14,Amulapa,Costa Rica,23,2023,3,14,1,Bajo
10611,2022-09-24,Sunset Park,Guatemala,60,2022,9,24,3,Alto
10612,2022-05-27,Apulo,Guatemala,7,2022,5,27,2,Bajo
10613,2024-04-10,Balboa,España,66,2024,4,10,2,Alto
10614,2023-12-17,Apulo,Guatemala,24,2023,12,17,4,Bajo
10615,2023-05-04,Puerta Del Diablo,Mexico,33,2023,5,4,2,Medio
10616,2024-10-24,Puerta Del Diablo,Nicaragua,39,2024,10,24,4,Medio
10617,2021-09-25,Puerta Del Diablo,Estados Unidos,47,2021,9,25,3,Medio
10618,2023-09-11,Cerro Verde,Costa Rica,7,2023,9,11,3,Bajo
10619,2022-10-07,Cerro Verde,Canada,9,2022,10,7,4,Bajo
10620,2022-12-23,Balboa,Estados Unidos,63,2022,12,23,4,Alto
10621,2023-02-01,Apulo,Costa Rica,45,2023,2,1,1,Medio
10622,2022-02-14,Puerta Del Diablo,España,6,2022,2,14,1,Bajo
10623,2022-03-31,Puerta Del Diablo,Mexico,34,2022,3,31,1,Medio
10624,2021-10-02,Cerro Verde,Costa Rica,78,2021,10,2,4,Alto
10625,2021-12-01,Amulapa,Nicaragua,34,2021,12,1,4,Medio
10626,2023-08-27,Sunset Park,Honduras,41,2023,8,27,3,Medio
10627,2022-12-26,Cerro Verde,Mexico,76,2022,12,26,4,Alto
10628,2021-04-08,Balboa,Costa Rica,73,2021,4,8,2,Alto
10629,2022-10-24,Cerro Verde,Costa Rica,36,2022,10,24,4,Medio
10630,2021-01-02,Balboa,Canada,51,2021,1,2,1,Medio
10631,2021-03-18,Puerta Del Diablo,Estados Unidos,77,2021,3,18,1,Alto
10632,2022-05-09,Sunset Park,Nicaragua,21,2022,5,9,2,Bajo
10633,2021-11-18,Amulapa,Honduras,32,2021,11,18,4,Medio
10634,2023-02-06,Amulapa,Guatemala,14,2023,2,6,1,Bajo
10635,2023-02-25,Amulapa,España,30,2023,2,25,1,Medio
10636,2021-01-11,Balboa,Estados Unidos,64,2021,1,11,1,Alto
10637,2021-09-28,Amulapa,España,60,2021,9,28,3,Alto
10638,2024-12-15,Cerro Verde,España,27,2024,12,15,4,Bajo
10639,2021-08-29,Puerta Del Diablo,Nicaragua,18,2021,8,29,3,Bajo
10640,2024-04-21,Apulo,Canada,66,2024,4,21,2,Alto
10641,2021-02-26,Apulo,Estados Unidos,71,2021,2,26,1,Alto
10642,2021-12-22,Apulo,Mexico,34,2021,12,22,4,Medio
10643,2022-01-16,Balboa,Mexico,44,2022,1,16,1,Medio
10644,2023-11-08,Puerta Del Diablo,España,71,2023,11,8,4,Alto
10645,2021-03-28,Sunset Park,Honduras,23,2021,3,28,1,Bajo
10646,2022-07-08,Sunset Park,Mexico,17,2022,7,8,3,Bajo
10647,2023-06-18,Puerta Del Diablo,Canada,71,2023,6,18,2,Alto
10648,2022-10-24,Apulo,Costa Rica,76,2022,10,24,4,Alto
10649,2021-07-06,Apulo,Guatemala,55,2021,7,6,3,Medio
10650,2022-07-14,Apulo,España,51,2022,7,14,3,Medio
10651,2023-07-30,Puerta Del Diablo,Nicaragua,11,2023,7,30,3,Bajo
10652,2023-01-03,Sunset Park,Mexico,75,2023,1,3,1,Alto
10653,2022-11-10,Balboa,Estados Unidos,72,2022,11,10,4,Alto
10654,2023-04-16,Apulo,Honduras,72,2023,4,16,2,Alto
10655,2024-10-07,Cerro Verde,Nicaragua,45,2024,10,7,4,Medio
10656,2024-05-29,Apulo,España,52,2024,5,29,2,Medio
10657,2023-11-04,Apulo,Canada,22,2023,11,4,4,Bajo
10658,2022-03-31,Sunset Park,Honduras,47,2022,3,31,1,Medio
10659,2023-02-17,Apulo,Mexico,40,2023,2,17,1,Medio
10660,2022-04-24,Puerta Del Diablo,Costa Rica,72,2022,4,24,2,Alto
10661,2021-04-17,Cerro Verde,Guatemala,32,2021,4,17,2,Medio
10662,2023-11-03,Sunset Park,Estados Unidos,55,2023,11,3,4,Medio
10663,2023-09-08,Apulo,Guatemala,8,2023,9,8,3,Bajo
10664,2024-09-09,Amulapa,Mexico,13,2024,9,9,3,Bajo
10665,2024-06-15,Puerta Del Diablo,Mexico,70,2024,6,15,2,Alto
10666,2022-03-28,Amulapa,Nicaragua,56,2022,3,28,1,Medio
10667,2021-11-14,Balboa,Estados Unidos,45,2021,11,14,4,Medio
10668,2022-10-24,Apulo,Mexico,79,2022,10,24,4,Alto
10669,2022-04-08,Amulapa,Mexico,19,2022,4,8,2,Bajo
10670,2022-10-01,Apulo,Guatemala,71,2022,10,1,4,Alto
10671,2024-02-29,Puerta Del Diablo,Costa Rica,73,2024,2,29,1,Alto
10672,2022-03-13,Amulapa,Guatemala,29,2022,3,13,1,Bajo
10673,2024-06-05,Sunset Park,Canada,41,2024,6,5,2,Medio
10674,2021-12-08,Puerta Del Diablo,Guatemala,8,2021,12,8,4,Bajo
10675,2021-11-06,Balboa,Canada,73,2021,11,6,4,Alto
10676,2024-04-07,Cerro Verde,Estados Unidos,19,2024,4,7,2,Bajo
10677,2024-10-22,Apulo,Costa Rica,57,2024,10,22,4,Medio
10678,2023-11-15,Amulapa,Estados Unidos,14,2023,11,15,4,Bajo
10679,2023-05-02,Balboa,Guatemala,52,2023,5,2,2,Medio
10680,2021-02-23,Apulo,Honduras,55,2021,2,23,1,Medio
10681,2022-02-08,Puerta Del Diablo,Costa Rica,75,2022,2,8,1,Alto
10682,2023-04-08,Puerta Del Diablo,Canada,41,2023,4,8,2,Medio
10683,2022-08-03,Amulapa,Costa Rica,44,2022,8,3,3,Medio
10684,2021-04-10,Puerta Del Diablo,Guatemala,74,2021,4,10,2,Alto
10685,2024-02-14,Amulapa,Estados Unidos,38,2024,2,14,1,Medio
10686,2022-11-21,Cerro Verde,Estados Unidos,6,2022,11,21,4,Bajo
10687,2021-11-10,Cerro Verde,Honduras,17,2021,11,10,4,Bajo
10688,2023-03-07,Balboa,España,26,2023,3,7,1,Bajo
10689,2022-04-11,Sunset Park,Canada,51,2022,4,11,2,Medio
10690,2023-10-10,Amulapa,Estados Unidos,50,2023,10,10,4,Medio
10691,2022-12-16,Amulapa,Honduras,49,2022,12,16,4,Medio
10692,2024-07-02,Balboa,Mexico,44,2024,7,2,3,Medio
10693,2023-09-29,Amulapa,Honduras,14,2023,9,29,3,Bajo
10694,2022-05-28,Apulo,Guatemala,32,2022,5,28,2,Medio
10695,2021-11-19,Balboa,Estados Unidos,42,2021,11,19,4,Medio
10696,2024-02-06,Cerro Verde,Nicaragua,44,2024,2,6,1,Medio
10697,2024-07-02,Balboa,Mexico,42,2024,7,2,3,Medio
10698,2021-11-20,Puerta Del Diablo,Costa Rica,15,2021,11,20,4,Bajo
10699,2024-04-23,Amulapa,Guatemala,8,2024,4,23,2,Bajo
10700,2022-07-14,Amulapa,Nicaragua,75,2022,7,14,3,Alto
10701,2021-12-24,Sunset Park,Canada,45,2021,12,24,4,Medio
10702,2023-02-26,Puerta Del Diablo,Mexico,11,2023,2,26,1,Bajo
10703,2023-04-21,Apulo,Estados Unidos,21,2023,4,21,2,Bajo
10704,2024-03-21,Puerta Del Diablo,Mexico,45,2024,3,21,1,Medio
10705,2023-09-18,Amulapa,Costa Rica,38,2023,9,18,3,Medio
10706,2021-10-24,Cerro Verde,Estados Unidos,13,2021,10,24,4,Bajo
10707,2023-09-03,Apulo,Costa Rica,24,2023,9,3,3,Bajo
10708,2021-02-10,Puerta Del Diablo,Honduras,14,2021,2,10,1,Bajo
10709,2021-11-10,Puerta Del Diablo,Nicaragua,27,2021,11,10,4,Bajo
10710,2024-12-24,Balboa,Canada,7,2024,12,24,4,Bajo
10711,2024-07-20,Sunset Park,Nicaragua,50,2024,7,20,3,Medio
10712,2021-09-21,Puerta Del Diablo,España,42,2021,9,21,3,Medio
10713,2024-02-13,Sunset Park,Nicaragua,48,2024,2,13,1,Medio
10714,2022-06-04,Apulo,España,57,2022,6,4,2,Medio
10715,2023-07-19,Sunset Park,Guatemala,26,2023,7,19,3,Bajo
10716,2021-09-25,Puerta Del Diablo,Honduras,22,2021,9,25,3,Bajo
10717,2024-05-18,Amulapa,Canada,8,2024,5,18,2,Bajo
10718,2024-04-02,Puerta Del Diablo,Mexico,58,2024,4,2,2,Medio
10719,2022-06-28,Cerro Verde,Guatemala,9,2022,6,28,2,Bajo
10720,2022-07-24,Balboa,Guatemala,65,2022,7,24,3,Alto
10721,2022-02-18,Sunset Park,Nicaragua,30,2022,2,18,1,Medio
10722,2023-07-13,Amulapa,Guatemala,61,2023,7,13,3,Alto
10723,2023-02-17,Sunset Park,Costa Rica,45,2023,2,17,1,Medio
10724,2024-01-11,Balboa,Guatemala,28,2024,1,11,1,Bajo
10725,2022-10-05,Sunset Park,Nicaragua,78,2022,10,5,4,Alto
10726,2021-05-29,Balboa,Nicaragua,37,2021,5,29,2,Medio
10727,2021-10-14,Apulo,Canada,75,2021,10,14,4,Alto
10728,2023-05-17,Apulo,Estados Unidos,48,2023,5,17,2,Medio
10729,2023-12-27,Sunset Park,Mexico,70,2023,12,27,4,Alto
10730,2021-06-14,Cerro Verde,Guatemala,28,2021,6,14,2,Bajo
10731,2022-01-22,Puerta Del Diablo,Guatemala,51,2022,1,22,1,Medio
10732,2022-09-01,Sunset Park,Canada,31,2022,9,1,3,Medio
10733,2023-01-05,Apulo,Mexico,18,2023,1,5,1,Bajo
10734,2023-08-30,Amulapa,Estados Unidos,34,2023,8,30,3,Medio
10735,2022-12-13,Sunset Park,Honduras,36,2022,12,13,4,Medio
10736,2021-06-16,Balboa,Estados Unidos,38,2021,6,16,2,Medio
10737,2023-07-31,Balboa,Estados Unidos,78,2023,7,31,3,Alto
10738,2021-03-23,Apulo,Honduras,51,2021,3,23,1,Medio
10739,2024-07-24,Puerta Del Diablo,Nicaragua,50,2024,7,24,3,Medio
10740,2024-07-15,Balboa,España,39,2024,7,15,3,Medio
10741,2024-12-26,Apulo,Mexico,41,2024,12,26,4,Medio
10742,2023-09-30,Cerro Verde,Costa Rica,33,2023,9,30,3,Medio
10743,2024-08-20,Apulo,Estados Unidos,78,2024,8,20,3,Alto
10744,2022-10-26,Apulo,Canada,61,2022,10,26,4,Alto
10745,2022-07-15,Puerta Del Diablo,Costa Rica,62,2022,7,15,3,Alto
10746,2021-03-24,Puerta Del Diablo,Canada,15,2021,3,24,1,Bajo
10747,2023-05-05,Amulapa,Nicaragua,53,2023,5,5,2,Medio
10748,2024-01-17,Puerta Del Diablo,Honduras,46,2024,1,17,1,Medio
10749,2021-07-31,Amulapa,Mexico,58,2021,7,31,3,Medio
10750,2021-10-13,Cerro Verde,Guatemala,53,2021,10,13,4,Medio
10751,2024-12-27,Balboa,Honduras,79,2024,12,27,4,Alto
10752,2021-12-13,Apulo,Costa Rica,40,2021,12,13,4,Medio
10753,2022-04-20,Puerta Del Diablo,Nicaragua,62,2022,4,20,2,Alto
10754,2023-10-20,Balboa,Canada,5,2023,10,20,4,Bajo
10755,2022-07-15,Balboa,Canada,13,2022,7,15,3,Bajo
10756,2024-02-27,Amulapa,Canada,5,2024,2,27,1,Bajo
10757,2021-12-31,Cerro Verde,Costa Rica,40,2021,12,31,4,Medio
10758,2023-06-22,Sunset Park,Costa Rica,13,2023,6,22,2,Bajo
10759,2021-01-17,Cerro Verde,Estados Unidos,57,2021,1,17,1,Medio
10760,2023-07-16,Balboa,Canada,61,2023,7,16,3,Alto
10761,2023-09-24,Cerro Verde,Costa Rica,65,2023,9,24,3,Alto
10762,2022-10-15,Puerta Del Diablo,Guatemala,77,2022,10,15,4,Alto
10763,2022-10-30,Amulapa,Estados Unidos,18,2022,10,30,4,Bajo
10764,2023-06-30,Puerta Del Diablo,Canada,55,2023,6,30,2,Medio
10765,2021-12-04,Cerro Verde,Estados Unidos,58,2021,12,4,4,Medio
10766,2021-11-20,Balboa,España,33,2021,11,20,4,Medio
10767,2022-11-25,Puerta Del Diablo,Guatemala,65,2022,11,25,4,Alto
10768,2024-09-20,Apulo,Costa Rica,73,2024,9,20,3,Alto
10769,2022-06-03,Apulo,Nicaragua,9,2022,6,3,2,Bajo
10770,2024-04-28,Cerro Verde,Costa Rica,17,2024,4,28,2,Bajo
10771,2021-09-02,Puerta Del Diablo,Nicaragua,65,2021,9,2,3,Alto
10772,2022-02-12,Amulapa,Honduras,52,2022,2,12,1,Medio
10773,2022-09-10,Balboa,Nicaragua,62,2022,9,10,3,Alto
10774,2021-12-01,Balboa,Nicaragua,38,2021,12,1,4,Medio
10775,2024-09-08,Balboa,Nicaragua,27,2024,9,8,3,Bajo
10776,2024-04-26,Puerta Del Diablo,Estados Unidos,6,2024,4,26,2,Bajo
10777,2024-12-21,Apulo,Estados Unidos,40,2024,12,21,4,Medio
10778,2023-10-23,Sunset Park,Guatemala,7,2023,10,23,4,Bajo
10779,2023-10-21,Balboa,Mexico,45,2023,10,21,4,Medio
10780,2022-11-04,Apulo,Canada,45,2022,11,4,4,Medio
10781,2022-07-08,Amulapa,Canada,43,2022,7,8,3,Medio
10782,2022-11-30,Balboa,España,77,2022,11,30,4,Alto
10783,2024-06-04,Amulapa,Guatemala,44,2024,6,4,2,Medio
10784,2023-08-14,Sunset Park,Estados Unidos,36,2023,8,14,3,Medio
10785,2023-07-24,Cerro Verde,Mexico,44,2023,7,24,3,Medio
10786,2024-05-15,Cerro Verde,Guatemala,22,2024,5,15,2,Bajo
10787,2022-01-20,Cerro Verde,Nicaragua,28,2022,1,20,1,Bajo
10788,2021-03-31,Puerta Del Diablo,España,22,2021,3,31,1,Bajo
10789,2022-06-29,Cerro Verde,España,8,2022,6,29,2,Bajo
10790,2023-03-20,Balboa,Costa Rica,10,2023,3,20,1,Bajo
10791,2022-01-24,Sunset Park,Guatemala,54,2022,1,24,1,Medio
10792,2021-08-05,Sunset Park,Honduras,30,2021,8,5,3,Medio
10793,2021-03-29,Puerta Del Diablo,Honduras,77,2021,3,29,1,Alto
10794,2023-01-06,Sunset Park,Honduras,58,2023,1,6,1,Medio
10795,2024-01-02,Amulapa,Estados Unidos,61,2024,1,2,1,Alto
10796,2022-08-24,Cerro Verde,Mexico,5,2022,8,24,3,Bajo
10797,2024-12-15,Puerta Del Diablo,Guatemala,77,2024,12,15,4,Alto
10798,2021-03-31,Cerro Verde,Mexico,18,2021,3,31,1,Bajo
10799,2023-05-23,Puerta Del Diablo,España,26,2023,5,23,2,Bajo
10800,2022-12-01,Cerro Verde,Nicaragua,73,2022,12,1,4,Alto
10801,2024-12-22,Balboa,Estados Unidos,19,2024,12,22,4,Bajo
10802,2021-11-17,Amulapa,Honduras,39,2021,11,17,4,Medio
10803,2021-04-24,Amulapa,España,35,2021,4,24,2,Medio
10804,2023-03-09,Cerro Verde,Guatemala,78,2023,3,9,1,Alto
10805,2022-02-16,Amulapa,Nicaragua,42,2022,2,16,1,Medio
10806,2022-05-15,Sunset Park,Costa Rica,55,2022,5,15,2,Medio
10807,2022-01-10,Apulo,Guatemala,39,2022,1,10,1,Medio
10808,2024-02-03,Puerta Del Diablo,Costa Rica,62,2024,2,3,1,Alto
10809,2024-11-17,Puerta Del Diablo,Honduras,58,2024,11,17,4,Medio
10810,2024-03-29,Puerta Del Diablo,Canada,10,2024,3,29,1,Bajo
10811,2021-06-11,Apulo,España,50,2021,6,11,2,Medio
10812,2023-08-22,Cerro Verde,Estados Unidos,67,2023,8,22,3,Alto
10813,2021-10-01,Puerta Del Diablo,Costa Rica,76,2021,10,1,4,Alto
10814,2021-02-09,Puerta Del Diablo,Honduras,41,2021,2,9,1,Medio
10815,2024-08-30,Cerro Verde,Nicaragua,66,2024,8,30,3,Alto
10816,2023-03-27,Amulapa,Nicaragua,35,2023,3,27,1,Medio
10817,2022-10-18,Apulo,Canada,75,2022,10,18,4,Alto
10818,2021-11-22,Sunset Park,Estados Unidos,58,2021,11,22,4,Medio
10819,2024-04-19,Amulapa,España,68,2024,4,19,2,Alto
10820,2021-03-16,Amulapa,Mexico,38,2021,3,16,1,Medio
10821,2024-02-01,Sunset Park,Estados Unidos,21,2024,2,1,1,Bajo
10822,2024-11-11,Balboa,Costa Rica,66,2024,11,11,4,Alto
10823,2021-11-16,Amulapa,España,68,2021,11,16,4,Alto
10824,2024-04-11,Puerta Del Diablo,Canada,74,2024,4,11,2,Alto
10825,2022-01-18,Amulapa,Estados Unidos,17,2022,1,18,1,Bajo
10826,2022-01-10,Puerta Del Diablo,Canada,26,2022,1,10,1,Bajo
10827,2022-07-22,Apulo,Costa Rica,76,2022,7,22,3,Alto
10828,2022-08-01,Balboa,Nicaragua,64,2022,8,1,3,Alto
10829,2022-06-03,Puerta Del Diablo,Canada,15,2022,6,3,2,Bajo
10830,2021-04-18,Apulo,Honduras,77,2021,4,18,2,Alto
10831,2022-07-27,Apulo,Guatemala,57,2022,7,27,3,Medio
10832,2022-01-27,Cerro Verde,Estados Unidos,55,2022,1,27,1,Medio
10833,2023-09-18,Sunset Park,Costa Rica,55,2023,9,18,3,Medio
10834,2021-09-07,Amulapa,Guatemala,14,2021,9,7,3,Bajo
10835,2023-04-13,Balboa,Canada,71,2023,4,13,2,Alto
10836,2022-12-16,Sunset Park,Costa Rica,65,2022,12,16,4,Alto
10837,2023-06-15,Amulapa,Canada,36,2023,6,15,2,Medio
10838,2022-09-06,Puerta Del Diablo,Costa Rica,60,2022,9,6,3,Alto
10839,2024-04-27,Puerta Del Diablo,Costa Rica,57,2024,4,27,2,Medio
10840,2022-10-01,Sunset Park,Costa Rica,35,2022,10,1,4,Medio
10841,2024-06-24,Balboa,Nicaragua,50,2024,6,24,2,Medio
10842,2023-12-21,Sunset Park,Guatemala,29,2023,12,21,4,Bajo
10843,2022-06-01,Puerta Del Diablo,Mexico,37,2022,6,1,2,Medio
10844,2021-10-14,Sunset Park,Guatemala,56,2021,10,14,4,Medio
10845,2023-09-06,Amulapa,Nicaragua,40,2023,9,6,3,Medio
10846,2021-08-28,Apulo,Guatemala,46,2021,8,28,3,Medio
10847,2021-06-25,Amulapa,Mexico,64,2021,6,25,2,Alto
10848,2023-09-21,Cerro Verde,Canada,38,2023,9,21,3,Medio
10849,2023-02-18,Apulo,Estados Unidos,23,2023,2,18,1,Bajo
10850,2024-07-14,Balboa,Mexico,76,2024,7,14,3,Alto
10851,2021-08-24,Cerro Verde,Estados Unidos,16,2021,8,24,3,Bajo
10852,2022-04-19,Puerta Del Diablo,Mexico,71,2022,4,19,2,Alto
10853,2023-02-13,Amulapa,Nicaragua,42,2023,2,13,1,Medio
10854,2024-08-04,Sunset Park,España,18,2024,8,4,3,Bajo
10855,2024-12-31,Sunset Park,Mexico,58,2024,12,31,4,Medio
10856,2022-07-23,Sunset Park,Canada,62,2022,7,23,3,Alto
10857,2022-06-25,Sunset Park,Nicaragua,66,2022,6,25,2,Alto
10858,2024-05-19,Puerta Del Diablo,Nicaragua,49,2024,5,19,2,Medio
10859,2023-05-26,Sunset Park,Mexico,13,2023,5,26,2,Bajo
10860,2022-12-29,Balboa,España,72,2022,12,29,4,Alto
10861,2024-10-15,Apulo,Guatemala,69,2024,10,15,4,Alto
10862,2023-04-12,Sunset Park,Costa Rica,63,2023,4,12,2,Alto
10863,2024-02-05,Balboa,Canada,8,2024,2,5,1,Bajo
10864,2021-08-11,Cerro Verde,Nicaragua,31,2021,8,11,3,Medio
10865,2023-03-30,Balboa,Costa Rica,61,2023,3,30,1,Alto
10866,2022-01-10,Cerro Verde,Costa Rica,63,2022,1,10,1,Alto
10867,2021-03-22,Cerro Verde,España,48,2021,3,22,1,Medio
10868,2023-08-07,Amulapa,Canada,6,2023,8,7,3,Bajo
10869,2021-04-13,Amulapa,Honduras,29,2021,4,13,2,Bajo
10870,2024-05-08,Sunset Park,Guatemala,58,2024,5,8,2,Medio
10871,2024-06-26,Apulo,Canada,38,2024,6,26,2,Medio
10872,2022-03-10,Apulo,Guatemala,26,2022,3,10,1,Bajo
10873,2022-03-08,Amulapa,Mexico,14,2022,3,8,1,Bajo
10874,2024-09-24,Amulapa,Guatemala,8,2024,9,24,3,Bajo
10875,2024-08-29,Apulo,España,16,2024,8,29,3,Bajo
10876,2024-02-09,Puerta Del Diablo,España,58,2024,2,9,1,Medio
10877,2022-11-06,Cerro Verde,España,30,2022,11,6,4,Medio
10878,2023-11-19,Balboa,Honduras,23,2023,11,19,4,Bajo
10879,2024-05-03,Sunset Park,Mexico,54,2024,5,3,2,Medio
10880,2023-04-14,Cerro Verde,Honduras,45,2023,4,14,2,Medio
10881,2024-10-07,Apulo,Canada,39,2024,10,7,4,Medio
10882,2022-10-17,Puerta Del Diablo,Costa Rica,17,2022,10,17,4,Bajo
10883,2023-09-28,Cerro Verde,Estados Unidos,52,2023,9,28,3,Medio
10884,2023-04-25,Apulo,Estados Unidos,70,2023,4,25,2,Alto
10885,2021-01-22,Amulapa,España,22,2021,1,22,1,Bajo
10886,2024-08-03,Puerta Del Diablo,Nicaragua,5,2024,8,3,3,Bajo
10887,2023-04-08,Puerta Del Diablo,Canada,40,2023,4,8,2,Medio
10888,2021-04-01,Balboa,Guatemala,55,2021,4,1,2,Medio
10889,2024-08-09,Sunset Park,Honduras,38,2024,8,9,3,Medio
10890,2023-11-22,Amulapa,Mexico,48,2023,11,22,4,Medio
10891,2023-07-04,Puerta Del Diablo,Estados Unidos,38,2023,7,4,3,Medio
10892,2022-01-25,Balboa,Mexico,68,2022,1,25,1,Alto
10893,2024-07-08,Sunset Park,Honduras,69,2024,7,8,3,Alto
10894,2024-03-23,Apulo,Costa Rica,40,2024,3,23,1,Medio
10895,2022-05-23,Cerro Verde,Guatemala,37,2022,5,23,2,Medio
10896,2022-08-28,Apulo,Estados Unidos,61,2022,8,28,3,Alto
10897,2023-10-27,Cerro Verde,Nicaragua,15,2023,10,27,4,Bajo
10898,2022-12-16,Apulo,Honduras,36,2022,12,16,4,Medio
10899,2021-04-21,Amulapa,Costa Rica,41,2021,4,21,2,Medio
10900,2023-02-11,Puerta Del Diablo,Mexico,49,2023,2,11,1,Medio
10901,2023-06-14,Puerta Del Diablo,Guatemala,49,2023,6,14,2,Medio
10902,2021-03-03,Sunset Park,Estados Unidos,20,2021,3,3,1,Bajo
10903,2024-06-02,Apulo,Costa Rica,6,2024,6,2,2,Bajo
10904,2024-10-04,Amulapa,Honduras,77,2024,10,4,4,Alto
10905,2024-06-11,Balboa,España,68,2024,6,11,2,Alto
10906,2021-01-21,Apulo,Estados Unidos,11,2021,1,21,1,Bajo
10907,2021-01-15,Amulapa,Honduras,29,2021,1,15,1,Bajo
10908,2022-10-12,Apulo,Estados Unidos,14,2022,10,12,4,Bajo
10909,2023-01-20,Cerro Verde,Estados Unidos,59,2023,1,20,1,Medio
10910,2022-06-13,Amulapa,Guatemala,8,2022,6,13,2,Bajo
10911,2024-09-30,Puerta Del Diablo,España,17,2024,9,30,3,Bajo
10912,2021-01-01,Balboa,Mexico,66,2021,1,1,1,Alto
10913,2022-06-26,Sunset Park,Guatemala,63,2022,6,26,2,Alto
10914,2024-05-19,Puerta Del Diablo,Honduras,19,2024,5,19,2,Bajo
10915,2024-07-04,Puerta Del Diablo,Nicaragua,77,2024,7,4,3,Alto
10916,2022-05-12,Cerro Verde,Mexico,29,2022,5,12,2,Bajo
10917,2022-10-08,Balboa,España,66,2022,10,8,4,Alto
10918,2023-12-03,Cerro Verde,Costa Rica,71,2023,12,3,4,Alto
10919,2023-09-19,Apulo,España,45,2023,9,19,3,Medio
10920,2023-08-05,Balboa,Nicaragua,77,2023,8,5,3,Alto
10921,2021-04-10,Amulapa,Estados Unidos,65,2021,4,10,2,Alto
10922,2024-06-14,Amulapa,Estados Unidos,54,2024,6,14,2,Medio
10923,2024-08-06,Puerta Del Diablo,Nicaragua,7,2024,8,6,3,Bajo
10924,2021-03-04,Puerta Del Diablo,Costa Rica,19,2021,3,4,1,Bajo
10925,2024-03-02,Balboa,Nicaragua,8,2024,3,2,1,Bajo
10926,2022-06-29,Balboa,Canada,74,2022,6,29,2,Alto
10927,2021-06-19,Sunset Park,Mexico,56,2021,6,19,2,Medio
10928,2024-05-14,Cerro Verde,Costa Rica,77,2024,5,14,2,Alto
10929,2024-05-27,Amulapa,Mexico,24,2024,5,27,2,Bajo
10930,2022-04-16,Balboa,Canada,54,2022,4,16,2,Medio
10931,2024-05-12,Apulo,Canada,7,2024,5,12,2,Bajo
10932,2022-08-29,Amulapa,Honduras,54,2022,8,29,3,Medio
10933,2024-01-17,Apulo,Honduras,73,2024,1,17,1,Alto
10934,2023-06-22,Puerta Del Diablo,Guatemala,9,2023,6,22,2,Bajo
10935,2021-07-15,Cerro Verde,Guatemala,58,2021,7,15,3,Medio
10936,2022-08-30,Cerro Verde,España,61,2022,8,30,3,Alto
10937,2022-06-23,Cerro Verde,Estados Unidos,16,2022,6,23,2,Bajo
10938,2024-12-03,Puerta Del Diablo,Estados Unidos,24,2024,12,3,4,Bajo
10939,2024-04-01,Sunset Park,Estados Unidos,6,2024,4,1,2,Bajo
10940,2023-11-24,Apulo,Guatemala,23,2023,11,24,4,Bajo
10941,2022-11-29,Amulapa,Mexico,9,2022,11,29,4,Bajo
10942,2022-01-24,Cerro Verde,Nicaragua,10,2022,1,24,1,Bajo
10943,2022-10-16,Balboa,Costa Rica,17,2022,10,16,4,Bajo
10944,2022-10-06,Cerro Verde,España,32,2022,10,6,4,Medio
10945,2022-09-24,Puerta Del Diablo,España,12,2022,9,24,3,Bajo
10946,2021-02-11,Cerro Verde,Honduras,32,2021,2,11,1,Medio
10947,2023-03-01,Apulo,Honduras,5,2023,3,1,1,Bajo
10948,2023-10-11,Apulo,Guatemala,78,2023,10,11,4,Alto
10949,2021-03-08,Sunset Park,Guatemala,49,2021,3,8,1,Medio
10950,2023-07-22,Puerta Del Diablo,Nicaragua,46,2023,7,22,3,Medio
10951,2024-07-03,Puerta Del Diablo,Guatemala,31,2024,7,3,3,Medio
10952,2024-03-04,Apulo,Honduras,66,2024,3,4,1,Alto
10953,2023-01-14,Sunset Park,España,56,2023,1,14,1,Medio
10954,2023-05-27,Cerro Verde,Costa Rica,21,2023,5,27,2,Bajo
10955,2021-04-03,Cerro Verde,España,68,2021,4,3,2,Alto
10956,2024-06-14,Apulo,Costa Rica,56,2024,6,14,2,Medio
10957,2024-02-07,Amulapa,Guatemala,50,2024,2,7,1,Medio
10958,2021-08-01,Puerta Del Diablo,España,34,2021,8,1,3,Medio
10959,2024-04-03,Sunset Park,España,40,2024,4,3,2,Medio
10960,2024-01-13,Sunset Park,Costa Rica,61,2024,1,13,1,Alto
10961,2022-03-30,Sunset Park,Honduras,47,2022,3,30,1,Medio
10962,2021-09-07,Cerro Verde,España,9,2021,9,7,3,Bajo
10963,2023-03-24,Amulapa,Canada,39,2023,3,24,1,Medio
10964,2021-08-15,Sunset Park,Estados Unidos,55,2021,8,15,3,Medio
10965,2024-05-02,Balboa,Canada,43,2024,5,2,2,Medio
10966,2024-05-29,Puerta Del Diablo,Estados Unidos,59,2024,5,29,2,Medio
10967,2022-01-01,Cerro Verde,Nicaragua,26,2022,1,1,1,Bajo
10968,2023-04-09,Apulo,Costa Rica,13,2023,4,9,2,Bajo
10969,2023-11-08,Amulapa,Canada,46,2023,11,8,4,Medio
10970,2024-12-06,Apulo,Guatemala,16,2024,12,6,4,Bajo
10971,2021-10-13,Sunset Park,Estados Unidos,13,2021,10,13,4,Bajo
10972,2022-08-28,Sunset Park,España,58,2022,8,28,3,Medio
10973,2024-03-19,Amulapa,Canada,7,2024,3,19,1,Bajo
10974,2022-01-18,Puerta Del Diablo,Honduras,32,2022,1,18,1,Medio
10975,2024-02-29,Balboa,Nicaragua,32,2024,2,29,1,Medio
10976,2022-11-07,Apulo,Mexico,45,2022,11,7,4,Medio
10977,2023-09-24,Cerro Verde,Honduras,34,2023,9,24,3,Medio
10978,2023-03-04,Cerro Verde,Mexico,46,2023,3,4,1,Medio
10979,2024-04-03,Cerro Verde,Estados Unidos,73,2024,4,3,2,Alto
10980,2022-12-05,Puerta Del Diablo,Honduras,39,2022,12,5,4,Medio
10981,2024-08-18,Sunset Park,Honduras,33,2024,8,18,3,Medio
10982,2024-12-26,Balboa,España,30,2024,12,26,4,Medio
10983,2021-06-14,Apulo,Mexico,77,2021,6,14,2,Alto
10984,2023-09-14,Apulo,Mexico,60,2023,9,14,3,Alto
10985,2021-04-12,Sunset Park,Guatemala,28,2021,4,12,2,Bajo
10986,2024-09-09,Balboa,Guatemala,50,2024,9,9,3,Medio
10987,2021-05-14,Balboa,Mexico,42,2021,5,14,2,Medio
10988,2021-06-23,Puerta Del Diablo,Mexico,51,2021,6,23,2,Medio
10989,2023-03-20,Apulo,España,22,2023,3,20,1,Bajo
10990,2024-11-23,Cerro Verde,Costa Rica,14,2024,11,23,4,Bajo
10991,2021-10-20,Sunset Park,España,46,2021,10,20,4,Medio
10992,2023-11-16,Sunset Park,Mexico,65,2023,11,16,4,Alto
10993,2022-05-02,Sunset Park,Mexico,44,2022,5,2,2,Medio
10994,2022-07-31,Amulapa,Costa Rica,25,2022,7,31,3,Bajo
10995,2021-08-26,Puerta Del Diablo,Nicaragua,7,2021,8,26,3,Bajo
10996,2024-03-23,Balboa,Honduras,13,2024,3,23,1,Bajo
10997,2021-02-19,Cerro Verde,Canada,57,2021,2,19,1,Medio
10998,2022-09-23,Puerta Del Diablo,Nicaragua,47,2022,9,23,3,Medio
10999,2021-03-28,Sunset Park,Costa Rica,68,2021,3,28,1,Alto
11000,2024-03-31,Puerta Del Diablo,Honduras,66,2024,3,31,1,Alto
11001,2021-02-15,Cerro Verde,Estados Unidos,25,2021,2,15,1,Bajo
11002,2024-06-29,Apulo,Estados Unidos,68,2024,6,29,2,Alto
11003,2021-01-19,Amulapa,Mexico,9,2021,1,19,1,Bajo
11004,2021-07-05,Amulapa,Canada,59,2021,7,5,3,Medio
11005,2023-03-10,Sunset Park,Guatemala,61,2023,3,10,1,Alto
11006,2024-10-20,Amulapa,Mexico,48,2024,10,20,4,Medio
11007,2023-11-19,Amulapa,Nicaragua,15,2023,11,19,4,Bajo
11008,2023-08-07,Amulapa,Costa Rica,78,2023,8,7,3,Alto
11009,2022-04-03,Balboa,Costa Rica,15,2022,4,3,2,Bajo
11010,2024-11-25,Apulo,Nicaragua,77,2024,11,25,4,Alto
11011,2022-06-27,Balboa,Honduras,6,2022,6,27,2,Bajo
11012,2022-11-23,Amulapa,Honduras,79,2022,11,23,4,Alto
11013,2024-04-07,Balboa,Canada,75,2024,4,7,2,Alto
11014,2022-04-21,Apulo,Nicaragua,78,2022,4,21,2,Alto
11015,2021-04-04,Sunset Park,Honduras,37,2021,4,4,2,Medio
11016,2023-04-02,Amulapa,Nicaragua,58,2023,4,2,2,Medio
11017,2021-07-24,Cerro Verde,Costa Rica,19,2021,7,24,3,Bajo
11018,2023-03-06,Puerta Del Diablo,Guatemala,11,2023,3,6,1,Bajo
11019,2024-09-04,Balboa,España,31,2024,9,4,3,Medio
11020,2023-11-16,Amulapa,Canada,79,2023,11,16,4,Alto
11021,2022-07-21,Amulapa,Guatemala,43,2022,7,21,3,Medio
11022,2024-08-16,Balboa,Canada,27,2024,8,16,3,Bajo
11023,2024-09-15,Cerro Verde,Costa Rica,65,2024,9,15,3,Alto
11024,2021-06-22,Amulapa,Canada,8,2021,6,22,2,Bajo
11025,2024-05-19,Cerro Verde,Costa Rica,56,2024,5,19,2,Medio
11026,2024-05-16,Balboa,Costa Rica,25,2024,5,16,2,Bajo
11027,2022-03-02,Puerta Del Diablo,Mexico,39,2022,3,2,1,Medio
11028,2024-01-22,Cerro Verde,Costa Rica,41,2024,1,22,1,Medio
11029,2021-08-13,Sunset Park,Estados Unidos,58,2021,8,13,3,Medio
11030,2022-06-22,Sunset Park,Guatemala,48,2022,6,22,2,Medio
11031,2024-06-27,Puerta Del Diablo,Nicaragua,79,2024,6,27,2,Alto
11032,2023-01-30,Amulapa,Costa Rica,56,2023,1,30,1,Medio
11033,2021-01-25,Amulapa,Mexico,36,2021,1,25,1,Medio
11034,2022-03-19,Amulapa,Honduras,58,2022,3,19,1,Medio
11035,2022-11-10,Puerta Del Diablo,Canada,5,2022,11,10,4,Bajo
11036,2023-07-27,Balboa,Canada,43,2023,7,27,3,Medio
11037,2022-10-24,Balboa,Costa Rica,66,2022,10,24,4,Alto
11038,2024-11-10,Amulapa,Guatemala,33,2024,11,10,4,Medio
11039,2022-11-30,Cerro Verde,España,77,2022,11,30,4,Alto
11040,2021-05-19,Balboa,Honduras,66,2021,5,19,2,Alto
11041,2023-09-04,Balboa,Estados Unidos,39,2023,9,4,3,Medio
11042,2023-07-26,Cerro Verde,Canada,42,2023,7,26,3,Medio
11043,2021-08-08,Balboa,Mexico,74,2021,8,8,3,Alto
11044,2021-05-12,Sunset Park,Canada,79,2021,5,12,2,Alto
11045,2022-10-29,Puerta Del Diablo,Honduras,53,2022,10,29,4,Medio
11046,2024-12-24,Sunset Park,Nicaragua,10,2024,12,24,4,Bajo
11047,2021-03-07,Apulo,Honduras,31,2021,3,7,1,Medio
11048,2023-09-30,Amulapa,Canada,60,2023,9,30,3,Alto
11049,2023-01-10,Amulapa,Guatemala,79,2023,1,10,1,Alto
11050,2022-01-24,Sunset Park,Canada,30,2022,1,24,1,Medio
11051,2024-12-06,Amulapa,Mexico,48,2024,12,6,4,Medio
11052,2021-09-22,Apulo,Costa Rica,71,2021,9,22,3,Alto
11053,2022-01-16,Sunset Park,Honduras,68,2022,1,16,1,Alto
11054,2024-04-24,Balboa,España,25,2024,4,24,2,Bajo
11055,2021-09-05,Apulo,Mexico,30,2021,9,5,3,Medio
11056,2023-10-17,Cerro Verde,Canada,31,2023,10,17,4,Medio
11057,2023-04-01,Cerro Verde,Estados Unidos,24,2023,4,1,2,Bajo
11058,2021-11-03,Sunset Park,Guatemala,29,2021,11,3,4,Bajo
11059,2023-08-01,Sunset Park,España,46,2023,8,1,3,Medio
11060,2022-03-01,Sunset Park,Honduras,15,2022,3,1,1,Bajo
11061,2022-02-03,Puerta Del Diablo,Guatemala,75,2022,2,3,1,Alto
11062,2023-03-26,Puerta Del Diablo,Mexico,45,2023,3,26,1,Medio
11063,2021-02-01,Balboa,Nicaragua,72,2021,2,1,1,Alto
11064,2023-12-17,Sunset Park,Estados Unidos,61,2023,12,17,4,Alto
11065,2024-02-11,Puerta Del Diablo,España,47,2024,2,11,1,Medio
11066,2024-02-19,Amulapa,Estados Unidos,70,2024,2,19,1,Alto
11067,2022-07-15,Balboa,Guatemala,18,2022,7,15,3,Bajo
11068,2023-06-07,Cerro Verde,Canada,71,2023,6,7,2,Alto
11069,2024-04-16,Apulo,Honduras,31,2024,4,16,2,Medio
11070,2022-12-09,Balboa,Nicaragua,70,2022,12,9,4,Alto
11071,2021-10-31,Apulo,España,75,2021,10,31,4,Alto
11072,2022-08-13,Apulo,Costa Rica,54,2022,8,13,3,Medio
11073,2022-06-02,Apulo,Guatemala,56,2022,6,2,2,Medio
11074,2021-11-19,Puerta Del Diablo,Nicaragua,53,2021,11,19,4,Medio
11075,2024-12-20,Balboa,Honduras,58,2024,12,20,4,Medio
11076,2021-05-06,Balboa,Estados Unidos,34,2021,5,6,2,Medio
11077,2023-08-30,Cerro Verde,Nicaragua,54,2023,8,30,3,Medio
11078,2024-12-03,Balboa,Mexico,73,2024,12,3,4,Alto
11079,2021-09-09,Amulapa,Honduras,47,2021,9,9,3,Medio
11080,2021-12-13,Sunset Park,Costa Rica,39,2021,12,13,4,Medio
11081,2023-01-09,Cerro Verde,Canada,25,2023,1,9,1,Bajo
11082,2021-06-26,Cerro Verde,Honduras,44,2021,6,26,2,Medio
11083,2024-04-01,Cerro Verde,Guatemala,72,2024,4,1,2,Alto
11084,2021-05-15,Cerro Verde,Guatemala,30,2021,5,15,2,Medio
11085,2024-02-05,Cerro Verde,Mexico,48,2024,2,5,1,Medio
11086,2022-10-13,Amulapa,España,63,2022,10,13,4,Alto
11087,2024-02-03,Amulapa,Honduras,66,2024,2,3,1,Alto
11088,2024-03-04,Balboa,Guatemala,11,2024,3,4,1,Bajo
11089,2023-08-21,Balboa,Nicaragua,45,2023,8,21,3,Medio
11090,2022-04-16,Puerta Del Diablo,Estados Unidos,6,2022,4,16,2,Bajo
11091,2024-05-28,Balboa,Honduras,59,2024,5,28,2,Medio
11092,2022-09-20,Puerta Del Diablo,Mexico,64,2022,9,20,3,Alto
11093,2023-02-11,Puerta Del Diablo,Costa Rica,10,2023,2,11,1,Bajo
11094,2022-05-19,Sunset Park,Nicaragua,74,2022,5,19,2,Alto
11095,2023-12-11,Cerro Verde,Honduras,67,2023,12,11,4,Alto
11096,2021-10-26,Sunset Park,Estados Unidos,62,2021,10,26,4,Alto
11097,2023-12-05,Cerro Verde,Guatemala,34,2023,12,5,4,Medio
11098,2023-12-03,Puerta Del Diablo,Costa Rica,79,2023,12,3,4,Alto
11099,2022-10-10,Puerta Del Diablo,Mexico,64,2022,10,10,4,Alto
11100,2024-04-16,Balboa,Estados Unidos,66,2024,4,16,2,Alto
11101,2024-01-29,Apulo,España,10,2024,1,29,1,Bajo
11102,2022-03-20,Cerro Verde,Guatemala,76,2022,3,20,1,Alto
11103,2024-08-04,Apulo,Estados Unidos,20,2024,8,4,3,Bajo
11104,2021-02-06,Puerta Del Diablo,España,11,2021,2,6,1,Bajo
11105,2022-05-13,Cerro Verde,Canada,53,2022,5,13,2,Medio
11106,2021-12-22,Puerta Del Diablo,Honduras,12,2021,12,22,4,Bajo
11107,2022-01-14,Balboa,Guatemala,13,2022,1,14,1,Bajo
11108,2021-06-15,Puerta Del Diablo,Guatemala,57,2021,6,15,2,Medio
11109,2022-09-02,Apulo,Nicaragua,72,2022,9,2,3,Alto
11110,2022-04-23,Apulo,Estados Unidos,27,2022,4,23,2,Bajo
11111,2023-07-12,Balboa,Costa Rica,43,2023,7,12,3,Medio
11112,2022-03-11,Balboa,Mexico,63,2022,3,11,1,Alto
11113,2021-07-10,Puerta Del Diablo,Guatemala,47,2021,7,10,3,Medio
11114,2023-05-16,Puerta Del Diablo,Guatemala,13,2023,5,16,2,Bajo
11115,2021-12-01,Apulo,Costa Rica,27,2021,12,1,4,Bajo
11116,2023-08-07,Balboa,Estados Unidos,62,2023,8,7,3,Alto
11117,2021-01-07,Apulo,Nicaragua,78,2021,1,7,1,Alto
11118,2024-06-10,Amulapa,Honduras,46,2024,6,10,2,Medio
11119,2024-04-13,Balboa,Mexico,46,2024,4,13,2,Medio
11120,2023-09-22,Sunset Park,Costa Rica,23,2023,9,22,3,Bajo
11121,2023-10-29,Sunset Park,Guatemala,49,2023,10,29,4,Medio
11122,2021-03-28,Sunset Park,España,14,2021,3,28,1,Bajo
11123,2024-12-09,Amulapa,Guatemala,68,2024,12,9,4,Alto
11124,2022-10-28,Balboa,Nicaragua,38,2022,10,28,4,Medio
11125,2024-09-21,Cerro Verde,Mexico,5,2024,9,21,3,Bajo
11126,2024-08-15,Sunset Park,Estados Unidos,47,2024,8,15,3,Medio
11127,2021-02-19,Amulapa,Guatemala,54,2021,2,19,1,Medio
11128,2021-07-02,Apulo,Estados Unidos,49,2021,7,2,3,Medio
11129,2024-03-18,Sunset Park,Nicaragua,55,2024,3,18,1,Medio
11130,2021-11-06,Apulo,Costa Rica,13,2021,11,6,4,Bajo
11131,2021-02-20,Puerta Del Diablo,España,15,2021,2,20,1,Bajo
11132,2023-02-12,Amulapa,Guatemala,57,2023,2,12,1,Medio
11133,2024-08-24,Balboa,Honduras,41,2024,8,24,3,Medio
11134,2021-09-14,Puerta Del Diablo,Costa Rica,15,2021,9,14,3,Bajo
11135,2024-07-13,Puerta Del Diablo,Guatemala,33,2024,7,13,3,Medio
11136,2021-07-25,Sunset Park,España,51,2021,7,25,3,Medio
11137,2021-06-17,Apulo,Canada,14,2021,6,17,2,Bajo
11138,2024-10-17,Amulapa,Canada,48,2024,10,17,4,Medio
11139,2021-07-17,Amulapa,Honduras,6,2021,7,17,3,Bajo
11140,2023-06-08,Sunset Park,España,11,2023,6,8,2,Bajo
11141,2021-04-16,Amulapa,Estados Unidos,64,2021,4,16,2,Alto
11142,2021-03-07,Balboa,España,59,2021,3,7,1,Medio
11143,2023-07-02,Apulo,Costa Rica,68,2023,7,2,3,Alto
11144,2023-05-07,Amulapa,Estados Unidos,8,2023,5,7,2,Bajo
11145,2024-08-01,Cerro Verde,Honduras,44,2024,8,1,3,Medio
11146,2023-04-23,Apulo,Estados Unidos,74,2023,4,23,2,Alto
11147,2023-04-05,Sunset Park,Mexico,58,2023,4,5,2,Medio
11148,2024-10-27,Puerta Del Diablo,Canada,32,2024,10,27,4,Medio
11149,2023-02-16,Amulapa,Canada,6,2023,2,16,1,Bajo
11150,2021-05-01,Puerta Del Diablo,Guatemala,47,2021,5,1,2,Medio
11151,2022-11-05,Amulapa,Nicaragua,23,2022,11,5,4,Bajo
11152,2023-09-21,Cerro Verde,Mexico,50,2023,9,21,3,Medio
11153,2024-06-10,Cerro Verde,Mexico,20,2024,6,10,2,Bajo
11154,2022-02-23,Amulapa,España,37,2022,2,23,1,Medio
11155,2022-08-30,Balboa,Canada,32,2022,8,30,3,Medio
11156,2022-08-22,Cerro Verde,Nicaragua,35,2022,8,22,3,Medio
11157,2023-07-23,Balboa,Costa Rica,65,2023,7,23,3,Alto
11158,2023-12-15,Amulapa,Estados Unidos,46,2023,12,15,4,Medio
11159,2022-12-06,Balboa,Estados Unidos,75,2022,12,6,4,Alto
11160,2021-11-08,Balboa,Nicaragua,32,2021,11,8,4,Medio
11161,2022-11-18,Amulapa,Canada,31,2022,11,18,4,Medio
11162,2023-12-17,Apulo,Mexico,30,2023,12,17,4,Medio
11163,2021-06-12,Apulo,Guatemala,62,2021,6,12,2,Alto
11164,2023-12-20,Puerta Del Diablo,Canada,65,2023,12,20,4,Alto
11165,2021-05-11,Sunset Park,Mexico,14,2021,5,11,2,Bajo
11166,2024-05-04,Apulo,Costa Rica,30,2024,5,4,2,Medio
11167,2024-08-17,Apulo,Guatemala,75,2024,8,17,3,Alto
11168,2022-08-02,Sunset Park,España,76,2022,8,2,3,Alto
11169,2023-08-21,Puerta Del Diablo,Guatemala,41,2023,8,21,3,Medio
11170,2024-11-25,Balboa,España,8,2024,11,25,4,Bajo
11171,2023-11-28,Sunset Park,Estados Unidos,77,2023,11,28,4,Alto
11172,2023-03-26,Amulapa,Guatemala,61,2023,3,26,1,Alto
11173,2023-08-19,Amulapa,Honduras,26,2023,8,19,3,Bajo
11174,2022-10-03,Puerta Del Diablo,Honduras,49,2022,10,3,4,Medio
11175,2021-01-11,Apulo,Mexico,60,2021,1,11,1,Alto
11176,2022-07-28,Balboa,Mexico,15,2022,7,28,3,Bajo
11177,2022-10-07,Balboa,Honduras,23,2022,10,7,4,Bajo
11178,2023-03-19,Puerta Del Diablo,Mexico,22,2023,3,19,1,Bajo
11179,2021-10-16,Apulo,Estados Unidos,16,2021,10,16,4,Bajo
11180,2023-07-23,Sunset Park,Canada,27,2023,7,23,3,Bajo
11181,2023-06-14,Balboa,Honduras,64,2023,6,14,2,Alto
11182,2024-10-13,Cerro Verde,España,44,2024,10,13,4,Medio
11183,2023-09-06,Balboa,Costa Rica,64,2023,9,6,3,Alto
11184,2023-11-20,Cerro Verde,Costa Rica,48,2023,11,20,4,Medio
11185,2021-09-10,Balboa,Nicaragua,58,2021,9,10,3,Medio
11186,2022-02-21,Amulapa,Costa Rica,58,2022,2,21,1,Medio
11187,2024-02-25,Puerta Del Diablo,Estados Unidos,71,2024,2,25,1,Alto
11188,2022-05-01,Amulapa,Mexico,55,2022,5,1,2,Medio
11189,2021-12-07,Apulo,Honduras,22,2021,12,7,4,Bajo
11190,2022-03-28,Sunset Park,Mexico,10,2022,3,28,1,Bajo
11191,2023-10-16,Sunset Park,España,55,2023,10,16,4,Medio
11192,2023-10-20,Amulapa,España,78,2023,10,20,4,Alto
11193,2023-10-10,Puerta Del Diablo,Mexico,78,2023,10,10,4,Alto
11194,2023-07-07,Apulo,Mexico,41,2023,7,7,3,Medio
11195,2023-09-09,Sunset Park,Mexico,12,2023,9,9,3,Bajo
11196,2023-03-02,Puerta Del Diablo,Nicaragua,75,2023,3,2,1,Alto
11197,2023-07-07,Balboa,Guatemala,54,2023,7,7,3,Medio
11198,2023-08-15,Amulapa,España,65,2023,8,15,3,Alto
11199,2021-02-05,Puerta Del Diablo,Estados Unidos,51,2021,2,5,1,Medio
11200,2023-02-03,Cerro Verde,Nicaragua,24,2023,2,3,1,Bajo
11201,2021-05-09,Balboa,España,75,2021,5,9,2,Alto
11202,2024-09-17,Amulapa,Mexico,5,2024,9,17,3,Bajo
11203,2023-09-19,Apulo,España,28,2023,9,19,3,Bajo
11204,2024-09-08,Apulo,Costa Rica,58,2024,9,8,3,Medio
11205,2023-09-06,Balboa,Canada,57,2023,9,6,3,Medio
11206,2022-08-28,Puerta Del Diablo,Canada,57,2022,8,28,3,Medio
11207,2021-12-03,Cerro Verde,Honduras,77,2021,12,3,4,Alto
11208,2022-03-11,Apulo,Mexico,78,2022,3,11,1,Alto
11209,2021-10-05,Sunset Park,España,68,2021,10,5,4,Alto
11210,2022-10-10,Puerta Del Diablo,Honduras,71,2022,10,10,4,Alto
11211,2023-07-28,Sunset Park,Estados Unidos,46,2023,7,28,3,Medio
11212,2023-01-14,Apulo,Guatemala,49,2023,1,14,1,Medio
11213,2021-07-03,Apulo,Mexico,12,2021,7,3,3,Bajo
11214,2022-02-09,Apulo,España,51,2022,2,9,1,Medio
11215,2022-10-09,Puerta Del Diablo,Guatemala,25,2022,10,9,4,Bajo
11216,2023-12-24,Cerro Verde,Canada,59,2023,12,24,4,Medio
11217,2024-06-05,Balboa,Estados Unidos,63,2024,6,5,2,Alto
11218,2022-05-13,Puerta Del Diablo,Nicaragua,50,2022,5,13,2,Medio
11219,2024-11-22,Cerro Verde,Mexico,15,2024,11,22,4,Bajo
11220,2024-11-24,Sunset Park,Canada,41,2024,11,24,4,Medio
11221,2024-03-12,Amulapa,Nicaragua,62,2024,3,12,1,Alto
11222,2023-02-12,Puerta Del Diablo,España,58,2023,2,12,1,Medio
11223,2023-06-20,Cerro Verde,España,24,2023,6,20,2,Bajo
11224,2023-03-24,Apulo,España,23,2023,3,24,1,Bajo
11225,2024-10-11,Cerro Verde,Estados Unidos,72,2024,10,11,4,Alto
11226,2023-09-14,Amulapa,Nicaragua,7,2023,9,14,3,Bajo
11227,2023-10-16,Cerro Verde,Canada,53,2023,10,16,4,Medio
11228,2022-05-14,Apulo,Nicaragua,60,2022,5,14,2,Alto
11229,2024-11-22,Amulapa,Honduras,17,2024,11,22,4,Bajo
11230,2021-04-20,Balboa,Honduras,75,2021,4,20,2,Alto
11231,2021-11-17,Balboa,Costa Rica,11,2021,11,17,4,Bajo
11232,2022-04-19,Cerro Verde,Canada,67,2022,4,19,2,Alto
11233,2022-11-15,Sunset Park,España,68,2022,11,15,4,Alto
11234,2024-06-14,Amulapa,Costa Rica,66,2024,6,14,2,Alto
11235,2024-08-08,Cerro Verde,Honduras,6,2024,8,8,3,Bajo
11236,2021-10-01,Sunset Park,España,56,2021,10,1,4,Medio
11237,2024-05-23,Apulo,Costa Rica,51,2024,5,23,2,Medio
11238,2024-09-13,Balboa,Costa Rica,48,2024,9,13,3,Medio
11239,2024-04-16,Apulo,Mexico,59,2024,4,16,2,Medio
11240,2021-04-03,Balboa,Canada,25,2021,4,3,2,Bajo
11241,2021-02-13,Amulapa,Estados Unidos,52,2021,2,13,1,Medio
11242,2022-11-29,Balboa,Honduras,76,2022,11,29,4,Alto
11243,2021-12-06,Puerta Del Diablo,España,53,2021,12,6,4,Medio
11244,2024-05-17,Puerta Del Diablo,Canada,18,2024,5,17,2,Bajo
11245,2023-03-23,Puerta Del Diablo,Estados Unidos,72,2023,3,23,1,Alto
11246,2022-05-28,Apulo,España,8,2022,5,28,2,Bajo
11247,2023-04-19,Cerro Verde,Costa Rica,28,2023,4,19,2,Bajo
11248,2024-01-07,Puerta Del Diablo,Costa Rica,24,2024,1,7,1,Bajo
11249,2024-07-05,Sunset Park,Canada,58,2024,7,5,3,Medio
11250,2021-09-21,Apulo,Estados Unidos,38,2021,9,21,3,Medio
11251,2022-05-23,Amulapa,Estados Unidos,27,2022,5,23,2,Bajo
11252,2023-01-02,Apulo,Estados Unidos,76,2023,1,2,1,Alto
11253,2021-05-18,Puerta Del Diablo,Honduras,72,2021,5,18,2,Alto
11254,2021-09-22,Balboa,Nicaragua,41,2021,9,22,3,Medio
11255,2024-07-10,Puerta Del Diablo,Estados Unidos,23,2024,7,10,3,Bajo
11256,2024-04-01,Amulapa,Mexico,34,2024,4,1,2,Medio
11257,2024-04-02,Puerta Del Diablo,Mexico,29,2024,4,2,2,Bajo
11258,2022-04-03,Cerro Verde,Mexico,49,2022,4,3,2,Medio
11259,2021-09-15,Cerro Verde,Guatemala,12,2021,9,15,3,Bajo
11260,2023-11-13,Balboa,Nicaragua,22,2023,11,13,4,Bajo
11261,2023-01-16,Cerro Verde,España,17,2023,1,16,1,Bajo
11262,2024-09-25,Cerro Verde,España,64,2024,9,25,3,Alto
11263,2022-04-16,Apulo,Estados Unidos,22,2022,4,16,2,Bajo
11264,2021-08-02,Amulapa,Estados Unidos,30,2021,8,2,3,Medio
11265,2023-05-03,Cerro Verde,Honduras,19,2023,5,3,2,Bajo
11266,2024-10-25,Puerta Del Diablo,Costa Rica,50,2024,10,25,4,Medio
11267,2024-07-29,Sunset Park,Costa Rica,55,2024,7,29,3,Medio
11268,2023-10-20,Puerta Del Diablo,Canada,57,2023,10,20,4,Medio
11269,2023-10-02,Cerro Verde,Nicaragua,47,2023,10,2,4,Medio
11270,2021-12-18,Puerta Del Diablo,Nicaragua,12,2021,12,18,4,Bajo
11271,2024-07-26,Puerta Del Diablo,Mexico,30,2024,7,26,3,Medio
11272,2022-08-13,Puerta Del Diablo,España,16,2022,8,13,3,Bajo
11273,2022-09-29,Cerro Verde,España,52,2022,9,29,3,Medio
11274,2024-08-02,Apulo,Estados Unidos,10,2024,8,2,3,Bajo
11275,2024-09-04,Apulo,Nicaragua,67,2024,9,4,3,Alto
11276,2023-03-10,Sunset Park,España,13,2023,3,10,1,Bajo
11277,2021-07-30,Sunset Park,Nicaragua,13,2021,7,30,3,Bajo
11278,2024-12-20,Cerro Verde,Mexico,51,2024,12,20,4,Medio
11279,2024-02-20,Apulo,Canada,39,2024,2,20,1,Medio
11280,2024-10-29,Amulapa,España,65,2024,10,29,4,Alto
11281,2022-08-23,Balboa,Costa Rica,42,2022,8,23,3,Medio
11282,2023-05-18,Sunset Park,Canada,34,2023,5,18,2,Medio
11283,2022-07-21,Apulo,Canada,25,2022,7,21,3,Bajo
11284,2023-03-26,Apulo,Estados Unidos,24,2023,3,26,1,Bajo
11285,2021-04-06,Apulo,Canada,27,2021,4,6,2,Bajo
11286,2024-02-27,Puerta Del Diablo,Costa Rica,28,2024,2,27,1,Bajo
11287,2021-11-08,Sunset Park,Mexico,79,2021,11,8,4,Alto
11288,2021-09-24,Cerro Verde,Mexico,14,2021,9,24,3,Bajo
11289,2022-08-27,Cerro Verde,Mexico,41,2022,8,27,3,Medio
11290,2021-01-25,Cerro Verde,Mexico,18,2021,1,25,1,Bajo
11291,2022-03-03,Puerta Del Diablo,Estados Unidos,68,2022,3,3,1,Alto
11292,2022-01-15,Apulo,Honduras,58,2022,1,15,1,Medio
11293,2024-06-14,Apulo,Canada,19,2024,6,14,2,Bajo
11294,2022-02-14,Balboa,Mexico,70,2022,2,14,1,Alto
11295,2023-07-11,Puerta Del Diablo,Estados Unidos,11,2023,7,11,3,Bajo
11296,2022-05-04,Sunset Park,España,60,2022,5,4,2,Alto
11297,2024-02-12,Sunset Park,España,28,2024,2,12,1,Bajo
11298,2022-03-28,Sunset Park,Estados Unidos,6,2022,3,28,1,Bajo
11299,2021-07-06,Amulapa,Nicaragua,29,2021,7,6,3,Bajo
11300,2023-07-28,Apulo,Nicaragua,45,2023,7,28,3,Medio
11301,2024-06-15,Amulapa,Canada,28,2024,6,15,2,Bajo
11302,2024-04-17,Puerta Del Diablo,Honduras,23,2024,4,17,2,Bajo
11303,2023-07-28,Sunset Park,Canada,31,2023,7,28,3,Medio
11304,2023-11-04,Amulapa,Guatemala,50,2023,11,4,4,Medio
11305,2021-05-16,Apulo,España,6,2021,5,16,2,Bajo
11306,2022-07-08,Cerro Verde,España,36,2022,7,8,3,Medio
11307,2022-04-16,Apulo,Estados Unidos,25,2022,4,16,2,Bajo
11308,2024-08-14,Cerro Verde,Honduras,7,2024,8,14,3,Bajo
11309,2022-11-06,Puerta Del Diablo,España,47,2022,11,6,4,Medio
11310,2022-07-18,Balboa,Nicaragua,19,2022,7,18,3,Bajo
11311,2023-03-24,Balboa,España,25,2023,3,24,1,Bajo
11312,2022-01-06,Sunset Park,Canada,12,2022,1,6,1,Bajo
11313,2022-12-23,Amulapa,Honduras,79,2022,12,23,4,Alto
11314,2021-09-15,Amulapa,Estados Unidos,46,2021,9,15,3,Medio
11315,2022-08-12,Cerro Verde,Canada,7,2022,8,12,3,Bajo
11316,2022-09-08,Cerro Verde,Costa Rica,16,2022,9,8,3,Bajo
11317,2024-12-26,Sunset Park,España,26,2024,12,26,4,Bajo
11318,2021-07-12,Puerta Del Diablo,Honduras,33,2021,7,12,3,Medio
11319,2021-05-17,Balboa,Nicaragua,71,2021,5,17,2,Alto
11320,2021-02-17,Amulapa,Canada,34,2021,2,17,1,Medio
11321,2023-10-06,Balboa,Nicaragua,16,2023,10,6,4,Bajo
11322,2021-07-18,Sunset Park,Costa Rica,42,2021,7,18,3,Medio
11323,2021-02-19,Puerta Del Diablo,Mexico,40,2021,2,19,1,Medio
11324,2024-05-03,Balboa,España,35,2024,5,3,2,Medio
11325,2023-10-04,Amulapa,Honduras,55,2023,10,4,4,Medio
11326,2023-04-17,Amulapa,Guatemala,38,2023,4,17,2,Medio
11327,2023-03-04,Cerro Verde,Guatemala,43,2023,3,4,1,Medio
11328,2022-11-04,Balboa,España,18,2022,11,4,4,Bajo
11329,2023-02-01,Sunset Park,Nicaragua,7,2023,2,1,1,Bajo
11330,2022-10-14,Balboa,Costa Rica,69,2022,10,14,4,Alto
11331,2023-07-03,Sunset Park,Honduras,57,2023,7,3,3,Medio
11332,2022-01-03,Apulo,Canada,77,2022,1,3,1,Alto
11333,2022-03-24,Amulapa,Estados Unidos,8,2022,3,24,1,Bajo
11334,2022-08-29,Amulapa,Guatemala,72,2022,8,29,3,Alto
11335,2023-11-09,Puerta Del Diablo,Guatemala,32,2023,11,9,4,Medio
11336,2022-04-27,Balboa,Mexico,9,2022,4,27,2,Bajo
11337,2022-01-19,Apulo,Guatemala,71,2022,1,19,1,Alto
11338,2022-02-16,Sunset Park,Costa Rica,41,2022,2,16,1,Medio
11339,2024-12-02,Amulapa,Canada,66,2024,12,2,4,Alto
11340,2023-01-15,Balboa,Mexico,14,2023,1,15,1,Bajo
11341,2021-11-16,Balboa,Costa Rica,70,2021,11,16,4,Alto
11342,2021-06-26,Apulo,Honduras,64,2021,6,26,2,Alto
11343,2022-08-24,Balboa,España,23,2022,8,24,3,Bajo
11344,2021-11-11,Apulo,Costa Rica,24,2021,11,11,4,Bajo
11345,2024-01-01,Apulo,Nicaragua,69,2024,1,1,1,Alto
11346,2022-06-25,Puerta Del Diablo,Nicaragua,25,2022,6,25,2,Bajo
11347,2023-01-13,Puerta Del Diablo,Honduras,27,2023,1,13,1,Bajo
11348,2024-05-20,Sunset Park,España,19,2024,5,20,2,Bajo
11349,2024-07-05,Cerro Verde,España,69,2024,7,5,3,Alto
11350,2024-09-01,Puerta Del Diablo,Costa Rica,20,2024,9,1,3,Bajo
11351,2021-10-06,Amulapa,Nicaragua,24,2021,10,6,4,Bajo
11352,2024-08-24,Puerta Del Diablo,España,22,2024,8,24,3,Bajo
11353,2023-10-11,Apulo,Canada,8,2023,10,11,4,Bajo
11354,2023-07-05,Apulo,Nicaragua,69,2023,7,5,3,Alto
11355,2024-08-06,Apulo,Honduras,79,2024,8,6,3,Alto
11356,2021-06-09,Cerro Verde,España,29,2021,6,9,2,Bajo
11357,2021-08-25,Puerta Del Diablo,Estados Unidos,7,2021,8,25,3,Bajo
11358,2022-01-16,Balboa,Guatemala,5,2022,1,16,1,Bajo
11359,2024-10-29,Puerta Del Diablo,Mexico,8,2024,10,29,4,Bajo
11360,2023-06-08,Sunset Park,Nicaragua,33,2023,6,8,2,Medio
11361,2024-07-31,Amulapa,España,79,2024,7,31,3,Alto
11362,2022-09-21,Cerro Verde,Honduras,47,2022,9,21,3,Medio
11363,2021-06-08,Sunset Park,Estados Unidos,75,2021,6,8,2,Alto
11364,2022-10-10,Apulo,Estados Unidos,50,2022,10,10,4,Medio
11365,2023-06-27,Amulapa,Guatemala,75,2023,6,27,2,Alto
11366,2023-01-08,Balboa,Costa Rica,13,2023,1,8,1,Bajo
11367,2022-08-06,Cerro Verde,Honduras,29,2022,8,6,3,Bajo
11368,2024-10-25,Amulapa,Canada,26,2024,10,25,4,Bajo
11369,2024-10-10,Cerro Verde,Nicaragua,23,2024,10,10,4,Bajo
11370,2022-11-27,Amulapa,Mexico,46,2022,11,27,4,Medio
11371,2024-03-27,Amulapa,España,14,2024,3,27,1,Bajo
11372,2022-09-04,Balboa,Costa Rica,20,2022,9,4,3,Bajo
11373,2023-06-30,Amulapa,Canada,37,2023,6,30,2,Medio
11374,2023-07-01,Sunset Park,Costa Rica,10,2023,7,1,3,Bajo
11375,2022-12-17,Puerta Del Diablo,Honduras,77,2022,12,17,4,Alto
11376,2021-09-03,Sunset Park,Canada,20,2021,9,3,3,Bajo
11377,2022-03-06,Balboa,Canada,15,2022,3,6,1,Bajo
11378,2021-05-08,Puerta Del Diablo,Costa Rica,36,2021,5,8,2,Medio
11379,2021-05-02,Cerro Verde,Mexico,32,2021,5,2,2,Medio
11380,2024-02-08,Amulapa,Honduras,63,2024,2,8,1,Alto
11381,2024-01-10,Balboa,España,60,2024,1,10,1,Alto
11382,2024-04-04,Sunset Park,Guatemala,28,2024,4,4,2,Bajo
11383,2021-03-03,Balboa,Guatemala,62,2021,3,3,1,Alto
11384,2022-11-13,Cerro Verde,Nicaragua,6,2022,11,13,4,Bajo
11385,2024-10-07,Amulapa,Mexico,46,2024,10,7,4,Medio
11386,2021-03-20,Apulo,Costa Rica,56,2021,3,20,1,Medio
11387,2021-01-25,Amulapa,España,54,2021,1,25,1,Medio
11388,2023-01-10,Cerro Verde,Nicaragua,51,2023,1,10,1,Medio
11389,2024-09-28,Cerro Verde,Honduras,56,2024,9,28,3,Medio
11390,2022-04-27,Apulo,Estados Unidos,59,2022,4,27,2,Medio
11391,2022-12-17,Balboa,Honduras,53,2022,12,17,4,Medio
11392,2022-11-03,Apulo,Nicaragua,19,2022,11,3,4,Bajo
11393,2022-03-23,Cerro Verde,Guatemala,59,2022,3,23,1,Medio
11394,2021-01-24,Amulapa,Nicaragua,78,2021,1,24,1,Alto
11395,2021-10-06,Amulapa,Guatemala,21,2021,10,6,4,Bajo
11396,2024-12-17,Puerta Del Diablo,Honduras,26,2024,12,17,4,Bajo
11397,2021-08-14,Puerta Del Diablo,Estados Unidos,24,2021,8,14,3,Bajo
11398,2023-04-08,Sunset Park,Nicaragua,62,2023,4,8,2,Alto
11399,2024-03-10,Sunset Park,Nicaragua,59,2024,3,10,1,Medio
11400,2021-02-01,Cerro Verde,Costa Rica,23,2021,2,1,1,Bajo
11401,2024-05-11,Amulapa,Costa Rica,16,2024,5,11,2,Bajo
11402,2023-05-30,Balboa,Costa Rica,38,2023,5,30,2,Medio
11403,2023-04-10,Apulo,Nicaragua,59,2023,4,10,2,Medio
11404,2024-08-04,Balboa,Honduras,48,2024,8,4,3,Medio
11405,2024-01-12,Balboa,Costa Rica,45,2024,1,12,1,Medio
11406,2023-10-13,Apulo,Costa Rica,28,2023,10,13,4,Bajo
11407,2021-04-12,Puerta Del Diablo,Costa Rica,40,2021,4,12,2,Medio
11408,2022-09-09,Puerta Del Diablo,Canada,24,2022,9,9,3,Bajo
11409,2024-08-15,Amulapa,Canada,29,2024,8,15,3,Bajo
11410,2023-03-14,Apulo,Canada,73,2023,3,14,1,Alto
11411,2024-09-14,Apulo,España,57,2024,9,14,3,Medio
11412,2023-10-21,Amulapa,Nicaragua,41,2023,10,21,4,Medio
11413,2021-10-30,Puerta Del Diablo,Guatemala,19,2021,10,30,4,Bajo
11414,2023-05-19,Amulapa,Honduras,25,2023,5,19,2,Bajo
11415,2021-05-03,Balboa,España,69,2021,5,3,2,Alto
11416,2023-06-24,Apulo,España,41,2023,6,24,2,Medio
11417,2021-12-01,Puerta Del Diablo,Costa Rica,34,2021,12,1,4,Medio
11418,2024-03-30,Apulo,Guatemala,64,2024,3,30,1,Alto
11419,2021-10-16,Balboa,Estados Unidos,72,2021,10,16,4,Alto
11420,2022-05-23,Puerta Del Diablo,Costa Rica,40,2022,5,23,2,Medio
11421,2024-08-27,Apulo,Estados Unidos,49,2024,8,27,3,Medio
11422,2022-02-15,Apulo,Honduras,7,2022,2,15,1,Bajo
11423,2022-09-14,Cerro Verde,Guatemala,21,2022,9,14,3,Bajo
11424,2022-09-01,Cerro Verde,Estados Unidos,38,2022,9,1,3,Medio
11425,2021-12-10,Balboa,Estados Unidos,16,2021,12,10,4,Bajo
11426,2022-10-08,Amulapa,Nicaragua,73,2022,10,8,4,Alto
11427,2023-08-19,Balboa,Estados Unidos,22,2023,8,19,3,Bajo
11428,2023-10-21,Apulo,España,9,2023,10,21,4,Bajo
11429,2021-03-28,Puerta Del Diablo,Nicaragua,15,2021,3,28,1,Bajo
11430,2024-11-16,Balboa,Mexico,75,2024,11,16,4,Alto
11431,2022-03-24,Apulo,Nicaragua,9,2022,3,24,1,Bajo
11432,2023-07-14,Apulo,Mexico,74,2023,7,14,3,Alto
11433,2022-06-14,Amulapa,España,38,2022,6,14,2,Medio
11434,2024-12-12,Balboa,Costa Rica,15,2024,12,12,4,Bajo
11435,2023-10-05,Puerta Del Diablo,Canada,42,2023,10,5,4,Medio
11436,2021-07-19,Balboa,Nicaragua,21,2021,7,19,3,Bajo
11437,2022-07-23,Balboa,Canada,6,2022,7,23,3,Bajo
11438,2021-09-23,Amulapa,Estados Unidos,51,2021,9,23,3,Medio
11439,2022-07-01,Apulo,Honduras,17,2022,7,1,3,Bajo
11440,2024-06-27,Balboa,Estados Unidos,44,2024,6,27,2,Medio
11441,2024-01-17,Sunset Park,Nicaragua,53,2024,1,17,1,Medio
11442,2023-06-23,Balboa,Canada,75,2023,6,23,2,Alto
11443,2024-11-19,Amulapa,España,21,2024,11,19,4,Bajo
11444,2022-01-24,Apulo,Nicaragua,22,2022,1,24,1,Bajo
11445,2021-10-07,Balboa,Guatemala,18,2021,10,7,4,Bajo
11446,2021-10-19,Cerro Verde,Mexico,48,2021,10,19,4,Medio
11447,2024-06-07,Apulo,España,70,2024,6,7,2,Alto
11448,2021-06-07,Cerro Verde,Mexico,16,2021,6,7,2,Bajo
11449,2021-04-27,Cerro Verde,Guatemala,66,2021,4,27,2,Alto
11450,2024-05-11,Puerta Del Diablo,Honduras,16,2024,5,11,2,Bajo
11451,2023-07-23,Balboa,Mexico,65,2023,7,23,3,Alto
11452,2022-11-10,Balboa,Canada,24,2022,11,10,4,Bajo
11453,2023-04-15,Balboa,Estados Unidos,43,2023,4,15,2,Medio
11454,2022-09-08,Cerro Verde,Costa Rica,25,2022,9,8,3,Bajo
11455,2023-01-15,Sunset Park,Honduras,60,2023,1,15,1,Alto
11456,2022-02-02,Amulapa,Mexico,19,2022,2,2,1,Bajo
11457,2024-01-19,Amulapa,Guatemala,21,2024,1,19,1,Bajo
11458,2024-08-31,Sunset Park,Honduras,77,2024,8,31,3,Alto
11459,2024-09-15,Amulapa,Mexico,41,2024,9,15,3,Medio
11460,2021-11-20,Sunset Park,Estados Unidos,9,2021,11,20,4,Bajo
11461,2022-12-18,Puerta Del Diablo,Guatemala,55,2022,12,18,4,Medio
11462,2024-12-09,Puerta Del Diablo,Mexico,71,2024,12,9,4,Alto
11463,2024-12-19,Cerro Verde,España,13,2024,12,19,4,Bajo
11464,2023-11-24,Apulo,Estados Unidos,15,2023,11,24,4,Bajo
11465,2024-01-18,Amulapa,Canada,39,2024,1,18,1,Medio
11466,2021-07-13,Cerro Verde,Honduras,51,2021,7,13,3,Medio
11467,2024-09-23,Apulo,Canada,20,2024,9,23,3,Bajo
11468,2023-04-30,Sunset Park,Nicaragua,70,2023,4,30,2,Alto
11469,2023-05-24,Apulo,Honduras,10,2023,5,24,2,Bajo
11470,2022-04-16,Apulo,España,25,2022,4,16,2,Bajo
11471,2023-05-03,Amulapa,Costa Rica,6,2023,5,3,2,Bajo
11472,2021-09-14,Apulo,Nicaragua,54,2021,9,14,3,Medio
11473,2022-09-30,Amulapa,Honduras,30,2022,9,30,3,Medio
11474,2023-01-30,Balboa,Estados Unidos,48,2023,1,30,1,Medio
11475,2021-10-12,Cerro Verde,Guatemala,37,2021,10,12,4,Medio
11476,2024-04-29,Amulapa,Nicaragua,17,2024,4,29,2,Bajo
11477,2024-10-30,Puerta Del Diablo,Honduras,8,2024,10,30,4,Bajo
11478,2022-07-02,Balboa,Honduras,45,2022,7,2,3,Medio
11479,2022-04-06,Sunset Park,Costa Rica,54,2022,4,6,2,Medio
11480,2023-06-18,Balboa,Canada,5,2023,6,18,2,Bajo
11481,2021-09-08,Cerro Verde,Honduras,56,2021,9,8,3,Medio
11482,2022-04-18,Puerta Del Diablo,Guatemala,43,2022,4,18,2,Medio
11483,2023-07-21,Amulapa,Canada,75,2023,7,21,3,Alto
11484,2021-10-28,Amulapa,Honduras,69,2021,10,28,4,Alto
11485,2023-01-27,Amulapa,Mexico,36,2023,1,27,1,Medio
11486,2024-03-31,Apulo,Costa Rica,35,2024,3,31,1,Medio
11487,2021-01-22,Amulapa,Mexico,62,2021,1,22,1,Alto
11488,2024-09-06,Sunset Park,Nicaragua,44,2024,9,6,3,Medio
11489,2023-04-10,Sunset Park,España,70,2023,4,10,2,Alto
11490,2021-05-03,Amulapa,Honduras,79,2021,5,3,2,Alto
11491,2022-07-18,Apulo,Canada,24,2022,7,18,3,Bajo
11492,2022-06-22,Puerta Del Diablo,Nicaragua,56,2022,6,22,2,Medio
11493,2024-01-14,Puerta Del Diablo,Canada,29,2024,1,14,1,Bajo
11494,2023-10-27,Cerro Verde,Costa Rica,36,2023,10,27,4,Medio
11495,2021-07-05,Amulapa,Costa Rica,77,2021,7,5,3,Alto
11496,2022-11-07,Sunset Park,Nicaragua,57,2022,11,7,4,Medio
11497,2022-10-23,Cerro Verde,Guatemala,63,2022,10,23,4,Alto
11498,2024-04-21,Apulo,Nicaragua,48,2024,4,21,2,Medio
11499,2023-03-22,Amulapa,Honduras,36,2023,3,22,1,Medio
11500,2021-09-27,Sunset Park,Honduras,6,2021,9,27,3,Bajo
11501,2023-03-04,Apulo,Costa Rica,6,2023,3,4,1,Bajo
11502,2021-08-27,Apulo,Estados Unidos,24,2021,8,27,3,Bajo
11503,2024-12-17,Amulapa,Costa Rica,67,2024,12,17,4,Alto
11504,2023-08-21,Balboa,Nicaragua,61,2023,8,21,3,Alto
11505,2024-06-08,Sunset Park,Guatemala,21,2024,6,8,2,Bajo
11506,2023-04-22,Puerta Del Diablo,Honduras,67,2023,4,22,2,Alto
11507,2022-08-05,Balboa,Nicaragua,41,2022,8,5,3,Medio
11508,2022-11-24,Balboa,Honduras,16,2022,11,24,4,Bajo
11509,2022-10-14,Balboa,Canada,75,2022,10,14,4,Alto
11510,2023-08-14,Amulapa,Honduras,73,2023,8,14,3,Alto
11511,2022-07-31,Cerro Verde,España,57,2022,7,31,3,Medio
11512,2023-08-17,Sunset Park,Guatemala,63,2023,8,17,3,Alto
11513,2024-08-03,Cerro Verde,Costa Rica,65,2024,8,3,3,Alto
11514,2021-08-02,Puerta Del Diablo,España,36,2021,8,2,3,Medio
11515,2023-09-21,Puerta Del Diablo,Estados Unidos,25,2023,9,21,3,Bajo
11516,2021-06-24,Sunset Park,Canada,41,2021,6,24,2,Medio
11517,2022-07-18,Sunset Park,Costa Rica,47,2022,7,18,3,Medio
11518,2021-06-20,Balboa,Mexico,15,2021,6,20,2,Bajo
11519,2021-01-29,Sunset Park,Guatemala,56,2021,1,29,1,Medio
11520,2024-11-30,Sunset Park,Guatemala,38,2024,11,30,4,Medio
11521,2023-07-23,Balboa,Honduras,60,2023,7,23,3,Alto
11522,2021-11-14,Puerta Del Diablo,Estados Unidos,24,2021,11,14,4,Bajo
11523,2023-06-09,Sunset Park,Estados Unidos,8,2023,6,9,2,Bajo
11524,2024-05-16,Cerro Verde,Mexico,60,2024,5,16,2,Alto
11525,2022-02-23,Puerta Del Diablo,Estados Unidos,58,2022,2,23,1,Medio
11526,2023-04-03,Puerta Del Diablo,Nicaragua,23,2023,4,3,2,Bajo
11527,2022-04-03,Amulapa,Mexico,30,2022,4,3,2,Medio
11528,2024-12-22,Apulo,Mexico,66,2024,12,22,4,Alto
11529,2021-09-25,Cerro Verde,Mexico,9,2021,9,25,3,Bajo
11530,2024-12-11,Sunset Park,Costa Rica,45,2024,12,11,4,Medio
11531,2022-07-03,Amulapa,Guatemala,42,2022,7,3,3,Medio
11532,2023-05-06,Cerro Verde,Canada,75,2023,5,6,2,Alto
11533,2024-08-30,Balboa,Canada,28,2024,8,30,3,Bajo
11534,2024-04-13,Amulapa,España,37,2024,4,13,2,Medio
11535,2023-04-14,Sunset Park,Costa Rica,55,2023,4,14,2,Medio
11536,2024-06-24,Puerta Del Diablo,Mexico,49,2024,6,24,2,Medio
11537,2022-04-11,Puerta Del Diablo,Estados Unidos,65,2022,4,11,2,Alto
11538,2023-02-27,Sunset Park,Nicaragua,26,2023,2,27,1,Bajo
11539,2022-05-04,Cerro Verde,Estados Unidos,33,2022,5,4,2,Medio
11540,2023-09-05,Sunset Park,Canada,58,2023,9,5,3,Medio
11541,2022-05-12,Sunset Park,Guatemala,34,2022,5,12,2,Medio
11542,2024-07-28,Sunset Park,Costa Rica,40,2024,7,28,3,Medio
11543,2022-04-04,Amulapa,Mexico,55,2022,4,4,2,Medio
11544,2022-04-29,Puerta Del Diablo,Estados Unidos,60,2022,4,29,2,Alto
11545,2023-10-29,Apulo,Mexico,50,2023,10,29,4,Medio
11546,2022-08-27,Cerro Verde,Guatemala,16,2022,8,27,3,Bajo
11547,2023-08-17,Sunset Park,Nicaragua,24,2023,8,17,3,Bajo
11548,2021-03-02,Apulo,España,30,2021,3,2,1,Medio
11549,2023-04-23,Cerro Verde,Guatemala,54,2023,4,23,2,Medio
11550,2022-12-25,Cerro Verde,Estados Unidos,29,2022,12,25,4,Bajo
11551,2024-05-30,Sunset Park,Guatemala,26,2024,5,30,2,Bajo
11552,2024-03-25,Cerro Verde,Estados Unidos,40,2024,3,25,1,Medio
11553,2023-06-03,Apulo,Honduras,78,2023,6,3,2,Alto
11554,2023-01-06,Balboa,Canada,12,2023,1,6,1,Bajo
11555,2021-02-25,Sunset Park,Estados Unidos,78,2021,2,25,1,Alto
11556,2022-04-09,Sunset Park,Canada,28,2022,4,9,2,Bajo
11557,2022-10-07,Cerro Verde,Mexico,32,2022,10,7,4,Medio
11558,2023-06-19,Balboa,España,35,2023,6,19,2,Medio
11559,2021-03-05,Apulo,Costa Rica,41,2021,3,5,1,Medio
11560,2024-11-22,Puerta Del Diablo,Honduras,79,2024,11,22,4,Alto
11561,2024-07-04,Balboa,Nicaragua,46,2024,7,4,3,Medio
11562,2024-01-02,Cerro Verde,Mexico,32,2024,1,2,1,Medio
11563,2021-01-31,Apulo,Estados Unidos,41,2021,1,31,1,Medio
11564,2022-09-30,Cerro Verde,Honduras,69,2022,9,30,3,Alto
11565,2023-06-27,Sunset Park,España,40,2023,6,27,2,Medio
11566,2021-05-16,Cerro Verde,Mexico,16,2021,5,16,2,Bajo
11567,2021-05-31,Sunset Park,Nicaragua,31,2021,5,31,2,Medio
11568,2023-08-19,Puerta Del Diablo,Guatemala,15,2023,8,19,3,Bajo
11569,2022-03-25,Cerro Verde,Costa Rica,57,2022,3,25,1,Medio
11570,2021-11-30,Amulapa,España,22,2021,11,30,4,Bajo
11571,2022-11-29,Apulo,España,58,2022,11,29,4,Medio
11572,2023-01-13,Cerro Verde,Estados Unidos,63,2023,1,13,1,Alto
11573,2023-01-11,Sunset Park,Honduras,70,2023,1,11,1,Alto
11574,2023-01-18,Amulapa,Guatemala,53,2023,1,18,1,Medio
11575,2021-08-08,Amulapa,Guatemala,67,2021,8,8,3,Alto
11576,2024-02-16,Amulapa,Honduras,49,2024,2,16,1,Medio
11577,2023-12-22,Amulapa,Costa Rica,76,2023,12,22,4,Alto
11578,2024-10-08,Apulo,Honduras,41,2024,10,8,4,Medio
11579,2023-10-24,Puerta Del Diablo,Costa Rica,17,2023,10,24,4,Bajo
11580,2022-03-24,Apulo,España,50,2022,3,24,1,Medio
11581,2022-05-13,Cerro Verde,Costa Rica,72,2022,5,13,2,Alto
11582,2023-05-17,Apulo,Nicaragua,74,2023,5,17,2,Alto
11583,2024-09-03,Sunset Park,Honduras,35,2024,9,3,3,Medio
11584,2021-01-14,Balboa,Honduras,12,2021,1,14,1,Bajo
11585,2021-09-07,Amulapa,Guatemala,24,2021,9,7,3,Bajo
11586,2024-11-08,Balboa,Estados Unidos,54,2024,11,8,4,Medio
11587,2024-04-07,Puerta Del Diablo,Costa Rica,28,2024,4,7,2,Bajo
11588,2023-06-04,Puerta Del Diablo,Guatemala,34,2023,6,4,2,Medio
11589,2024-06-28,Apulo,Guatemala,14,2024,6,28,2,Bajo
11590,2024-02-17,Puerta Del Diablo,Costa Rica,75,2024,2,17,1,Alto
11591,2023-02-11,Cerro Verde,Guatemala,42,2023,2,11,1,Medio
11592,2024-06-30,Apulo,Guatemala,49,2024,6,30,2,Medio
11593,2022-08-06,Sunset Park,Estados Unidos,43,2022,8,6,3,Medio
11594,2022-06-23,Sunset Park,España,13,2022,6,23,2,Bajo
11595,2021-03-10,Sunset Park,España,58,2021,3,10,1,Medio
11596,2024-12-18,Apulo,Estados Unidos,63,2024,12,18,4,Alto
11597,2023-01-04,Amulapa,Costa Rica,19,2023,1,4,1,Bajo
11598,2021-10-23,Cerro Verde,Mexico,61,2021,10,23,4,Alto
11599,2022-05-04,Apulo,Mexico,33,2022,5,4,2,Medio
11600,2022-06-22,Cerro Verde,Mexico,15,2022,6,22,2,Bajo
11601,2024-05-09,Amulapa,Guatemala,74,2024,5,9,2,Alto
11602,2023-08-05,Apulo,Costa Rica,30,2023,8,5,3,Medio
11603,2024-08-07,Sunset Park,Canada,12,2024,8,7,3,Bajo
11604,2022-10-08,Cerro Verde,Canada,17,2022,10,8,4,Bajo
11605,2023-08-15,Amulapa,España,64,2023,8,15,3,Alto
11606,2023-09-12,Apulo,Costa Rica,50,2023,9,12,3,Medio
11607,2023-10-07,Puerta Del Diablo,Honduras,27,2023,10,7,4,Bajo
11608,2023-09-30,Balboa,Canada,67,2023,9,30,3,Alto
11609,2024-10-19,Cerro Verde,Costa Rica,6,2024,10,19,4,Bajo
11610,2023-08-28,Amulapa,Costa Rica,56,2023,8,28,3,Medio
11611,2021-07-08,Sunset Park,Guatemala,6,2021,7,8,3,Bajo
11612,2023-02-03,Apulo,Estados Unidos,50,2023,2,3,1,Medio
11613,2024-11-27,Apulo,Honduras,12,2024,11,27,4,Bajo
11614,2023-11-25,Cerro Verde,España,48,2023,11,25,4,Medio
11615,2022-09-07,Balboa,Costa Rica,54,2022,9,7,3,Medio
11616,2021-06-03,Balboa,Guatemala,61,2021,6,3,2,Alto
11617,2023-10-02,Amulapa,Honduras,6,2023,10,2,4,Bajo
11618,2023-11-25,Sunset Park,Costa Rica,16,2023,11,25,4,Bajo
11619,2024-04-26,Cerro Verde,Guatemala,41,2024,4,26,2,Medio
11620,2024-09-08,Sunset Park,Estados Unidos,29,2024,9,8,3,Bajo
11621,2022-10-07,Cerro Verde,Canada,49,2022,10,7,4,Medio
11622,2022-11-16,Balboa,Canada,71,2022,11,16,4,Alto
11623,2022-07-26,Sunset Park,Honduras,5,2022,7,26,3,Bajo
11624,2022-03-20,Cerro Verde,Nicaragua,39,2022,3,20,1,Medio
11625,2023-10-10,Sunset Park,Costa Rica,55,2023,10,10,4,Medio
11626,2021-06-21,Amulapa,Honduras,55,2021,6,21,2,Medio
11627,2024-06-27,Puerta Del Diablo,Guatemala,35,2024,6,27,2,Medio
11628,2021-08-14,Sunset Park,Nicaragua,45,2021,8,14,3,Medio
11629,2022-08-15,Amulapa,Canada,62,2022,8,15,3,Alto
11630,2024-04-20,Cerro Verde,Estados Unidos,18,2024,4,20,2,Bajo
11631,2022-03-16,Puerta Del Diablo,Guatemala,13,2022,3,16,1,Bajo
11632,2023-08-10,Balboa,Estados Unidos,26,2023,8,10,3,Bajo
11633,2023-07-07,Puerta Del Diablo,Estados Unidos,15,2023,7,7,3,Bajo
11634,2023-12-07,Amulapa,Honduras,61,2023,12,7,4,Alto
11635,2024-12-14,Balboa,Canada,76,2024,12,14,4,Alto
11636,2021-08-30,Amulapa,Canada,37,2021,8,30,3,Medio
11637,2022-08-21,Apulo,Nicaragua,28,2022,8,21,3,Bajo
11638,2023-11-24,Sunset Park,Canada,38,2023,11,24,4,Medio
11639,2024-06-26,Apulo,Mexico,61,2024,6,26,2,Alto
11640,2021-03-30,Sunset Park,Estados Unidos,60,2021,3,30,1,Alto
11641,2021-08-08,Balboa,Nicaragua,56,2021,8,8,3,Medio
11642,2022-06-30,Balboa,Nicaragua,74,2022,6,30,2,Alto
11643,2021-12-07,Balboa,Mexico,72,2021,12,7,4,Alto
11644,2022-10-29,Sunset Park,Mexico,62,2022,10,29,4,Alto
11645,2024-09-06,Puerta Del Diablo,Guatemala,75,2024,9,6,3,Alto
11646,2021-10-12,Cerro Verde,Estados Unidos,8,2021,10,12,4,Bajo
11647,2024-11-21,Cerro Verde,Costa Rica,33,2024,11,21,4,Medio
11648,2021-07-24,Puerta Del Diablo,Canada,40,2021,7,24,3,Medio
11649,2023-02-20,Balboa,Canada,51,2023,2,20,1,Medio
11650,2023-12-06,Apulo,Mexico,27,2023,12,6,4,Bajo
11651,2022-10-07,Amulapa,Mexico,5,2022,10,7,4,Bajo
11652,2023-06-09,Apulo,Canada,78,2023,6,9,2,Alto
11653,2022-07-19,Puerta Del Diablo,Costa Rica,42,2022,7,19,3,Medio
11654,2024-09-15,Puerta Del Diablo,Canada,13,2024,9,15,3,Bajo
11655,2024-10-22,Amulapa,Honduras,18,2024,10,22,4,Bajo
11656,2022-06-13,Amulapa,España,9,2022,6,13,2,Bajo
11657,2022-10-04,Sunset Park,Estados Unidos,24,2022,10,4,4,Bajo
11658,2022-04-27,Amulapa,Costa Rica,48,2022,4,27,2,Medio
11659,2024-12-03,Sunset Park,Guatemala,36,2024,12,3,4,Medio
11660,2022-02-22,Apulo,Costa Rica,20,2022,2,22,1,Bajo
11661,2024-03-23,Balboa,España,31,2024,3,23,1,Medio
11662,2023-06-12,Balboa,Nicaragua,25,2023,6,12,2,Bajo
11663,2024-08-30,Apulo,Estados Unidos,37,2024,8,30,3,Medio
11664,2023-06-03,Apulo,España,29,2023,6,3,2,Bajo
11665,2024-11-28,Sunset Park,Mexico,46,2024,11,28,4,Medio
11666,2024-01-02,Apulo,Estados Unidos,7,2024,1,2,1,Bajo
11667,2023-06-02,Sunset Park,Honduras,11,2023,6,2,2,Bajo
11668,2024-03-19,Apulo,Mexico,77,2024,3,19,1,Alto
11669,2024-11-03,Balboa,Nicaragua,10,2024,11,3,4,Bajo
11670,2024-01-24,Puerta Del Diablo,Guatemala,14,2024,1,24,1,Bajo
11671,2022-02-05,Amulapa,Honduras,67,2022,2,5,1,Alto
11672,2023-08-17,Puerta Del Diablo,Honduras,21,2023,8,17,3,Bajo
11673,2021-04-27,Balboa,Honduras,27,2021,4,27,2,Bajo
11674,2021-07-13,Balboa,Guatemala,32,2021,7,13,3,Medio
11675,2022-10-18,Balboa,Mexico,8,2022,10,18,4,Bajo
11676,2022-03-15,Puerta Del Diablo,Honduras,36,2022,3,15,1,Medio
11677,2023-07-28,Sunset Park,España,60,2023,7,28,3,Alto
11678,2022-04-03,Cerro Verde,Honduras,5,2022,4,3,2,Bajo
11679,2021-05-18,Sunset Park,Guatemala,9,2021,5,18,2,Bajo
11680,2023-08-07,Balboa,Estados Unidos,50,2023,8,7,3,Medio
11681,2023-04-08,Puerta Del Diablo,Costa Rica,5,2023,4,8,2,Bajo
11682,2021-03-30,Balboa,Guatemala,74,2021,3,30,1,Alto
11683,2022-01-09,Cerro Verde,Canada,72,2022,1,9,1,Alto
11684,2023-02-22,Puerta Del Diablo,Canada,15,2023,2,22,1,Bajo
11685,2024-05-19,Cerro Verde,Costa Rica,64,2024,5,19,2,Alto
11686,2022-03-07,Amulapa,Costa Rica,42,2022,3,7,1,Medio
11687,2021-09-04,Apulo,Nicaragua,32,2021,9,4,3,Medio
11688,2023-03-01,Sunset Park,Nicaragua,74,2023,3,1,1,Alto
11689,2021-02-05,Puerta Del Diablo,Canada,22,2021,2,5,1,Bajo
11690,2021-01-22,Sunset Park,Mexico,45,2021,1,22,1,Medio
11691,2024-01-02,Amulapa,Costa Rica,55,2024,1,2,1,Medio
11692,2023-11-01,Balboa,Canada,52,2023,11,1,4,Medio
11693,2023-02-07,Apulo,Nicaragua,77,2023,2,7,1,Alto
11694,2024-09-27,Cerro Verde,Honduras,30,2024,9,27,3,Medio
11695,2022-06-11,Puerta Del Diablo,España,9,2022,6,11,2,Bajo
11696,2021-10-12,Apulo,Canada,69,2021,10,12,4,Alto
11697,2021-03-23,Puerta Del Diablo,Guatemala,55,2021,3,23,1,Medio
11698,2021-11-26,Puerta Del Diablo,Nicaragua,74,2021,11,26,4,Alto
11699,2024-05-19,Apulo,Honduras,74,2024,5,19,2,Alto
11700,2022-09-17,Apulo,Costa Rica,75,2022,9,17,3,Alto
11701,2023-08-15,Sunset Park,Mexico,65,2023,8,15,3,Alto
11702,2024-09-15,Sunset Park,Guatemala,74,2024,9,15,3,Alto
11703,2023-08-11,Balboa,Guatemala,14,2023,8,11,3,Bajo
11704,2024-10-02,Apulo,Estados Unidos,68,2024,10,2,4,Alto
11705,2023-07-07,Cerro Verde,España,47,2023,7,7,3,Medio
11706,2024-12-08,Cerro Verde,Costa Rica,24,2024,12,8,4,Bajo
11707,2022-06-21,Balboa,España,71,2022,6,21,2,Alto
11708,2024-05-15,Amulapa,Mexico,17,2024,5,15,2,Bajo
11709,2021-11-19,Cerro Verde,España,50,2021,11,19,4,Medio
11710,2023-07-19,Balboa,Canada,46,2023,7,19,3,Medio
11711,2022-04-26,Amulapa,Nicaragua,25,2022,4,26,2,Bajo
11712,2023-12-24,Sunset Park,Mexico,55,2023,12,24,4,Medio
11713,2022-10-25,Amulapa,Canada,73,2022,10,25,4,Alto
11714,2021-05-18,Cerro Verde,Nicaragua,46,2021,5,18,2,Medio
11715,2023-06-12,Amulapa,Honduras,49,2023,6,12,2,Medio
11716,2023-09-21,Amulapa,Guatemala,67,2023,9,21,3,Alto
11717,2022-11-17,Puerta Del Diablo,Mexico,16,2022,11,17,4,Bajo
11718,2024-08-23,Cerro Verde,Canada,13,2024,8,23,3,Bajo
11719,2022-07-05,Cerro Verde,Honduras,77,2022,7,5,3,Alto
11720,2021-11-17,Balboa,Honduras,62,2021,11,17,4,Alto
11721,2024-10-14,Sunset Park,Honduras,21,2024,10,14,4,Bajo
11722,2021-03-19,Cerro Verde,Mexico,72,2021,3,19,1,Alto
11723,2024-05-12,Sunset Park,Canada,9,2024,5,12,2,Bajo
11724,2022-03-03,Cerro Verde,Mexico,29,2022,3,3,1,Bajo
11725,2021-05-06,Amulapa,Costa Rica,62,2021,5,6,2,Alto
11726,2023-02-25,Balboa,Mexico,40,2023,2,25,1,Medio
11727,2022-06-30,Amulapa,España,73,2022,6,30,2,Alto
11728,2024-07-12,Amulapa,Mexico,79,2024,7,12,3,Alto
11729,2023-06-17,Sunset Park,Costa Rica,47,2023,6,17,2,Medio
11730,2024-11-23,Balboa,Mexico,16,2024,11,23,4,Bajo
11731,2024-11-17,Sunset Park,Guatemala,32,2024,11,17,4,Medio
11732,2021-11-12,Balboa,Costa Rica,48,2021,11,12,4,Medio
11733,2022-12-02,Cerro Verde,Estados Unidos,9,2022,12,2,4,Bajo
11734,2021-05-29,Apulo,Mexico,32,2021,5,29,2,Medio
11735,2021-03-06,Amulapa,Guatemala,48,2021,3,6,1,Medio
11736,2024-10-01,Balboa,Costa Rica,46,2024,10,1,4,Medio
11737,2022-05-15,Cerro Verde,Nicaragua,30,2022,5,15,2,Medio
11738,2021-07-20,Amulapa,Nicaragua,50,2021,7,20,3,Medio
11739,2022-07-17,Sunset Park,Guatemala,53,2022,7,17,3,Medio
11740,2022-04-19,Balboa,Guatemala,18,2022,4,19,2,Bajo
11741,2021-11-26,Puerta Del Diablo,Canada,39,2021,11,26,4,Medio
11742,2023-02-22,Apulo,Nicaragua,38,2023,2,22,1,Medio
11743,2024-06-19,Cerro Verde,Nicaragua,47,2024,6,19,2,Medio
11744,2024-11-27,Puerta Del Diablo,Mexico,44,2024,11,27,4,Medio
11745,2024-03-21,Balboa,Canada,69,2024,3,21,1,Alto
11746,2023-02-20,Amulapa,Costa Rica,71,2023,2,20,1,Alto
11747,2021-10-27,Apulo,Costa Rica,48,2021,10,27,4,Medio
11748,2024-11-15,Cerro Verde,Estados Unidos,63,2024,11,15,4,Alto
11749,2021-04-02,Cerro Verde,Estados Unidos,5,2021,4,2,2,Bajo
11750,2023-05-18,Amulapa,España,71,2023,5,18,2,Alto
11751,2024-11-20,Balboa,España,38,2024,11,20,4,Medio
11752,2022-06-24,Amulapa,Honduras,42,2022,6,24,2,Medio
11753,2022-06-27,Sunset Park,España,23,2022,6,27,2,Bajo
11754,2023-04-24,Sunset Park,Nicaragua,15,2023,4,24,2,Bajo
11755,2021-12-03,Puerta Del Diablo,Estados Unidos,74,2021,12,3,4,Alto
11756,2024-11-12,Apulo,Canada,38,2024,11,12,4,Medio
11757,2023-04-06,Cerro Verde,Costa Rica,54,2023,4,6,2,Medio
11758,2023-05-15,Balboa,Estados Unidos,49,2023,5,15,2,Medio
11759,2021-07-05,Apulo,Mexico,25,2021,7,5,3,Bajo
11760,2021-08-03,Puerta Del Diablo,Mexico,61,2021,8,3,3,Alto
11761,2021-03-16,Cerro Verde,Costa Rica,32,2021,3,16,1,Medio
11762,2021-05-08,Puerta Del Diablo,Guatemala,19,2021,5,8,2,Bajo
11763,2021-10-24,Sunset Park,Canada,9,2021,10,24,4,Bajo
11764,2021-04-16,Balboa,Mexico,47,2021,4,16,2,Medio
11765,2024-10-11,Sunset Park,Nicaragua,8,2024,10,11,4,Bajo
11766,2021-02-18,Puerta Del Diablo,España,59,2021,2,18,1,Medio
11767,2021-01-31,Apulo,Mexico,52,2021,1,31,1,Medio
11768,2021-12-30,Sunset Park,Guatemala,45,2021,12,30,4,Medio
11769,2024-09-14,Amulapa,Mexico,39,2024,9,14,3,Medio
11770,2024-10-15,Sunset Park,Costa Rica,55,2024,10,15,4,Medio
11771,2022-12-25,Apulo,Canada,74,2022,12,25,4,Alto
11772,2022-09-29,Puerta Del Diablo,Nicaragua,17,2022,9,29,3,Bajo
11773,2024-08-08,Puerta Del Diablo,Canada,38,2024,8,8,3,Medio
11774,2021-11-17,Cerro Verde,Costa Rica,10,2021,11,17,4,Bajo
11775,2021-10-26,Apulo,Costa Rica,43,2021,10,26,4,Medio
11776,2024-06-04,Puerta Del Diablo,Mexico,66,2024,6,4,2,Alto
11777,2021-11-27,Amulapa,Mexico,73,2021,11,27,4,Alto
11778,2023-06-11,Apulo,Honduras,9,2023,6,11,2,Bajo
11779,2021-10-31,Balboa,Mexico,30,2021,10,31,4,Medio
11780,2023-08-24,Cerro Verde,Canada,31,2023,8,24,3,Medio
11781,2021-08-01,Apulo,Costa Rica,52,2021,8,1,3,Medio
11782,2022-09-18,Sunset Park,Honduras,75,2022,9,18,3,Alto
11783,2022-08-19,Balboa,Nicaragua,24,2022,8,19,3,Bajo
11784,2024-09-24,Puerta Del Diablo,Guatemala,64,2024,9,24,3,Alto
11785,2023-09-13,Cerro Verde,Guatemala,40,2023,9,13,3,Medio
11786,2024-09-02,Puerta Del Diablo,Estados Unidos,28,2024,9,2,3,Bajo
11787,2023-06-29,Apulo,España,34,2023,6,29,2,Medio
11788,2024-12-02,Sunset Park,Honduras,50,2024,12,2,4,Medio
11789,2024-09-08,Amulapa,Canada,74,2024,9,8,3,Alto
11790,2023-05-10,Apulo,Costa Rica,39,2023,5,10,2,Medio
11791,2023-04-13,Apulo,España,75,2023,4,13,2,Alto
11792,2024-10-06,Cerro Verde,Estados Unidos,60,2024,10,6,4,Alto
11793,2022-08-10,Sunset Park,Canada,58,2022,8,10,3,Medio
11794,2024-01-29,Sunset Park,Honduras,9,2024,1,29,1,Bajo
11795,2022-02-18,Balboa,Costa Rica,35,2022,2,18,1,Medio
11796,2022-02-26,Puerta Del Diablo,Costa Rica,12,2022,2,26,1,Bajo
11797,2024-01-16,Balboa,Nicaragua,24,2024,1,16,1,Bajo
11798,2024-04-20,Sunset Park,Mexico,15,2024,4,20,2,Bajo
11799,2024-10-10,Apulo,Costa Rica,33,2024,10,10,4,Medio
11800,2021-08-25,Balboa,Honduras,32,2021,8,25,3,Medio
11801,2021-11-24,Puerta Del Diablo,Honduras,22,2021,11,24,4,Bajo
11802,2021-04-30,Apulo,Honduras,60,2021,4,30,2,Alto
11803,2023-01-01,Sunset Park,Estados Unidos,52,2023,1,1,1,Medio
11804,2022-04-20,Sunset Park,Guatemala,23,2022,4,20,2,Bajo
11805,2024-07-12,Cerro Verde,Guatemala,49,2024,7,12,3,Medio
11806,2023-10-16,Sunset Park,Guatemala,69,2023,10,16,4,Alto
11807,2023-06-21,Amulapa,Nicaragua,40,2023,6,21,2,Medio
11808,2021-05-10,Puerta Del Diablo,Costa Rica,72,2021,5,10,2,Alto
11809,2021-05-17,Puerta Del Diablo,Costa Rica,20,2021,5,17,2,Bajo
11810,2023-12-09,Amulapa,Honduras,28,2023,12,9,4,Bajo
11811,2023-01-18,Balboa,Guatemala,53,2023,1,18,1,Medio
11812,2023-08-29,Puerta Del Diablo,Honduras,37,2023,8,29,3,Medio
11813,2021-12-21,Apulo,Canada,71,2021,12,21,4,Alto
11814,2023-02-17,Apulo,Mexico,22,2023,2,17,1,Bajo
11815,2021-06-30,Cerro Verde,Guatemala,60,2021,6,30,2,Alto
11816,2021-05-28,Apulo,España,18,2021,5,28,2,Bajo
11817,2021-04-01,Balboa,Guatemala,53,2021,4,1,2,Medio
11818,2023-12-09,Amulapa,Canada,65,2023,12,9,4,Alto
11819,2024-01-22,Balboa,Costa Rica,12,2024,1,22,1,Bajo
11820,2024-01-13,Puerta Del Diablo,Guatemala,14,2024,1,13,1,Bajo
11821,2023-01-21,Sunset Park,Canada,14,2023,1,21,1,Bajo
11822,2021-03-18,Apulo,Honduras,50,2021,3,18,1,Medio
11823,2021-02-24,Balboa,Mexico,55,2021,2,24,1,Medio
11824,2022-02-07,Apulo,Nicaragua,18,2022,2,7,1,Bajo
11825,2024-11-08,Amulapa,Canada,72,2024,11,8,4,Alto
11826,2024-06-22,Amulapa,Nicaragua,34,2024,6,22,2,Medio
11827,2022-01-11,Apulo,Canada,28,2022,1,11,1,Bajo
11828,2021-08-21,Puerta Del Diablo,Honduras,6,2021,8,21,3,Bajo
11829,2022-09-01,Puerta Del Diablo,España,22,2022,9,1,3,Bajo
11830,2023-03-28,Balboa,Estados Unidos,20,2023,3,28,1,Bajo
11831,2021-08-16,Balboa,Guatemala,14,2021,8,16,3,Bajo
11832,2024-09-08,Sunset Park,Canada,52,2024,9,8,3,Medio
11833,2021-05-11,Puerta Del Diablo,Guatemala,72,2021,5,11,2,Alto
11834,2022-10-03,Balboa,Mexico,69,2022,10,3,4,Alto
11835,2022-10-29,Cerro Verde,Honduras,33,2022,10,29,4,Medio
11836,2021-09-10,Puerta Del Diablo,Guatemala,58,2021,9,10,3,Medio
11837,2021-04-13,Puerta Del Diablo,Guatemala,9,2021,4,13,2,Bajo
11838,2024-08-23,Balboa,Honduras,23,2024,8,23,3,Bajo
11839,2024-05-26,Balboa,Estados Unidos,55,2024,5,26,2,Medio
11840,2024-06-17,Apulo,Mexico,26,2024,6,17,2,Bajo
11841,2024-06-13,Amulapa,Honduras,12,2024,6,13,2,Bajo
11842,2022-01-18,Balboa,Guatemala,40,2022,1,18,1,Medio
11843,2024-12-09,Amulapa,Guatemala,67,2024,12,9,4,Alto
11844,2022-02-16,Amulapa,Estados Unidos,23,2022,2,16,1,Bajo
11845,2022-04-29,Puerta Del Diablo,Estados Unidos,52,2022,4,29,2,Medio
11846,2021-01-16,Balboa,España,63,2021,1,16,1,Alto
11847,2023-01-19,Cerro Verde,Canada,33,2023,1,19,1,Medio
11848,2023-11-22,Puerta Del Diablo,Costa Rica,63,2023,11,22,4,Alto
11849,2021-03-06,Cerro Verde,Mexico,37,2021,3,6,1,Medio
11850,2021-12-19,Amulapa,Estados Unidos,62,2021,12,19,4,Alto
11851,2023-11-14,Sunset Park,Honduras,65,2023,11,14,4,Alto
11852,2022-09-05,Apulo,Estados Unidos,54,2022,9,5,3,Medio
11853,2022-03-26,Balboa,Canada,42,2022,3,26,1,Medio
11854,2021-08-29,Amulapa,Mexico,50,2021,8,29,3,Medio
11855,2021-12-16,Cerro Verde,Nicaragua,7,2021,12,16,4,Bajo
11856,2024-06-13,Balboa,Nicaragua,26,2024,6,13,2,Bajo
11857,2021-02-04,Sunset Park,Estados Unidos,21,2021,2,4,1,Bajo
11858,2021-04-27,Puerta Del Diablo,Canada,67,2021,4,27,2,Alto
11859,2023-10-23,Puerta Del Diablo,Honduras,12,2023,10,23,4,Bajo
11860,2023-09-29,Sunset Park,España,70,2023,9,29,3,Alto
11861,2022-04-17,Apulo,Canada,79,2022,4,17,2,Alto
11862,2024-09-24,Balboa,Estados Unidos,73,2024,9,24,3,Alto
11863,2023-02-05,Cerro Verde,España,74,2023,2,5,1,Alto
11864,2022-06-23,Apulo,Costa Rica,30,2022,6,23,2,Medio
11865,2024-03-09,Puerta Del Diablo,Guatemala,35,2024,3,9,1,Medio
11866,2022-11-10,Amulapa,Canada,54,2022,11,10,4,Medio
11867,2023-08-15,Cerro Verde,Estados Unidos,64,2023,8,15,3,Alto
11868,2022-07-17,Sunset Park,Canada,33,2022,7,17,3,Medio
11869,2022-11-26,Apulo,Canada,61,2022,11,26,4,Alto
11870,2021-02-15,Balboa,Costa Rica,5,2021,2,15,1,Bajo
11871,2021-01-14,Cerro Verde,Mexico,11,2021,1,14,1,Bajo
11872,2023-01-25,Cerro Verde,España,34,2023,1,25,1,Medio
11873,2023-05-12,Puerta Del Diablo,Costa Rica,55,2023,5,12,2,Medio
11874,2021-03-31,Amulapa,España,54,2021,3,31,1,Medio
11875,2024-07-10,Sunset Park,España,9,2024,7,10,3,Bajo
11876,2022-11-14,Amulapa,Guatemala,66,2022,11,14,4,Alto
11877,2023-04-13,Amulapa,Mexico,12,2023,4,13,2,Bajo
11878,2022-02-09,Puerta Del Diablo,España,34,2022,2,9,1,Medio
11879,2021-08-06,Balboa,Canada,43,2021,8,6,3,Medio
11880,2024-06-26,Apulo,Mexico,60,2024,6,26,2,Alto
11881,2023-07-28,Sunset Park,Guatemala,15,2023,7,28,3,Bajo
11882,2024-10-10,Amulapa,Mexico,28,2024,10,10,4,Bajo
11883,2021-11-13,Apulo,Estados Unidos,70,2021,11,13,4,Alto
11884,2024-08-24,Balboa,Canada,65,2024,8,24,3,Alto
11885,2021-02-07,Cerro Verde,Canada,45,2021,2,7,1,Medio
11886,2021-10-06,Amulapa,Nicaragua,41,2021,10,6,4,Medio
11887,2024-12-14,Sunset Park,Estados Unidos,44,2024,12,14,4,Medio
11888,2022-04-04,Sunset Park,Estados Unidos,27,2022,4,4,2,Bajo
11889,2023-03-29,Sunset Park,Nicaragua,53,2023,3,29,1,Medio
11890,2022-06-08,Sunset Park,Mexico,6,2022,6,8,2,Bajo
11891,2021-10-13,Amulapa,Estados Unidos,26,2021,10,13,4,Bajo
11892,2021-03-08,Sunset Park,Costa Rica,72,2021,3,8,1,Alto
11893,2024-05-23,Sunset Park,Honduras,11,2024,5,23,2,Bajo
11894,2021-02-15,Puerta Del Diablo,España,38,2021,2,15,1,Medio
11895,2024-05-10,Cerro Verde,Canada,58,2024,5,10,2,Medio
11896,2023-03-05,Puerta Del Diablo,Canada,9,2023,3,5,1,Bajo
11897,2023-11-19,Cerro Verde,Canada,34,2023,11,19,4,Medio
11898,2022-03-15,Amulapa,España,68,2022,3,15,1,Alto
11899,2021-09-04,Apulo,Nicaragua,54,2021,9,4,3,Medio
11900,2022-12-06,Cerro Verde,Mexico,27,2022,12,6,4,Bajo
11901,2022-08-07,Puerta Del Diablo,Nicaragua,69,2022,8,7,3,Alto
11902,2022-09-08,Amulapa,Mexico,66,2022,9,8,3,Alto
11903,2021-05-08,Amulapa,Nicaragua,62,2021,5,8,2,Alto
11904,2022-12-03,Amulapa,Guatemala,40,2022,12,3,4,Medio
11905,2024-02-26,Balboa,Costa Rica,46,2024,2,26,1,Medio
11906,2023-04-24,Puerta Del Diablo,Nicaragua,75,2023,4,24,2,Alto
11907,2023-06-06,Balboa,Nicaragua,25,2023,6,6,2,Bajo
11908,2021-02-21,Balboa,Honduras,22,2021,2,21,1,Bajo
11909,2024-09-10,Apulo,Nicaragua,75,2024,9,10,3,Alto
11910,2023-10-10,Apulo,Estados Unidos,44,2023,10,10,4,Medio
11911,2024-03-27,Puerta Del Diablo,Canada,48,2024,3,27,1,Medio
11912,2021-08-15,Balboa,Canada,57,2021,8,15,3,Medio
11913,2022-03-14,Balboa,Mexico,55,2022,3,14,1,Medio
11914,2024-06-14,Puerta Del Diablo,Honduras,43,2024,6,14,2,Medio
11915,2022-08-02,Apulo,Costa Rica,61,2022,8,2,3,Alto
11916,2023-02-26,Sunset Park,Guatemala,8,2023,2,26,1,Bajo
11917,2023-12-29,Apulo,Honduras,24,2023,12,29,4,Bajo
11918,2024-03-10,Cerro Verde,Canada,9,2024,3,10,1,Bajo
11919,2023-12-29,Apulo,Estados Unidos,14,2023,12,29,4,Bajo
11920,2021-10-23,Puerta Del Diablo,Costa Rica,45,2021,10,23,4,Medio
11921,2022-03-29,Cerro Verde,Mexico,62,2022,3,29,1,Alto
11922,2021-08-26,Sunset Park,Honduras,74,2021,8,26,3,Alto
11923,2021-08-18,Cerro Verde,Mexico,27,2021,8,18,3,Bajo
11924,2024-06-16,Cerro Verde,Nicaragua,73,2024,6,16,2,Alto
11925,2021-03-06,Amulapa,Guatemala,27,2021,3,6,1,Bajo
11926,2021-09-23,Amulapa,Guatemala,51,2021,9,23,3,Medio
11927,2021-12-25,Balboa,Honduras,14,2021,12,25,4,Bajo
11928,2022-04-09,Sunset Park,Honduras,9,2022,4,9,2,Bajo
11929,2021-12-27,Sunset Park,Estados Unidos,58,2021,12,27,4,Medio
11930,2022-12-01,Puerta Del Diablo,Estados Unidos,30,2022,12,1,4,Medio
11931,2024-05-12,Cerro Verde,Guatemala,66,2024,5,12,2,Alto
11932,2022-04-17,Cerro Verde,Mexico,33,2022,4,17,2,Medio
11933,2021-07-11,Cerro Verde,Honduras,20,2021,7,11,3,Bajo
11934,2022-03-20,Sunset Park,Honduras,25,2022,3,20,1,Bajo
11935,2023-12-19,Amulapa,Costa Rica,11,2023,12,19,4,Bajo
11936,2021-08-29,Amulapa,Nicaragua,54,2021,8,29,3,Medio
11937,2022-01-10,Puerta Del Diablo,Costa Rica,25,2022,1,10,1,Bajo
11938,2022-03-22,Amulapa,Mexico,40,2022,3,22,1,Medio
11939,2021-09-17,Balboa,Honduras,40,2021,9,17,3,Medio
11940,2024-12-02,Cerro Verde,Honduras,17,2024,12,2,4,Bajo
11941,2023-12-30,Cerro Verde,Canada,75,2023,12,30,4,Alto
11942,2022-09-09,Amulapa,España,36,2022,9,9,3,Medio
11943,2024-07-10,Amulapa,Mexico,58,2024,7,10,3,Medio
11944,2022-05-27,Puerta Del Diablo,Costa Rica,42,2022,5,27,2,Medio
11945,2021-11-20,Amulapa,Honduras,18,2021,11,20,4,Bajo
11946,2022-02-24,Apulo,Mexico,15,2022,2,24,1,Bajo
11947,2023-06-01,Puerta Del Diablo,Canada,36,2023,6,1,2,Medio
11948,2023-11-21,Sunset Park,Estados Unidos,66,2023,11,21,4,Alto
11949,2022-10-16,Apulo,Mexico,69,2022,10,16,4,Alto
11950,2024-04-02,Balboa,Nicaragua,43,2024,4,2,2,Medio
11951,2022-03-24,Cerro Verde,Guatemala,28,2022,3,24,1,Bajo
11952,2024-06-21,Sunset Park,Costa Rica,45,2024,6,21,2,Medio
11953,2023-01-17,Cerro Verde,Mexico,46,2023,1,17,1,Medio
11954,2023-12-04,Apulo,Nicaragua,73,2023,12,4,4,Alto
11955,2023-01-28,Balboa,Nicaragua,77,2023,1,28,1,Alto
11956,2023-04-17,Puerta Del Diablo,Costa Rica,72,2023,4,17,2,Alto
11957,2021-07-23,Cerro Verde,Canada,72,2021,7,23,3,Alto
11958,2024-11-07,Amulapa,Honduras,69,2024,11,7,4,Alto
11959,2022-12-09,Balboa,Nicaragua,66,2022,12,9,4,Alto
11960,2023-03-09,Balboa,España,79,2023,3,9,1,Alto
11961,2022-01-06,Amulapa,España,62,2022,1,6,1,Alto
11962,2024-05-29,Amulapa,Nicaragua,27,2024,5,29,2,Bajo
11963,2022-10-31,Amulapa,Estados Unidos,15,2022,10,31,4,Bajo
11964,2022-04-15,Puerta Del Diablo,Guatemala,10,2022,4,15,2,Bajo
11965,2022-10-28,Amulapa,Costa Rica,51,2022,10,28,4,Medio
11966,2022-04-15,Sunset Park,Costa Rica,32,2022,4,15,2,Medio
11967,2023-04-13,Amulapa,Costa Rica,70,2023,4,13,2,Alto
11968,2022-09-01,Balboa,Estados Unidos,28,2022,9,1,3,Bajo
11969,2024-12-04,Apulo,Costa Rica,75,2024,12,4,4,Alto
11970,2023-05-15,Balboa,Guatemala,46,2023,5,15,2,Medio
11971,2021-04-01,Cerro Verde,Estados Unidos,16,2021,4,1,2,Bajo
11972,2022-04-01,Puerta Del Diablo,Guatemala,15,2022,4,1,2,Bajo
11973,2023-07-27,Amulapa,España,58,2023,7,27,3,Medio
11974,2023-12-10,Amulapa,Canada,54,2023,12,10,4,Medio
11975,2024-04-12,Balboa,Canada,33,2024,4,12,2,Medio
11976,2024-12-04,Balboa,Estados Unidos,64,2024,12,4,4,Alto
11977,2022-07-26,Balboa,Mexico,58,2022,7,26,3,Medio
11978,2022-12-13,Puerta Del Diablo,Guatemala,7,2022,12,13,4,Bajo
11979,2021-01-02,Cerro Verde,Canada,28,2021,1,2,1,Bajo
11980,2021-04-04,Sunset Park,Mexico,59,2021,4,4,2,Medio
11981,2023-07-29,Amulapa,Costa Rica,53,2023,7,29,3,Medio
11982,2021-12-13,Cerro Verde,Honduras,67,2021,12,13,4,Alto
11983,2023-01-01,Cerro Verde,España,44,2023,1,1,1,Medio
11984,2024-11-14,Balboa,Canada,65,2024,11,14,4,Alto
11985,2022-08-08,Sunset Park,Nicaragua,79,2022,8,8,3,Alto
11986,2024-02-16,Cerro Verde,Costa Rica,19,2024,2,16,1,Bajo
11987,2021-08-09,Apulo,Costa Rica,8,2021,8,9,3,Bajo
11988,2024-08-29,Balboa,Canada,45,2024,8,29,3,Medio
11989,2023-02-07,Balboa,Honduras,12,2023,2,7,1,Bajo
11990,2021-05-27,Amulapa,España,20,2021,5,27,2,Bajo
11991,2023-09-11,Balboa,Mexico,75,2023,9,11,3,Alto
11992,2023-07-05,Balboa,Nicaragua,23,2023,7,5,3,Bajo
11993,2022-02-20,Puerta Del Diablo,Canada,21,2022,2,20,1,Bajo
11994,2024-04-20,Puerta Del Diablo,Guatemala,34,2024,4,20,2,Medio
11995,2023-06-15,Apulo,Honduras,42,2023,6,15,2,Medio
11996,2021-09-06,Puerta Del Diablo,Honduras,19,2021,9,6,3,Bajo
11997,2022-11-29,Cerro Verde,Mexico,41,2022,11,29,4,Medio
11998,2022-01-16,Puerta Del Diablo,Mexico,28,2022,1,16,1,Bajo
11999,2024-04-01,Balboa,España,7,2024,4,1,2,Bajo
12000,2023-03-30,Puerta Del Diablo,Mexico,6,2023,3,30,1,Bajo
12001,2024-11-12,Apulo,Nicaragua,12,2024,11,12,4,Bajo
12002,2022-03-29,Apulo,Costa Rica,48,2022,3,29,1,Medio
12003,2022-11-08,Balboa,Nicaragua,18,2022,11,8,4,Bajo
12004,2022-11-22,Cerro Verde,España,53,2022,11,22,4,Medio
12005,2022-03-23,Apulo,Nicaragua,14,2022,3,23,1,Bajo
12006,2021-02-27,Puerta Del Diablo,Costa Rica,71,2021,2,27,1,Alto
12007,2021-01-11,Apulo,Costa Rica,20,2021,1,11,1,Bajo
12008,2021-01-27,Cerro Verde,España,29,2021,1,27,1,Bajo
12009,2022-09-16,Cerro Verde,Estados Unidos,31,2022,9,16,3,Medio
12010,2021-01-19,Cerro Verde,Guatemala,69,2021,1,19,1,Alto
12011,2024-12-04,Amulapa,Canada,65,2024,12,4,4,Alto
12012,2024-04-30,Apulo,Nicaragua,65,2024,4,30,2,Alto
12013,2021-02-04,Amulapa,España,46,2021,2,4,1,Medio
12014,2021-03-08,Sunset Park,Honduras,23,2021,3,8,1,Bajo
12015,2023-01-03,Sunset Park,España,29,2023,1,3,1,Bajo
12016,2021-03-26,Amulapa,Guatemala,17,2021,3,26,1,Bajo
12017,2021-12-18,Puerta Del Diablo,Canada,50,2021,12,18,4,Medio
12018,2022-12-27,Apulo,Honduras,32,2022,12,27,4,Medio
12019,2021-07-15,Sunset Park,Guatemala,15,2021,7,15,3,Bajo
12020,2022-08-15,Puerta Del Diablo,Canada,63,2022,8,15,3,Alto
12021,2022-03-25,Balboa,Nicaragua,69,2022,3,25,1,Alto
12022,2023-05-10,Balboa,Costa Rica,60,2023,5,10,2,Alto
12023,2021-02-25,Apulo,Canada,13,2021,2,25,1,Bajo
12024,2022-04-04,Apulo,Canada,64,2022,4,4,2,Alto
12025,2024-02-29,Balboa,Nicaragua,50,2024,2,29,1,Medio
12026,2021-04-20,Puerta Del Diablo,Estados Unidos,26,2021,4,20,2,Bajo
12027,2024-04-07,Balboa,Mexico,36,2024,4,7,2,Medio
12028,2022-12-15,Apulo,Nicaragua,45,2022,12,15,4,Medio
12029,2023-04-28,Apulo,Honduras,46,2023,4,28,2,Medio
12030,2022-02-16,Puerta Del Diablo,Honduras,57,2022,2,16,1,Medio
12031,2022-10-31,Puerta Del Diablo,Mexico,31,2022,10,31,4,Medio
12032,2024-04-18,Cerro Verde,Mexico,63,2024,4,18,2,Alto
12033,2022-01-28,Apulo,Honduras,17,2022,1,28,1,Bajo
12034,2023-03-27,Amulapa,Nicaragua,47,2023,3,27,1,Medio
12035,2024-07-31,Cerro Verde,Mexico,15,2024,7,31,3,Bajo
12036,2021-11-21,Cerro Verde,Canada,14,2021,11,21,4,Bajo
12037,2022-06-15,Cerro Verde,Nicaragua,55,2022,6,15,2,Medio
12038,2021-07-09,Apulo,Estados Unidos,57,2021,7,9,3,Medio
12039,2022-06-08,Apulo,Honduras,78,2022,6,8,2,Alto
12040,2021-07-01,Apulo,España,23,2021,7,1,3,Bajo
12041,2022-01-02,Puerta Del Diablo,Honduras,56,2022,1,2,1,Medio
12042,2024-09-06,Cerro Verde,Honduras,65,2024,9,6,3,Alto
12043,2022-08-01,Apulo,Estados Unidos,67,2022,8,1,3,Alto
12044,2023-06-03,Cerro Verde,España,67,2023,6,3,2,Alto
12045,2023-07-13,Puerta Del Diablo,Honduras,72,2023,7,13,3,Alto
12046,2021-01-19,Sunset Park,Estados Unidos,58,2021,1,19,1,Medio
12047,2021-06-08,Puerta Del Diablo,Honduras,54,2021,6,8,2,Medio
12048,2023-02-17,Amulapa,Estados Unidos,76,2023,2,17,1,Alto
12049,2021-04-22,Amulapa,Canada,75,2021,4,22,2,Alto
12050,2022-07-14,Apulo,Estados Unidos,38,2022,7,14,3,Medio
12051,2021-02-01,Amulapa,Canada,61,2021,2,1,1,Alto
12052,2022-06-09,Balboa,Honduras,37,2022,6,9,2,Medio
12053,2022-12-29,Apulo,España,63,2022,12,29,4,Alto
12054,2021-01-30,Sunset Park,Costa Rica,69,2021,1,30,1,Alto
12055,2022-03-05,Puerta Del Diablo,Canada,45,2022,3,5,1,Medio
12056,2022-07-08,Apulo,Costa Rica,44,2022,7,8,3,Medio
12057,2021-03-11,Cerro Verde,Estados Unidos,7,2021,3,11,1,Bajo
12058,2022-07-29,Apulo,Canada,78,2022,7,29,3,Alto
12059,2021-02-22,Balboa,Guatemala,10,2021,2,22,1,Bajo
12060,2021-12-14,Sunset Park,Costa Rica,72,2021,12,14,4,Alto
12061,2023-05-23,Puerta Del Diablo,Canada,22,2023,5,23,2,Bajo
12062,2024-04-03,Apulo,Costa Rica,48,2024,4,3,2,Medio
12063,2023-12-09,Cerro Verde,Estados Unidos,18,2023,12,9,4,Bajo
12064,2024-03-02,Amulapa,Estados Unidos,31,2024,3,2,1,Medio
12065,2024-01-17,Apulo,Nicaragua,32,2024,1,17,1,Medio
12066,2021-11-21,Apulo,Guatemala,10,2021,11,21,4,Bajo
12067,2021-11-13,Apulo,Nicaragua,41,2021,11,13,4,Medio
12068,2022-02-06,Amulapa,Mexico,39,2022,2,6,1,Medio
12069,2024-08-29,Cerro Verde,Canada,50,2024,8,29,3,Medio
12070,2022-11-06,Balboa,Guatemala,10,2022,11,6,4,Bajo
12071,2024-01-20,Cerro Verde,España,34,2024,1,20,1,Medio
12072,2021-01-28,Amulapa,Nicaragua,58,2021,1,28,1,Medio
12073,2023-04-24,Cerro Verde,Mexico,26,2023,4,24,2,Bajo
12074,2022-01-21,Apulo,Estados Unidos,41,2022,1,21,1,Medio
12075,2021-09-20,Sunset Park,Nicaragua,18,2021,9,20,3,Bajo
12076,2024-07-23,Amulapa,España,46,2024,7,23,3,Medio
12077,2024-06-18,Balboa,Guatemala,10,2024,6,18,2,Bajo
12078,2021-05-18,Sunset Park,Honduras,6,2021,5,18,2,Bajo
12079,2022-03-10,Apulo,Nicaragua,53,2022,3,10,1,Medio
12080,2023-09-29,Cerro Verde,España,38,2023,9,29,3,Medio
12081,2023-09-15,Balboa,Honduras,21,2023,9,15,3,Bajo
12082,2023-09-16,Apulo,Mexico,68,2023,9,16,3,Alto
12083,2023-08-29,Sunset Park,Costa Rica,8,2023,8,29,3,Bajo
12084,2024-11-24,Puerta Del Diablo,Guatemala,47,2024,11,24,4,Medio
12085,2021-01-08,Cerro Verde,Costa Rica,31,2021,1,8,1,Medio
12086,2021-06-22,Apulo,Estados Unidos,69,2021,6,22,2,Alto
12087,2024-03-18,Puerta Del Diablo,Costa Rica,27,2024,3,18,1,Bajo
12088,2021-04-29,Cerro Verde,Canada,78,2021,4,29,2,Alto
12089,2024-07-09,Amulapa,Estados Unidos,27,2024,7,9,3,Bajo
12090,2021-02-13,Amulapa,Mexico,26,2021,2,13,1,Bajo
12091,2022-08-10,Puerta Del Diablo,Costa Rica,73,2022,8,10,3,Alto
12092,2022-06-22,Apulo,Canada,73,2022,6,22,2,Alto
12093,2023-11-02,Balboa,Canada,24,2023,11,2,4,Bajo
12094,2022-10-04,Cerro Verde,Nicaragua,77,2022,10,4,4,Alto
12095,2021-12-06,Apulo,España,52,2021,12,6,4,Medio
12096,2021-02-08,Sunset Park,Nicaragua,63,2021,2,8,1,Alto
12097,2022-05-10,Apulo,Canada,21,2022,5,10,2,Bajo
12098,2024-01-21,Sunset Park,Honduras,61,2024,1,21,1,Alto
12099,2022-08-15,Apulo,Honduras,68,2022,8,15,3,Alto
12100,2023-07-14,Balboa,Honduras,50,2023,7,14,3,Medio
12101,2023-02-04,Balboa,Costa Rica,42,2023,2,4,1,Medio
12102,2022-09-14,Sunset Park,Costa Rica,8,2022,9,14,3,Bajo
12103,2021-04-10,Balboa,Honduras,36,2021,4,10,2,Medio
12104,2021-07-03,Balboa,Estados Unidos,53,2021,7,3,3,Medio
12105,2023-09-23,Sunset Park,Canada,35,2023,9,23,3,Medio
12106,2021-03-19,Cerro Verde,Canada,70,2021,3,19,1,Alto
12107,2021-06-05,Apulo,Guatemala,37,2021,6,5,2,Medio
12108,2022-02-01,Balboa,Costa Rica,75,2022,2,1,1,Alto
12109,2021-03-21,Puerta Del Diablo,Guatemala,25,2021,3,21,1,Bajo
12110,2021-05-10,Cerro Verde,Estados Unidos,24,2021,5,10,2,Bajo
12111,2024-12-22,Balboa,Costa Rica,19,2024,12,22,4,Bajo
12112,2023-08-03,Puerta Del Diablo,Honduras,28,2023,8,3,3,Bajo
12113,2024-06-04,Apulo,Guatemala,14,2024,6,4,2,Bajo
12114,2024-11-28,Balboa,Nicaragua,76,2024,11,28,4,Alto
12115,2024-07-21,Amulapa,Estados Unidos,58,2024,7,21,3,Medio
12116,2023-02-15,Puerta Del Diablo,Nicaragua,26,2023,2,15,1,Bajo
12117,2022-01-09,Amulapa,Guatemala,35,2022,1,9,1,Medio
12118,2021-04-19,Puerta Del Diablo,Mexico,18,2021,4,19,2,Bajo
12119,2023-03-26,Balboa,Canada,22,2023,3,26,1,Bajo
12120,2024-08-23,Apulo,Nicaragua,65,2024,8,23,3,Alto
12121,2022-09-27,Balboa,España,11,2022,9,27,3,Bajo
12122,2024-09-28,Balboa,España,18,2024,9,28,3,Bajo
12123,2021-06-02,Amulapa,Guatemala,56,2021,6,2,2,Medio
12124,2024-10-16,Apulo,Nicaragua,52,2024,10,16,4,Medio
12125,2022-09-04,Cerro Verde,Guatemala,75,2022,9,4,3,Alto
12126,2024-02-29,Sunset Park,Estados Unidos,78,2024,2,29,1,Alto
12127,2024-01-11,Balboa,España,26,2024,1,11,1,Bajo
12128,2022-02-17,Cerro Verde,Canada,70,2022,2,17,1,Alto
12129,2022-01-06,Puerta Del Diablo,Estados Unidos,45,2022,1,6,1,Medio
12130,2023-10-11,Sunset Park,Honduras,23,2023,10,11,4,Bajo
12131,2024-03-21,Cerro Verde,Honduras,47,2024,3,21,1,Medio
12132,2023-05-11,Puerta Del Diablo,Canada,76,2023,5,11,2,Alto
12133,2024-02-03,Apulo,Guatemala,41,2024,2,3,1,Medio
12134,2022-06-29,Apulo,España,28,2022,6,29,2,Bajo
12135,2024-11-22,Apulo,Nicaragua,63,2024,11,22,4,Alto
12136,2022-11-05,Puerta Del Diablo,Honduras,34,2022,11,5,4,Medio
12137,2021-07-02,Puerta Del Diablo,Honduras,64,2021,7,2,3,Alto
12138,2023-02-15,Apulo,Estados Unidos,58,2023,2,15,1,Medio
12139,2024-10-03,Cerro Verde,Canada,68,2024,10,3,4,Alto
12140,2022-07-18,Puerta Del Diablo,Estados Unidos,8,2022,7,18,3,Bajo
12141,2022-08-28,Balboa,Mexico,65,2022,8,28,3,Alto
12142,2024-05-29,Puerta Del Diablo,Costa Rica,70,2024,5,29,2,Alto
12143,2021-12-16,Puerta Del Diablo,Estados Unidos,34,2021,12,16,4,Medio
12144,2021-11-14,Apulo,Mexico,78,2021,11,14,4,Alto
12145,2023-09-30,Apulo,Costa Rica,35,2023,9,30,3,Medio
12146,2024-04-23,Balboa,Honduras,60,2024,4,23,2,Alto
12147,2023-05-27,Apulo,Nicaragua,27,2023,5,27,2,Bajo
12148,2021-06-09,Balboa,Canada,61,2021,6,9,2,Alto
12149,2024-08-26,Amulapa,Estados Unidos,51,2024,8,26,3,Medio
12150,2023-05-24,Balboa,Costa Rica,14,2023,5,24,2,Bajo
12151,2021-06-18,Cerro Verde,Costa Rica,39,2021,6,18,2,Medio
12152,2023-11-28,Balboa,Canada,49,2023,11,28,4,Medio
12153,2021-07-18,Puerta Del Diablo,Honduras,7,2021,7,18,3,Bajo
12154,2022-08-04,Apulo,Estados Unidos,18,2022,8,4,3,Bajo
12155,2024-09-01,Puerta Del Diablo,España,5,2024,9,1,3,Bajo
12156,2022-12-11,Apulo,Honduras,48,2022,12,11,4,Medio
12157,2022-11-07,Cerro Verde,Costa Rica,7,2022,11,7,4,Bajo
12158,2023-04-26,Apulo,Costa Rica,26,2023,4,26,2,Bajo
12159,2024-01-03,Balboa,Mexico,78,2024,1,3,1,Alto
12160,2022-09-08,Apulo,Guatemala,30,2022,9,8,3,Medio
12161,2022-02-16,Balboa,Guatemala,78,2022,2,16,1,Alto
12162,2021-02-09,Cerro Verde,Mexico,34,2021,2,9,1,Medio
12163,2021-01-10,Puerta Del Diablo,España,38,2021,1,10,1,Medio
12164,2024-11-07,Amulapa,Guatemala,18,2024,11,7,4,Bajo
12165,2024-11-29,Amulapa,España,66,2024,11,29,4,Alto
12166,2022-01-22,Amulapa,Costa Rica,24,2022,1,22,1,Bajo
12167,2021-05-20,Amulapa,Nicaragua,37,2021,5,20,2,Medio
12168,2022-03-29,Apulo,Canada,26,2022,3,29,1,Bajo
12169,2023-10-18,Puerta Del Diablo,España,73,2023,10,18,4,Alto
12170,2021-10-10,Sunset Park,España,45,2021,10,10,4,Medio
12171,2023-02-17,Cerro Verde,Nicaragua,16,2023,2,17,1,Bajo
12172,2022-08-12,Sunset Park,Mexico,55,2022,8,12,3,Medio
12173,2022-12-31,Puerta Del Diablo,Nicaragua,9,2022,12,31,4,Bajo
12174,2021-06-04,Balboa,España,75,2021,6,4,2,Alto
12175,2022-01-08,Cerro Verde,Mexico,79,2022,1,8,1,Alto
12176,2022-07-30,Sunset Park,Mexico,42,2022,7,30,3,Medio
12177,2022-05-04,Balboa,Guatemala,68,2022,5,4,2,Alto
12178,2023-08-01,Cerro Verde,Honduras,74,2023,8,1,3,Alto
12179,2021-09-21,Apulo,Canada,67,2021,9,21,3,Alto
12180,2021-08-03,Sunset Park,Nicaragua,36,2021,8,3,3,Medio
12181,2021-12-26,Sunset Park,Nicaragua,15,2021,12,26,4,Bajo
12182,2021-04-28,Balboa,Costa Rica,28,2021,4,28,2,Bajo
12183,2022-07-31,Cerro Verde,Honduras,39,2022,7,31,3,Medio
12184,2021-05-10,Balboa,Mexico,10,2021,5,10,2,Bajo
12185,2022-09-23,Apulo,Mexico,42,2022,9,23,3,Medio
12186,2023-11-30,Puerta Del Diablo,Costa Rica,56,2023,11,30,4,Medio
12187,2023-02-19,Amulapa,Costa Rica,76,2023,2,19,1,Alto
12188,2022-11-15,Cerro Verde,Canada,54,2022,11,15,4,Medio
12189,2021-01-12,Puerta Del Diablo,Guatemala,6,2021,1,12,1,Bajo
12190,2021-05-20,Apulo,Guatemala,49,2021,5,20,2,Medio
12191,2023-12-31,Balboa,Honduras,58,2023,12,31,4,Medio
12192,2023-05-20,Sunset Park,Guatemala,74,2023,5,20,2,Alto
12193,2024-09-14,Cerro Verde,Mexico,70,2024,9,14,3,Alto
12194,2022-04-19,Balboa,Estados Unidos,64,2022,4,19,2,Alto
12195,2024-08-10,Puerta Del Diablo,Honduras,43,2024,8,10,3,Medio
12196,2021-07-27,Apulo,Estados Unidos,65,2021,7,27,3,Alto
12197,2024-07-20,Balboa,Canada,51,2024,7,20,3,Medio
12198,2023-08-01,Amulapa,Nicaragua,37,2023,8,1,3,Medio
12199,2023-05-04,Cerro Verde,Estados Unidos,57,2023,5,4,2,Medio
12200,2024-04-11,Sunset Park,Canada,66,2024,4,11,2,Alto
12201,2023-05-21,Puerta Del Diablo,España,11,2023,5,21,2,Bajo
12202,2021-03-24,Amulapa,Nicaragua,79,2021,3,24,1,Alto
12203,2021-10-23,Amulapa,Canada,49,2021,10,23,4,Medio
12204,2024-02-08,Puerta Del Diablo,Canada,38,2024,2,8,1,Medio
12205,2022-01-22,Cerro Verde,España,32,2022,1,22,1,Medio
12206,2022-09-28,Cerro Verde,Costa Rica,15,2022,9,28,3,Bajo
12207,2021-12-08,Puerta Del Diablo,Costa Rica,29,2021,12,8,4,Bajo
12208,2021-11-24,Amulapa,Honduras,49,2021,11,24,4,Medio
12209,2021-06-15,Amulapa,Canada,6,2021,6,15,2,Bajo
12210,2023-04-30,Puerta Del Diablo,Honduras,29,2023,4,30,2,Bajo
12211,2023-02-03,Amulapa,Estados Unidos,48,2023,2,3,1,Medio
12212,2022-11-21,Balboa,España,38,2022,11,21,4,Medio
12213,2024-06-25,Puerta Del Diablo,Guatemala,10,2024,6,25,2,Bajo
12214,2022-05-11,Balboa,Estados Unidos,75,2022,5,11,2,Alto
12215,2024-09-04,Apulo,Mexico,76,2024,9,4,3,Alto
12216,2023-01-09,Puerta Del Diablo,España,58,2023,1,9,1,Medio
12217,2021-04-05,Apulo,Mexico,48,2021,4,5,2,Medio
12218,2024-09-04,Cerro Verde,Canada,44,2024,9,4,3,Medio
12219,2024-12-07,Apulo,Canada,37,2024,12,7,4,Medio
12220,2024-02-21,Cerro Verde,Honduras,62,2024,2,21,1,Alto
12221,2022-08-27,Cerro Verde,Guatemala,48,2022,8,27,3,Medio
12222,2024-10-13,Amulapa,Guatemala,23,2024,10,13,4,Bajo
12223,2024-04-19,Amulapa,Nicaragua,76,2024,4,19,2,Alto
12224,2022-07-04,Amulapa,Mexico,51,2022,7,4,3,Medio
12225,2022-05-01,Puerta Del Diablo,Canada,26,2022,5,1,2,Bajo
12226,2023-01-12,Puerta Del Diablo,Nicaragua,30,2023,1,12,1,Medio
12227,2023-06-04,Balboa,Costa Rica,12,2023,6,4,2,Bajo
12228,2024-05-30,Balboa,Mexico,46,2024,5,30,2,Medio
12229,2021-01-14,Amulapa,Estados Unidos,17,2021,1,14,1,Bajo
12230,2024-03-07,Cerro Verde,Costa Rica,31,2024,3,7,1,Medio
12231,2022-01-11,Puerta Del Diablo,Costa Rica,8,2022,1,11,1,Bajo
12232,2023-11-20,Balboa,Honduras,51,2023,11,20,4,Medio
12233,2024-12-20,Sunset Park,Costa Rica,45,2024,12,20,4,Medio
12234,2021-02-27,Amulapa,España,35,2021,2,27,1,Medio
12235,2023-02-03,Amulapa,Nicaragua,70,2023,2,3,1,Alto
12236,2024-07-22,Amulapa,Guatemala,7,2024,7,22,3,Bajo
12237,2023-05-30,Cerro Verde,Honduras,58,2023,5,30,2,Medio
12238,2023-11-09,Cerro Verde,España,60,2023,11,9,4,Alto
12239,2024-11-13,Sunset Park,España,8,2024,11,13,4,Bajo
12240,2023-07-10,Puerta Del Diablo,España,6,2023,7,10,3,Bajo
12241,2022-11-04,Puerta Del Diablo,Honduras,45,2022,11,4,4,Medio
12242,2023-01-31,Puerta Del Diablo,Costa Rica,43,2023,1,31,1,Medio
12243,2021-09-04,Amulapa,España,30,2021,9,4,3,Medio
12244,2021-08-01,Sunset Park,Nicaragua,77,2021,8,1,3,Alto
12245,2022-02-19,Sunset Park,Nicaragua,71,2022,2,19,1,Alto
12246,2022-03-12,Puerta Del Diablo,Honduras,57,2022,3,12,1,Medio
12247,2023-06-03,Sunset Park,Guatemala,24,2023,6,3,2,Bajo
12248,2023-02-23,Apulo,Honduras,20,2023,2,23,1,Bajo
12249,2024-04-06,Cerro Verde,Estados Unidos,35,2024,4,6,2,Medio
12250,2022-08-24,Puerta Del Diablo,Estados Unidos,50,2022,8,24,3,Medio
12251,2022-09-22,Puerta Del Diablo,Costa Rica,8,2022,9,22,3,Bajo
12252,2024-05-05,Cerro Verde,Costa Rica,34,2024,5,5,2,Medio
12253,2022-10-27,Sunset Park,Estados Unidos,13,2022,10,27,4,Bajo
12254,2021-04-05,Cerro Verde,Costa Rica,19,2021,4,5,2,Bajo
12255,2024-09-20,Puerta Del Diablo,Nicaragua,21,2024,9,20,3,Bajo
12256,2022-10-12,Sunset Park,España,79,2022,10,12,4,Alto
12257,2024-06-29,Balboa,Honduras,45,2024,6,29,2,Medio
12258,2023-10-08,Sunset Park,España,52,2023,10,8,4,Medio
12259,2023-05-23,Sunset Park,España,15,2023,5,23,2,Bajo
12260,2024-09-03,Puerta Del Diablo,Estados Unidos,13,2024,9,3,3,Bajo
12261,2022-04-19,Puerta Del Diablo,Mexico,34,2022,4,19,2,Medio
12262,2024-02-20,Balboa,Canada,39,2024,2,20,1,Medio
12263,2022-06-03,Amulapa,Estados Unidos,79,2022,6,3,2,Alto
12264,2022-05-30,Puerta Del Diablo,Mexico,71,2022,5,30,2,Alto
12265,2021-06-03,Sunset Park,Nicaragua,41,2021,6,3,2,Medio
12266,2023-03-11,Balboa,Guatemala,64,2023,3,11,1,Alto
12267,2022-07-05,Sunset Park,Honduras,69,2022,7,5,3,Alto
12268,2023-04-14,Sunset Park,Honduras,23,2023,4,14,2,Bajo
12269,2024-09-16,Sunset Park,España,5,2024,9,16,3,Bajo
12270,2023-07-22,Balboa,Estados Unidos,41,2023,7,22,3,Medio
12271,2023-06-08,Puerta Del Diablo,Estados Unidos,19,2023,6,8,2,Bajo
12272,2023-01-10,Cerro Verde,Nicaragua,60,2023,1,10,1,Alto
12273,2024-10-22,Amulapa,Honduras,9,2024,10,22,4,Bajo
12274,2024-06-30,Balboa,Estados Unidos,19,2024,6,30,2,Bajo
12275,2023-04-30,Puerta Del Diablo,Honduras,43,2023,4,30,2,Medio
12276,2024-04-24,Sunset Park,Nicaragua,55,2024,4,24,2,Medio
12277,2023-11-05,Cerro Verde,Estados Unidos,5,2023,11,5,4,Bajo
12278,2023-04-07,Sunset Park,Honduras,16,2023,4,7,2,Bajo
12279,2024-01-23,Cerro Verde,España,40,2024,1,23,1,Medio
12280,2023-04-21,Balboa,Nicaragua,64,2023,4,21,2,Alto
12281,2021-09-11,Balboa,Costa Rica,8,2021,9,11,3,Bajo
12282,2024-06-20,Sunset Park,Costa Rica,26,2024,6,20,2,Bajo
12283,2024-06-25,Cerro Verde,Costa Rica,37,2024,6,25,2,Medio
12284,2024-06-03,Apulo,Canada,7,2024,6,3,2,Bajo
12285,2023-12-07,Amulapa,Estados Unidos,51,2023,12,7,4,Medio
12286,2024-04-24,Sunset Park,España,9,2024,4,24,2,Bajo
12287,2024-09-16,Apulo,Nicaragua,51,2024,9,16,3,Medio
12288,2021-02-21,Balboa,Mexico,58,2021,2,21,1,Medio
12289,2023-08-29,Sunset Park,Guatemala,11,2023,8,29,3,Bajo
12290,2022-07-11,Cerro Verde,Estados Unidos,12,2022,7,11,3,Bajo
12291,2021-05-07,Balboa,Mexico,26,2021,5,7,2,Bajo
12292,2021-09-01,Apulo,Nicaragua,22,2021,9,1,3,Bajo
12293,2024-02-22,Puerta Del Diablo,Estados Unidos,12,2024,2,22,1,Bajo
12294,2023-08-30,Sunset Park,Costa Rica,18,2023,8,30,3,Bajo
12295,2021-08-12,Apulo,Mexico,72,2021,8,12,3,Alto
12296,2022-11-11,Cerro Verde,Estados Unidos,21,2022,11,11,4,Bajo
12297,2022-05-14,Apulo,España,50,2022,5,14,2,Medio
12298,2022-08-16,Balboa,Costa Rica,45,2022,8,16,3,Medio
12299,2023-12-13,Amulapa,Honduras,11,2023,12,13,4,Bajo
12300,2023-04-07,Balboa,Estados Unidos,71,2023,4,7,2,Alto
12301,2021-01-30,Apulo,Guatemala,25,2021,1,30,1,Bajo
12302,2021-07-20,Sunset Park,Estados Unidos,34,2021,7,20,3,Medio
12303,2021-07-13,Puerta Del Diablo,Canada,26,2021,7,13,3,Bajo
12304,2021-10-08,Balboa,Guatemala,23,2021,10,8,4,Bajo
12305,2024-02-20,Balboa,Nicaragua,32,2024,2,20,1,Medio
12306,2023-07-29,Balboa,Estados Unidos,7,2023,7,29,3,Bajo
12307,2023-04-29,Cerro Verde,Mexico,60,2023,4,29,2,Alto
12308,2022-12-04,Balboa,España,36,2022,12,4,4,Medio
12309,2023-01-02,Balboa,Canada,18,2023,1,2,1,Bajo
12310,2023-10-05,Apulo,Honduras,51,2023,10,5,4,Medio
12311,2024-06-05,Amulapa,Nicaragua,65,2024,6,5,2,Alto
12312,2022-07-17,Amulapa,Estados Unidos,15,2022,7,17,3,Bajo
12313,2021-10-14,Puerta Del Diablo,Guatemala,74,2021,10,14,4,Alto
12314,2024-03-09,Puerta Del Diablo,Canada,58,2024,3,9,1,Medio
12315,2023-02-27,Puerta Del Diablo,Nicaragua,13,2023,2,27,1,Bajo
12316,2021-11-01,Sunset Park,Costa Rica,60,2021,11,1,4,Alto
12317,2021-03-18,Puerta Del Diablo,España,54,2021,3,18,1,Medio
12318,2021-04-20,Amulapa,España,66,2021,4,20,2,Alto
12319,2023-08-30,Cerro Verde,Nicaragua,16,2023,8,30,3,Bajo
12320,2022-04-29,Balboa,Nicaragua,75,2022,4,29,2,Alto
12321,2022-09-01,Cerro Verde,Canada,75,2022,9,1,3,Alto
12322,2021-12-13,Balboa,Mexico,31,2021,12,13,4,Medio
12323,2021-03-15,Sunset Park,Honduras,65,2021,3,15,1,Alto
12324,2024-02-23,Apulo,Costa Rica,61,2024,2,23,1,Alto
12325,2024-02-02,Apulo,Honduras,63,2024,2,2,1,Alto
12326,2023-10-09,Cerro Verde,Estados Unidos,21,2023,10,9,4,Bajo
12327,2024-10-25,Puerta Del Diablo,Nicaragua,9,2024,10,25,4,Bajo
12328,2021-02-07,Balboa,Mexico,5,2021,2,7,1,Bajo
12329,2022-05-16,Balboa,Guatemala,50,2022,5,16,2,Medio
12330,2024-03-01,Sunset Park,España,76,2024,3,1,1,Alto
12331,2021-03-01,Amulapa,Honduras,6,2021,3,1,1,Bajo
12332,2024-09-09,Puerta Del Diablo,Estados Unidos,66,2024,9,9,3,Alto
12333,2024-05-31,Sunset Park,Mexico,9,2024,5,31,2,Bajo
12334,2022-07-26,Amulapa,Canada,33,2022,7,26,3,Medio
12335,2021-07-20,Sunset Park,Mexico,22,2021,7,20,3,Bajo
12336,2023-04-17,Apulo,España,21,2023,4,17,2,Bajo
12337,2021-02-12,Balboa,Estados Unidos,78,2021,2,12,1,Alto
12338,2024-09-29,Sunset Park,Canada,67,2024,9,29,3,Alto
12339,2021-05-06,Sunset Park,Honduras,54,2021,5,6,2,Medio
12340,2024-12-21,Sunset Park,Honduras,69,2024,12,21,4,Alto
12341,2023-03-15,Sunset Park,Honduras,55,2023,3,15,1,Medio
12342,2024-06-05,Apulo,Honduras,62,2024,6,5,2,Alto
12343,2024-11-19,Balboa,Costa Rica,8,2024,11,19,4,Bajo
12344,2022-01-24,Cerro Verde,Canada,31,2022,1,24,1,Medio
12345,2021-07-13,Balboa,España,51,2021,7,13,3,Medio
12346,2021-08-18,Amulapa,Costa Rica,43,2021,8,18,3,Medio
12347,2022-07-20,Puerta Del Diablo,Estados Unidos,7,2022,7,20,3,Bajo
12348,2024-07-16,Apulo,Guatemala,79,2024,7,16,3,Alto
12349,2022-01-31,Apulo,Guatemala,18,2022,1,31,1,Bajo
12350,2023-11-06,Cerro Verde,España,69,2023,11,6,4,Alto
12351,2023-03-17,Puerta Del Diablo,Estados Unidos,55,2023,3,17,1,Medio
12352,2022-12-21,Balboa,Honduras,45,2022,12,21,4,Medio
12353,2022-08-10,Balboa,Mexico,20,2022,8,10,3,Bajo
12354,2024-05-09,Amulapa,Nicaragua,45,2024,5,9,2,Medio
12355,2022-10-26,Apulo,Estados Unidos,66,2022,10,26,4,Alto
12356,2021-04-09,Sunset Park,España,44,2021,4,9,2,Medio
12357,2022-05-01,Apulo,España,54,2022,5,1,2,Medio
12358,2021-10-07,Cerro Verde,España,49,2021,10,7,4,Medio
12359,2024-10-27,Sunset Park,España,77,2024,10,27,4,Alto
12360,2021-10-21,Amulapa,España,54,2021,10,21,4,Medio
12361,2022-05-05,Puerta Del Diablo,Nicaragua,48,2022,5,5,2,Medio
12362,2021-06-12,Amulapa,Honduras,47,2021,6,12,2,Medio
12363,2023-01-26,Puerta Del Diablo,Guatemala,75,2023,1,26,1,Alto
12364,2022-08-23,Puerta Del Diablo,España,17,2022,8,23,3,Bajo
12365,2021-12-16,Cerro Verde,Estados Unidos,20,2021,12,16,4,Bajo
12366,2021-05-01,Apulo,Canada,30,2021,5,1,2,Medio
12367,2024-09-18,Balboa,Nicaragua,43,2024,9,18,3,Medio
12368,2024-09-08,Balboa,Mexico,64,2024,9,8,3,Alto
12369,2024-07-31,Cerro Verde,Nicaragua,31,2024,7,31,3,Medio
12370,2023-12-13,Cerro Verde,Nicaragua,55,2023,12,13,4,Medio
12371,2023-08-16,Cerro Verde,España,74,2023,8,16,3,Alto
12372,2023-07-07,Apulo,Costa Rica,55,2023,7,7,3,Medio
12373,2021-10-01,Cerro Verde,Nicaragua,60,2021,10,1,4,Alto
12374,2023-11-24,Amulapa,España,78,2023,11,24,4,Alto
12375,2022-10-12,Puerta Del Diablo,Honduras,5,2022,10,12,4,Bajo
12376,2021-02-07,Balboa,Mexico,67,2021,2,7,1,Alto
12377,2023-08-12,Amulapa,Costa Rica,18,2023,8,12,3,Bajo
12378,2024-12-02,Apulo,Estados Unidos,24,2024,12,2,4,Bajo
12379,2022-06-09,Sunset Park,Estados Unidos,52,2022,6,9,2,Medio
12380,2024-02-26,Amulapa,España,72,2024,2,26,1,Alto
12381,2021-06-16,Apulo,España,57,2021,6,16,2,Medio
12382,2024-06-18,Amulapa,Nicaragua,61,2024,6,18,2,Alto
12383,2021-12-29,Sunset Park,Nicaragua,36,2021,12,29,4,Medio
12384,2024-05-23,Balboa,Honduras,68,2024,5,23,2,Alto
12385,2023-01-14,Cerro Verde,Honduras,19,2023,1,14,1,Bajo
12386,2021-09-15,Sunset Park,Costa Rica,74,2021,9,15,3,Alto
12387,2024-06-20,Cerro Verde,Canada,11,2024,6,20,2,Bajo
12388,2023-03-04,Puerta Del Diablo,Nicaragua,24,2023,3,4,1,Bajo
12389,2021-05-24,Sunset Park,Guatemala,20,2021,5,24,2,Bajo
12390,2024-02-25,Cerro Verde,Canada,60,2024,2,25,1,Alto
12391,2024-05-17,Balboa,Mexico,26,2024,5,17,2,Bajo
12392,2023-12-30,Amulapa,Nicaragua,75,2023,12,30,4,Alto
12393,2021-02-14,Balboa,Honduras,50,2021,2,14,1,Medio
12394,2023-09-11,Balboa,Estados Unidos,14,2023,9,11,3,Bajo
12395,2024-10-17,Sunset Park,Guatemala,26,2024,10,17,4,Bajo
12396,2024-07-17,Sunset Park,España,36,2024,7,17,3,Medio
12397,2023-11-17,Sunset Park,Estados Unidos,66,2023,11,17,4,Alto
12398,2023-10-03,Amulapa,Mexico,62,2023,10,3,4,Alto
12399,2024-05-13,Balboa,Mexico,21,2024,5,13,2,Bajo
12400,2022-02-27,Puerta Del Diablo,Nicaragua,65,2022,2,27,1,Alto
12401,2022-08-13,Sunset Park,Costa Rica,70,2022,8,13,3,Alto
12402,2024-02-26,Balboa,Honduras,59,2024,2,26,1,Medio
12403,2021-08-04,Balboa,Honduras,45,2021,8,4,3,Medio
12404,2024-07-12,Puerta Del Diablo,Mexico,50,2024,7,12,3,Medio
12405,2021-01-22,Puerta Del Diablo,Mexico,53,2021,1,22,1,Medio
12406,2024-04-01,Cerro Verde,Costa Rica,11,2024,4,1,2,Bajo
12407,2024-12-06,Puerta Del Diablo,España,69,2024,12,6,4,Alto
12408,2024-06-06,Amulapa,Guatemala,14,2024,6,6,2,Bajo
12409,2022-11-25,Apulo,Guatemala,52,2022,11,25,4,Medio
12410,2022-10-11,Amulapa,Canada,53,2022,10,11,4,Medio
12411,2022-09-17,Cerro Verde,Honduras,9,2022,9,17,3,Bajo
12412,2024-04-13,Balboa,Honduras,62,2024,4,13,2,Alto
12413,2024-01-19,Cerro Verde,España,36,2024,1,19,1,Medio
12414,2024-01-14,Sunset Park,Guatemala,23,2024,1,14,1,Bajo
12415,2023-08-22,Apulo,Guatemala,6,2023,8,22,3,Bajo
12416,2021-03-22,Puerta Del Diablo,Guatemala,79,2021,3,22,1,Alto
12417,2022-11-05,Balboa,Canada,35,2022,11,5,4,Medio
12418,2022-04-22,Amulapa,España,13,2022,4,22,2,Bajo
12419,2024-05-19,Apulo,Mexico,72,2024,5,19,2,Alto
12420,2024-10-20,Cerro Verde,Mexico,73,2024,10,20,4,Alto
12421,2021-08-14,Cerro Verde,Estados Unidos,66,2021,8,14,3,Alto
12422,2022-03-24,Amulapa,Canada,72,2022,3,24,1,Alto
12423,2023-02-18,Balboa,Guatemala,62,2023,2,18,1,Alto
12424,2021-03-19,Balboa,Guatemala,39,2021,3,19,1,Medio
12425,2024-06-26,Apulo,Nicaragua,43,2024,6,26,2,Medio
12426,2023-05-10,Puerta Del Diablo,Canada,7,2023,5,10,2,Bajo
12427,2024-02-04,Puerta Del Diablo,España,31,2024,2,4,1,Medio
12428,2024-08-09,Cerro Verde,Canada,69,2024,8,9,3,Alto
12429,2021-02-28,Amulapa,Mexico,12,2021,2,28,1,Bajo
12430,2023-05-01,Amulapa,Nicaragua,38,2023,5,1,2,Medio
12431,2022-11-15,Apulo,Mexico,46,2022,11,15,4,Medio
12432,2021-07-09,Apulo,Guatemala,33,2021,7,9,3,Medio
12433,2021-04-23,Sunset Park,Mexico,67,2021,4,23,2,Alto
12434,2024-01-03,Balboa,Costa Rica,29,2024,1,3,1,Bajo
12435,2022-11-07,Puerta Del Diablo,Guatemala,52,2022,11,7,4,Medio
12436,2021-03-21,Apulo,Honduras,42,2021,3,21,1,Medio
12437,2021-09-28,Amulapa,España,29,2021,9,28,3,Bajo
12438,2022-06-02,Balboa,Estados Unidos,18,2022,6,2,2,Bajo
12439,2022-05-10,Cerro Verde,España,55,2022,5,10,2,Medio
12440,2021-12-31,Puerta Del Diablo,Mexico,20,2021,12,31,4,Bajo
12441,2024-10-18,Apulo,Canada,73,2024,10,18,4,Alto
12442,2023-09-11,Cerro Verde,Guatemala,14,2023,9,11,3,Bajo
12443,2024-01-16,Amulapa,Costa Rica,67,2024,1,16,1,Alto
12444,2022-08-28,Sunset Park,Estados Unidos,54,2022,8,28,3,Medio
12445,2022-01-02,Amulapa,Honduras,21,2022,1,2,1,Bajo
12446,2022-04-16,Sunset Park,Honduras,53,2022,4,16,2,Medio
12447,2021-01-31,Sunset Park,Nicaragua,12,2021,1,31,1,Bajo
12448,2024-10-02,Amulapa,Guatemala,26,2024,10,2,4,Bajo
12449,2024-08-07,Amulapa,Guatemala,10,2024,8,7,3,Bajo
12450,2022-06-23,Cerro Verde,Estados Unidos,38,2022,6,23,2,Medio
12451,2022-02-22,Puerta Del Diablo,Costa Rica,78,2022,2,22,1,Alto
12452,2021-11-21,Cerro Verde,Costa Rica,9,2021,11,21,4,Bajo
12453,2024-09-26,Cerro Verde,Canada,24,2024,9,26,3,Bajo
12454,2021-11-27,Apulo,Costa Rica,18,2021,11,27,4,Bajo
12455,2022-04-12,Sunset Park,Nicaragua,38,2022,4,12,2,Medio
12456,2023-01-15,Puerta Del Diablo,Canada,44,2023,1,15,1,Medio
12457,2023-06-21,Apulo,Honduras,62,2023,6,21,2,Alto
12458,2021-02-16,Puerta Del Diablo,Mexico,40,2021,2,16,1,Medio
12459,2023-04-04,Sunset Park,Nicaragua,18,2023,4,4,2,Bajo
12460,2022-11-09,Apulo,España,57,2022,11,9,4,Medio
12461,2023-07-11,Balboa,Nicaragua,59,2023,7,11,3,Medio
12462,2022-10-03,Puerta Del Diablo,Canada,72,2022,10,3,4,Alto
12463,2024-12-19,Puerta Del Diablo,Estados Unidos,48,2024,12,19,4,Medio
12464,2022-09-21,Sunset Park,Costa Rica,39,2022,9,21,3,Medio
12465,2024-04-14,Puerta Del Diablo,Costa Rica,32,2024,4,14,2,Medio
12466,2021-07-24,Cerro Verde,España,8,2021,7,24,3,Bajo
12467,2022-04-10,Cerro Verde,Nicaragua,42,2022,4,10,2,Medio
12468,2023-05-23,Apulo,Costa Rica,39,2023,5,23,2,Medio
12469,2021-12-07,Balboa,España,74,2021,12,7,4,Alto
12470,2024-02-27,Apulo,Estados Unidos,77,2024,2,27,1,Alto
12471,2023-01-04,Balboa,Guatemala,77,2023,1,4,1,Alto
12472,2023-07-02,Cerro Verde,Estados Unidos,37,2023,7,2,3,Medio
12473,2024-03-24,Cerro Verde,Guatemala,73,2024,3,24,1,Alto
12474,2023-09-14,Sunset Park,Guatemala,19,2023,9,14,3,Bajo
12475,2024-08-16,Cerro Verde,España,39,2024,8,16,3,Medio
12476,2024-12-19,Cerro Verde,Nicaragua,12,2024,12,19,4,Bajo
12477,2023-10-25,Amulapa,Canada,56,2023,10,25,4,Medio
12478,2022-05-04,Puerta Del Diablo,Guatemala,53,2022,5,4,2,Medio
12479,2024-02-27,Sunset Park,Costa Rica,50,2024,2,27,1,Medio
12480,2023-02-18,Balboa,Nicaragua,61,2023,2,18,1,Alto
12481,2022-01-27,Puerta Del Diablo,Guatemala,64,2022,1,27,1,Alto
12482,2023-01-09,Amulapa,Canada,28,2023,1,9,1,Bajo
12483,2024-04-30,Puerta Del Diablo,Guatemala,50,2024,4,30,2,Medio
12484,2021-11-10,Apulo,Costa Rica,53,2021,11,10,4,Medio
12485,2023-11-20,Sunset Park,Guatemala,17,2023,11,20,4,Bajo
12486,2023-09-24,Apulo,Guatemala,68,2023,9,24,3,Alto
12487,2021-02-21,Cerro Verde,Mexico,37,2021,2,21,1,Medio
12488,2023-03-19,Cerro Verde,España,52,2023,3,19,1,Medio
12489,2022-12-29,Amulapa,Costa Rica,17,2022,12,29,4,Bajo
12490,2022-02-19,Amulapa,Costa Rica,49,2022,2,19,1,Medio
12491,2023-12-24,Balboa,Nicaragua,12,2023,12,24,4,Bajo
12492,2022-03-28,Amulapa,Canada,11,2022,3,28,1,Bajo
12493,2021-11-20,Cerro Verde,Honduras,17,2021,11,20,4,Bajo
12494,2024-09-13,Puerta Del Diablo,Canada,55,2024,9,13,3,Medio
12495,2022-11-07,Apulo,Costa Rica,50,2022,11,7,4,Medio
12496,2021-01-02,Puerta Del Diablo,Guatemala,55,2021,1,2,1,Medio
12497,2022-10-05,Puerta Del Diablo,Costa Rica,54,2022,10,5,4,Medio
12498,2024-12-25,Sunset Park,Canada,5,2024,12,25,4,Bajo
12499,2024-11-08,Amulapa,Mexico,40,2024,11,8,4,Medio
12500,2021-12-17,Balboa,Costa Rica,50,2021,12,17,4,Medio
12501,2021-07-06,Amulapa,Canada,39,2021,7,6,3,Medio
12502,2023-10-31,Sunset Park,Honduras,70,2023,10,31,4,Alto
12503,2023-10-05,Amulapa,Costa Rica,21,2023,10,5,4,Bajo
12504,2023-07-11,Sunset Park,Honduras,21,2023,7,11,3,Bajo
12505,2022-01-10,Cerro Verde,Mexico,20,2022,1,10,1,Bajo
12506,2024-07-17,Cerro Verde,Canada,9,2024,7,17,3,Bajo
12507,2023-10-23,Sunset Park,Costa Rica,13,2023,10,23,4,Bajo
12508,2023-04-10,Balboa,Honduras,45,2023,4,10,2,Medio
12509,2023-12-19,Sunset Park,Nicaragua,51,2023,12,19,4,Medio
12510,2024-10-02,Amulapa,Costa Rica,62,2024,10,2,4,Alto
12511,2024-11-17,Puerta Del Diablo,Honduras,62,2024,11,17,4,Alto
12512,2022-07-26,Balboa,Nicaragua,56,2022,7,26,3,Medio
12513,2023-12-13,Puerta Del Diablo,Honduras,58,2023,12,13,4,Medio
12514,2024-10-07,Balboa,Honduras,44,2024,10,7,4,Medio
12515,2023-10-16,Amulapa,España,41,2023,10,16,4,Medio
12516,2023-08-16,Balboa,Guatemala,56,2023,8,16,3,Medio
12517,2023-07-06,Cerro Verde,Honduras,20,2023,7,6,3,Bajo
12518,2024-11-26,Sunset Park,Guatemala,26,2024,11,26,4,Bajo
12519,2022-02-12,Puerta Del Diablo,Nicaragua,31,2022,2,12,1,Medio
12520,2023-08-16,Balboa,Honduras,11,2023,8,16,3,Bajo
12521,2024-02-26,Puerta Del Diablo,Guatemala,42,2024,2,26,1,Medio
12522,2021-08-28,Puerta Del Diablo,Mexico,54,2021,8,28,3,Medio
12523,2024-02-20,Puerta Del Diablo,Mexico,44,2024,2,20,1,Medio
12524,2021-03-27,Amulapa,España,50,2021,3,27,1,Medio
12525,2021-03-04,Amulapa,España,37,2021,3,4,1,Medio
12526,2021-10-20,Amulapa,Costa Rica,63,2021,10,20,4,Alto
12527,2021-11-03,Cerro Verde,Nicaragua,52,2021,11,3,4,Medio
12528,2022-06-16,Puerta Del Diablo,Honduras,19,2022,6,16,2,Bajo
12529,2021-07-24,Apulo,Canada,7,2021,7,24,3,Bajo
12530,2024-12-14,Puerta Del Diablo,Honduras,9,2024,12,14,4,Bajo
12531,2021-06-06,Balboa,Nicaragua,66,2021,6,6,2,Alto
12532,2024-08-15,Cerro Verde,Costa Rica,25,2024,8,15,3,Bajo
12533,2022-09-12,Cerro Verde,Estados Unidos,53,2022,9,12,3,Medio
12534,2024-11-08,Sunset Park,Costa Rica,78,2024,11,8,4,Alto
12535,2021-04-18,Amulapa,Estados Unidos,30,2021,4,18,2,Medio
12536,2022-02-17,Puerta Del Diablo,Mexico,43,2022,2,17,1,Medio
12537,2024-07-22,Amulapa,Costa Rica,65,2024,7,22,3,Alto
12538,2024-03-31,Cerro Verde,Mexico,8,2024,3,31,1,Bajo
12539,2024-03-05,Amulapa,Guatemala,39,2024,3,5,1,Medio
12540,2022-05-22,Cerro Verde,Costa Rica,23,2022,5,22,2,Bajo
12541,2021-07-24,Apulo,Canada,73,2021,7,24,3,Alto
12542,2021-05-26,Sunset Park,Estados Unidos,10,2021,5,26,2,Bajo
12543,2024-07-07,Balboa,España,63,2024,7,7,3,Alto
12544,2021-09-05,Balboa,Nicaragua,63,2021,9,5,3,Alto
12545,2023-05-29,Sunset Park,España,19,2023,5,29,2,Bajo
12546,2024-05-14,Amulapa,Nicaragua,10,2024,5,14,2,Bajo
12547,2021-08-27,Sunset Park,Costa Rica,49,2021,8,27,3,Medio
12548,2022-05-25,Balboa,Costa Rica,26,2022,5,25,2,Bajo
12549,2022-07-14,Sunset Park,Estados Unidos,8,2022,7,14,3,Bajo
12550,2023-02-15,Apulo,Nicaragua,19,2023,2,15,1,Bajo
12551,2022-10-26,Apulo,Costa Rica,68,2022,10,26,4,Alto
12552,2023-06-14,Balboa,Honduras,27,2023,6,14,2,Bajo
12553,2021-11-01,Puerta Del Diablo,España,6,2021,11,1,4,Bajo
12554,2022-02-04,Puerta Del Diablo,Costa Rica,9,2022,2,4,1,Bajo
12555,2023-01-11,Apulo,Canada,58,2023,1,11,1,Medio
12556,2023-12-05,Amulapa,Mexico,54,2023,12,5,4,Medio
12557,2024-07-18,Cerro Verde,Mexico,72,2024,7,18,3,Alto
12558,2022-06-05,Cerro Verde,Costa Rica,73,2022,6,5,2,Alto
12559,2022-11-13,Balboa,Estados Unidos,72,2022,11,13,4,Alto
12560,2024-01-11,Puerta Del Diablo,España,63,2024,1,11,1,Alto
12561,2023-02-11,Balboa,Costa Rica,13,2023,2,11,1,Bajo
12562,2023-07-27,Puerta Del Diablo,España,67,2023,7,27,3,Alto
12563,2022-11-25,Apulo,Costa Rica,33,2022,11,25,4,Medio
12564,2022-11-29,Cerro Verde,Guatemala,6,2022,11,29,4,Bajo
12565,2021-09-03,Puerta Del Diablo,Canada,32,2021,9,3,3,Medio
12566,2021-09-06,Sunset Park,Canada,18,2021,9,6,3,Bajo
12567,2021-05-08,Sunset Park,España,58,2021,5,8,2,Medio
12568,2021-07-16,Apulo,Honduras,62,2021,7,16,3,Alto
12569,2021-07-13,Amulapa,España,69,2021,7,13,3,Alto
12570,2023-06-16,Balboa,Estados Unidos,41,2023,6,16,2,Medio
12571,2024-03-15,Amulapa,Guatemala,45,2024,3,15,1,Medio
12572,2021-05-15,Balboa,España,58,2021,5,15,2,Medio
12573,2022-05-09,Cerro Verde,Canada,50,2022,5,9,2,Medio
12574,2022-03-16,Amulapa,Mexico,21,2022,3,16,1,Bajo
12575,2024-03-03,Sunset Park,Canada,20,2024,3,3,1,Bajo
12576,2022-11-05,Sunset Park,Canada,66,2022,11,5,4,Alto
12577,2023-12-03,Sunset Park,Estados Unidos,47,2023,12,3,4,Medio
12578,2022-03-29,Sunset Park,Mexico,71,2022,3,29,1,Alto
12579,2023-01-15,Amulapa,Mexico,78,2023,1,15,1,Alto
12580,2024-11-29,Puerta Del Diablo,Costa Rica,50,2024,11,29,4,Medio
12581,2022-08-22,Balboa,Costa Rica,73,2022,8,22,3,Alto
12582,2022-04-28,Balboa,Guatemala,21,2022,4,28,2,Bajo
12583,2024-02-27,Cerro Verde,Estados Unidos,13,2024,2,27,1,Bajo
12584,2022-07-09,Puerta Del Diablo,Canada,46,2022,7,9,3,Medio
12585,2024-04-25,Puerta Del Diablo,Mexico,58,2024,4,25,2,Medio
12586,2022-02-23,Puerta Del Diablo,Mexico,77,2022,2,23,1,Alto
12587,2024-09-02,Sunset Park,Estados Unidos,42,2024,9,2,3,Medio
12588,2022-02-07,Amulapa,Mexico,51,2022,2,7,1,Medio
12589,2022-11-29,Balboa,Guatemala,57,2022,11,29,4,Medio
12590,2023-12-23,Puerta Del Diablo,España,78,2023,12,23,4,Alto
12591,2021-08-10,Sunset Park,Canada,47,2021,8,10,3,Medio
12592,2023-07-27,Apulo,Mexico,15,2023,7,27,3,Bajo
12593,2022-06-02,Amulapa,Costa Rica,17,2022,6,2,2,Bajo
12594,2022-08-30,Cerro Verde,Guatemala,32,2022,8,30,3,Medio
12595,2022-01-15,Amulapa,Nicaragua,48,2022,1,15,1,Medio
12596,2023-07-29,Sunset Park,Costa Rica,10,2023,7,29,3,Bajo
12597,2022-11-30,Apulo,Mexico,21,2022,11,30,4,Bajo
12598,2021-09-27,Apulo,España,12,2021,9,27,3,Bajo
12599,2022-06-12,Amulapa,España,31,2022,6,12,2,Medio
12600,2022-09-25,Apulo,Nicaragua,53,2022,9,25,3,Medio
12601,2024-12-07,Amulapa,Estados Unidos,23,2024,12,7,4,Bajo
12602,2022-09-10,Puerta Del Diablo,Nicaragua,12,2022,9,10,3,Bajo
12603,2024-09-24,Puerta Del Diablo,Mexico,35,2024,9,24,3,Medio
12604,2021-03-02,Puerta Del Diablo,Honduras,55,2021,3,2,1,Medio
12605,2021-08-01,Amulapa,Estados Unidos,70,2021,8,1,3,Alto
12606,2021-04-07,Cerro Verde,Estados Unidos,42,2021,4,7,2,Medio
12607,2022-06-10,Cerro Verde,Honduras,60,2022,6,10,2,Alto
12608,2023-07-16,Cerro Verde,España,32,2023,7,16,3,Medio
12609,2022-06-14,Puerta Del Diablo,España,26,2022,6,14,2,Bajo
12610,2023-07-21,Apulo,Costa Rica,18,2023,7,21,3,Bajo
12611,2021-03-18,Apulo,Honduras,8,2021,3,18,1,Bajo
12612,2024-10-12,Sunset Park,Guatemala,45,2024,10,12,4,Medio
12613,2024-05-30,Sunset Park,Honduras,14,2024,5,30,2,Bajo
12614,2022-10-01,Balboa,Costa Rica,67,2022,10,1,4,Alto
12615,2021-07-05,Cerro Verde,Nicaragua,34,2021,7,5,3,Medio
12616,2022-07-26,Cerro Verde,Honduras,27,2022,7,26,3,Bajo
12617,2023-02-11,Balboa,España,73,2023,2,11,1,Alto
12618,2024-11-18,Balboa,Nicaragua,11,2024,11,18,4,Bajo
12619,2024-10-19,Amulapa,Canada,43,2024,10,19,4,Medio
12620,2024-12-18,Balboa,Mexico,56,2024,12,18,4,Medio
12621,2021-08-20,Amulapa,Costa Rica,63,2021,8,20,3,Alto
12622,2022-12-07,Sunset Park,Estados Unidos,28,2022,12,7,4,Bajo
12623,2023-02-03,Balboa,Canada,18,2023,2,3,1,Bajo
12624,2023-09-16,Sunset Park,España,44,2023,9,16,3,Medio
12625,2024-10-16,Puerta Del Diablo,Guatemala,5,2024,10,16,4,Bajo
12626,2022-04-03,Amulapa,Guatemala,46,2022,4,3,2,Medio
12627,2021-12-03,Amulapa,Estados Unidos,24,2021,12,3,4,Bajo
12628,2021-03-06,Amulapa,Estados Unidos,56,2021,3,6,1,Medio
12629,2022-08-02,Sunset Park,España,16,2022,8,2,3,Bajo
12630,2024-02-06,Sunset Park,Honduras,13,2024,2,6,1,Bajo
12631,2023-06-12,Sunset Park,Estados Unidos,36,2023,6,12,2,Medio
12632,2022-07-12,Balboa,Canada,19,2022,7,12,3,Bajo
12633,2022-04-29,Amulapa,Costa Rica,13,2022,4,29,2,Bajo
12634,2023-12-08,Puerta Del Diablo,Estados Unidos,77,2023,12,8,4,Alto
12635,2023-07-11,Balboa,Estados Unidos,8,2023,7,11,3,Bajo
12636,2022-11-29,Puerta Del Diablo,Nicaragua,45,2022,11,29,4,Medio
12637,2021-12-11,Cerro Verde,Nicaragua,28,2021,12,11,4,Bajo
12638,2021-12-20,Balboa,Costa Rica,33,2021,12,20,4,Medio
12639,2023-08-21,Amulapa,Costa Rica,71,2023,8,21,3,Alto
12640,2021-11-09,Puerta Del Diablo,Mexico,57,2021,11,9,4,Medio
12641,2023-11-18,Apulo,Costa Rica,18,2023,11,18,4,Bajo
12642,2022-05-18,Apulo,Honduras,14,2022,5,18,2,Bajo
12643,2024-08-01,Balboa,Mexico,18,2024,8,1,3,Bajo
12644,2023-02-20,Balboa,Honduras,74,2023,2,20,1,Alto
12645,2021-08-22,Balboa,España,14,2021,8,22,3,Bajo
12646,2022-10-22,Cerro Verde,Canada,10,2022,10,22,4,Bajo
12647,2022-01-10,Sunset Park,Mexico,41,2022,1,10,1,Medio
12648,2024-01-01,Apulo,Guatemala,16,2024,1,1,1,Bajo
12649,2022-10-01,Sunset Park,España,60,2022,10,1,4,Alto
12650,2024-04-23,Cerro Verde,Guatemala,31,2024,4,23,2,Medio
12651,2024-10-17,Amulapa,Nicaragua,71,2024,10,17,4,Alto
12652,2023-09-06,Amulapa,Guatemala,32,2023,9,6,3,Medio
12653,2023-04-17,Balboa,Canada,66,2023,4,17,2,Alto
12654,2022-08-04,Puerta Del Diablo,Nicaragua,41,2022,8,4,3,Medio
12655,2022-09-02,Amulapa,Guatemala,56,2022,9,2,3,Medio
12656,2022-09-30,Balboa,Estados Unidos,22,2022,9,30,3,Bajo
12657,2022-07-15,Apulo,Mexico,17,2022,7,15,3,Bajo
12658,2021-05-06,Puerta Del Diablo,Guatemala,12,2021,5,6,2,Bajo
12659,2023-05-16,Sunset Park,Costa Rica,74,2023,5,16,2,Alto
12660,2021-09-24,Balboa,Honduras,53,2021,9,24,3,Medio
12661,2023-10-11,Amulapa,Costa Rica,10,2023,10,11,4,Bajo
12662,2022-10-18,Puerta Del Diablo,Mexico,14,2022,10,18,4,Bajo
12663,2021-07-17,Balboa,Mexico,20,2021,7,17,3,Bajo
12664,2021-08-30,Puerta Del Diablo,Canada,30,2021,8,30,3,Medio
12665,2023-10-10,Puerta Del Diablo,Mexico,37,2023,10,10,4,Medio
12666,2022-01-06,Balboa,Estados Unidos,37,2022,1,6,1,Medio
12667,2022-09-28,Amulapa,Mexico,16,2022,9,28,3,Bajo
12668,2023-08-19,Sunset Park,Costa Rica,64,2023,8,19,3,Alto
12669,2022-12-28,Cerro Verde,España,23,2022,12,28,4,Bajo
12670,2021-04-12,Puerta Del Diablo,Costa Rica,59,2021,4,12,2,Medio
12671,2023-06-23,Apulo,Nicaragua,70,2023,6,23,2,Alto
12672,2023-12-29,Balboa,Estados Unidos,31,2023,12,29,4,Medio
12673,2021-11-07,Puerta Del Diablo,Costa Rica,57,2021,11,7,4,Medio
12674,2023-03-22,Cerro Verde,Nicaragua,23,2023,3,22,1,Bajo
12675,2022-08-26,Puerta Del Diablo,España,25,2022,8,26,3,Bajo
12676,2021-05-01,Puerta Del Diablo,Canada,32,2021,5,1,2,Medio
12677,2022-05-23,Puerta Del Diablo,España,6,2022,5,23,2,Bajo
12678,2023-10-07,Cerro Verde,Canada,35,2023,10,7,4,Medio
12679,2021-10-04,Puerta Del Diablo,Honduras,34,2021,10,4,4,Medio
12680,2021-06-24,Cerro Verde,España,65,2021,6,24,2,Alto
12681,2021-07-10,Balboa,España,26,2021,7,10,3,Bajo
12682,2021-06-20,Amulapa,Guatemala,54,2021,6,20,2,Medio
12683,2022-02-25,Cerro Verde,Estados Unidos,32,2022,2,25,1,Medio
12684,2024-04-28,Sunset Park,España,29,2024,4,28,2,Bajo
12685,2021-07-30,Apulo,Costa Rica,66,2021,7,30,3,Alto
12686,2023-09-09,Sunset Park,Honduras,50,2023,9,9,3,Medio
12687,2024-12-24,Apulo,Canada,77,2024,12,24,4,Alto
12688,2021-11-19,Balboa,Nicaragua,25,2021,11,19,4,Bajo
12689,2024-10-23,Puerta Del Diablo,España,17,2024,10,23,4,Bajo
12690,2024-12-01,Sunset Park,Costa Rica,75,2024,12,1,4,Alto
12691,2024-10-24,Amulapa,España,35,2024,10,24,4,Medio
12692,2022-10-28,Sunset Park,Mexico,48,2022,10,28,4,Medio
12693,2021-03-12,Sunset Park,Estados Unidos,68,2021,3,12,1,Alto
12694,2022-01-09,Cerro Verde,Guatemala,51,2022,1,9,1,Medio
12695,2023-03-29,Puerta Del Diablo,Mexico,74,2023,3,29,1,Alto
12696,2023-06-13,Apulo,Guatemala,22,2023,6,13,2,Bajo
12697,2024-02-14,Amulapa,Canada,29,2024,2,14,1,Bajo
12698,2024-07-28,Balboa,Canada,68,2024,7,28,3,Alto
12699,2022-01-08,Apulo,Guatemala,11,2022,1,8,1,Bajo
12700,2023-03-18,Apulo,Nicaragua,14,2023,3,18,1,Bajo
12701,2024-12-16,Puerta Del Diablo,Mexico,52,2024,12,16,4,Medio
12702,2021-05-02,Amulapa,Nicaragua,17,2021,5,2,2,Bajo
12703,2024-07-18,Sunset Park,Costa Rica,73,2024,7,18,3,Alto
12704,2022-11-03,Cerro Verde,España,71,2022,11,3,4,Alto
12705,2024-09-05,Cerro Verde,España,23,2024,9,5,3,Bajo
12706,2021-12-21,Amulapa,Costa Rica,19,2021,12,21,4,Bajo
12707,2024-07-27,Cerro Verde,Estados Unidos,75,2024,7,27,3,Alto
12708,2023-09-23,Sunset Park,Estados Unidos,37,2023,9,23,3,Medio
12709,2023-07-25,Balboa,Costa Rica,11,2023,7,25,3,Bajo
12710,2021-05-03,Apulo,Honduras,35,2021,5,3,2,Medio
12711,2021-06-18,Apulo,Costa Rica,69,2021,6,18,2,Alto
12712,2021-04-24,Puerta Del Diablo,Costa Rica,17,2021,4,24,2,Bajo
12713,2024-01-30,Puerta Del Diablo,Nicaragua,55,2024,1,30,1,Medio
12714,2023-03-20,Apulo,Canada,29,2023,3,20,1,Bajo
12715,2022-06-19,Sunset Park,España,8,2022,6,19,2,Bajo
12716,2022-06-15,Sunset Park,Nicaragua,73,2022,6,15,2,Alto
12717,2024-04-12,Balboa,Mexico,11,2024,4,12,2,Bajo
12718,2024-03-08,Apulo,Estados Unidos,6,2024,3,8,1,Bajo
12719,2021-02-20,Apulo,Honduras,60,2021,2,20,1,Alto
12720,2023-12-07,Amulapa,Costa Rica,60,2023,12,7,4,Alto
12721,2023-11-08,Sunset Park,Estados Unidos,44,2023,11,8,4,Medio
12722,2024-01-21,Amulapa,Canada,13,2024,1,21,1,Bajo
12723,2024-12-18,Amulapa,Nicaragua,17,2024,12,18,4,Bajo
12724,2021-02-01,Balboa,Honduras,68,2021,2,1,1,Alto
12725,2023-09-02,Cerro Verde,España,18,2023,9,2,3,Bajo
12726,2023-08-16,Cerro Verde,Guatemala,58,2023,8,16,3,Medio
12727,2022-02-25,Puerta Del Diablo,España,70,2022,2,25,1,Alto
12728,2022-02-28,Cerro Verde,Canada,12,2022,2,28,1,Bajo
12729,2023-07-01,Puerta Del Diablo,Costa Rica,68,2023,7,1,3,Alto
12730,2021-07-16,Balboa,Estados Unidos,71,2021,7,16,3,Alto
12731,2024-11-13,Balboa,Costa Rica,10,2024,11,13,4,Bajo
12732,2024-10-19,Puerta Del Diablo,Nicaragua,43,2024,10,19,4,Medio
12733,2024-01-18,Apulo,Nicaragua,75,2024,1,18,1,Alto
12734,2022-01-11,Cerro Verde,Honduras,20,2022,1,11,1,Bajo
12735,2024-10-27,Apulo,Nicaragua,23,2024,10,27,4,Bajo
12736,2021-05-19,Balboa,Honduras,65,2021,5,19,2,Alto
12737,2021-09-23,Puerta Del Diablo,España,55,2021,9,23,3,Medio
12738,2024-02-21,Balboa,Costa Rica,23,2024,2,21,1,Bajo
12739,2022-09-05,Balboa,Honduras,58,2022,9,5,3,Medio
12740,2023-09-07,Puerta Del Diablo,Mexico,70,2023,9,7,3,Alto
12741,2024-11-05,Cerro Verde,España,22,2024,11,5,4,Bajo
12742,2024-03-26,Cerro Verde,Estados Unidos,11,2024,3,26,1,Bajo
12743,2023-04-19,Cerro Verde,Honduras,39,2023,4,19,2,Medio
12744,2024-12-28,Sunset Park,Nicaragua,19,2024,12,28,4,Bajo
12745,2023-10-26,Amulapa,Guatemala,55,2023,10,26,4,Medio
12746,2022-03-02,Puerta Del Diablo,Mexico,26,2022,3,2,1,Bajo
12747,2023-06-26,Balboa,Canada,38,2023,6,26,2,Medio
12748,2024-06-22,Cerro Verde,España,14,2024,6,22,2,Bajo
12749,2024-09-14,Sunset Park,España,34,2024,9,14,3,Medio
12750,2024-02-27,Balboa,Costa Rica,53,2024,2,27,1,Medio
12751,2024-12-22,Sunset Park,Honduras,36,2024,12,22,4,Medio
12752,2023-09-16,Sunset Park,Estados Unidos,34,2023,9,16,3,Medio
12753,2021-07-16,Cerro Verde,Costa Rica,70,2021,7,16,3,Alto
12754,2024-01-09,Sunset Park,Costa Rica,65,2024,1,9,1,Alto
12755,2024-09-05,Amulapa,Costa Rica,41,2024,9,5,3,Medio
12756,2021-11-25,Apulo,Mexico,74,2021,11,25,4,Alto
12757,2024-02-13,Puerta Del Diablo,Honduras,74,2024,2,13,1,Alto
12758,2022-02-20,Puerta Del Diablo,Guatemala,37,2022,2,20,1,Medio
12759,2024-06-02,Sunset Park,Mexico,6,2024,6,2,2,Bajo
12760,2024-07-10,Balboa,Estados Unidos,78,2024,7,10,3,Alto
12761,2023-07-24,Balboa,Costa Rica,19,2023,7,24,3,Bajo
12762,2022-12-26,Sunset Park,Guatemala,72,2022,12,26,4,Alto
12763,2021-05-23,Amulapa,Nicaragua,73,2021,5,23,2,Alto
12764,2022-04-27,Puerta Del Diablo,Guatemala,52,2022,4,27,2,Medio
12765,2024-11-12,Balboa,Nicaragua,34,2024,11,12,4,Medio
12766,2024-06-25,Amulapa,Estados Unidos,40,2024,6,25,2,Medio
12767,2024-11-20,Cerro Verde,Canada,39,2024,11,20,4,Medio
12768,2024-06-03,Apulo,España,6,2024,6,3,2,Bajo
12769,2023-12-20,Balboa,Honduras,21,2023,12,20,4,Bajo
12770,2022-03-13,Balboa,Canada,43,2022,3,13,1,Medio
12771,2023-09-08,Sunset Park,Guatemala,8,2023,9,8,3,Bajo
12772,2022-11-09,Apulo,España,19,2022,11,9,4,Bajo
12773,2021-04-23,Amulapa,Estados Unidos,34,2021,4,23,2,Medio
12774,2021-02-10,Balboa,Guatemala,26,2021,2,10,1,Bajo
12775,2023-01-02,Puerta Del Diablo,Honduras,13,2023,1,2,1,Bajo
12776,2022-01-22,Amulapa,Costa Rica,44,2022,1,22,1,Medio
12777,2021-07-12,Puerta Del Diablo,Mexico,9,2021,7,12,3,Bajo
12778,2021-06-17,Amulapa,Guatemala,73,2021,6,17,2,Alto
12779,2021-07-31,Cerro Verde,Canada,58,2021,7,31,3,Medio
12780,2021-03-11,Puerta Del Diablo,Costa Rica,25,2021,3,11,1,Bajo
12781,2023-04-08,Balboa,Honduras,62,2023,4,8,2,Alto
12782,2023-01-28,Puerta Del Diablo,Canada,62,2023,1,28,1,Alto
12783,2024-04-09,Puerta Del Diablo,Costa Rica,28,2024,4,9,2,Bajo
12784,2024-10-14,Apulo,Canada,27,2024,10,14,4,Bajo
12785,2023-12-01,Puerta Del Diablo,Honduras,76,2023,12,1,4,Alto
12786,2021-06-01,Balboa,España,6,2021,6,1,2,Bajo
12787,2021-11-09,Balboa,Costa Rica,43,2021,11,9,4,Medio
12788,2024-08-27,Puerta Del Diablo,España,6,2024,8,27,3,Bajo
12789,2022-09-14,Cerro Verde,Canada,47,2022,9,14,3,Medio
12790,2024-05-30,Apulo,España,56,2024,5,30,2,Medio
12791,2024-02-24,Apulo,Mexico,76,2024,2,24,1,Alto
12792,2023-05-25,Balboa,Guatemala,51,2023,5,25,2,Medio
12793,2023-03-21,Apulo,Guatemala,53,2023,3,21,1,Medio
12794,2024-11-09,Apulo,Canada,28,2024,11,9,4,Bajo
12795,2024-05-26,Cerro Verde,Canada,47,2024,5,26,2,Medio
12796,2021-03-25,Apulo,Honduras,6,2021,3,25,1,Bajo
12797,2022-04-25,Cerro Verde,España,60,2022,4,25,2,Alto
12798,2021-01-09,Puerta Del Diablo,Guatemala,30,2021,1,9,1,Medio
12799,2023-02-03,Apulo,Mexico,47,2023,2,3,1,Medio
12800,2022-08-30,Puerta Del Diablo,Costa Rica,30,2022,8,30,3,Medio
12801,2022-10-29,Puerta Del Diablo,Guatemala,41,2022,10,29,4,Medio
12802,2022-10-24,Sunset Park,Canada,41,2022,10,24,4,Medio
12803,2022-05-12,Cerro Verde,Guatemala,47,2022,5,12,2,Medio
12804,2022-03-07,Cerro Verde,España,41,2022,3,7,1,Medio
12805,2023-01-16,Cerro Verde,Nicaragua,69,2023,1,16,1,Alto
12806,2023-07-27,Sunset Park,Honduras,68,2023,7,27,3,Alto
12807,2021-09-16,Amulapa,Honduras,53,2021,9,16,3,Medio
12808,2022-05-30,Cerro Verde,Costa Rica,24,2022,5,30,2,Bajo
12809,2022-05-17,Amulapa,España,65,2022,5,17,2,Alto
12810,2021-10-28,Balboa,Nicaragua,63,2021,10,28,4,Alto
12811,2024-02-22,Balboa,Guatemala,72,2024,2,22,1,Alto
12812,2021-02-06,Cerro Verde,España,46,2021,2,6,1,Medio
12813,2021-04-21,Puerta Del Diablo,Canada,38,2021,4,21,2,Medio
12814,2023-05-13,Puerta Del Diablo,Costa Rica,18,2023,5,13,2,Bajo
12815,2024-05-25,Sunset Park,Guatemala,57,2024,5,25,2,Medio
12816,2021-05-10,Amulapa,Costa Rica,18,2021,5,10,2,Bajo
12817,2024-09-14,Sunset Park,Mexico,37,2024,9,14,3,Medio
12818,2021-04-04,Cerro Verde,Estados Unidos,13,2021,4,4,2,Bajo
12819,2022-08-24,Sunset Park,Costa Rica,74,2022,8,24,3,Alto
12820,2022-04-24,Balboa,Estados Unidos,43,2022,4,24,2,Medio
12821,2023-11-19,Balboa,Honduras,10,2023,11,19,4,Bajo
12822,2023-11-04,Balboa,Nicaragua,54,2023,11,4,4,Medio
12823,2023-02-07,Cerro Verde,Mexico,59,2023,2,7,1,Medio
12824,2021-05-16,Balboa,España,12,2021,5,16,2,Bajo
12825,2023-12-03,Puerta Del Diablo,Guatemala,19,2023,12,3,4,Bajo
12826,2021-02-06,Sunset Park,Canada,15,2021,2,6,1,Bajo
12827,2021-06-30,Apulo,Costa Rica,10,2021,6,30,2,Bajo
12828,2022-08-12,Apulo,Nicaragua,58,2022,8,12,3,Medio
12829,2022-07-07,Puerta Del Diablo,Mexico,16,2022,7,7,3,Bajo
12830,2021-05-28,Balboa,España,57,2021,5,28,2,Medio
12831,2021-07-03,Balboa,Guatemala,32,2021,7,3,3,Medio
12832,2023-07-01,Amulapa,Guatemala,72,2023,7,1,3,Alto
12833,2021-07-21,Apulo,Canada,28,2021,7,21,3,Bajo
12834,2021-06-02,Puerta Del Diablo,Estados Unidos,40,2021,6,2,2,Medio
12835,2023-12-27,Balboa,Guatemala,12,2023,12,27,4,Bajo
12836,2022-10-03,Balboa,Honduras,72,2022,10,3,4,Alto
12837,2021-08-29,Balboa,Mexico,7,2021,8,29,3,Bajo
12838,2021-11-08,Sunset Park,Honduras,52,2021,11,8,4,Medio
12839,2022-10-02,Sunset Park,Nicaragua,52,2022,10,2,4,Medio
12840,2021-09-28,Cerro Verde,Nicaragua,49,2021,9,28,3,Medio
12841,2023-01-30,Apulo,Guatemala,39,2023,1,30,1,Medio
12842,2023-09-03,Puerta Del Diablo,Mexico,77,2023,9,3,3,Alto
12843,2022-08-10,Apulo,Canada,38,2022,8,10,3,Medio
12844,2021-07-12,Cerro Verde,España,41,2021,7,12,3,Medio
12845,2021-03-24,Apulo,Guatemala,21,2021,3,24,1,Bajo
12846,2024-07-13,Sunset Park,Honduras,44,2024,7,13,3,Medio
12847,2022-04-13,Balboa,España,47,2022,4,13,2,Medio
12848,2023-02-14,Balboa,Estados Unidos,69,2023,2,14,1,Alto
12849,2022-05-13,Balboa,Costa Rica,62,2022,5,13,2,Alto
12850,2023-04-06,Cerro Verde,Costa Rica,67,2023,4,6,2,Alto
12851,2021-11-08,Balboa,Honduras,65,2021,11,8,4,Alto
12852,2022-06-19,Balboa,Costa Rica,43,2022,6,19,2,Medio
12853,2024-06-10,Sunset Park,Canada,11,2024,6,10,2,Bajo
12854,2021-07-11,Balboa,Mexico,47,2021,7,11,3,Medio
12855,2022-04-29,Amulapa,Honduras,23,2022,4,29,2,Bajo
12856,2024-01-19,Puerta Del Diablo,Guatemala,49,2024,1,19,1,Medio
12857,2024-04-30,Cerro Verde,Canada,32,2024,4,30,2,Medio
12858,2021-06-17,Apulo,Estados Unidos,72,2021,6,17,2,Alto
12859,2024-05-10,Puerta Del Diablo,Mexico,16,2024,5,10,2,Bajo
12860,2022-08-29,Apulo,Costa Rica,19,2022,8,29,3,Bajo
12861,2024-10-18,Amulapa,Honduras,66,2024,10,18,4,Alto
12862,2024-11-08,Apulo,Canada,64,2024,11,8,4,Alto
12863,2024-06-11,Apulo,España,46,2024,6,11,2,Medio
12864,2023-08-05,Balboa,Mexico,58,2023,8,5,3,Medio
12865,2024-10-19,Cerro Verde,Estados Unidos,51,2024,10,19,4,Medio
12866,2023-05-18,Sunset Park,Guatemala,40,2023,5,18,2,Medio
12867,2024-02-14,Amulapa,Nicaragua,34,2024,2,14,1,Medio
12868,2021-04-17,Sunset Park,Costa Rica,53,2021,4,17,2,Medio
12869,2023-10-10,Cerro Verde,Estados Unidos,57,2023,10,10,4,Medio
12870,2023-01-06,Puerta Del Diablo,Guatemala,76,2023,1,6,1,Alto
12871,2023-03-14,Cerro Verde,España,57,2023,3,14,1,Medio
12872,2022-10-20,Apulo,Estados Unidos,11,2022,10,20,4,Bajo
12873,2021-01-30,Sunset Park,Nicaragua,65,2021,1,30,1,Alto
12874,2021-11-09,Balboa,Nicaragua,71,2021,11,9,4,Alto
12875,2022-06-15,Sunset Park,España,55,2022,6,15,2,Medio
12876,2024-05-12,Amulapa,Mexico,11,2024,5,12,2,Bajo
12877,2021-10-17,Sunset Park,Guatemala,75,2021,10,17,4,Alto
12878,2023-06-19,Apulo,Estados Unidos,7,2023,6,19,2,Bajo
12879,2021-01-24,Apulo,Costa Rica,74,2021,1,24,1,Alto
12880,2023-12-31,Sunset Park,Nicaragua,78,2023,12,31,4,Alto
12881,2022-08-16,Sunset Park,Guatemala,18,2022,8,16,3,Bajo
12882,2024-08-19,Puerta Del Diablo,Nicaragua,55,2024,8,19,3,Medio
12883,2022-05-02,Apulo,Canada,31,2022,5,2,2,Medio
12884,2022-01-05,Amulapa,Mexico,49,2022,1,5,1,Medio
12885,2021-10-07,Puerta Del Diablo,Honduras,25,2021,10,7,4,Bajo
12886,2022-06-12,Puerta Del Diablo,Canada,46,2022,6,12,2,Medio
12887,2024-07-28,Balboa,Guatemala,62,2024,7,28,3,Alto
12888,2021-03-24,Puerta Del Diablo,España,39,2021,3,24,1,Medio
12889,2021-11-30,Apulo,Nicaragua,71,2021,11,30,4,Alto
12890,2023-01-18,Amulapa,Estados Unidos,76,2023,1,18,1,Alto
12891,2023-09-10,Apulo,España,58,2023,9,10,3,Medio
12892,2024-01-24,Sunset Park,España,20,2024,1,24,1,Bajo
12893,2024-07-22,Puerta Del Diablo,Canada,17,2024,7,22,3,Bajo
12894,2023-07-15,Balboa,España,41,2023,7,15,3,Medio
12895,2022-07-21,Cerro Verde,Mexico,19,2022,7,21,3,Bajo
12896,2022-10-28,Amulapa,Costa Rica,43,2022,10,28,4,Medio
12897,2024-01-01,Sunset Park,Mexico,36,2024,1,1,1,Medio
12898,2022-08-21,Sunset Park,Estados Unidos,37,2022,8,21,3,Medio
12899,2024-12-05,Balboa,Honduras,47,2024,12,5,4,Medio
12900,2022-04-23,Apulo,Mexico,14,2022,4,23,2,Bajo
12901,2021-07-13,Balboa,Mexico,16,2021,7,13,3,Bajo
12902,2022-08-12,Amulapa,Guatemala,76,2022,8,12,3,Alto
12903,2022-10-02,Balboa,Estados Unidos,37,2022,10,2,4,Medio
12904,2024-05-10,Amulapa,Mexico,42,2024,5,10,2,Medio
12905,2022-09-01,Apulo,Estados Unidos,38,2022,9,1,3,Medio
12906,2023-12-01,Sunset Park,Costa Rica,54,2023,12,1,4,Medio
12907,2024-03-24,Apulo,Honduras,47,2024,3,24,1,Medio
12908,2022-08-28,Cerro Verde,Guatemala,60,2022,8,28,3,Alto
12909,2024-10-27,Amulapa,Mexico,66,2024,10,27,4,Alto
12910,2022-04-20,Puerta Del Diablo,Canada,16,2022,4,20,2,Bajo
12911,2023-11-29,Apulo,Nicaragua,68,2023,11,29,4,Alto
12912,2021-05-24,Cerro Verde,España,64,2021,5,24,2,Alto
12913,2024-04-19,Balboa,Honduras,52,2024,4,19,2,Medio
12914,2023-09-16,Cerro Verde,Nicaragua,51,2023,9,16,3,Medio
12915,2022-07-01,Puerta Del Diablo,Costa Rica,22,2022,7,1,3,Bajo
12916,2023-07-31,Sunset Park,España,10,2023,7,31,3,Bajo
12917,2021-07-27,Balboa,Honduras,9,2021,7,27,3,Bajo
12918,2022-10-17,Cerro Verde,Estados Unidos,39,2022,10,17,4,Medio
12919,2023-09-20,Sunset Park,Estados Unidos,24,2023,9,20,3,Bajo
12920,2021-02-02,Cerro Verde,Estados Unidos,56,2021,2,2,1,Medio
12921,2021-09-23,Sunset Park,Nicaragua,52,2021,9,23,3,Medio
12922,2023-07-27,Cerro Verde,Guatemala,28,2023,7,27,3,Bajo
12923,2023-10-04,Cerro Verde,Costa Rica,75,2023,10,4,4,Alto
12924,2021-08-16,Balboa,España,18,2021,8,16,3,Bajo
12925,2023-04-19,Balboa,Mexico,72,2023,4,19,2,Alto
12926,2021-07-23,Amulapa,Guatemala,21,2021,7,23,3,Bajo
12927,2022-06-30,Balboa,Nicaragua,17,2022,6,30,2,Bajo
12928,2022-08-30,Cerro Verde,España,30,2022,8,30,3,Medio
12929,2024-11-14,Balboa,Mexico,14,2024,11,14,4,Bajo
12930,2021-08-25,Cerro Verde,Canada,24,2021,8,25,3,Bajo
12931,2022-07-08,Puerta Del Diablo,España,18,2022,7,8,3,Bajo
12932,2021-09-17,Cerro Verde,Canada,57,2021,9,17,3,Medio
12933,2021-08-20,Cerro Verde,Costa Rica,20,2021,8,20,3,Bajo
12934,2024-08-04,Cerro Verde,Costa Rica,65,2024,8,4,3,Alto
12935,2022-12-08,Amulapa,Estados Unidos,44,2022,12,8,4,Medio
12936,2022-03-08,Sunset Park,Mexico,77,2022,3,8,1,Alto
12937,2024-04-25,Balboa,Honduras,60,2024,4,25,2,Alto
12938,2021-08-30,Cerro Verde,Estados Unidos,24,2021,8,30,3,Bajo
12939,2022-08-02,Apulo,Guatemala,37,2022,8,2,3,Medio
12940,2021-12-13,Amulapa,España,20,2021,12,13,4,Bajo
12941,2024-10-31,Balboa,Nicaragua,55,2024,10,31,4,Medio
12942,2021-06-18,Balboa,Honduras,41,2021,6,18,2,Medio
12943,2024-06-14,Balboa,España,15,2024,6,14,2,Bajo
12944,2021-01-13,Balboa,Costa Rica,64,2021,1,13,1,Alto
12945,2022-03-05,Amulapa,Honduras,65,2022,3,5,1,Alto
12946,2021-03-05,Sunset Park,Mexico,44,2021,3,5,1,Medio
12947,2021-11-27,Apulo,España,64,2021,11,27,4,Alto
12948,2021-05-16,Amulapa,Mexico,46,2021,5,16,2,Medio
12949,2024-12-15,Apulo,España,8,2024,12,15,4,Bajo
12950,2024-03-26,Cerro Verde,Honduras,45,2024,3,26,1,Medio
12951,2022-01-29,Apulo,Mexico,26,2022,1,29,1,Bajo
12952,2023-10-12,Amulapa,España,70,2023,10,12,4,Alto
12953,2024-06-24,Apulo,Costa Rica,38,2024,6,24,2,Medio
12954,2022-07-13,Amulapa,Costa Rica,53,2022,7,13,3,Medio
12955,2024-04-05,Sunset Park,Nicaragua,52,2024,4,5,2,Medio
12956,2021-12-12,Puerta Del Diablo,Canada,31,2021,12,12,4,Medio
12957,2023-06-17,Apulo,Canada,63,2023,6,17,2,Alto
12958,2022-05-27,Apulo,Guatemala,77,2022,5,27,2,Alto
12959,2021-05-19,Cerro Verde,Honduras,26,2021,5,19,2,Bajo
12960,2024-12-02,Puerta Del Diablo,Canada,25,2024,12,2,4,Bajo
12961,2023-04-01,Sunset Park,Nicaragua,67,2023,4,1,2,Alto
12962,2021-01-24,Cerro Verde,Mexico,5,2021,1,24,1,Bajo
12963,2024-01-10,Puerta Del Diablo,Nicaragua,39,2024,1,10,1,Medio
12964,2022-07-05,Sunset Park,Costa Rica,58,2022,7,5,3,Medio
12965,2023-04-13,Amulapa,Costa Rica,50,2023,4,13,2,Medio
12966,2023-10-13,Balboa,Costa Rica,12,2023,10,13,4,Bajo
12967,2021-08-18,Apulo,Honduras,54,2021,8,18,3,Medio
12968,2021-08-24,Apulo,Canada,42,2021,8,24,3,Medio
12969,2021-03-21,Sunset Park,Canada,79,2021,3,21,1,Alto
12970,2021-01-03,Balboa,Honduras,71,2021,1,3,1,Alto
12971,2023-08-06,Cerro Verde,Costa Rica,31,2023,8,6,3,Medio
12972,2023-12-29,Cerro Verde,Honduras,25,2023,12,29,4,Bajo
12973,2023-03-11,Balboa,Costa Rica,33,2023,3,11,1,Medio
12974,2023-02-24,Cerro Verde,España,54,2023,2,24,1,Medio
12975,2024-05-03,Balboa,España,50,2024,5,3,2,Medio
12976,2021-08-13,Puerta Del Diablo,España,64,2021,8,13,3,Alto
12977,2024-11-27,Sunset Park,Nicaragua,48,2024,11,27,4,Medio
12978,2022-03-15,Apulo,Costa Rica,60,2022,3,15,1,Alto
12979,2023-09-29,Apulo,Guatemala,79,2023,9,29,3,Alto
12980,2023-12-16,Sunset Park,Costa Rica,44,2023,12,16,4,Medio
12981,2021-10-31,Balboa,Mexico,52,2021,10,31,4,Medio
12982,2022-06-12,Amulapa,Honduras,28,2022,6,12,2,Bajo
12983,2021-01-24,Apulo,Honduras,74,2021,1,24,1,Alto
12984,2024-02-05,Amulapa,Canada,50,2024,2,5,1,Medio
12985,2022-10-28,Puerta Del Diablo,Mexico,53,2022,10,28,4,Medio
12986,2024-05-11,Puerta Del Diablo,España,10,2024,5,11,2,Bajo
12987,2024-07-30,Puerta Del Diablo,Nicaragua,45,2024,7,30,3,Medio
12988,2024-08-09,Sunset Park,Guatemala,19,2024,8,9,3,Bajo
12989,2023-04-23,Balboa,Estados Unidos,72,2023,4,23,2,Alto
12990,2021-04-08,Cerro Verde,Mexico,51,2021,4,8,2,Medio
12991,2022-03-17,Sunset Park,Costa Rica,17,2022,3,17,1,Bajo
12992,2024-10-28,Puerta Del Diablo,Canada,76,2024,10,28,4,Alto
12993,2022-12-08,Cerro Verde,Guatemala,52,2022,12,8,4,Medio
12994,2023-07-21,Sunset Park,Honduras,62,2023,7,21,3,Alto
12995,2024-10-09,Balboa,Canada,30,2024,10,9,4,Medio
12996,2022-05-19,Amulapa,España,37,2022,5,19,2,Medio
12997,2022-04-29,Balboa,Honduras,40,2022,4,29,2,Medio
12998,2021-02-25,Balboa,España,79,2021,2,25,1,Alto
12999,2024-05-15,Sunset Park,Costa Rica,58,2024,5,15,2,Medio
13000,2022-02-21,Balboa,Mexico,55,2022,2,21,1,Medio
13001,2022-06-29,Puerta Del Diablo,España,65,2022,6,29,2,Alto
13002,2021-01-05,Sunset Park,Mexico,47,2021,1,5,1,Medio
13003,2021-01-05,Cerro Verde,Honduras,29,2021,1,5,1,Bajo
13004,2021-04-25,Amulapa,Mexico,33,2021,4,25,2,Medio
13005,2021-01-03,Amulapa,Costa Rica,59,2021,1,3,1,Medio
13006,2023-09-30,Apulo,Guatemala,54,2023,9,30,3,Medio
13007,2021-06-05,Apulo,Estados Unidos,65,2021,6,5,2,Alto
13008,2021-05-13,Puerta Del Diablo,Estados Unidos,20,2021,5,13,2,Bajo
13009,2022-08-15,Puerta Del Diablo,Honduras,12,2022,8,15,3,Bajo
13010,2021-03-13,Cerro Verde,Canada,15,2021,3,13,1,Bajo
13011,2022-07-21,Sunset Park,España,10,2022,7,21,3,Bajo
13012,2024-01-08,Puerta Del Diablo,Estados Unidos,44,2024,1,8,1,Medio
13013,2023-11-20,Amulapa,Estados Unidos,36,2023,11,20,4,Medio
13014,2024-08-09,Apulo,España,75,2024,8,9,3,Alto
13015,2024-10-15,Sunset Park,Honduras,40,2024,10,15,4,Medio
13016,2024-08-05,Cerro Verde,Nicaragua,27,2024,8,5,3,Bajo
13017,2022-04-10,Amulapa,Canada,51,2022,4,10,2,Medio
13018,2023-01-31,Puerta Del Diablo,Costa Rica,31,2023,1,31,1,Medio
13019,2023-10-08,Amulapa,Mexico,30,2023,10,8,4,Medio
13020,2024-07-06,Apulo,Canada,55,2024,7,6,3,Medio
13021,2021-01-18,Balboa,Costa Rica,59,2021,1,18,1,Medio
13022,2024-08-15,Puerta Del Diablo,Canada,63,2024,8,15,3,Alto
13023,2023-08-08,Amulapa,Honduras,58,2023,8,8,3,Medio
13024,2023-06-22,Balboa,Estados Unidos,12,2023,6,22,2,Bajo
13025,2022-12-30,Sunset Park,España,43,2022,12,30,4,Medio
13026,2021-02-15,Sunset Park,Nicaragua,28,2021,2,15,1,Bajo
13027,2023-09-02,Cerro Verde,Costa Rica,24,2023,9,2,3,Bajo
13028,2024-05-16,Amulapa,Mexico,75,2024,5,16,2,Alto
13029,2022-07-26,Puerta Del Diablo,España,67,2022,7,26,3,Alto
13030,2021-01-10,Sunset Park,Mexico,55,2021,1,10,1,Medio
13031,2024-12-25,Puerta Del Diablo,Costa Rica,54,2024,12,25,4,Medio
13032,2024-01-13,Apulo,Guatemala,71,2024,1,13,1,Alto
13033,2024-01-27,Apulo,Mexico,47,2024,1,27,1,Medio
13034,2022-11-10,Amulapa,Honduras,64,2022,11,10,4,Alto
13035,2022-10-22,Apulo,Canada,52,2022,10,22,4,Medio
13036,2024-06-19,Puerta Del Diablo,Canada,24,2024,6,19,2,Bajo
13037,2021-07-24,Cerro Verde,Canada,42,2021,7,24,3,Medio
13038,2023-06-29,Cerro Verde,Honduras,15,2023,6,29,2,Bajo
13039,2023-07-13,Sunset Park,Costa Rica,69,2023,7,13,3,Alto
13040,2024-02-04,Amulapa,España,16,2024,2,4,1,Bajo
13041,2022-12-28,Apulo,España,78,2022,12,28,4,Alto
13042,2022-05-31,Balboa,Nicaragua,79,2022,5,31,2,Alto
13043,2021-08-14,Sunset Park,Canada,40,2021,8,14,3,Medio
13044,2023-10-05,Cerro Verde,Costa Rica,42,2023,10,5,4,Medio
13045,2023-11-24,Puerta Del Diablo,Canada,58,2023,11,24,4,Medio
13046,2024-11-04,Balboa,Guatemala,29,2024,11,4,4,Bajo
13047,2023-09-06,Balboa,Guatemala,26,2023,9,6,3,Bajo
13048,2022-02-14,Sunset Park,Estados Unidos,20,2022,2,14,1,Bajo
13049,2022-01-30,Balboa,Guatemala,72,2022,1,30,1,Alto
13050,2021-06-07,Sunset Park,Canada,53,2021,6,7,2,Medio
13051,2023-07-03,Balboa,Estados Unidos,61,2023,7,3,3,Alto
13052,2024-12-08,Puerta Del Diablo,Costa Rica,45,2024,12,8,4,Medio
13053,2022-06-14,Apulo,Guatemala,68,2022,6,14,2,Alto
13054,2024-04-24,Balboa,España,12,2024,4,24,2,Bajo
13055,2024-09-16,Puerta Del Diablo,Honduras,59,2024,9,16,3,Medio
13056,2023-11-09,Apulo,Costa Rica,46,2023,11,9,4,Medio
13057,2021-01-21,Puerta Del Diablo,Canada,55,2021,1,21,1,Medio
13058,2023-02-03,Apulo,Estados Unidos,17,2023,2,3,1,Bajo
13059,2023-01-18,Balboa,Honduras,31,2023,1,18,1,Medio
13060,2023-04-27,Apulo,Guatemala,44,2023,4,27,2,Medio
13061,2021-05-04,Amulapa,Honduras,28,2021,5,4,2,Bajo
13062,2022-07-05,Sunset Park,Estados Unidos,34,2022,7,5,3,Medio
13063,2022-11-08,Apulo,Honduras,41,2022,11,8,4,Medio
13064,2022-10-06,Balboa,Mexico,46,2022,10,6,4,Medio
13065,2024-07-20,Sunset Park,España,30,2024,7,20,3,Medio
13066,2023-03-04,Amulapa,Guatemala,76,2023,3,4,1,Alto
13067,2023-02-15,Sunset Park,Honduras,6,2023,2,15,1,Bajo
13068,2023-06-05,Amulapa,Mexico,46,2023,6,5,2,Medio
13069,2023-03-06,Apulo,Honduras,79,2023,3,6,1,Alto
13070,2021-06-08,Puerta Del Diablo,España,48,2021,6,8,2,Medio
13071,2022-08-07,Puerta Del Diablo,Honduras,16,2022,8,7,3,Bajo
13072,2021-10-08,Sunset Park,Honduras,28,2021,10,8,4,Bajo
13073,2023-04-08,Puerta Del Diablo,Costa Rica,25,2023,4,8,2,Bajo
13074,2021-03-14,Apulo,Estados Unidos,22,2021,3,14,1,Bajo
13075,2022-07-08,Amulapa,Honduras,48,2022,7,8,3,Medio
13076,2023-03-23,Apulo,Canada,52,2023,3,23,1,Medio
13077,2023-10-22,Sunset Park,Costa Rica,49,2023,10,22,4,Medio
13078,2021-08-10,Sunset Park,Guatemala,71,2021,8,10,3,Alto
13079,2024-02-11,Puerta Del Diablo,Nicaragua,31,2024,2,11,1,Medio
13080,2023-04-02,Puerta Del Diablo,Costa Rica,24,2023,4,2,2,Bajo
13081,2021-08-30,Balboa,Canada,60,2021,8,30,3,Alto
13082,2024-10-23,Cerro Verde,España,17,2024,10,23,4,Bajo
13083,2021-08-26,Cerro Verde,España,75,2021,8,26,3,Alto
13084,2022-07-08,Puerta Del Diablo,Honduras,73,2022,7,8,3,Alto
13085,2024-08-20,Sunset Park,Honduras,44,2024,8,20,3,Medio
13086,2021-08-26,Balboa,Costa Rica,11,2021,8,26,3,Bajo
13087,2022-08-03,Puerta Del Diablo,Mexico,22,2022,8,3,3,Bajo
13088,2024-04-24,Balboa,Canada,59,2024,4,24,2,Medio
13089,2023-07-25,Cerro Verde,Canada,52,2023,7,25,3,Medio
13090,2023-03-24,Cerro Verde,España,27,2023,3,24,1,Bajo
13091,2023-03-15,Puerta Del Diablo,Guatemala,76,2023,3,15,1,Alto
13092,2024-12-25,Puerta Del Diablo,Canada,14,2024,12,25,4,Bajo
13093,2021-01-03,Balboa,Mexico,36,2021,1,3,1,Medio
13094,2024-04-24,Puerta Del Diablo,Estados Unidos,62,2024,4,24,2,Alto
13095,2023-09-07,Apulo,Estados Unidos,63,2023,9,7,3,Alto
13096,2024-11-02,Puerta Del Diablo,Guatemala,56,2024,11,2,4,Medio
13097,2021-03-11,Cerro Verde,Canada,61,2021,3,11,1,Alto
13098,2021-10-04,Cerro Verde,Nicaragua,27,2021,10,4,4,Bajo
13099,2022-08-26,Balboa,Nicaragua,26,2022,8,26,3,Bajo
13100,2023-09-17,Puerta Del Diablo,Nicaragua,46,2023,9,17,3,Medio
13101,2022-03-15,Cerro Verde,Canada,38,2022,3,15,1,Medio
13102,2022-02-02,Apulo,Costa Rica,45,2022,2,2,1,Medio
13103,2022-03-07,Sunset Park,Mexico,49,2022,3,7,1,Medio
13104,2021-12-04,Puerta Del Diablo,Mexico,17,2021,12,4,4,Bajo
13105,2024-08-16,Apulo,Costa Rica,40,2024,8,16,3,Medio
13106,2023-01-06,Apulo,Estados Unidos,34,2023,1,6,1,Medio
13107,2024-01-26,Balboa,Nicaragua,25,2024,1,26,1,Bajo
13108,2023-12-24,Amulapa,Mexico,8,2023,12,24,4,Bajo
13109,2023-06-03,Amulapa,Guatemala,58,2023,6,3,2,Medio
13110,2024-07-03,Balboa,Honduras,14,2024,7,3,3,Bajo
13111,2024-02-17,Balboa,Mexico,40,2024,2,17,1,Medio
13112,2023-04-24,Sunset Park,España,63,2023,4,24,2,Alto
13113,2024-09-09,Cerro Verde,Canada,10,2024,9,9,3,Bajo
13114,2021-06-27,Balboa,Honduras,43,2021,6,27,2,Medio
13115,2022-09-04,Apulo,Costa Rica,68,2022,9,4,3,Alto
13116,2024-12-27,Sunset Park,Mexico,56,2024,12,27,4,Medio
13117,2023-05-25,Puerta Del Diablo,Canada,32,2023,5,25,2,Medio
13118,2022-12-16,Cerro Verde,Mexico,8,2022,12,16,4,Bajo
13119,2024-06-05,Apulo,Costa Rica,18,2024,6,5,2,Bajo
13120,2024-09-20,Balboa,Nicaragua,66,2024,9,20,3,Alto
13121,2024-05-24,Sunset Park,Honduras,35,2024,5,24,2,Medio
13122,2022-07-21,Amulapa,Costa Rica,25,2022,7,21,3,Bajo
13123,2021-10-16,Sunset Park,Canada,12,2021,10,16,4,Bajo
13124,2022-04-21,Amulapa,Guatemala,79,2022,4,21,2,Alto
13125,2021-09-17,Puerta Del Diablo,Guatemala,57,2021,9,17,3,Medio
13126,2024-05-12,Cerro Verde,España,31,2024,5,12,2,Medio
13127,2023-09-03,Puerta Del Diablo,Guatemala,48,2023,9,3,3,Medio
13128,2021-05-20,Cerro Verde,Guatemala,16,2021,5,20,2,Bajo
13129,2021-10-29,Puerta Del Diablo,Guatemala,38,2021,10,29,4,Medio
13130,2023-07-11,Apulo,Estados Unidos,76,2023,7,11,3,Alto
13131,2022-09-22,Cerro Verde,Nicaragua,75,2022,9,22,3,Alto
13132,2024-05-21,Apulo,Guatemala,11,2024,5,21,2,Bajo
13133,2021-03-10,Apulo,Canada,51,2021,3,10,1,Medio
13134,2023-10-09,Balboa,Mexico,18,2023,10,9,4,Bajo
13135,2021-05-19,Amulapa,Costa Rica,24,2021,5,19,2,Bajo
13136,2021-09-09,Amulapa,Honduras,79,2021,9,9,3,Alto
13137,2024-05-05,Cerro Verde,Honduras,62,2024,5,5,2,Alto
13138,2021-04-11,Sunset Park,Costa Rica,16,2021,4,11,2,Bajo
13139,2021-08-14,Balboa,Nicaragua,53,2021,8,14,3,Medio
13140,2021-05-06,Amulapa,Guatemala,41,2021,5,6,2,Medio
13141,2024-09-05,Balboa,Canada,73,2024,9,5,3,Alto
13142,2021-05-30,Apulo,Estados Unidos,67,2021,5,30,2,Alto
13143,2023-11-05,Cerro Verde,Costa Rica,61,2023,11,5,4,Alto
13144,2024-10-07,Apulo,Canada,34,2024,10,7,4,Medio
13145,2022-04-26,Puerta Del Diablo,España,7,2022,4,26,2,Bajo
13146,2023-12-28,Puerta Del Diablo,Estados Unidos,21,2023,12,28,4,Bajo
13147,2023-09-03,Sunset Park,España,55,2023,9,3,3,Medio
13148,2022-04-03,Cerro Verde,Canada,45,2022,4,3,2,Medio
13149,2023-05-27,Apulo,Guatemala,26,2023,5,27,2,Bajo
13150,2023-07-28,Apulo,Nicaragua,36,2023,7,28,3,Medio
13151,2024-06-02,Apulo,Honduras,16,2024,6,2,2,Bajo
13152,2021-11-28,Balboa,España,24,2021,11,28,4,Bajo
13153,2021-07-08,Puerta Del Diablo,España,61,2021,7,8,3,Alto
13154,2024-06-28,Amulapa,Guatemala,30,2024,6,28,2,Medio
13155,2024-09-20,Amulapa,Canada,36,2024,9,20,3,Medio
13156,2021-04-09,Cerro Verde,Honduras,48,2021,4,9,2,Medio
13157,2022-11-19,Sunset Park,España,65,2022,11,19,4,Alto
13158,2024-12-10,Amulapa,Honduras,39,2024,12,10,4,Medio
13159,2023-01-22,Balboa,Canada,36,2023,1,22,1,Medio
13160,2022-04-18,Sunset Park,Nicaragua,73,2022,4,18,2,Alto
13161,2022-12-10,Apulo,Costa Rica,63,2022,12,10,4,Alto
13162,2022-09-21,Amulapa,España,78,2022,9,21,3,Alto
13163,2023-06-04,Balboa,Canada,6,2023,6,4,2,Bajo
13164,2022-03-01,Apulo,Nicaragua,60,2022,3,1,1,Alto
13165,2021-07-25,Amulapa,Costa Rica,33,2021,7,25,3,Medio
13166,2022-03-08,Apulo,Canada,17,2022,3,8,1,Bajo
13167,2024-09-03,Puerta Del Diablo,Nicaragua,33,2024,9,3,3,Medio
13168,2021-07-17,Sunset Park,Mexico,30,2021,7,17,3,Medio
13169,2021-02-28,Apulo,Honduras,31,2021,2,28,1,Medio
13170,2024-08-16,Cerro Verde,Mexico,46,2024,8,16,3,Medio
13171,2024-05-28,Amulapa,Guatemala,28,2024,5,28,2,Bajo
13172,2024-06-29,Apulo,Canada,79,2024,6,29,2,Alto
13173,2023-06-19,Sunset Park,Costa Rica,78,2023,6,19,2,Alto
13174,2024-05-07,Sunset Park,Costa Rica,7,2024,5,7,2,Bajo
13175,2021-09-06,Cerro Verde,España,39,2021,9,6,3,Medio
13176,2023-02-13,Cerro Verde,Mexico,13,2023,2,13,1,Bajo
13177,2024-02-04,Puerta Del Diablo,España,30,2024,2,4,1,Medio
13178,2024-08-30,Sunset Park,Estados Unidos,67,2024,8,30,3,Alto
13179,2022-04-22,Amulapa,Honduras,20,2022,4,22,2,Bajo
13180,2022-10-02,Puerta Del Diablo,Costa Rica,8,2022,10,2,4,Bajo
13181,2024-01-21,Cerro Verde,Honduras,68,2024,1,21,1,Alto
13182,2021-03-24,Cerro Verde,Canada,78,2021,3,24,1,Alto
13183,2021-03-19,Balboa,Mexico,32,2021,3,19,1,Medio
13184,2021-04-20,Apulo,Canada,14,2021,4,20,2,Bajo
13185,2023-10-20,Puerta Del Diablo,Honduras,30,2023,10,20,4,Medio
13186,2023-11-03,Balboa,Guatemala,73,2023,11,3,4,Alto
13187,2023-11-19,Balboa,España,54,2023,11,19,4,Medio
13188,2024-08-13,Balboa,Nicaragua,68,2024,8,13,3,Alto
13189,2022-05-29,Amulapa,Mexico,52,2022,5,29,2,Medio
13190,2021-03-07,Cerro Verde,Honduras,57,2021,3,7,1,Medio
13191,2024-02-27,Balboa,Nicaragua,68,2024,2,27,1,Alto
13192,2021-08-08,Apulo,Costa Rica,26,2021,8,8,3,Bajo
13193,2022-11-08,Balboa,Estados Unidos,76,2022,11,8,4,Alto
13194,2024-02-08,Sunset Park,Estados Unidos,77,2024,2,8,1,Alto
13195,2023-11-14,Amulapa,Canada,32,2023,11,14,4,Medio
13196,2021-06-26,Balboa,Costa Rica,11,2021,6,26,2,Bajo
13197,2022-12-01,Cerro Verde,España,23,2022,12,1,4,Bajo
13198,2024-02-10,Cerro Verde,Mexico,47,2024,2,10,1,Medio
13199,2021-12-15,Sunset Park,Costa Rica,19,2021,12,15,4,Bajo
13200,2024-06-29,Sunset Park,Nicaragua,29,2024,6,29,2,Bajo
13201,2022-09-22,Sunset Park,Canada,52,2022,9,22,3,Medio
13202,2022-07-04,Cerro Verde,Estados Unidos,56,2022,7,4,3,Medio
13203,2023-01-04,Apulo,Mexico,70,2023,1,4,1,Alto
13204,2023-09-09,Balboa,Costa Rica,36,2023,9,9,3,Medio
13205,2024-02-29,Amulapa,Costa Rica,42,2024,2,29,1,Medio
13206,2021-06-06,Sunset Park,Mexico,38,2021,6,6,2,Medio
13207,2024-08-03,Balboa,España,52,2024,8,3,3,Medio
13208,2022-08-29,Amulapa,Estados Unidos,76,2022,8,29,3,Alto
13209,2023-05-11,Balboa,Honduras,5,2023,5,11,2,Bajo
13210,2023-07-16,Amulapa,Guatemala,12,2023,7,16,3,Bajo
13211,2023-05-06,Amulapa,Costa Rica,45,2023,5,6,2,Medio
13212,2024-10-16,Puerta Del Diablo,Honduras,54,2024,10,16,4,Medio
13213,2024-03-20,Balboa,Guatemala,42,2024,3,20,1,Medio
13214,2021-06-25,Puerta Del Diablo,Nicaragua,75,2021,6,25,2,Alto
13215,2024-04-04,Cerro Verde,Canada,56,2024,4,4,2,Medio
13216,2022-09-26,Balboa,Costa Rica,55,2022,9,26,3,Medio
13217,2022-11-05,Apulo,Estados Unidos,35,2022,11,5,4,Medio
13218,2021-06-02,Amulapa,Mexico,48,2021,6,2,2,Medio
13219,2021-09-11,Balboa,Canada,15,2021,9,11,3,Bajo
13220,2022-01-21,Apulo,Costa Rica,30,2022,1,21,1,Medio
13221,2022-11-12,Cerro Verde,Honduras,65,2022,11,12,4,Alto
13222,2023-08-12,Sunset Park,Costa Rica,25,2023,8,12,3,Bajo
13223,2024-01-25,Cerro Verde,Canada,27,2024,1,25,1,Bajo
13224,2021-12-30,Amulapa,Canada,37,2021,12,30,4,Medio
13225,2021-07-24,Amulapa,Nicaragua,36,2021,7,24,3,Medio
13226,2023-07-01,Cerro Verde,Costa Rica,27,2023,7,1,3,Bajo
13227,2022-08-25,Sunset Park,Canada,13,2022,8,25,3,Bajo
13228,2024-11-18,Apulo,Honduras,7,2024,11,18,4,Bajo
13229,2023-02-11,Sunset Park,Canada,31,2023,2,11,1,Medio
13230,2023-07-09,Puerta Del Diablo,Mexico,47,2023,7,9,3,Medio
13231,2021-08-17,Puerta Del Diablo,Mexico,42,2021,8,17,3,Medio
13232,2023-05-21,Cerro Verde,España,15,2023,5,21,2,Bajo
13233,2022-06-04,Amulapa,España,46,2022,6,4,2,Medio
13234,2021-05-14,Cerro Verde,Mexico,69,2021,5,14,2,Alto
13235,2023-09-21,Balboa,Nicaragua,69,2023,9,21,3,Alto
13236,2021-06-14,Cerro Verde,España,78,2021,6,14,2,Alto
13237,2023-10-20,Balboa,Canada,57,2023,10,20,4,Medio
13238,2021-04-07,Sunset Park,España,77,2021,4,7,2,Alto
13239,2022-01-19,Amulapa,Nicaragua,6,2022,1,19,1,Bajo
13240,2023-05-18,Amulapa,Nicaragua,49,2023,5,18,2,Medio
13241,2024-03-04,Sunset Park,Estados Unidos,25,2024,3,4,1,Bajo
13242,2022-03-11,Puerta Del Diablo,Estados Unidos,11,2022,3,11,1,Bajo
13243,2021-03-22,Puerta Del Diablo,Estados Unidos,7,2021,3,22,1,Bajo
13244,2023-09-07,Puerta Del Diablo,Costa Rica,6,2023,9,7,3,Bajo
13245,2023-11-18,Cerro Verde,Guatemala,79,2023,11,18,4,Alto
13246,2022-04-17,Balboa,Estados Unidos,45,2022,4,17,2,Medio
13247,2023-03-17,Sunset Park,España,59,2023,3,17,1,Medio
13248,2023-04-02,Sunset Park,Honduras,39,2023,4,2,2,Medio
13249,2024-08-25,Amulapa,Honduras,59,2024,8,25,3,Medio
13250,2022-11-07,Apulo,España,23,2022,11,7,4,Bajo
13251,2022-12-03,Sunset Park,Mexico,39,2022,12,3,4,Medio
13252,2021-03-03,Puerta Del Diablo,España,79,2021,3,3,1,Alto
13253,2023-10-08,Cerro Verde,Costa Rica,65,2023,10,8,4,Alto
13254,2022-01-26,Cerro Verde,Estados Unidos,33,2022,1,26,1,Medio
13255,2024-12-27,Apulo,Canada,66,2024,12,27,4,Alto
13256,2021-12-18,Sunset Park,Estados Unidos,23,2021,12,18,4,Bajo
13257,2024-09-21,Cerro Verde,Costa Rica,25,2024,9,21,3,Bajo
13258,2023-11-16,Amulapa,Mexico,37,2023,11,16,4,Medio
13259,2022-10-02,Apulo,Guatemala,23,2022,10,2,4,Bajo
13260,2022-09-11,Apulo,Honduras,25,2022,9,11,3,Bajo
13261,2021-06-07,Balboa,Costa Rica,47,2021,6,7,2,Medio
13262,2021-06-20,Balboa,Estados Unidos,48,2021,6,20,2,Medio
13263,2023-04-27,Amulapa,Nicaragua,72,2023,4,27,2,Alto
13264,2023-12-27,Apulo,Mexico,36,2023,12,27,4,Medio
13265,2024-03-17,Sunset Park,Honduras,39,2024,3,17,1,Medio
13266,2022-06-23,Amulapa,Honduras,75,2022,6,23,2,Alto
13267,2024-07-04,Sunset Park,España,55,2024,7,4,3,Medio
13268,2024-07-16,Cerro Verde,Guatemala,62,2024,7,16,3,Alto
13269,2021-11-15,Cerro Verde,Mexico,44,2021,11,15,4,Medio
13270,2021-06-10,Puerta Del Diablo,Canada,27,2021,6,10,2,Bajo
13271,2022-07-29,Puerta Del Diablo,Honduras,51,2022,7,29,3,Medio
13272,2021-06-20,Puerta Del Diablo,Estados Unidos,29,2021,6,20,2,Bajo
13273,2024-03-21,Sunset Park,Honduras,33,2024,3,21,1,Medio
13274,2024-01-04,Sunset Park,España,14,2024,1,4,1,Bajo
13275,2022-03-29,Apulo,Costa Rica,67,2022,3,29,1,Alto
13276,2021-05-08,Apulo,Honduras,11,2021,5,8,2,Bajo
13277,2023-01-17,Cerro Verde,Canada,16,2023,1,17,1,Bajo
13278,2024-02-25,Cerro Verde,Nicaragua,75,2024,2,25,1,Alto
13279,2021-11-14,Puerta Del Diablo,España,51,2021,11,14,4,Medio
13280,2024-06-04,Apulo,Canada,44,2024,6,4,2,Medio
13281,2022-05-15,Apulo,Honduras,52,2022,5,15,2,Medio
13282,2022-05-14,Amulapa,Nicaragua,47,2022,5,14,2,Medio
13283,2022-03-21,Puerta Del Diablo,Mexico,54,2022,3,21,1,Medio
13284,2023-05-01,Balboa,Nicaragua,48,2023,5,1,2,Medio
13285,2021-08-05,Sunset Park,Canada,60,2021,8,5,3,Alto
13286,2023-12-06,Amulapa,Honduras,57,2023,12,6,4,Medio
13287,2024-06-05,Cerro Verde,Costa Rica,51,2024,6,5,2,Medio
13288,2023-06-23,Cerro Verde,Honduras,29,2023,6,23,2,Bajo
13289,2021-02-14,Amulapa,Nicaragua,52,2021,2,14,1,Medio
13290,2021-04-23,Sunset Park,Costa Rica,79,2021,4,23,2,Alto
13291,2023-11-16,Sunset Park,Guatemala,28,2023,11,16,4,Bajo
13292,2023-05-18,Puerta Del Diablo,Canada,49,2023,5,18,2,Medio
13293,2021-01-18,Amulapa,Honduras,44,2021,1,18,1,Medio
13294,2021-01-28,Apulo,Canada,62,2021,1,28,1,Alto
13295,2023-01-07,Apulo,Nicaragua,66,2023,1,7,1,Alto
13296,2023-01-10,Sunset Park,Guatemala,32,2023,1,10,1,Medio
13297,2021-07-16,Apulo,Mexico,8,2021,7,16,3,Bajo
13298,2023-01-28,Sunset Park,Honduras,56,2023,1,28,1,Medio
13299,2021-12-22,Sunset Park,Mexico,78,2021,12,22,4,Alto
13300,2023-08-05,Apulo,Nicaragua,20,2023,8,5,3,Bajo
13301,2022-06-24,Sunset Park,Canada,42,2022,6,24,2,Medio
13302,2023-04-29,Apulo,Canada,75,2023,4,29,2,Alto
13303,2021-07-04,Puerta Del Diablo,Nicaragua,14,2021,7,4,3,Bajo
13304,2024-08-01,Amulapa,Nicaragua,38,2024,8,1,3,Medio
13305,2021-05-08,Amulapa,Costa Rica,12,2021,5,8,2,Bajo
13306,2023-04-01,Sunset Park,Canada,11,2023,4,1,2,Bajo
13307,2024-11-11,Cerro Verde,Guatemala,44,2024,11,11,4,Medio
13308,2021-10-02,Puerta Del Diablo,Canada,55,2021,10,2,4,Medio
13309,2023-04-03,Balboa,Honduras,71,2023,4,3,2,Alto
13310,2023-09-20,Balboa,Costa Rica,48,2023,9,20,3,Medio
13311,2022-05-26,Sunset Park,Canada,41,2022,5,26,2,Medio
13312,2023-03-05,Sunset Park,Canada,51,2023,3,5,1,Medio
13313,2024-01-22,Cerro Verde,Guatemala,7,2024,1,22,1,Bajo
13314,2021-02-09,Amulapa,España,37,2021,2,9,1,Medio
13315,2021-04-01,Puerta Del Diablo,Mexico,25,2021,4,1,2,Bajo
13316,2022-08-06,Puerta Del Diablo,Canada,17,2022,8,6,3,Bajo
13317,2024-11-06,Sunset Park,Costa Rica,52,2024,11,6,4,Medio
13318,2021-01-09,Puerta Del Diablo,Canada,60,2021,1,9,1,Alto
13319,2023-05-21,Cerro Verde,Guatemala,60,2023,5,21,2,Alto
13320,2023-12-05,Cerro Verde,Honduras,19,2023,12,5,4,Bajo
13321,2023-01-29,Sunset Park,Mexico,52,2023,1,29,1,Medio
13322,2022-05-21,Balboa,Guatemala,61,2022,5,21,2,Alto
13323,2023-10-25,Cerro Verde,Nicaragua,47,2023,10,25,4,Medio
13324,2023-05-19,Apulo,Costa Rica,12,2023,5,19,2,Bajo
13325,2021-11-23,Sunset Park,Canada,34,2021,11,23,4,Medio
13326,2023-06-17,Apulo,Guatemala,61,2023,6,17,2,Alto
13327,2021-11-08,Sunset Park,Guatemala,77,2021,11,8,4,Alto
13328,2022-01-17,Cerro Verde,Nicaragua,30,2022,1,17,1,Medio
13329,2024-08-27,Amulapa,Costa Rica,74,2024,8,27,3,Alto
13330,2023-07-12,Sunset Park,Canada,72,2023,7,12,3,Alto
13331,2024-11-06,Cerro Verde,Honduras,79,2024,11,6,4,Alto
13332,2023-01-06,Balboa,Nicaragua,33,2023,1,6,1,Medio
13333,2021-11-09,Puerta Del Diablo,Nicaragua,37,2021,11,9,4,Medio
13334,2024-06-24,Sunset Park,Canada,24,2024,6,24,2,Bajo
13335,2024-05-21,Puerta Del Diablo,Honduras,75,2024,5,21,2,Alto
13336,2022-11-13,Puerta Del Diablo,Estados Unidos,71,2022,11,13,4,Alto
13337,2022-03-03,Sunset Park,Guatemala,52,2022,3,3,1,Medio
13338,2024-12-29,Balboa,España,22,2024,12,29,4,Bajo
13339,2024-03-10,Apulo,Costa Rica,27,2024,3,10,1,Bajo
13340,2022-06-20,Apulo,España,57,2022,6,20,2,Medio
13341,2024-05-06,Sunset Park,Nicaragua,20,2024,5,6,2,Bajo
13342,2022-07-21,Sunset Park,Canada,59,2022,7,21,3,Medio
13343,2021-07-13,Sunset Park,Honduras,41,2021,7,13,3,Medio
13344,2024-03-02,Apulo,España,59,2024,3,2,1,Medio
13345,2023-02-12,Cerro Verde,Honduras,64,2023,2,12,1,Alto
13346,2021-03-25,Balboa,Costa Rica,64,2021,3,25,1,Alto
13347,2022-02-05,Apulo,Estados Unidos,35,2022,2,5,1,Medio
13348,2024-02-29,Sunset Park,Mexico,40,2024,2,29,1,Medio
13349,2024-04-21,Puerta Del Diablo,Guatemala,54,2024,4,21,2,Medio
13350,2022-06-29,Sunset Park,Honduras,52,2022,6,29,2,Medio
13351,2023-04-21,Cerro Verde,Canada,30,2023,4,21,2,Medio
13352,2021-05-17,Puerta Del Diablo,Estados Unidos,53,2021,5,17,2,Medio
13353,2023-09-05,Apulo,Guatemala,6,2023,9,5,3,Bajo
13354,2023-06-23,Balboa,Estados Unidos,41,2023,6,23,2,Medio
13355,2024-09-22,Balboa,Mexico,44,2024,9,22,3,Medio
13356,2022-09-23,Cerro Verde,España,23,2022,9,23,3,Bajo
13357,2024-09-30,Amulapa,Nicaragua,38,2024,9,30,3,Medio
13358,2023-06-24,Cerro Verde,Guatemala,42,2023,6,24,2,Medio
13359,2021-11-11,Balboa,España,43,2021,11,11,4,Medio
13360,2021-11-25,Cerro Verde,Honduras,51,2021,11,25,4,Medio
13361,2022-12-09,Puerta Del Diablo,España,13,2022,12,9,4,Bajo
13362,2022-04-08,Sunset Park,Nicaragua,22,2022,4,8,2,Bajo
13363,2021-01-15,Puerta Del Diablo,Honduras,23,2021,1,15,1,Bajo
13364,2022-06-13,Sunset Park,Nicaragua,22,2022,6,13,2,Bajo
13365,2021-02-07,Sunset Park,Costa Rica,70,2021,2,7,1,Alto
13366,2021-12-23,Sunset Park,Estados Unidos,49,2021,12,23,4,Medio
13367,2024-03-16,Balboa,Canada,33,2024,3,16,1,Medio
13368,2022-12-02,Cerro Verde,Honduras,67,2022,12,2,4,Alto
13369,2022-10-23,Cerro Verde,Mexico,66,2022,10,23,4,Alto
13370,2024-04-20,Amulapa,Nicaragua,72,2024,4,20,2,Alto
13371,2022-05-26,Sunset Park,Costa Rica,46,2022,5,26,2,Medio
13372,2023-12-14,Apulo,Estados Unidos,79,2023,12,14,4,Alto
13373,2021-08-19,Puerta Del Diablo,Guatemala,39,2021,8,19,3,Medio
13374,2024-02-27,Balboa,Mexico,12,2024,2,27,1,Bajo
13375,2021-01-18,Cerro Verde,Estados Unidos,29,2021,1,18,1,Bajo
13376,2024-12-10,Cerro Verde,Guatemala,68,2024,12,10,4,Alto
13377,2024-06-17,Apulo,Nicaragua,66,2024,6,17,2,Alto
13378,2023-12-24,Balboa,Guatemala,31,2023,12,24,4,Medio
13379,2021-08-21,Sunset Park,Guatemala,58,2021,8,21,3,Medio
13380,2021-03-01,Puerta Del Diablo,Estados Unidos,60,2021,3,1,1,Alto
13381,2021-01-07,Apulo,Guatemala,44,2021,1,7,1,Medio
13382,2022-11-09,Apulo,Mexico,20,2022,11,9,4,Bajo
13383,2021-11-24,Balboa,Costa Rica,33,2021,11,24,4,Medio
13384,2021-04-09,Sunset Park,Honduras,59,2021,4,9,2,Medio
13385,2021-11-20,Sunset Park,Canada,19,2021,11,20,4,Bajo
13386,2021-04-17,Balboa,Estados Unidos,9,2021,4,17,2,Bajo
13387,2022-06-17,Balboa,Nicaragua,65,2022,6,17,2,Alto
13388,2022-02-25,Balboa,Guatemala,68,2022,2,25,1,Alto
13389,2023-10-11,Cerro Verde,España,23,2023,10,11,4,Bajo
13390,2022-12-20,Balboa,Mexico,17,2022,12,20,4,Bajo
13391,2021-02-27,Puerta Del Diablo,Costa Rica,58,2021,2,27,1,Medio
13392,2022-03-02,Apulo,Honduras,64,2022,3,2,1,Alto
13393,2024-04-13,Cerro Verde,Guatemala,57,2024,4,13,2,Medio
13394,2021-11-21,Amulapa,Honduras,69,2021,11,21,4,Alto
13395,2023-03-12,Puerta Del Diablo,Honduras,40,2023,3,12,1,Medio
13396,2023-06-19,Puerta Del Diablo,España,43,2023,6,19,2,Medio
13397,2022-08-04,Apulo,Guatemala,59,2022,8,4,3,Medio
13398,2024-10-20,Balboa,Guatemala,75,2024,10,20,4,Alto
13399,2022-07-19,Puerta Del Diablo,Honduras,9,2022,7,19,3,Bajo
13400,2023-12-27,Sunset Park,Honduras,24,2023,12,27,4,Bajo
13401,2023-10-17,Amulapa,Guatemala,6,2023,10,17,4,Bajo
13402,2024-09-26,Amulapa,Mexico,49,2024,9,26,3,Medio
13403,2023-12-30,Puerta Del Diablo,Nicaragua,48,2023,12,30,4,Medio
13404,2023-09-12,Sunset Park,Guatemala,7,2023,9,12,3,Bajo
13405,2022-06-04,Cerro Verde,Guatemala,74,2022,6,4,2,Alto
13406,2023-08-07,Puerta Del Diablo,Nicaragua,31,2023,8,7,3,Medio
13407,2024-10-03,Cerro Verde,Guatemala,24,2024,10,3,4,Bajo
13408,2022-05-15,Balboa,Canada,13,2022,5,15,2,Bajo
13409,2024-12-31,Balboa,Estados Unidos,8,2024,12,31,4,Bajo
13410,2024-02-14,Balboa,Costa Rica,32,2024,2,14,1,Medio
13411,2023-11-16,Cerro Verde,Nicaragua,59,2023,11,16,4,Medio
13412,2022-08-31,Apulo,Mexico,38,2022,8,31,3,Medio
13413,2021-06-01,Cerro Verde,Guatemala,16,2021,6,1,2,Bajo
13414,2024-02-05,Balboa,Guatemala,32,2024,2,5,1,Medio
13415,2023-11-14,Apulo,Mexico,74,2023,11,14,4,Alto
13416,2023-12-07,Sunset Park,Mexico,34,2023,12,7,4,Medio
13417,2024-08-30,Apulo,Costa Rica,79,2024,8,30,3,Alto
13418,2021-03-14,Apulo,Mexico,32,2021,3,14,1,Medio
13419,2024-04-15,Apulo,Estados Unidos,59,2024,4,15,2,Medio
13420,2021-11-10,Apulo,Estados Unidos,18,2021,11,10,4,Bajo
13421,2022-11-22,Puerta Del Diablo,Guatemala,27,2022,11,22,4,Bajo
13422,2023-11-05,Cerro Verde,Canada,30,2023,11,5,4,Medio
13423,2022-10-31,Puerta Del Diablo,Nicaragua,43,2022,10,31,4,Medio
13424,2023-04-22,Balboa,Canada,78,2023,4,22,2,Alto
13425,2023-01-23,Puerta Del Diablo,Nicaragua,41,2023,1,23,1,Medio
13426,2021-07-24,Apulo,Costa Rica,78,2021,7,24,3,Alto
13427,2023-04-26,Amulapa,Honduras,24,2023,4,26,2,Bajo
13428,2023-01-27,Cerro Verde,Honduras,13,2023,1,27,1,Bajo
13429,2024-06-13,Puerta Del Diablo,Guatemala,52,2024,6,13,2,Medio
13430,2024-04-07,Amulapa,Mexico,75,2024,4,7,2,Alto
13431,2021-12-02,Amulapa,Honduras,75,2021,12,2,4,Alto
13432,2023-04-07,Apulo,Honduras,48,2023,4,7,2,Medio
13433,2022-08-03,Puerta Del Diablo,Estados Unidos,39,2022,8,3,3,Medio
13434,2024-05-22,Amulapa,Mexico,69,2024,5,22,2,Alto
13435,2021-12-26,Amulapa,Guatemala,42,2021,12,26,4,Medio
13436,2022-06-04,Puerta Del Diablo,Mexico,34,2022,6,4,2,Medio
13437,2021-04-10,Apulo,Costa Rica,26,2021,4,10,2,Bajo
13438,2021-01-15,Cerro Verde,Costa Rica,39,2021,1,15,1,Medio
13439,2023-08-28,Cerro Verde,Guatemala,76,2023,8,28,3,Alto
13440,2024-09-03,Puerta Del Diablo,Guatemala,40,2024,9,3,3,Medio
13441,2021-08-30,Balboa,Estados Unidos,40,2021,8,30,3,Medio
13442,2024-06-01,Sunset Park,Canada,8,2024,6,1,2,Bajo
13443,2024-01-09,Sunset Park,Honduras,63,2024,1,9,1,Alto
13444,2024-08-11,Sunset Park,España,55,2024,8,11,3,Medio
13445,2022-09-07,Sunset Park,Guatemala,11,2022,9,7,3,Bajo
13446,2022-01-22,Apulo,Guatemala,77,2022,1,22,1,Alto
13447,2021-02-22,Cerro Verde,Guatemala,8,2021,2,22,1,Bajo
13448,2022-03-15,Amulapa,Guatemala,33,2022,3,15,1,Medio
13449,2021-05-06,Puerta Del Diablo,Mexico,55,2021,5,6,2,Medio
13450,2022-01-31,Cerro Verde,España,6,2022,1,31,1,Bajo
13451,2022-09-03,Sunset Park,Mexico,49,2022,9,3,3,Medio
13452,2021-04-29,Puerta Del Diablo,Estados Unidos,58,2021,4,29,2,Medio
13453,2021-10-18,Amulapa,Costa Rica,44,2021,10,18,4,Medio
13454,2022-02-07,Amulapa,Nicaragua,22,2022,2,7,1,Bajo
13455,2021-05-28,Cerro Verde,Honduras,60,2021,5,28,2,Alto
13456,2024-01-04,Puerta Del Diablo,Canada,52,2024,1,4,1,Medio
13457,2023-10-11,Balboa,Costa Rica,49,2023,10,11,4,Medio
13458,2022-10-30,Balboa,Guatemala,24,2022,10,30,4,Bajo
13459,2021-05-25,Cerro Verde,España,57,2021,5,25,2,Medio
13460,2024-03-09,Sunset Park,Nicaragua,62,2024,3,9,1,Alto
13461,2022-03-29,Puerta Del Diablo,Canada,61,2022,3,29,1,Alto
13462,2023-07-24,Cerro Verde,Nicaragua,76,2023,7,24,3,Alto
13463,2024-12-04,Sunset Park,Nicaragua,10,2024,12,4,4,Bajo
13464,2024-05-23,Sunset Park,Guatemala,72,2024,5,23,2,Alto
13465,2021-07-23,Apulo,España,15,2021,7,23,3,Bajo
13466,2021-07-18,Balboa,Honduras,51,2021,7,18,3,Medio
13467,2023-06-27,Sunset Park,España,51,2023,6,27,2,Medio
13468,2022-05-06,Puerta Del Diablo,Honduras,48,2022,5,6,2,Medio
13469,2023-11-14,Puerta Del Diablo,Guatemala,25,2023,11,14,4,Bajo
13470,2022-08-20,Balboa,España,31,2022,8,20,3,Medio
13471,2024-05-12,Balboa,Estados Unidos,54,2024,5,12,2,Medio
13472,2023-08-18,Sunset Park,Estados Unidos,19,2023,8,18,3,Bajo
13473,2021-02-14,Apulo,España,26,2021,2,14,1,Bajo
13474,2022-10-30,Amulapa,Nicaragua,56,2022,10,30,4,Medio
13475,2023-01-08,Balboa,Guatemala,54,2023,1,8,1,Medio
13476,2021-02-06,Balboa,Canada,63,2021,2,6,1,Alto
13477,2022-12-11,Puerta Del Diablo,Estados Unidos,57,2022,12,11,4,Medio
13478,2024-11-08,Balboa,Mexico,51,2024,11,8,4,Medio
13479,2022-01-10,Amulapa,España,32,2022,1,10,1,Medio
13480,2023-06-19,Puerta Del Diablo,España,26,2023,6,19,2,Bajo
13481,2021-04-14,Sunset Park,Honduras,28,2021,4,14,2,Bajo
13482,2023-12-18,Amulapa,Mexico,25,2023,12,18,4,Bajo
13483,2023-04-10,Puerta Del Diablo,Canada,74,2023,4,10,2,Alto
13484,2021-09-26,Cerro Verde,España,43,2021,9,26,3,Medio
13485,2024-09-26,Puerta Del Diablo,Mexico,57,2024,9,26,3,Medio
13486,2021-11-13,Apulo,Estados Unidos,24,2021,11,13,4,Bajo
13487,2023-01-08,Sunset Park,Honduras,13,2023,1,8,1,Bajo
13488,2023-09-12,Puerta Del Diablo,España,44,2023,9,12,3,Medio
13489,2024-02-23,Balboa,Costa Rica,66,2024,2,23,1,Alto
13490,2022-04-16,Amulapa,Mexico,40,2022,4,16,2,Medio
13491,2022-06-02,Cerro Verde,Honduras,46,2022,6,2,2,Medio
13492,2022-06-14,Puerta Del Diablo,Mexico,15,2022,6,14,2,Bajo
13493,2021-10-23,Sunset Park,España,19,2021,10,23,4,Bajo
13494,2022-06-30,Cerro Verde,Honduras,24,2022,6,30,2,Bajo
13495,2022-04-08,Cerro Verde,Guatemala,19,2022,4,8,2,Bajo
13496,2024-01-24,Balboa,Canada,55,2024,1,24,1,Medio
13497,2023-12-12,Balboa,Canada,42,2023,12,12,4,Medio
13498,2024-03-01,Sunset Park,Estados Unidos,18,2024,3,1,1,Bajo
13499,2024-07-03,Cerro Verde,Guatemala,63,2024,7,3,3,Alto
13500,2022-07-31,Sunset Park,Honduras,55,2022,7,31,3,Medio
13501,2023-12-04,Sunset Park,Estados Unidos,8,2023,12,4,4,Bajo
13502,2024-08-10,Puerta Del Diablo,Estados Unidos,61,2024,8,10,3,Alto
13503,2022-12-30,Apulo,España,64,2022,12,30,4,Alto
13504,2024-03-15,Amulapa,Canada,8,2024,3,15,1,Bajo
13505,2022-04-05,Puerta Del Diablo,Nicaragua,70,2022,4,5,2,Alto
13506,2022-10-13,Balboa,Costa Rica,67,2022,10,13,4,Alto
13507,2021-01-05,Balboa,Guatemala,69,2021,1,5,1,Alto
13508,2023-08-15,Apulo,Mexico,43,2023,8,15,3,Medio
13509,2022-10-09,Sunset Park,España,6,2022,10,9,4,Bajo
13510,2022-03-19,Apulo,Estados Unidos,12,2022,3,19,1,Bajo
13511,2021-10-20,Cerro Verde,Mexico,22,2021,10,20,4,Bajo
13512,2022-03-21,Cerro Verde,España,71,2022,3,21,1,Alto
13513,2022-05-16,Sunset Park,Canada,51,2022,5,16,2,Medio
13514,2021-06-10,Cerro Verde,Guatemala,77,2021,6,10,2,Alto
13515,2024-05-09,Apulo,Nicaragua,33,2024,5,9,2,Medio
13516,2021-08-27,Sunset Park,Estados Unidos,34,2021,8,27,3,Medio
13517,2023-09-27,Puerta Del Diablo,Nicaragua,49,2023,9,27,3,Medio
13518,2021-05-25,Sunset Park,España,63,2021,5,25,2,Alto
13519,2024-02-01,Cerro Verde,Costa Rica,79,2024,2,1,1,Alto
13520,2021-11-29,Sunset Park,Canada,54,2021,11,29,4,Medio
13521,2023-10-24,Apulo,Nicaragua,63,2023,10,24,4,Alto
13522,2021-06-14,Puerta Del Diablo,España,59,2021,6,14,2,Medio
13523,2021-06-23,Puerta Del Diablo,Honduras,61,2021,6,23,2,Alto
13524,2023-08-24,Amulapa,Nicaragua,42,2023,8,24,3,Medio
13525,2022-11-05,Puerta Del Diablo,Costa Rica,7,2022,11,5,4,Bajo
13526,2023-05-17,Puerta Del Diablo,Canada,16,2023,5,17,2,Bajo
13527,2022-07-05,Amulapa,Costa Rica,31,2022,7,5,3,Medio
13528,2024-07-15,Balboa,Mexico,76,2024,7,15,3,Alto
13529,2023-07-13,Amulapa,Nicaragua,25,2023,7,13,3,Bajo
13530,2022-02-27,Sunset Park,Honduras,14,2022,2,27,1,Bajo
13531,2022-12-07,Cerro Verde,Guatemala,21,2022,12,7,4,Bajo
13532,2021-06-16,Amulapa,España,17,2021,6,16,2,Bajo
13533,2022-09-17,Apulo,España,11,2022,9,17,3,Bajo
13534,2021-08-05,Apulo,Costa Rica,10,2021,8,5,3,Bajo
13535,2022-08-26,Amulapa,Estados Unidos,55,2022,8,26,3,Medio
13536,2022-01-16,Apulo,Costa Rica,33,2022,1,16,1,Medio
13537,2024-08-28,Cerro Verde,Guatemala,41,2024,8,28,3,Medio
13538,2023-03-13,Balboa,Honduras,20,2023,3,13,1,Bajo
13539,2024-07-03,Cerro Verde,Costa Rica,28,2024,7,3,3,Bajo
13540,2021-09-06,Apulo,España,33,2021,9,6,3,Medio
13541,2022-02-16,Amulapa,Mexico,78,2022,2,16,1,Alto
13542,2022-05-06,Sunset Park,Estados Unidos,75,2022,5,6,2,Alto
13543,2021-03-03,Puerta Del Diablo,Mexico,40,2021,3,3,1,Medio
13544,2022-07-12,Apulo,España,76,2022,7,12,3,Alto
13545,2024-12-05,Cerro Verde,Guatemala,9,2024,12,5,4,Bajo
13546,2024-01-02,Apulo,Estados Unidos,16,2024,1,2,1,Bajo
13547,2023-05-11,Amulapa,Mexico,68,2023,5,11,2,Alto
13548,2023-03-31,Apulo,Canada,75,2023,3,31,1,Alto
13549,2023-05-21,Puerta Del Diablo,Estados Unidos,49,2023,5,21,2,Medio
13550,2023-10-13,Balboa,Guatemala,24,2023,10,13,4,Bajo
13551,2024-06-08,Apulo,España,60,2024,6,8,2,Alto
13552,2023-01-12,Apulo,Mexico,23,2023,1,12,1,Bajo
13553,2024-08-08,Puerta Del Diablo,España,62,2024,8,8,3,Alto
13554,2021-05-31,Puerta Del Diablo,Costa Rica,40,2021,5,31,2,Medio
13555,2021-11-17,Cerro Verde,Canada,58,2021,11,17,4,Medio
13556,2023-04-15,Amulapa,Estados Unidos,54,2023,4,15,2,Medio
13557,2024-01-16,Cerro Verde,Estados Unidos,9,2024,1,16,1,Bajo
13558,2022-10-30,Apulo,Mexico,65,2022,10,30,4,Alto
13559,2024-10-04,Balboa,Guatemala,52,2024,10,4,4,Medio
13560,2021-08-13,Sunset Park,Honduras,53,2021,8,13,3,Medio
13561,2022-02-20,Balboa,Estados Unidos,36,2022,2,20,1,Medio
13562,2022-01-10,Puerta Del Diablo,Mexico,20,2022,1,10,1,Bajo
13563,2024-06-16,Amulapa,Mexico,72,2024,6,16,2,Alto
13564,2024-04-13,Apulo,España,27,2024,4,13,2,Bajo
13565,2022-11-18,Puerta Del Diablo,Canada,22,2022,11,18,4,Bajo
13566,2021-09-10,Sunset Park,Mexico,69,2021,9,10,3,Alto
13567,2023-06-06,Balboa,Honduras,52,2023,6,6,2,Medio
13568,2024-06-28,Apulo,Nicaragua,26,2024,6,28,2,Bajo
13569,2022-05-26,Puerta Del Diablo,Canada,17,2022,5,26,2,Bajo
13570,2023-01-07,Puerta Del Diablo,Mexico,33,2023,1,7,1,Medio
13571,2023-08-21,Apulo,Costa Rica,22,2023,8,21,3,Bajo
13572,2021-06-11,Sunset Park,España,49,2021,6,11,2,Medio
13573,2024-04-15,Apulo,Honduras,58,2024,4,15,2,Medio
13574,2024-12-06,Apulo,Nicaragua,45,2024,12,6,4,Medio
13575,2024-11-16,Apulo,Honduras,69,2024,11,16,4,Alto
13576,2022-12-14,Puerta Del Diablo,Mexico,54,2022,12,14,4,Medio
13577,2023-06-20,Balboa,Estados Unidos,33,2023,6,20,2,Medio
13578,2022-07-19,Amulapa,Mexico,19,2022,7,19,3,Bajo
13579,2021-10-18,Balboa,Costa Rica,78,2021,10,18,4,Alto
13580,2023-10-20,Balboa,Costa Rica,34,2023,10,20,4,Medio
13581,2024-12-11,Balboa,Costa Rica,35,2024,12,11,4,Medio
13582,2022-06-09,Balboa,Canada,36,2022,6,9,2,Medio
13583,2023-10-20,Balboa,Honduras,55,2023,10,20,4,Medio
13584,2022-09-11,Cerro Verde,Mexico,26,2022,9,11,3,Bajo
13585,2022-06-20,Cerro Verde,Guatemala,59,2022,6,20,2,Medio
13586,2022-05-18,Amulapa,Canada,53,2022,5,18,2,Medio
13587,2024-06-20,Amulapa,Honduras,31,2024,6,20,2,Medio
13588,2024-09-24,Puerta Del Diablo,Canada,14,2024,9,24,3,Bajo
13589,2022-06-07,Apulo,Costa Rica,12,2022,6,7,2,Bajo
13590,2023-05-15,Cerro Verde,Honduras,40,2023,5,15,2,Medio
13591,2024-08-02,Cerro Verde,España,17,2024,8,2,3,Bajo
13592,2024-03-11,Puerta Del Diablo,Mexico,56,2024,3,11,1,Medio
13593,2021-03-06,Balboa,España,42,2021,3,6,1,Medio
13594,2024-01-24,Balboa,España,44,2024,1,24,1,Medio
13595,2021-06-02,Apulo,Honduras,36,2021,6,2,2,Medio
13596,2024-12-03,Balboa,Honduras,49,2024,12,3,4,Medio
13597,2024-08-23,Amulapa,Honduras,23,2024,8,23,3,Bajo
13598,2021-09-03,Cerro Verde,España,73,2021,9,3,3,Alto
13599,2021-01-18,Amulapa,Mexico,71,2021,1,18,1,Alto
13600,2023-12-04,Cerro Verde,Mexico,33,2023,12,4,4,Medio
13601,2022-07-24,Amulapa,Mexico,14,2022,7,24,3,Bajo
13602,2022-07-20,Cerro Verde,España,17,2022,7,20,3,Bajo
13603,2024-08-06,Sunset Park,Canada,53,2024,8,6,3,Medio
13604,2022-10-16,Balboa,Costa Rica,76,2022,10,16,4,Alto
13605,2021-04-19,Sunset Park,Costa Rica,24,2021,4,19,2,Bajo
13606,2023-12-04,Balboa,Mexico,40,2023,12,4,4,Medio
13607,2021-06-04,Amulapa,Canada,29,2021,6,4,2,Bajo
13608,2021-03-05,Cerro Verde,Nicaragua,22,2021,3,5,1,Bajo
13609,2021-08-11,Apulo,Estados Unidos,71,2021,8,11,3,Alto
13610,2023-03-22,Apulo,Costa Rica,38,2023,3,22,1,Medio
13611,2024-11-10,Apulo,Costa Rica,63,2024,11,10,4,Alto
13612,2022-07-20,Sunset Park,Mexico,42,2022,7,20,3,Medio
13613,2023-03-11,Amulapa,Honduras,47,2023,3,11,1,Medio
13614,2024-08-09,Sunset Park,Canada,9,2024,8,9,3,Bajo
13615,2022-09-02,Puerta Del Diablo,España,44,2022,9,2,3,Medio
13616,2022-05-20,Balboa,Costa Rica,23,2022,5,20,2,Bajo
13617,2021-02-03,Sunset Park,Honduras,6,2021,2,3,1,Bajo
13618,2022-04-23,Apulo,Guatemala,55,2022,4,23,2,Medio
13619,2021-06-01,Amulapa,Mexico,65,2021,6,1,2,Alto
13620,2023-07-18,Balboa,Estados Unidos,37,2023,7,18,3,Medio
13621,2024-07-29,Apulo,Costa Rica,9,2024,7,29,3,Bajo
13622,2023-02-04,Amulapa,Nicaragua,5,2023,2,4,1,Bajo
13623,2023-03-20,Amulapa,Estados Unidos,68,2023,3,20,1,Alto
13624,2021-12-22,Sunset Park,Guatemala,13,2021,12,22,4,Bajo
13625,2023-12-01,Apulo,España,16,2023,12,1,4,Bajo
13626,2023-10-27,Balboa,España,78,2023,10,27,4,Alto
13627,2024-11-25,Balboa,Estados Unidos,64,2024,11,25,4,Alto
13628,2023-05-06,Sunset Park,Costa Rica,26,2023,5,6,2,Bajo
13629,2022-06-20,Balboa,Mexico,24,2022,6,20,2,Bajo
13630,2024-09-29,Cerro Verde,Canada,31,2024,9,29,3,Medio
13631,2021-12-12,Cerro Verde,Guatemala,58,2021,12,12,4,Medio
13632,2024-10-03,Cerro Verde,Costa Rica,15,2024,10,3,4,Bajo
13633,2024-03-17,Amulapa,Canada,49,2024,3,17,1,Medio
13634,2021-09-06,Cerro Verde,Honduras,14,2021,9,6,3,Bajo
13635,2021-11-03,Puerta Del Diablo,Mexico,10,2021,11,3,4,Bajo
13636,2024-04-22,Apulo,Mexico,73,2024,4,22,2,Alto
13637,2021-08-06,Balboa,Guatemala,70,2021,8,6,3,Alto
13638,2024-02-09,Cerro Verde,Canada,5,2024,2,9,1,Bajo
13639,2022-11-03,Cerro Verde,Nicaragua,14,2022,11,3,4,Bajo
13640,2021-05-29,Amulapa,Mexico,48,2021,5,29,2,Medio
13641,2021-03-02,Sunset Park,Mexico,26,2021,3,2,1,Bajo
13642,2024-05-12,Sunset Park,Nicaragua,10,2024,5,12,2,Bajo
13643,2024-12-13,Balboa,Estados Unidos,21,2024,12,13,4,Bajo
13644,2024-02-15,Puerta Del Diablo,Canada,71,2024,2,15,1,Alto
13645,2024-08-29,Apulo,Costa Rica,39,2024,8,29,3,Medio
13646,2024-10-04,Puerta Del Diablo,Guatemala,28,2024,10,4,4,Bajo
13647,2024-11-27,Sunset Park,Nicaragua,58,2024,11,27,4,Medio
13648,2021-10-01,Balboa,Estados Unidos,7,2021,10,1,4,Bajo
13649,2024-08-28,Amulapa,Nicaragua,45,2024,8,28,3,Medio
13650,2023-02-25,Amulapa,España,32,2023,2,25,1,Medio
13651,2022-03-04,Cerro Verde,Mexico,74,2022,3,4,1,Alto
13652,2023-04-09,Puerta Del Diablo,Estados Unidos,40,2023,4,9,2,Medio
13653,2022-07-13,Balboa,Estados Unidos,77,2022,7,13,3,Alto
13654,2022-11-20,Amulapa,Mexico,66,2022,11,20,4,Alto
13655,2023-09-03,Amulapa,Honduras,27,2023,9,3,3,Bajo
13656,2023-05-26,Amulapa,Honduras,51,2023,5,26,2,Medio
13657,2024-02-20,Balboa,Guatemala,21,2024,2,20,1,Bajo
13658,2021-07-06,Amulapa,Honduras,45,2021,7,6,3,Medio
13659,2024-08-28,Cerro Verde,Nicaragua,9,2024,8,28,3,Bajo
13660,2022-05-15,Puerta Del Diablo,Mexico,66,2022,5,15,2,Alto
13661,2024-11-17,Cerro Verde,Nicaragua,61,2024,11,17,4,Alto
13662,2021-02-02,Sunset Park,España,70,2021,2,2,1,Alto
13663,2024-05-11,Amulapa,Estados Unidos,9,2024,5,11,2,Bajo
13664,2021-09-10,Balboa,Costa Rica,70,2021,9,10,3,Alto
13665,2022-04-30,Cerro Verde,Guatemala,19,2022,4,30,2,Bajo
13666,2024-08-02,Cerro Verde,Nicaragua,30,2024,8,2,3,Medio
13667,2022-05-02,Puerta Del Diablo,Honduras,12,2022,5,2,2,Bajo
13668,2021-10-29,Cerro Verde,Mexico,49,2021,10,29,4,Medio
13669,2023-06-24,Cerro Verde,Honduras,66,2023,6,24,2,Alto
13670,2024-07-26,Apulo,Costa Rica,20,2024,7,26,3,Bajo
13671,2021-04-23,Sunset Park,Mexico,26,2021,4,23,2,Bajo
13672,2022-05-01,Amulapa,Honduras,53,2022,5,1,2,Medio
13673,2021-01-04,Sunset Park,Canada,60,2021,1,4,1,Alto
13674,2021-02-13,Cerro Verde,Honduras,27,2021,2,13,1,Bajo
13675,2021-06-18,Sunset Park,Guatemala,12,2021,6,18,2,Bajo
13676,2024-08-18,Amulapa,Nicaragua,75,2024,8,18,3,Alto
13677,2024-07-30,Amulapa,Mexico,30,2024,7,30,3,Medio
13678,2024-11-19,Apulo,Costa Rica,26,2024,11,19,4,Bajo
13679,2022-08-20,Cerro Verde,Honduras,57,2022,8,20,3,Medio
13680,2023-10-16,Puerta Del Diablo,Honduras,30,2023,10,16,4,Medio
13681,2022-01-16,Amulapa,España,40,2022,1,16,1,Medio
13682,2021-03-29,Balboa,Canada,39,2021,3,29,1,Medio
13683,2021-05-28,Amulapa,Canada,77,2021,5,28,2,Alto
13684,2024-02-03,Apulo,Honduras,70,2024,2,3,1,Alto
13685,2024-05-26,Amulapa,España,7,2024,5,26,2,Bajo
13686,2021-01-31,Sunset Park,España,49,2021,1,31,1,Medio
13687,2023-06-03,Balboa,Estados Unidos,75,2023,6,3,2,Alto
13688,2022-12-21,Amulapa,España,40,2022,12,21,4,Medio
13689,2023-12-08,Sunset Park,Estados Unidos,30,2023,12,8,4,Medio
13690,2024-12-30,Balboa,Honduras,40,2024,12,30,4,Medio
13691,2021-05-24,Amulapa,España,60,2021,5,24,2,Alto
13692,2024-12-02,Balboa,Costa Rica,67,2024,12,2,4,Alto
13693,2021-07-17,Balboa,Canada,11,2021,7,17,3,Bajo
13694,2022-05-03,Apulo,Costa Rica,48,2022,5,3,2,Medio
13695,2023-04-28,Amulapa,Estados Unidos,62,2023,4,28,2,Alto
13696,2023-01-31,Cerro Verde,Nicaragua,38,2023,1,31,1,Medio
13697,2024-01-29,Amulapa,Canada,30,2024,1,29,1,Medio
13698,2021-06-16,Puerta Del Diablo,Guatemala,50,2021,6,16,2,Medio
13699,2022-02-03,Sunset Park,España,13,2022,2,3,1,Bajo
13700,2024-06-09,Balboa,Nicaragua,44,2024,6,9,2,Medio
13701,2024-06-19,Sunset Park,Honduras,39,2024,6,19,2,Medio
13702,2023-02-11,Amulapa,Canada,49,2023,2,11,1,Medio
13703,2023-04-26,Cerro Verde,Nicaragua,41,2023,4,26,2,Medio
13704,2022-01-19,Amulapa,Nicaragua,17,2022,1,19,1,Bajo
13705,2024-02-22,Balboa,Honduras,48,2024,2,22,1,Medio
13706,2024-11-30,Sunset Park,Nicaragua,47,2024,11,30,4,Medio
13707,2022-06-16,Balboa,Honduras,14,2022,6,16,2,Bajo
13708,2021-01-04,Cerro Verde,Mexico,60,2021,1,4,1,Alto
13709,2024-06-21,Puerta Del Diablo,Nicaragua,51,2024,6,21,2,Medio
13710,2023-01-08,Amulapa,Guatemala,50,2023,1,8,1,Medio
13711,2021-12-04,Puerta Del Diablo,Canada,6,2021,12,4,4,Bajo
13712,2022-01-05,Amulapa,Canada,21,2022,1,5,1,Bajo
13713,2022-11-19,Puerta Del Diablo,Canada,74,2022,11,19,4,Alto
13714,2021-07-02,Apulo,Estados Unidos,67,2021,7,2,3,Alto
13715,2023-01-21,Puerta Del Diablo,Nicaragua,63,2023,1,21,1,Alto
13716,2024-09-25,Puerta Del Diablo,Estados Unidos,59,2024,9,25,3,Medio
13717,2024-01-19,Cerro Verde,España,14,2024,1,19,1,Bajo
13718,2022-08-06,Sunset Park,Guatemala,19,2022,8,6,3,Bajo
13719,2022-07-20,Amulapa,Nicaragua,55,2022,7,20,3,Medio
13720,2023-11-14,Balboa,Canada,51,2023,11,14,4,Medio
13721,2023-06-26,Cerro Verde,Estados Unidos,22,2023,6,26,2,Bajo
13722,2022-02-04,Balboa,España,9,2022,2,4,1,Bajo
13723,2023-12-25,Cerro Verde,Canada,44,2023,12,25,4,Medio
13724,2023-09-15,Amulapa,Canada,25,2023,9,15,3,Bajo
13725,2021-09-03,Apulo,Canada,53,2021,9,3,3,Medio
13726,2024-04-18,Balboa,Nicaragua,33,2024,4,18,2,Medio
13727,2022-09-05,Apulo,Nicaragua,79,2022,9,5,3,Alto
13728,2023-11-24,Puerta Del Diablo,Guatemala,20,2023,11,24,4,Bajo
13729,2024-04-16,Balboa,Costa Rica,48,2024,4,16,2,Medio
13730,2021-10-11,Cerro Verde,Estados Unidos,75,2021,10,11,4,Alto
13731,2022-12-14,Balboa,Estados Unidos,25,2022,12,14,4,Bajo
13732,2023-09-18,Cerro Verde,Estados Unidos,54,2023,9,18,3,Medio
13733,2023-04-18,Puerta Del Diablo,Honduras,28,2023,4,18,2,Bajo
13734,2022-07-26,Sunset Park,Nicaragua,40,2022,7,26,3,Medio
13735,2023-04-06,Amulapa,Costa Rica,54,2023,4,6,2,Medio
13736,2024-07-23,Cerro Verde,Costa Rica,7,2024,7,23,3,Bajo
13737,2022-02-28,Balboa,Nicaragua,56,2022,2,28,1,Medio
13738,2024-02-11,Puerta Del Diablo,Mexico,79,2024,2,11,1,Alto
13739,2023-01-06,Sunset Park,Guatemala,38,2023,1,6,1,Medio
13740,2023-06-20,Puerta Del Diablo,Guatemala,27,2023,6,20,2,Bajo
13741,2021-10-21,Puerta Del Diablo,Honduras,36,2021,10,21,4,Medio
13742,2022-06-06,Sunset Park,Estados Unidos,13,2022,6,6,2,Bajo
13743,2024-10-12,Apulo,Nicaragua,30,2024,10,12,4,Medio
13744,2022-09-15,Cerro Verde,Estados Unidos,51,2022,9,15,3,Medio
13745,2021-07-12,Cerro Verde,Estados Unidos,19,2021,7,12,3,Bajo
13746,2024-05-14,Amulapa,Costa Rica,35,2024,5,14,2,Medio
13747,2022-08-20,Amulapa,Honduras,32,2022,8,20,3,Medio
13748,2022-06-02,Puerta Del Diablo,Guatemala,56,2022,6,2,2,Medio
13749,2024-02-10,Sunset Park,Honduras,13,2024,2,10,1,Bajo
13750,2023-11-07,Amulapa,Estados Unidos,9,2023,11,7,4,Bajo
13751,2023-11-16,Puerta Del Diablo,Estados Unidos,20,2023,11,16,4,Bajo
13752,2024-03-04,Balboa,Honduras,62,2024,3,4,1,Alto
13753,2024-08-20,Apulo,Nicaragua,37,2024,8,20,3,Medio
13754,2021-03-20,Apulo,Honduras,20,2021,3,20,1,Bajo
13755,2024-04-02,Sunset Park,Guatemala,78,2024,4,2,2,Alto
13756,2024-07-22,Apulo,Costa Rica,26,2024,7,22,3,Bajo
13757,2024-07-03,Sunset Park,Mexico,59,2024,7,3,3,Medio
13758,2023-03-09,Cerro Verde,Guatemala,38,2023,3,9,1,Medio
13759,2024-04-01,Balboa,Guatemala,51,2024,4,1,2,Medio
13760,2023-01-19,Balboa,Mexico,75,2023,1,19,1,Alto
13761,2024-04-23,Amulapa,Mexico,72,2024,4,23,2,Alto
13762,2021-12-02,Sunset Park,Mexico,6,2021,12,2,4,Bajo
13763,2022-12-03,Cerro Verde,Guatemala,17,2022,12,3,4,Bajo
13764,2021-01-10,Cerro Verde,Honduras,16,2021,1,10,1,Bajo
13765,2021-04-10,Cerro Verde,Guatemala,65,2021,4,10,2,Alto
13766,2021-05-26,Cerro Verde,Canada,76,2021,5,26,2,Alto
13767,2022-08-09,Puerta Del Diablo,Canada,44,2022,8,9,3,Medio
13768,2024-06-21,Puerta Del Diablo,Honduras,70,2024,6,21,2,Alto
13769,2024-01-30,Apulo,Canada,10,2024,1,30,1,Bajo
13770,2022-10-06,Sunset Park,Honduras,10,2022,10,6,4,Bajo
13771,2021-09-09,Puerta Del Diablo,España,26,2021,9,9,3,Bajo
13772,2021-10-07,Balboa,Costa Rica,19,2021,10,7,4,Bajo
13773,2023-04-12,Cerro Verde,Honduras,25,2023,4,12,2,Bajo
13774,2024-06-16,Sunset Park,Nicaragua,44,2024,6,16,2,Medio
13775,2024-01-27,Balboa,España,76,2024,1,27,1,Alto
13776,2021-12-10,Sunset Park,Estados Unidos,78,2021,12,10,4,Alto
13777,2023-03-21,Sunset Park,Estados Unidos,20,2023,3,21,1,Bajo
13778,2023-10-01,Amulapa,Nicaragua,15,2023,10,1,4,Bajo
13779,2022-10-29,Sunset Park,España,62,2022,10,29,4,Alto
13780,2024-04-23,Cerro Verde,Nicaragua,9,2024,4,23,2,Bajo
13781,2021-06-15,Amulapa,Nicaragua,34,2021,6,15,2,Medio
13782,2023-12-12,Amulapa,Mexico,61,2023,12,12,4,Alto
13783,2021-07-28,Amulapa,Canada,33,2021,7,28,3,Medio
13784,2024-10-25,Puerta Del Diablo,Canada,58,2024,10,25,4,Medio
13785,2021-01-16,Apulo,España,69,2021,1,16,1,Alto
13786,2022-06-23,Sunset Park,Estados Unidos,30,2022,6,23,2,Medio
13787,2021-04-09,Sunset Park,Guatemala,23,2021,4,9,2,Bajo
13788,2023-08-03,Puerta Del Diablo,Honduras,43,2023,8,3,3,Medio
13789,2021-01-26,Puerta Del Diablo,Nicaragua,8,2021,1,26,1,Bajo
13790,2023-06-21,Cerro Verde,España,24,2023,6,21,2,Bajo
13791,2022-09-14,Balboa,Canada,45,2022,9,14,3,Medio
13792,2022-04-29,Cerro Verde,Canada,67,2022,4,29,2,Alto
13793,2024-06-21,Puerta Del Diablo,España,39,2024,6,21,2,Medio
13794,2023-03-13,Sunset Park,España,72,2023,3,13,1,Alto
13795,2024-03-03,Sunset Park,Estados Unidos,14,2024,3,3,1,Bajo
13796,2023-12-29,Amulapa,Nicaragua,50,2023,12,29,4,Medio
13797,2022-11-10,Sunset Park,Guatemala,50,2022,11,10,4,Medio
13798,2024-08-03,Apulo,Guatemala,43,2024,8,3,3,Medio
13799,2023-07-24,Apulo,Honduras,61,2023,7,24,3,Alto
13800,2022-09-10,Balboa,Canada,38,2022,9,10,3,Medio
13801,2022-10-09,Balboa,Canada,41,2022,10,9,4,Medio
13802,2024-02-17,Sunset Park,Canada,35,2024,2,17,1,Medio
13803,2021-04-09,Balboa,Honduras,37,2021,4,9,2,Medio
13804,2021-01-28,Balboa,Canada,79,2021,1,28,1,Alto
13805,2021-04-01,Sunset Park,Mexico,19,2021,4,1,2,Bajo
13806,2022-08-05,Puerta Del Diablo,Canada,77,2022,8,5,3,Alto
13807,2021-02-09,Puerta Del Diablo,España,75,2021,2,9,1,Alto
13808,2021-01-18,Apulo,Nicaragua,6,2021,1,18,1,Bajo
13809,2022-01-10,Apulo,España,36,2022,1,10,1,Medio
13810,2023-02-08,Cerro Verde,Honduras,58,2023,2,8,1,Medio
13811,2021-10-02,Cerro Verde,Mexico,38,2021,10,2,4,Medio
13812,2024-03-02,Amulapa,Costa Rica,30,2024,3,2,1,Medio
13813,2024-09-15,Puerta Del Diablo,Honduras,8,2024,9,15,3,Bajo
13814,2023-08-14,Apulo,Estados Unidos,18,2023,8,14,3,Bajo
13815,2024-11-19,Balboa,Honduras,76,2024,11,19,4,Alto
13816,2021-09-17,Puerta Del Diablo,Estados Unidos,42,2021,9,17,3,Medio
13817,2022-05-23,Apulo,España,62,2022,5,23,2,Alto
13818,2022-08-22,Apulo,Costa Rica,23,2022,8,22,3,Bajo
13819,2023-04-19,Sunset Park,España,66,2023,4,19,2,Alto
13820,2021-07-26,Cerro Verde,Mexico,46,2021,7,26,3,Medio
13821,2021-10-06,Puerta Del Diablo,Mexico,30,2021,10,6,4,Medio
13822,2022-04-04,Puerta Del Diablo,Honduras,6,2022,4,4,2,Bajo
13823,2022-11-10,Balboa,Canada,21,2022,11,10,4,Bajo
13824,2023-11-21,Apulo,Estados Unidos,72,2023,11,21,4,Alto
13825,2024-02-28,Cerro Verde,España,35,2024,2,28,1,Medio
13826,2022-10-12,Cerro Verde,Canada,6,2022,10,12,4,Bajo
13827,2024-07-08,Balboa,Mexico,57,2024,7,8,3,Medio
13828,2023-11-18,Balboa,Estados Unidos,52,2023,11,18,4,Medio
13829,2021-05-16,Apulo,Costa Rica,73,2021,5,16,2,Alto
13830,2024-09-09,Puerta Del Diablo,Mexico,67,2024,9,9,3,Alto
13831,2022-12-22,Puerta Del Diablo,Costa Rica,54,2022,12,22,4,Medio
13832,2021-04-03,Sunset Park,Guatemala,31,2021,4,3,2,Medio
13833,2024-11-17,Puerta Del Diablo,Nicaragua,38,2024,11,17,4,Medio
13834,2024-08-12,Balboa,España,41,2024,8,12,3,Medio
13835,2022-09-29,Puerta Del Diablo,Mexico,40,2022,9,29,3,Medio
13836,2024-03-06,Cerro Verde,Canada,78,2024,3,6,1,Alto
13837,2024-10-13,Amulapa,Nicaragua,50,2024,10,13,4,Medio
13838,2021-09-22,Amulapa,Mexico,46,2021,9,22,3,Medio
13839,2024-06-21,Apulo,Nicaragua,74,2024,6,21,2,Alto
13840,2021-06-29,Sunset Park,Canada,77,2021,6,29,2,Alto
13841,2022-07-07,Puerta Del Diablo,Guatemala,12,2022,7,7,3,Bajo
13842,2024-07-14,Sunset Park,Honduras,43,2024,7,14,3,Medio
13843,2023-02-02,Sunset Park,Costa Rica,68,2023,2,2,1,Alto
13844,2021-01-27,Balboa,Costa Rica,53,2021,1,27,1,Medio
13845,2022-04-23,Puerta Del Diablo,Honduras,48,2022,4,23,2,Medio
13846,2021-05-14,Cerro Verde,España,30,2021,5,14,2,Medio
13847,2021-12-19,Apulo,Mexico,31,2021,12,19,4,Medio
13848,2023-02-04,Puerta Del Diablo,Honduras,75,2023,2,4,1,Alto
13849,2024-07-25,Balboa,Costa Rica,78,2024,7,25,3,Alto
13850,2021-07-17,Puerta Del Diablo,Mexico,14,2021,7,17,3,Bajo
13851,2024-10-08,Balboa,Canada,33,2024,10,8,4,Medio
13852,2023-04-22,Balboa,Mexico,33,2023,4,22,2,Medio
13853,2021-04-11,Cerro Verde,Canada,64,2021,4,11,2,Alto
13854,2023-10-01,Balboa,Honduras,30,2023,10,1,4,Medio
13855,2021-09-28,Sunset Park,Estados Unidos,35,2021,9,28,3,Medio
13856,2021-03-28,Cerro Verde,Honduras,52,2021,3,28,1,Medio
13857,2021-03-17,Amulapa,Mexico,16,2021,3,17,1,Bajo
13858,2024-05-18,Sunset Park,Nicaragua,66,2024,5,18,2,Alto
13859,2021-08-27,Cerro Verde,Canada,66,2021,8,27,3,Alto
13860,2021-04-23,Apulo,Mexico,78,2021,4,23,2,Alto
13861,2023-02-23,Amulapa,Costa Rica,62,2023,2,23,1,Alto
13862,2024-04-22,Cerro Verde,Canada,53,2024,4,22,2,Medio
13863,2023-10-30,Sunset Park,Nicaragua,76,2023,10,30,4,Alto
13864,2024-09-25,Balboa,Nicaragua,53,2024,9,25,3,Medio
13865,2023-09-20,Balboa,Canada,75,2023,9,20,3,Alto
13866,2022-06-25,Balboa,Estados Unidos,78,2022,6,25,2,Alto
13867,2024-10-04,Cerro Verde,Costa Rica,28,2024,10,4,4,Bajo
13868,2022-07-10,Cerro Verde,España,59,2022,7,10,3,Medio
13869,2024-02-26,Sunset Park,Honduras,19,2024,2,26,1,Bajo
13870,2021-05-25,Apulo,Honduras,37,2021,5,25,2,Medio
13871,2023-09-19,Apulo,Canada,22,2023,9,19,3,Bajo
13872,2024-07-20,Amulapa,Canada,63,2024,7,20,3,Alto
13873,2023-07-22,Amulapa,Guatemala,53,2023,7,22,3,Medio
13874,2021-11-28,Cerro Verde,Canada,19,2021,11,28,4,Bajo
13875,2021-08-01,Puerta Del Diablo,Costa Rica,65,2021,8,1,3,Alto
13876,2023-04-14,Amulapa,Nicaragua,79,2023,4,14,2,Alto
13877,2022-05-23,Amulapa,Canada,30,2022,5,23,2,Medio
13878,2024-03-17,Cerro Verde,Nicaragua,70,2024,3,17,1,Alto
13879,2023-01-22,Cerro Verde,Estados Unidos,25,2023,1,22,1,Bajo
13880,2024-01-10,Apulo,Estados Unidos,18,2024,1,10,1,Bajo
13881,2023-12-13,Apulo,Honduras,12,2023,12,13,4,Bajo
13882,2023-09-06,Sunset Park,Honduras,45,2023,9,6,3,Medio
13883,2021-03-10,Amulapa,Canada,32,2021,3,10,1,Medio
13884,2024-07-17,Puerta Del Diablo,España,23,2024,7,17,3,Bajo
13885,2023-07-24,Balboa,Nicaragua,78,2023,7,24,3,Alto
13886,2024-09-21,Apulo,Guatemala,75,2024,9,21,3,Alto
13887,2024-07-07,Puerta Del Diablo,Estados Unidos,41,2024,7,7,3,Medio
13888,2023-06-25,Puerta Del Diablo,Canada,27,2023,6,25,2,Bajo
13889,2023-08-05,Sunset Park,Mexico,70,2023,8,5,3,Alto
13890,2024-12-08,Amulapa,Canada,66,2024,12,8,4,Alto
13891,2021-09-10,Balboa,España,60,2021,9,10,3,Alto
13892,2023-03-03,Sunset Park,Estados Unidos,57,2023,3,3,1,Medio
13893,2023-08-16,Puerta Del Diablo,España,19,2023,8,16,3,Bajo
13894,2023-07-17,Amulapa,Mexico,79,2023,7,17,3,Alto
13895,2024-11-16,Sunset Park,Costa Rica,5,2024,11,16,4,Bajo
13896,2023-01-03,Balboa,Mexico,33,2023,1,3,1,Medio
13897,2024-05-16,Cerro Verde,Honduras,47,2024,5,16,2,Medio
13898,2022-12-10,Amulapa,España,36,2022,12,10,4,Medio
13899,2023-06-30,Apulo,Mexico,61,2023,6,30,2,Alto
13900,2024-08-31,Balboa,España,6,2024,8,31,3,Bajo
13901,2022-12-25,Sunset Park,Costa Rica,46,2022,12,25,4,Medio
13902,2021-05-17,Apulo,Costa Rica,39,2021,5,17,2,Medio
13903,2023-11-18,Cerro Verde,Guatemala,50,2023,11,18,4,Medio
13904,2021-08-19,Sunset Park,Honduras,43,2021,8,19,3,Medio
13905,2022-03-10,Apulo,España,55,2022,3,10,1,Medio
13906,2023-12-04,Apulo,Honduras,49,2023,12,4,4,Medio
13907,2021-03-12,Amulapa,Mexico,43,2021,3,12,1,Medio
13908,2021-05-31,Apulo,Nicaragua,41,2021,5,31,2,Medio
13909,2021-10-07,Cerro Verde,Guatemala,13,2021,10,7,4,Bajo
13910,2021-02-25,Cerro Verde,Costa Rica,45,2021,2,25,1,Medio
13911,2023-11-12,Cerro Verde,Honduras,54,2023,11,12,4,Medio
13912,2021-07-23,Balboa,Canada,53,2021,7,23,3,Medio
13913,2024-10-01,Puerta Del Diablo,Mexico,14,2024,10,1,4,Bajo
13914,2023-01-23,Amulapa,Canada,17,2023,1,23,1,Bajo
13915,2021-09-05,Puerta Del Diablo,España,6,2021,9,5,3,Bajo
13916,2024-08-05,Puerta Del Diablo,Costa Rica,28,2024,8,5,3,Bajo
13917,2024-11-03,Puerta Del Diablo,Costa Rica,70,2024,11,3,4,Alto
13918,2024-08-13,Cerro Verde,Nicaragua,12,2024,8,13,3,Bajo
13919,2021-02-08,Puerta Del Diablo,Canada,71,2021,2,8,1,Alto
13920,2024-02-28,Cerro Verde,Estados Unidos,7,2024,2,28,1,Bajo
13921,2021-07-04,Amulapa,Nicaragua,46,2021,7,4,3,Medio
13922,2021-09-06,Sunset Park,Estados Unidos,42,2021,9,6,3,Medio
13923,2023-11-07,Cerro Verde,Honduras,18,2023,11,7,4,Bajo
13924,2023-11-01,Balboa,Nicaragua,55,2023,11,1,4,Medio
13925,2022-10-07,Puerta Del Diablo,Guatemala,61,2022,10,7,4,Alto
13926,2023-06-10,Cerro Verde,Mexico,77,2023,6,10,2,Alto
13927,2022-07-30,Sunset Park,España,21,2022,7,30,3,Bajo
13928,2021-10-24,Apulo,Mexico,23,2021,10,24,4,Bajo
13929,2023-01-01,Sunset Park,Costa Rica,67,2023,1,1,1,Alto
13930,2024-08-29,Puerta Del Diablo,España,43,2024,8,29,3,Medio
13931,2024-04-29,Balboa,Costa Rica,39,2024,4,29,2,Medio
13932,2022-10-29,Cerro Verde,Estados Unidos,34,2022,10,29,4,Medio
13933,2021-02-24,Cerro Verde,Mexico,45,2021,2,24,1,Medio
13934,2021-01-30,Apulo,Honduras,27,2021,1,30,1,Bajo
13935,2024-03-31,Balboa,España,17,2024,3,31,1,Bajo
13936,2023-12-02,Cerro Verde,Costa Rica,66,2023,12,2,4,Alto
13937,2021-10-07,Cerro Verde,Honduras,66,2021,10,7,4,Alto
13938,2023-06-27,Cerro Verde,Guatemala,14,2023,6,27,2,Bajo
13939,2024-08-01,Apulo,España,70,2024,8,1,3,Alto
13940,2023-12-20,Puerta Del Diablo,Estados Unidos,72,2023,12,20,4,Alto
13941,2023-04-04,Apulo,Guatemala,47,2023,4,4,2,Medio
13942,2021-02-15,Amulapa,España,12,2021,2,15,1,Bajo
13943,2022-12-14,Apulo,Canada,75,2022,12,14,4,Alto
13944,2022-11-29,Sunset Park,Estados Unidos,48,2022,11,29,4,Medio
13945,2022-02-02,Cerro Verde,Canada,65,2022,2,2,1,Alto
13946,2021-10-02,Amulapa,Costa Rica,12,2021,10,2,4,Bajo
13947,2023-01-20,Puerta Del Diablo,Costa Rica,64,2023,1,20,1,Alto
13948,2022-11-28,Sunset Park,Nicaragua,60,2022,11,28,4,Alto
13949,2023-10-19,Cerro Verde,Guatemala,20,2023,10,19,4,Bajo
13950,2022-02-18,Amulapa,Guatemala,34,2022,2,18,1,Medio
13951,2024-01-04,Cerro Verde,Nicaragua,25,2024,1,4,1,Bajo
13952,2021-04-18,Apulo,Costa Rica,32,2021,4,18,2,Medio
13953,2024-06-01,Balboa,Guatemala,10,2024,6,1,2,Bajo
13954,2024-01-29,Sunset Park,Canada,52,2024,1,29,1,Medio
13955,2022-11-08,Amulapa,Nicaragua,53,2022,11,8,4,Medio
13956,2024-07-22,Apulo,Honduras,12,2024,7,22,3,Bajo
13957,2024-04-12,Amulapa,Guatemala,39,2024,4,12,2,Medio
13958,2023-09-07,Sunset Park,Nicaragua,78,2023,9,7,3,Alto
13959,2023-07-08,Cerro Verde,Nicaragua,76,2023,7,8,3,Alto
13960,2021-07-14,Apulo,Costa Rica,36,2021,7,14,3,Medio
13961,2023-03-23,Puerta Del Diablo,España,18,2023,3,23,1,Bajo
13962,2023-05-18,Amulapa,Guatemala,73,2023,5,18,2,Alto
13963,2023-05-04,Amulapa,Guatemala,34,2023,5,4,2,Medio
13964,2021-09-30,Cerro Verde,Costa Rica,33,2021,9,30,3,Medio
13965,2022-02-27,Amulapa,Mexico,49,2022,2,27,1,Medio
13966,2023-08-11,Sunset Park,Estados Unidos,57,2023,8,11,3,Medio
13967,2022-09-18,Puerta Del Diablo,Mexico,37,2022,9,18,3,Medio
13968,2021-03-07,Sunset Park,Estados Unidos,76,2021,3,7,1,Alto
13969,2023-08-24,Cerro Verde,Estados Unidos,61,2023,8,24,3,Alto
13970,2024-02-03,Puerta Del Diablo,Canada,44,2024,2,3,1,Medio
13971,2022-12-07,Amulapa,Canada,31,2022,12,7,4,Medio
13972,2024-02-14,Cerro Verde,España,32,2024,2,14,1,Medio
13973,2023-10-12,Cerro Verde,España,69,2023,10,12,4,Alto
13974,2023-04-11,Apulo,Nicaragua,64,2023,4,11,2,Alto
13975,2023-02-10,Cerro Verde,Mexico,18,2023,2,10,1,Bajo
13976,2023-10-26,Balboa,Guatemala,60,2023,10,26,4,Alto
13977,2023-05-19,Puerta Del Diablo,Guatemala,64,2023,5,19,2,Alto
13978,2023-06-25,Cerro Verde,Mexico,13,2023,6,25,2,Bajo
13979,2023-10-10,Balboa,Honduras,43,2023,10,10,4,Medio
13980,2024-09-20,Puerta Del Diablo,Estados Unidos,9,2024,9,20,3,Bajo
13981,2022-05-07,Cerro Verde,Nicaragua,76,2022,5,7,2,Alto
13982,2021-12-18,Apulo,Honduras,58,2021,12,18,4,Medio
13983,2021-08-22,Puerta Del Diablo,Costa Rica,75,2021,8,22,3,Alto
13984,2023-06-20,Cerro Verde,Nicaragua,51,2023,6,20,2,Medio
13985,2024-02-06,Amulapa,España,61,2024,2,6,1,Alto
13986,2023-04-25,Puerta Del Diablo,Honduras,63,2023,4,25,2,Alto
13987,2022-10-13,Apulo,Costa Rica,11,2022,10,13,4,Bajo
13988,2023-11-24,Puerta Del Diablo,España,79,2023,11,24,4,Alto
13989,2023-03-13,Amulapa,España,40,2023,3,13,1,Medio
13990,2021-07-02,Balboa,Nicaragua,59,2021,7,2,3,Medio
13991,2023-01-24,Sunset Park,Costa Rica,47,2023,1,24,1,Medio
13992,2021-01-27,Apulo,Mexico,14,2021,1,27,1,Bajo
13993,2022-05-05,Puerta Del Diablo,Guatemala,27,2022,5,5,2,Bajo
13994,2021-10-13,Puerta Del Diablo,Guatemala,45,2021,10,13,4,Medio
13995,2024-04-01,Balboa,Nicaragua,45,2024,4,1,2,Medio
13996,2022-10-05,Puerta Del Diablo,Canada,28,2022,10,5,4,Bajo
13997,2023-10-01,Amulapa,Costa Rica,51,2023,10,1,4,Medio
13998,2024-03-21,Puerta Del Diablo,Estados Unidos,5,2024,3,21,1,Bajo
13999,2023-01-31,Amulapa,Costa Rica,9,2023,1,31,1,Bajo
14000,2021-02-09,Amulapa,España,70,2021,2,9,1,Alto
14001,2024-08-01,Balboa,Honduras,13,2024,8,1,3,Bajo
14002,2023-04-24,Cerro Verde,Nicaragua,38,2023,4,24,2,Medio
14003,2024-12-15,Sunset Park,Honduras,56,2024,12,15,4,Medio
14004,2021-01-20,Balboa,Honduras,5,2021,1,20,1,Bajo
14005,2023-02-09,Balboa,Costa Rica,12,2023,2,9,1,Bajo
14006,2021-07-19,Balboa,Nicaragua,45,2021,7,19,3,Medio
14007,2024-02-22,Cerro Verde,Costa Rica,16,2024,2,22,1,Bajo
14008,2022-06-23,Sunset Park,Estados Unidos,6,2022,6,23,2,Bajo
14009,2024-03-30,Sunset Park,Estados Unidos,77,2024,3,30,1,Alto
14010,2022-07-08,Puerta Del Diablo,Canada,46,2022,7,8,3,Medio
14011,2021-11-29,Balboa,Guatemala,74,2021,11,29,4,Alto
14012,2022-12-28,Cerro Verde,Costa Rica,5,2022,12,28,4,Bajo
14013,2024-05-28,Amulapa,España,40,2024,5,28,2,Medio
14014,2021-09-25,Cerro Verde,Estados Unidos,42,2021,9,25,3,Medio
14015,2021-01-02,Cerro Verde,Estados Unidos,21,2021,1,2,1,Bajo
14016,2022-05-16,Balboa,España,63,2022,5,16,2,Alto
14017,2022-04-06,Apulo,Estados Unidos,7,2022,4,6,2,Bajo
14018,2024-07-17,Apulo,Guatemala,20,2024,7,17,3,Bajo
14019,2021-06-24,Amulapa,Mexico,74,2021,6,24,2,Alto
14020,2022-06-18,Balboa,Canada,38,2022,6,18,2,Medio
14021,2021-08-14,Amulapa,Nicaragua,38,2021,8,14,3,Medio
14022,2021-11-17,Puerta Del Diablo,Nicaragua,44,2021,11,17,4,Medio
14023,2023-01-18,Amulapa,España,39,2023,1,18,1,Medio
14024,2023-08-22,Puerta Del Diablo,Costa Rica,72,2023,8,22,3,Alto
14025,2021-07-27,Amulapa,España,29,2021,7,27,3,Bajo
14026,2022-08-08,Puerta Del Diablo,Mexico,21,2022,8,8,3,Bajo
14027,2021-06-15,Cerro Verde,Canada,17,2021,6,15,2,Bajo
14028,2022-06-27,Cerro Verde,Nicaragua,15,2022,6,27,2,Bajo
14029,2022-07-23,Sunset Park,Estados Unidos,31,2022,7,23,3,Medio
14030,2024-11-30,Cerro Verde,Estados Unidos,54,2024,11,30,4,Medio
14031,2023-06-17,Cerro Verde,Nicaragua,58,2023,6,17,2,Medio
14032,2022-05-12,Cerro Verde,Nicaragua,16,2022,5,12,2,Bajo
14033,2024-03-12,Puerta Del Diablo,Estados Unidos,21,2024,3,12,1,Bajo
14034,2021-07-01,Apulo,Mexico,31,2021,7,1,3,Medio
14035,2024-11-26,Puerta Del Diablo,Mexico,57,2024,11,26,4,Medio
14036,2021-09-01,Sunset Park,Mexico,75,2021,9,1,3,Alto
14037,2023-06-23,Balboa,Costa Rica,36,2023,6,23,2,Medio
14038,2022-05-13,Balboa,Nicaragua,51,2022,5,13,2,Medio
14039,2021-06-05,Sunset Park,Honduras,10,2021,6,5,2,Bajo
14040,2023-11-17,Cerro Verde,Nicaragua,46,2023,11,17,4,Medio
14041,2022-06-23,Puerta Del Diablo,Nicaragua,58,2022,6,23,2,Medio
14042,2023-04-22,Amulapa,Guatemala,69,2023,4,22,2,Alto
14043,2022-09-12,Apulo,Guatemala,22,2022,9,12,3,Bajo
14044,2022-08-31,Sunset Park,Estados Unidos,73,2022,8,31,3,Alto
14045,2022-01-31,Amulapa,España,68,2022,1,31,1,Alto
14046,2024-06-18,Puerta Del Diablo,Mexico,33,2024,6,18,2,Medio
14047,2022-10-29,Puerta Del Diablo,Nicaragua,36,2022,10,29,4,Medio
14048,2022-12-17,Amulapa,Canada,46,2022,12,17,4,Medio
14049,2024-12-09,Puerta Del Diablo,España,26,2024,12,9,4,Bajo
14050,2022-02-21,Puerta Del Diablo,Canada,36,2022,2,21,1,Medio
14051,2023-06-28,Puerta Del Diablo,Mexico,52,2023,6,28,2,Medio
14052,2022-08-29,Amulapa,Estados Unidos,24,2022,8,29,3,Bajo
14053,2021-08-28,Balboa,Guatemala,13,2021,8,28,3,Bajo
14054,2023-04-06,Cerro Verde,España,5,2023,4,6,2,Bajo
14055,2024-02-10,Sunset Park,Estados Unidos,77,2024,2,10,1,Alto
14056,2023-10-28,Cerro Verde,Honduras,10,2023,10,28,4,Bajo
14057,2021-09-15,Cerro Verde,Honduras,17,2021,9,15,3,Bajo
14058,2024-09-07,Cerro Verde,Mexico,11,2024,9,7,3,Bajo
14059,2024-03-04,Amulapa,Mexico,51,2024,3,4,1,Medio
14060,2023-10-06,Sunset Park,Honduras,42,2023,10,6,4,Medio
14061,2024-09-05,Cerro Verde,Honduras,77,2024,9,5,3,Alto
14062,2024-05-05,Puerta Del Diablo,Mexico,62,2024,5,5,2,Alto
14063,2022-03-16,Cerro Verde,Honduras,58,2022,3,16,1,Medio
14064,2024-03-01,Apulo,Costa Rica,69,2024,3,1,1,Alto
14065,2024-04-06,Amulapa,Costa Rica,19,2024,4,6,2,Bajo
14066,2022-05-25,Apulo,Costa Rica,43,2022,5,25,2,Medio
14067,2024-09-19,Puerta Del Diablo,Estados Unidos,70,2024,9,19,3,Alto
14068,2021-11-17,Apulo,España,62,2021,11,17,4,Alto
14069,2022-10-18,Apulo,España,15,2022,10,18,4,Bajo
14070,2023-03-03,Balboa,Mexico,41,2023,3,3,1,Medio
14071,2021-03-29,Cerro Verde,Mexico,64,2021,3,29,1,Alto
14072,2023-02-09,Puerta Del Diablo,Costa Rica,13,2023,2,9,1,Bajo
14073,2021-07-13,Amulapa,Honduras,14,2021,7,13,3,Bajo
14074,2024-12-29,Balboa,Honduras,65,2024,12,29,4,Alto
14075,2022-12-30,Puerta Del Diablo,Guatemala,49,2022,12,30,4,Medio
14076,2023-06-09,Balboa,Guatemala,75,2023,6,9,2,Alto
14077,2022-09-01,Amulapa,Estados Unidos,51,2022,9,1,3,Medio
14078,2022-12-07,Puerta Del Diablo,Nicaragua,75,2022,12,7,4,Alto
14079,2023-03-06,Puerta Del Diablo,Honduras,37,2023,3,6,1,Medio
14080,2022-03-15,Apulo,Guatemala,26,2022,3,15,1,Bajo
14081,2022-03-25,Sunset Park,Nicaragua,61,2022,3,25,1,Alto
14082,2023-06-04,Apulo,Canada,76,2023,6,4,2,Alto
14083,2024-02-20,Balboa,Estados Unidos,24,2024,2,20,1,Bajo
14084,2022-05-06,Cerro Verde,Honduras,59,2022,5,6,2,Medio
14085,2021-03-15,Cerro Verde,Canada,62,2021,3,15,1,Alto
14086,2024-07-18,Balboa,Mexico,49,2024,7,18,3,Medio
14087,2022-06-03,Apulo,España,19,2022,6,3,2,Bajo
14088,2021-11-17,Cerro Verde,España,31,2021,11,17,4,Medio
14089,2022-08-14,Apulo,Honduras,48,2022,8,14,3,Medio
14090,2024-05-06,Sunset Park,España,61,2024,5,6,2,Alto
14091,2023-09-08,Balboa,Mexico,69,2023,9,8,3,Alto
14092,2023-04-19,Apulo,Guatemala,69,2023,4,19,2,Alto
14093,2024-04-28,Puerta Del Diablo,Honduras,73,2024,4,28,2,Alto
14094,2024-01-26,Cerro Verde,Canada,37,2024,1,26,1,Medio
14095,2022-02-05,Puerta Del Diablo,Mexico,50,2022,2,5,1,Medio
14096,2021-07-09,Cerro Verde,España,17,2021,7,9,3,Bajo
14097,2022-07-05,Balboa,Canada,46,2022,7,5,3,Medio
14098,2023-01-11,Balboa,Nicaragua,68,2023,1,11,1,Alto
14099,2023-04-21,Apulo,Canada,13,2023,4,21,2,Bajo
14100,2024-12-21,Balboa,España,78,2024,12,21,4,Alto
14101,2023-01-22,Balboa,Honduras,7,2023,1,22,1,Bajo
14102,2021-02-27,Balboa,Canada,56,2021,2,27,1,Medio
14103,2023-05-23,Amulapa,Honduras,43,2023,5,23,2,Medio
14104,2023-03-26,Amulapa,Mexico,18,2023,3,26,1,Bajo
14105,2022-05-08,Amulapa,España,45,2022,5,8,2,Medio
14106,2023-01-21,Puerta Del Diablo,Mexico,6,2023,1,21,1,Bajo
14107,2023-04-04,Puerta Del Diablo,Nicaragua,63,2023,4,4,2,Alto
14108,2024-06-01,Balboa,Costa Rica,73,2024,6,1,2,Alto
14109,2021-08-10,Cerro Verde,Nicaragua,48,2021,8,10,3,Medio
14110,2021-04-23,Balboa,Costa Rica,19,2021,4,23,2,Bajo
14111,2021-05-28,Cerro Verde,Mexico,53,2021,5,28,2,Medio
14112,2022-02-28,Amulapa,Estados Unidos,72,2022,2,28,1,Alto
14113,2021-04-30,Apulo,Costa Rica,20,2021,4,30,2,Bajo
14114,2023-10-11,Sunset Park,Nicaragua,27,2023,10,11,4,Bajo
14115,2023-02-16,Puerta Del Diablo,Honduras,63,2023,2,16,1,Alto
14116,2021-02-22,Puerta Del Diablo,Nicaragua,36,2021,2,22,1,Medio
14117,2023-12-14,Apulo,Nicaragua,37,2023,12,14,4,Medio
14118,2024-07-23,Amulapa,España,41,2024,7,23,3,Medio
14119,2023-02-06,Amulapa,Guatemala,31,2023,2,6,1,Medio
14120,2021-12-11,Apulo,Mexico,46,2021,12,11,4,Medio
14121,2023-11-27,Cerro Verde,Costa Rica,68,2023,11,27,4,Alto
14122,2022-03-31,Puerta Del Diablo,Guatemala,34,2022,3,31,1,Medio
14123,2023-02-15,Sunset Park,Honduras,73,2023,2,15,1,Alto
14124,2023-07-21,Balboa,Mexico,79,2023,7,21,3,Alto
14125,2021-01-07,Amulapa,España,11,2021,1,7,1,Bajo
14126,2021-11-21,Balboa,Mexico,49,2021,11,21,4,Medio
14127,2024-04-22,Sunset Park,Canada,33,2024,4,22,2,Medio
14128,2023-07-22,Balboa,Honduras,5,2023,7,22,3,Bajo
14129,2021-11-04,Puerta Del Diablo,Mexico,67,2021,11,4,4,Alto
14130,2022-07-31,Sunset Park,Canada,26,2022,7,31,3,Bajo
14131,2021-03-12,Cerro Verde,Estados Unidos,7,2021,3,12,1,Bajo
14132,2021-12-09,Apulo,Canada,63,2021,12,9,4,Alto
14133,2024-12-15,Cerro Verde,Canada,58,2024,12,15,4,Medio
14134,2024-01-21,Puerta Del Diablo,Mexico,59,2024,1,21,1,Medio
14135,2024-06-06,Apulo,Honduras,73,2024,6,6,2,Alto
14136,2022-01-03,Apulo,Estados Unidos,43,2022,1,3,1,Medio
14137,2024-07-09,Puerta Del Diablo,Nicaragua,12,2024,7,9,3,Bajo
14138,2022-01-12,Amulapa,Mexico,14,2022,1,12,1,Bajo
14139,2023-03-22,Balboa,Costa Rica,23,2023,3,22,1,Bajo
14140,2021-09-21,Puerta Del Diablo,Guatemala,37,2021,9,21,3,Medio
14141,2023-12-16,Amulapa,Canada,47,2023,12,16,4,Medio
14142,2022-05-26,Cerro Verde,España,51,2022,5,26,2,Medio
14143,2023-09-28,Sunset Park,Canada,11,2023,9,28,3,Bajo
14144,2021-11-21,Sunset Park,Honduras,71,2021,11,21,4,Alto
14145,2021-04-21,Puerta Del Diablo,España,12,2021,4,21,2,Bajo
14146,2022-12-09,Balboa,Honduras,78,2022,12,9,4,Alto
14147,2023-11-09,Cerro Verde,Mexico,35,2023,11,9,4,Medio
14148,2022-11-08,Sunset Park,Estados Unidos,51,2022,11,8,4,Medio
14149,2022-10-12,Puerta Del Diablo,España,38,2022,10,12,4,Medio
14150,2021-05-16,Puerta Del Diablo,Mexico,17,2021,5,16,2,Bajo
14151,2024-12-28,Balboa,Canada,38,2024,12,28,4,Medio
14152,2024-03-08,Balboa,España,11,2024,3,8,1,Bajo
14153,2024-11-13,Cerro Verde,Guatemala,64,2024,11,13,4,Alto
14154,2024-08-26,Balboa,Mexico,16,2024,8,26,3,Bajo
14155,2021-12-03,Amulapa,Nicaragua,64,2021,12,3,4,Alto
14156,2023-03-03,Amulapa,Guatemala,29,2023,3,3,1,Bajo
14157,2021-05-08,Balboa,Costa Rica,7,2021,5,8,2,Bajo
14158,2023-05-26,Balboa,Mexico,44,2023,5,26,2,Medio
14159,2023-01-16,Balboa,España,70,2023,1,16,1,Alto
14160,2024-02-06,Apulo,Canada,43,2024,2,6,1,Medio
14161,2021-05-07,Cerro Verde,Canada,76,2021,5,7,2,Alto
14162,2024-10-01,Balboa,Guatemala,33,2024,10,1,4,Medio
14163,2022-12-08,Apulo,Nicaragua,79,2022,12,8,4,Alto
14164,2024-08-15,Balboa,Guatemala,48,2024,8,15,3,Medio
14165,2021-02-05,Puerta Del Diablo,Mexico,62,2021,2,5,1,Alto
14166,2022-07-21,Amulapa,Honduras,8,2022,7,21,3,Bajo
14167,2024-06-25,Balboa,Guatemala,20,2024,6,25,2,Bajo
14168,2024-11-16,Amulapa,Estados Unidos,39,2024,11,16,4,Medio
14169,2021-05-17,Amulapa,Honduras,43,2021,5,17,2,Medio
14170,2021-04-30,Sunset Park,Guatemala,14,2021,4,30,2,Bajo
14171,2022-11-26,Balboa,Honduras,52,2022,11,26,4,Medio
14172,2022-11-15,Apulo,Nicaragua,10,2022,11,15,4,Bajo
14173,2023-09-10,Cerro Verde,Honduras,23,2023,9,10,3,Bajo
14174,2024-05-20,Balboa,España,67,2024,5,20,2,Alto
14175,2023-05-19,Amulapa,Estados Unidos,58,2023,5,19,2,Medio
14176,2024-11-22,Cerro Verde,Mexico,32,2024,11,22,4,Medio
14177,2023-05-25,Amulapa,Guatemala,76,2023,5,25,2,Alto
14178,2022-05-06,Sunset Park,Canada,15,2022,5,6,2,Bajo
14179,2024-03-12,Puerta Del Diablo,Canada,46,2024,3,12,1,Medio
14180,2024-10-23,Puerta Del Diablo,España,5,2024,10,23,4,Bajo
14181,2021-04-11,Apulo,Honduras,59,2021,4,11,2,Medio
14182,2022-07-14,Sunset Park,Estados Unidos,46,2022,7,14,3,Medio
14183,2021-08-20,Balboa,Guatemala,14,2021,8,20,3,Bajo
14184,2024-05-08,Amulapa,Canada,45,2024,5,8,2,Medio
14185,2021-10-05,Cerro Verde,Guatemala,50,2021,10,5,4,Medio
14186,2024-08-19,Sunset Park,Honduras,15,2024,8,19,3,Bajo
14187,2023-09-27,Puerta Del Diablo,Guatemala,15,2023,9,27,3,Bajo
14188,2023-06-22,Apulo,Costa Rica,8,2023,6,22,2,Bajo
14189,2021-08-18,Apulo,Canada,19,2021,8,18,3,Bajo
14190,2023-06-19,Amulapa,Nicaragua,11,2023,6,19,2,Bajo
14191,2023-08-11,Apulo,Mexico,72,2023,8,11,3,Alto
14192,2023-05-04,Puerta Del Diablo,Guatemala,30,2023,5,4,2,Medio
14193,2021-09-05,Cerro Verde,España,71,2021,9,5,3,Alto
14194,2023-01-23,Amulapa,Costa Rica,38,2023,1,23,1,Medio
14195,2021-03-18,Cerro Verde,España,34,2021,3,18,1,Medio
14196,2023-03-23,Sunset Park,Nicaragua,42,2023,3,23,1,Medio
14197,2021-06-14,Cerro Verde,España,79,2021,6,14,2,Alto
14198,2021-03-11,Puerta Del Diablo,Canada,76,2021,3,11,1,Alto
14199,2021-01-02,Sunset Park,Honduras,35,2021,1,2,1,Medio
14200,2023-07-20,Cerro Verde,Honduras,76,2023,7,20,3,Alto
14201,2021-01-21,Puerta Del Diablo,Guatemala,41,2021,1,21,1,Medio
14202,2021-09-08,Cerro Verde,Costa Rica,64,2021,9,8,3,Alto
14203,2023-05-03,Apulo,Costa Rica,44,2023,5,3,2,Medio
14204,2024-04-13,Balboa,Honduras,68,2024,4,13,2,Alto
14205,2023-11-21,Balboa,Canada,9,2023,11,21,4,Bajo
14206,2022-02-02,Cerro Verde,Canada,78,2022,2,2,1,Alto
14207,2024-03-05,Amulapa,Nicaragua,60,2024,3,5,1,Alto
14208,2021-08-08,Balboa,Nicaragua,76,2021,8,8,3,Alto
14209,2023-12-02,Sunset Park,España,29,2023,12,2,4,Bajo
14210,2024-03-29,Apulo,España,21,2024,3,29,1,Bajo
14211,2021-01-16,Apulo,Estados Unidos,33,2021,1,16,1,Medio
14212,2024-05-31,Amulapa,Canada,24,2024,5,31,2,Bajo
14213,2023-11-01,Balboa,Nicaragua,22,2023,11,1,4,Bajo
14214,2021-04-20,Balboa,Canada,69,2021,4,20,2,Alto
14215,2023-06-16,Amulapa,Canada,21,2023,6,16,2,Bajo
14216,2024-09-06,Puerta Del Diablo,Honduras,17,2024,9,6,3,Bajo
14217,2021-02-22,Sunset Park,Estados Unidos,40,2021,2,22,1,Medio
14218,2021-12-25,Apulo,España,44,2021,12,25,4,Medio
14219,2023-03-06,Puerta Del Diablo,España,17,2023,3,6,1,Bajo
14220,2021-05-25,Apulo,España,40,2021,5,25,2,Medio
14221,2021-03-20,Puerta Del Diablo,Canada,44,2021,3,20,1,Medio
14222,2023-06-30,Puerta Del Diablo,Nicaragua,24,2023,6,30,2,Bajo
14223,2023-10-23,Balboa,España,7,2023,10,23,4,Bajo
14224,2022-06-10,Amulapa,Estados Unidos,31,2022,6,10,2,Medio
14225,2023-11-28,Apulo,Mexico,19,2023,11,28,4,Bajo
14226,2022-09-24,Sunset Park,Honduras,51,2022,9,24,3,Medio
14227,2024-07-03,Puerta Del Diablo,Guatemala,10,2024,7,3,3,Bajo
14228,2023-05-06,Puerta Del Diablo,España,65,2023,5,6,2,Alto
14229,2022-08-31,Puerta Del Diablo,Mexico,22,2022,8,31,3,Bajo
14230,2022-06-18,Cerro Verde,Guatemala,5,2022,6,18,2,Bajo
14231,2024-03-09,Amulapa,España,21,2024,3,9,1,Bajo
14232,2022-12-16,Puerta Del Diablo,Canada,44,2022,12,16,4,Medio
14233,2022-01-04,Puerta Del Diablo,Canada,38,2022,1,4,1,Medio
14234,2024-01-22,Sunset Park,Nicaragua,68,2024,1,22,1,Alto
14235,2022-10-05,Puerta Del Diablo,Nicaragua,39,2022,10,5,4,Medio
14236,2022-08-03,Amulapa,Honduras,57,2022,8,3,3,Medio
14237,2024-07-22,Puerta Del Diablo,Mexico,40,2024,7,22,3,Medio
14238,2023-11-25,Apulo,Guatemala,22,2023,11,25,4,Bajo
14239,2023-06-27,Puerta Del Diablo,Mexico,19,2023,6,27,2,Bajo
14240,2021-01-10,Puerta Del Diablo,Mexico,37,2021,1,10,1,Medio
14241,2024-11-18,Amulapa,Costa Rica,10,2024,11,18,4,Bajo
14242,2021-08-03,Sunset Park,Nicaragua,19,2021,8,3,3,Bajo
14243,2023-06-30,Apulo,Honduras,56,2023,6,30,2,Medio
14244,2021-01-15,Puerta Del Diablo,Honduras,19,2021,1,15,1,Bajo
14245,2021-06-02,Puerta Del Diablo,Canada,75,2021,6,2,2,Alto
14246,2022-01-10,Balboa,España,8,2022,1,10,1,Bajo
14247,2021-11-17,Puerta Del Diablo,Costa Rica,42,2021,11,17,4,Medio
14248,2021-03-01,Cerro Verde,Canada,10,2021,3,1,1,Bajo
14249,2021-03-03,Cerro Verde,Mexico,31,2021,3,3,1,Medio
14250,2021-02-10,Apulo,España,74,2021,2,10,1,Alto
14251,2024-03-26,Apulo,Canada,26,2024,3,26,1,Bajo
14252,2024-07-06,Puerta Del Diablo,Honduras,22,2024,7,6,3,Bajo
14253,2021-06-05,Balboa,Canada,52,2021,6,5,2,Medio
14254,2024-09-28,Amulapa,Mexico,5,2024,9,28,3,Bajo
14255,2024-09-20,Balboa,Costa Rica,65,2024,9,20,3,Alto
14256,2021-02-19,Apulo,Nicaragua,23,2021,2,19,1,Bajo
14257,2023-07-10,Balboa,España,70,2023,7,10,3,Alto
14258,2024-01-01,Amulapa,Canada,53,2024,1,1,1,Medio
14259,2023-11-12,Amulapa,España,53,2023,11,12,4,Medio
14260,2024-04-03,Cerro Verde,Guatemala,9,2024,4,3,2,Bajo
14261,2021-01-10,Balboa,Honduras,45,2021,1,10,1,Medio
14262,2021-07-27,Apulo,Guatemala,66,2021,7,27,3,Alto
14263,2023-08-21,Sunset Park,Guatemala,24,2023,8,21,3,Bajo
14264,2022-02-19,Puerta Del Diablo,Nicaragua,78,2022,2,19,1,Alto
14265,2024-07-22,Sunset Park,Estados Unidos,60,2024,7,22,3,Alto
14266,2022-08-01,Cerro Verde,Estados Unidos,21,2022,8,1,3,Bajo
14267,2023-02-22,Amulapa,Costa Rica,8,2023,2,22,1,Bajo
14268,2024-08-17,Apulo,Honduras,52,2024,8,17,3,Medio
14269,2021-11-15,Amulapa,Nicaragua,27,2021,11,15,4,Bajo
14270,2023-06-22,Amulapa,España,62,2023,6,22,2,Alto
14271,2023-10-20,Amulapa,España,5,2023,10,20,4,Bajo
14272,2024-12-11,Sunset Park,Canada,55,2024,12,11,4,Medio
14273,2023-11-28,Cerro Verde,Mexico,63,2023,11,28,4,Alto
14274,2022-10-13,Balboa,Nicaragua,10,2022,10,13,4,Bajo
14275,2022-05-28,Amulapa,Estados Unidos,25,2022,5,28,2,Bajo
14276,2023-12-16,Balboa,España,41,2023,12,16,4,Medio
14277,2023-09-17,Cerro Verde,Mexico,59,2023,9,17,3,Medio
14278,2023-01-28,Balboa,España,15,2023,1,28,1,Bajo
14279,2021-12-04,Sunset Park,Estados Unidos,54,2021,12,4,4,Medio
14280,2023-01-07,Apulo,Canada,68,2023,1,7,1,Alto
14281,2023-06-16,Balboa,Costa Rica,74,2023,6,16,2,Alto
14282,2022-10-31,Balboa,Costa Rica,22,2022,10,31,4,Bajo
14283,2022-06-09,Sunset Park,Nicaragua,34,2022,6,9,2,Medio
14284,2022-09-11,Puerta Del Diablo,España,23,2022,9,11,3,Bajo
14285,2024-02-01,Amulapa,Canada,34,2024,2,1,1,Medio
14286,2024-06-03,Puerta Del Diablo,Mexico,21,2024,6,3,2,Bajo
14287,2024-09-28,Amulapa,Honduras,65,2024,9,28,3,Alto
14288,2024-10-23,Balboa,Nicaragua,10,2024,10,23,4,Bajo
14289,2024-05-13,Balboa,Nicaragua,22,2024,5,13,2,Bajo
14290,2024-09-07,Apulo,Estados Unidos,18,2024,9,7,3,Bajo
14291,2024-12-06,Balboa,España,9,2024,12,6,4,Bajo
14292,2022-08-03,Puerta Del Diablo,España,8,2022,8,3,3,Bajo
14293,2022-11-21,Balboa,Canada,13,2022,11,21,4,Bajo
14294,2024-12-10,Cerro Verde,Estados Unidos,39,2024,12,10,4,Medio
14295,2022-09-10,Sunset Park,Canada,47,2022,9,10,3,Medio
14296,2024-12-26,Cerro Verde,Guatemala,70,2024,12,26,4,Alto
14297,2021-11-27,Amulapa,Canada,76,2021,11,27,4,Alto
14298,2024-06-01,Balboa,Guatemala,46,2024,6,1,2,Medio
14299,2023-08-03,Puerta Del Diablo,Canada,32,2023,8,3,3,Medio
14300,2022-01-15,Amulapa,España,76,2022,1,15,1,Alto
14301,2021-02-22,Cerro Verde,Nicaragua,77,2021,2,22,1,Alto
14302,2023-04-17,Amulapa,Nicaragua,23,2023,4,17,2,Bajo
14303,2024-11-08,Apulo,Costa Rica,79,2024,11,8,4,Alto
14304,2022-04-30,Puerta Del Diablo,Guatemala,21,2022,4,30,2,Bajo
14305,2022-01-23,Apulo,Mexico,64,2022,1,23,1,Alto
14306,2022-12-09,Balboa,Guatemala,36,2022,12,9,4,Medio
14307,2021-03-13,Puerta Del Diablo,Costa Rica,38,2021,3,13,1,Medio
14308,2024-06-25,Puerta Del Diablo,Mexico,72,2024,6,25,2,Alto
14309,2024-07-20,Cerro Verde,Honduras,77,2024,7,20,3,Alto
14310,2024-01-04,Cerro Verde,Estados Unidos,23,2024,1,4,1,Bajo
14311,2023-02-13,Amulapa,Costa Rica,41,2023,2,13,1,Medio
14312,2023-01-05,Sunset Park,Costa Rica,72,2023,1,5,1,Alto
14313,2023-11-02,Cerro Verde,Costa Rica,61,2023,11,2,4,Alto
14314,2021-12-13,Cerro Verde,Guatemala,77,2021,12,13,4,Alto
14315,2023-02-01,Apulo,Honduras,72,2023,2,1,1,Alto
14316,2022-06-01,Amulapa,Estados Unidos,34,2022,6,1,2,Medio
14317,2022-08-28,Cerro Verde,Mexico,58,2022,8,28,3,Medio
14318,2023-05-31,Cerro Verde,Nicaragua,22,2023,5,31,2,Bajo
14319,2023-05-12,Apulo,España,34,2023,5,12,2,Medio
14320,2023-06-13,Amulapa,Mexico,67,2023,6,13,2,Alto
14321,2023-04-25,Balboa,Nicaragua,77,2023,4,25,2,Alto
14322,2022-07-23,Apulo,Guatemala,35,2022,7,23,3,Medio
14323,2022-11-27,Balboa,Canada,45,2022,11,27,4,Medio
14324,2023-06-08,Sunset Park,España,28,2023,6,8,2,Bajo
14325,2021-10-12,Amulapa,España,77,2021,10,12,4,Alto
14326,2024-12-23,Sunset Park,Guatemala,16,2024,12,23,4,Bajo
14327,2024-09-10,Apulo,Estados Unidos,70,2024,9,10,3,Alto
14328,2024-09-19,Amulapa,Mexico,76,2024,9,19,3,Alto
14329,2023-05-04,Sunset Park,Guatemala,66,2023,5,4,2,Alto
14330,2024-08-23,Cerro Verde,Estados Unidos,48,2024,8,23,3,Medio
14331,2022-02-05,Apulo,Mexico,15,2022,2,5,1,Bajo
14332,2021-07-30,Balboa,Nicaragua,64,2021,7,30,3,Alto
14333,2022-03-06,Apulo,España,18,2022,3,6,1,Bajo
14334,2022-11-16,Puerta Del Diablo,Estados Unidos,49,2022,11,16,4,Medio
14335,2021-08-21,Sunset Park,Nicaragua,49,2021,8,21,3,Medio
14336,2024-06-23,Sunset Park,Guatemala,54,2024,6,23,2,Medio
14337,2024-10-23,Sunset Park,Costa Rica,37,2024,10,23,4,Medio
14338,2023-06-27,Amulapa,Honduras,48,2023,6,27,2,Medio
14339,2023-01-29,Apulo,Honduras,45,2023,1,29,1,Medio
14340,2021-05-31,Balboa,Canada,9,2021,5,31,2,Bajo
14341,2024-05-17,Sunset Park,Costa Rica,63,2024,5,17,2,Alto
14342,2022-04-28,Apulo,Mexico,42,2022,4,28,2,Medio
14343,2021-10-22,Apulo,Honduras,36,2021,10,22,4,Medio
14344,2022-08-23,Amulapa,Nicaragua,22,2022,8,23,3,Bajo
14345,2021-09-11,Amulapa,Nicaragua,16,2021,9,11,3,Bajo
14346,2021-04-14,Amulapa,Canada,53,2021,4,14,2,Medio
14347,2021-04-29,Amulapa,Mexico,59,2021,4,29,2,Medio
14348,2022-07-24,Apulo,Costa Rica,39,2022,7,24,3,Medio
14349,2021-05-02,Balboa,Mexico,29,2021,5,2,2,Bajo
14350,2021-07-25,Balboa,Mexico,27,2021,7,25,3,Bajo
14351,2022-04-16,Balboa,Costa Rica,76,2022,4,16,2,Alto
14352,2022-05-23,Sunset Park,Guatemala,29,2022,5,23,2,Bajo
14353,2024-01-21,Sunset Park,Canada,9,2024,1,21,1,Bajo
14354,2022-08-06,Cerro Verde,Nicaragua,51,2022,8,6,3,Medio
14355,2024-06-01,Cerro Verde,Canada,34,2024,6,1,2,Medio
14356,2021-04-17,Cerro Verde,Mexico,17,2021,4,17,2,Bajo
14357,2021-09-22,Apulo,Mexico,10,2021,9,22,3,Bajo
14358,2023-07-09,Puerta Del Diablo,Guatemala,27,2023,7,9,3,Bajo
14359,2022-03-28,Amulapa,España,66,2022,3,28,1,Alto
14360,2021-03-22,Amulapa,Guatemala,20,2021,3,22,1,Bajo
14361,2021-11-16,Amulapa,Mexico,23,2021,11,16,4,Bajo
14362,2023-07-06,Cerro Verde,Guatemala,7,2023,7,6,3,Bajo
14363,2024-01-26,Balboa,Mexico,76,2024,1,26,1,Alto
14364,2022-10-06,Sunset Park,Guatemala,49,2022,10,6,4,Medio
14365,2023-09-30,Balboa,Mexico,35,2023,9,30,3,Medio
14366,2021-10-12,Amulapa,Estados Unidos,6,2021,10,12,4,Bajo
14367,2023-06-02,Amulapa,Guatemala,67,2023,6,2,2,Alto
14368,2024-04-02,Amulapa,Estados Unidos,48,2024,4,2,2,Medio
14369,2024-03-03,Amulapa,Nicaragua,15,2024,3,3,1,Bajo
14370,2023-09-22,Cerro Verde,Guatemala,20,2023,9,22,3,Bajo
14371,2021-07-12,Balboa,Mexico,29,2021,7,12,3,Bajo
14372,2022-08-06,Balboa,Honduras,42,2022,8,6,3,Medio
14373,2023-08-02,Amulapa,Honduras,71,2023,8,2,3,Alto
14374,2022-07-04,Puerta Del Diablo,Estados Unidos,74,2022,7,4,3,Alto
14375,2021-06-18,Apulo,Estados Unidos,44,2021,6,18,2,Medio
14376,2021-12-30,Amulapa,Canada,16,2021,12,30,4,Bajo
14377,2024-03-17,Sunset Park,Guatemala,43,2024,3,17,1,Medio
14378,2022-08-26,Sunset Park,Nicaragua,19,2022,8,26,3,Bajo
14379,2022-10-24,Puerta Del Diablo,Mexico,48,2022,10,24,4,Medio
14380,2023-06-04,Sunset Park,Nicaragua,30,2023,6,4,2,Medio
14381,2021-11-14,Cerro Verde,Canada,44,2021,11,14,4,Medio
14382,2022-07-16,Apulo,Guatemala,76,2022,7,16,3,Alto
14383,2023-11-03,Balboa,Costa Rica,18,2023,11,3,4,Bajo
14384,2024-02-16,Sunset Park,España,9,2024,2,16,1,Bajo
14385,2022-05-20,Amulapa,Estados Unidos,45,2022,5,20,2,Medio
14386,2021-01-31,Amulapa,Mexico,47,2021,1,31,1,Medio
14387,2024-07-14,Puerta Del Diablo,Nicaragua,37,2024,7,14,3,Medio
14388,2021-04-30,Sunset Park,España,55,2021,4,30,2,Medio
14389,2021-05-05,Balboa,Costa Rica,64,2021,5,5,2,Alto
14390,2024-10-06,Cerro Verde,España,77,2024,10,6,4,Alto
14391,2021-03-02,Sunset Park,Canada,76,2021,3,2,1,Alto
14392,2024-08-22,Apulo,Costa Rica,18,2024,8,22,3,Bajo
14393,2023-02-04,Apulo,Estados Unidos,64,2023,2,4,1,Alto
14394,2023-03-17,Puerta Del Diablo,Estados Unidos,36,2023,3,17,1,Medio
14395,2024-08-10,Apulo,Mexico,27,2024,8,10,3,Bajo
14396,2023-12-27,Amulapa,Estados Unidos,27,2023,12,27,4,Bajo
14397,2023-04-09,Balboa,Nicaragua,68,2023,4,9,2,Alto
14398,2021-01-23,Sunset Park,Honduras,50,2021,1,23,1,Medio
14399,2024-03-18,Amulapa,Honduras,40,2024,3,18,1,Medio
14400,2022-11-26,Sunset Park,Nicaragua,8,2022,11,26,4,Bajo
14401,2021-02-28,Puerta Del Diablo,Estados Unidos,48,2021,2,28,1,Medio
14402,2021-09-18,Balboa,Guatemala,30,2021,9,18,3,Medio
14403,2021-09-23,Balboa,Estados Unidos,39,2021,9,23,3,Medio
14404,2023-05-30,Amulapa,Estados Unidos,14,2023,5,30,2,Bajo
14405,2024-05-12,Apulo,Costa Rica,70,2024,5,12,2,Alto
14406,2024-10-07,Puerta Del Diablo,Mexico,68,2024,10,7,4,Alto
14407,2024-07-25,Apulo,Costa Rica,47,2024,7,25,3,Medio
14408,2021-11-13,Cerro Verde,Guatemala,17,2021,11,13,4,Bajo
14409,2022-02-22,Balboa,Estados Unidos,64,2022,2,22,1,Alto
14410,2021-06-07,Sunset Park,Costa Rica,38,2021,6,7,2,Medio
14411,2024-06-23,Balboa,Guatemala,35,2024,6,23,2,Medio
14412,2022-08-17,Puerta Del Diablo,Guatemala,19,2022,8,17,3,Bajo
14413,2021-08-08,Sunset Park,Estados Unidos,62,2021,8,8,3,Alto
14414,2022-04-11,Puerta Del Diablo,España,43,2022,4,11,2,Medio
14415,2022-03-25,Balboa,Canada,27,2022,3,25,1,Bajo
14416,2022-12-07,Balboa,Mexico,58,2022,12,7,4,Medio
14417,2022-01-24,Sunset Park,Canada,72,2022,1,24,1,Alto
14418,2021-05-15,Apulo,Canada,47,2021,5,15,2,Medio
14419,2023-04-30,Apulo,Estados Unidos,35,2023,4,30,2,Medio
14420,2021-12-08,Cerro Verde,Costa Rica,70,2021,12,8,4,Alto
14421,2022-03-07,Apulo,Costa Rica,22,2022,3,7,1,Bajo
14422,2024-05-28,Puerta Del Diablo,Canada,6,2024,5,28,2,Bajo
14423,2022-05-02,Amulapa,Costa Rica,54,2022,5,2,2,Medio
14424,2023-06-07,Sunset Park,Honduras,70,2023,6,7,2,Alto
14425,2023-05-03,Apulo,Costa Rica,37,2023,5,3,2,Medio
14426,2023-04-26,Balboa,Guatemala,58,2023,4,26,2,Medio
14427,2023-10-09,Cerro Verde,Mexico,76,2023,10,9,4,Alto
14428,2022-10-27,Apulo,Canada,54,2022,10,27,4,Medio
14429,2023-10-22,Amulapa,Costa Rica,47,2023,10,22,4,Medio
14430,2021-04-04,Balboa,Honduras,58,2021,4,4,2,Medio
14431,2024-10-18,Cerro Verde,Canada,66,2024,10,18,4,Alto
14432,2021-02-20,Amulapa,Honduras,23,2021,2,20,1,Bajo
14433,2021-02-15,Balboa,España,12,2021,2,15,1,Bajo
14434,2023-07-23,Puerta Del Diablo,Guatemala,67,2023,7,23,3,Alto
14435,2021-08-16,Apulo,Honduras,62,2021,8,16,3,Alto
14436,2023-06-19,Apulo,Mexico,46,2023,6,19,2,Medio
14437,2021-03-29,Amulapa,Costa Rica,55,2021,3,29,1,Medio
14438,2021-11-25,Cerro Verde,Canada,26,2021,11,25,4,Bajo
14439,2022-07-27,Puerta Del Diablo,Canada,72,2022,7,27,3,Alto
14440,2021-02-26,Balboa,Honduras,78,2021,2,26,1,Alto
14441,2022-10-01,Apulo,España,26,2022,10,1,4,Bajo
14442,2023-12-24,Puerta Del Diablo,Nicaragua,66,2023,12,24,4,Alto
14443,2024-01-29,Sunset Park,Canada,44,2024,1,29,1,Medio
14444,2021-12-28,Amulapa,Costa Rica,19,2021,12,28,4,Bajo
14445,2021-02-16,Cerro Verde,Estados Unidos,13,2021,2,16,1,Bajo
14446,2022-01-09,Balboa,Costa Rica,55,2022,1,9,1,Medio
14447,2024-07-08,Amulapa,Costa Rica,74,2024,7,8,3,Alto
14448,2023-01-03,Sunset Park,Estados Unidos,42,2023,1,3,1,Medio
14449,2024-06-04,Amulapa,Estados Unidos,47,2024,6,4,2,Medio
14450,2022-03-24,Cerro Verde,Estados Unidos,46,2022,3,24,1,Medio
14451,2023-11-26,Sunset Park,España,61,2023,11,26,4,Alto
14452,2022-07-01,Sunset Park,Honduras,62,2022,7,1,3,Alto
14453,2022-04-07,Puerta Del Diablo,España,57,2022,4,7,2,Medio
14454,2021-09-28,Apulo,Costa Rica,75,2021,9,28,3,Alto
14455,2023-04-24,Balboa,Estados Unidos,11,2023,4,24,2,Bajo
14456,2023-09-25,Apulo,Nicaragua,73,2023,9,25,3,Alto
14457,2021-08-20,Puerta Del Diablo,Costa Rica,67,2021,8,20,3,Alto
14458,2024-07-01,Apulo,Honduras,37,2024,7,1,3,Medio
14459,2021-08-10,Cerro Verde,Honduras,60,2021,8,10,3,Alto
14460,2021-04-17,Puerta Del Diablo,Costa Rica,17,2021,4,17,2,Bajo
14461,2023-07-09,Cerro Verde,Honduras,17,2023,7,9,3,Bajo
14462,2021-04-02,Amulapa,Mexico,31,2021,4,2,2,Medio
14463,2023-06-12,Puerta Del Diablo,Mexico,25,2023,6,12,2,Bajo
14464,2022-02-05,Cerro Verde,Guatemala,31,2022,2,5,1,Medio
14465,2021-07-26,Cerro Verde,Costa Rica,48,2021,7,26,3,Medio
14466,2024-02-08,Balboa,Honduras,33,2024,2,8,1,Medio
14467,2023-07-13,Sunset Park,España,7,2023,7,13,3,Bajo
14468,2023-06-19,Puerta Del Diablo,Estados Unidos,44,2023,6,19,2,Medio
14469,2023-05-03,Balboa,Canada,7,2023,5,3,2,Bajo
14470,2023-12-06,Balboa,Nicaragua,32,2023,12,6,4,Medio
14471,2022-10-23,Sunset Park,Nicaragua,7,2022,10,23,4,Bajo
14472,2023-12-15,Cerro Verde,Honduras,21,2023,12,15,4,Bajo
14473,2023-02-19,Sunset Park,Costa Rica,49,2023,2,19,1,Medio
14474,2024-05-08,Amulapa,España,74,2024,5,8,2,Alto
14475,2021-03-17,Puerta Del Diablo,España,39,2021,3,17,1,Medio
14476,2024-10-06,Balboa,Mexico,47,2024,10,6,4,Medio
14477,2024-06-01,Amulapa,Mexico,46,2024,6,1,2,Medio
14478,2021-02-26,Cerro Verde,Honduras,43,2021,2,26,1,Medio
14479,2023-09-02,Puerta Del Diablo,Estados Unidos,22,2023,9,2,3,Bajo
14480,2022-01-16,Puerta Del Diablo,Canada,33,2022,1,16,1,Medio
14481,2021-04-04,Sunset Park,Estados Unidos,5,2021,4,4,2,Bajo
14482,2022-03-30,Amulapa,Mexico,6,2022,3,30,1,Bajo
14483,2022-12-13,Cerro Verde,Honduras,44,2022,12,13,4,Medio
14484,2022-09-28,Puerta Del Diablo,Guatemala,63,2022,9,28,3,Alto
14485,2021-04-05,Amulapa,Honduras,29,2021,4,5,2,Bajo
14486,2023-06-29,Sunset Park,Honduras,76,2023,6,29,2,Alto
14487,2023-12-22,Amulapa,Mexico,41,2023,12,22,4,Medio
14488,2023-11-09,Puerta Del Diablo,Guatemala,52,2023,11,9,4,Medio
14489,2021-02-26,Puerta Del Diablo,Canada,67,2021,2,26,1,Alto
14490,2024-05-28,Amulapa,Guatemala,44,2024,5,28,2,Medio
14491,2023-12-03,Puerta Del Diablo,Guatemala,24,2023,12,3,4,Bajo
14492,2022-04-28,Cerro Verde,Estados Unidos,22,2022,4,28,2,Bajo
14493,2021-10-04,Cerro Verde,Honduras,78,2021,10,4,4,Alto
14494,2023-04-08,Cerro Verde,Mexico,9,2023,4,8,2,Bajo
14495,2021-10-10,Cerro Verde,Costa Rica,9,2021,10,10,4,Bajo
14496,2021-06-13,Cerro Verde,Nicaragua,25,2021,6,13,2,Bajo
14497,2021-10-28,Apulo,Estados Unidos,78,2021,10,28,4,Alto
14498,2022-04-09,Balboa,Mexico,45,2022,4,9,2,Medio
14499,2022-07-09,Apulo,Mexico,62,2022,7,9,3,Alto
14500,2023-05-05,Amulapa,Honduras,10,2023,5,5,2,Bajo
14501,2021-12-08,Puerta Del Diablo,Guatemala,8,2021,12,8,4,Bajo
14502,2024-08-24,Balboa,Nicaragua,37,2024,8,24,3,Medio
14503,2024-02-29,Balboa,Mexico,9,2024,2,29,1,Bajo
14504,2024-08-05,Puerta Del Diablo,Costa Rica,32,2024,8,5,3,Medio
14505,2021-09-21,Puerta Del Diablo,Costa Rica,63,2021,9,21,3,Alto
14506,2024-02-22,Balboa,Canada,76,2024,2,22,1,Alto
14507,2022-12-19,Amulapa,Estados Unidos,31,2022,12,19,4,Medio
14508,2022-09-04,Balboa,Estados Unidos,10,2022,9,4,3,Bajo
14509,2022-11-09,Puerta Del Diablo,Costa Rica,60,2022,11,9,4,Alto
14510,2021-07-10,Sunset Park,Honduras,76,2021,7,10,3,Alto
14511,2024-03-11,Puerta Del Diablo,Guatemala,6,2024,3,11,1,Bajo
14512,2024-05-28,Cerro Verde,Mexico,21,2024,5,28,2,Bajo
14513,2023-01-05,Amulapa,Mexico,9,2023,1,5,1,Bajo
14514,2024-12-21,Sunset Park,Costa Rica,7,2024,12,21,4,Bajo
14515,2021-09-14,Apulo,Costa Rica,76,2021,9,14,3,Alto
14516,2021-06-25,Amulapa,Guatemala,14,2021,6,25,2,Bajo
14517,2023-07-16,Cerro Verde,Nicaragua,54,2023,7,16,3,Medio
14518,2023-09-01,Cerro Verde,Mexico,57,2023,9,1,3,Medio
14519,2023-05-19,Apulo,Honduras,33,2023,5,19,2,Medio
14520,2021-11-22,Sunset Park,España,62,2021,11,22,4,Alto
14521,2023-08-14,Balboa,Estados Unidos,12,2023,8,14,3,Bajo
14522,2024-03-27,Apulo,Costa Rica,79,2024,3,27,1,Alto
14523,2023-11-07,Puerta Del Diablo,Costa Rica,79,2023,11,7,4,Alto
14524,2024-06-27,Balboa,España,56,2024,6,27,2,Medio
14525,2024-12-26,Amulapa,Costa Rica,16,2024,12,26,4,Bajo
14526,2022-11-09,Cerro Verde,Guatemala,52,2022,11,9,4,Medio
14527,2021-06-05,Puerta Del Diablo,Guatemala,66,2021,6,5,2,Alto
14528,2021-11-28,Sunset Park,Canada,35,2021,11,28,4,Medio
14529,2024-12-14,Puerta Del Diablo,Guatemala,32,2024,12,14,4,Medio
14530,2023-09-03,Sunset Park,Mexico,22,2023,9,3,3,Bajo
14531,2022-06-08,Cerro Verde,Costa Rica,51,2022,6,8,2,Medio
14532,2024-07-22,Cerro Verde,Costa Rica,69,2024,7,22,3,Alto
14533,2021-07-17,Sunset Park,Canada,15,2021,7,17,3,Bajo
14534,2024-07-09,Balboa,Nicaragua,48,2024,7,9,3,Medio
14535,2022-12-23,Sunset Park,Costa Rica,43,2022,12,23,4,Medio
14536,2021-05-08,Balboa,España,70,2021,5,8,2,Alto
14537,2021-02-17,Amulapa,Canada,43,2021,2,17,1,Medio
14538,2022-06-24,Puerta Del Diablo,Costa Rica,45,2022,6,24,2,Medio
14539,2021-03-17,Balboa,España,19,2021,3,17,1,Bajo
14540,2021-06-08,Sunset Park,Nicaragua,70,2021,6,8,2,Alto
14541,2024-01-20,Apulo,Guatemala,51,2024,1,20,1,Medio
14542,2021-04-20,Balboa,Estados Unidos,29,2021,4,20,2,Bajo
14543,2021-06-26,Balboa,Mexico,26,2021,6,26,2,Bajo
14544,2022-06-07,Sunset Park,Mexico,59,2022,6,7,2,Medio
14545,2021-09-20,Amulapa,Canada,50,2021,9,20,3,Medio
14546,2024-06-29,Amulapa,Honduras,35,2024,6,29,2,Medio
14547,2024-07-23,Apulo,Costa Rica,27,2024,7,23,3,Bajo
14548,2021-01-02,Amulapa,Canada,5,2021,1,2,1,Bajo
14549,2022-05-12,Cerro Verde,España,11,2022,5,12,2,Bajo
14550,2022-05-08,Puerta Del Diablo,Guatemala,44,2022,5,8,2,Medio
14551,2021-01-27,Sunset Park,Honduras,60,2021,1,27,1,Alto
14552,2024-12-03,Puerta Del Diablo,Mexico,5,2024,12,3,4,Bajo
14553,2024-08-18,Apulo,Canada,30,2024,8,18,3,Medio
14554,2021-11-27,Amulapa,Mexico,37,2021,11,27,4,Medio
14555,2023-10-30,Amulapa,Canada,10,2023,10,30,4,Bajo
14556,2023-10-15,Cerro Verde,Guatemala,48,2023,10,15,4,Medio
14557,2021-03-31,Balboa,Mexico,9,2021,3,31,1,Bajo
14558,2024-05-31,Amulapa,Costa Rica,46,2024,5,31,2,Medio
14559,2021-06-26,Cerro Verde,Honduras,37,2021,6,26,2,Medio
14560,2023-01-23,Balboa,Nicaragua,23,2023,1,23,1,Bajo
14561,2023-08-29,Balboa,España,18,2023,8,29,3,Bajo
14562,2022-06-08,Balboa,Nicaragua,63,2022,6,8,2,Alto
14563,2023-07-11,Apulo,Estados Unidos,72,2023,7,11,3,Alto
14564,2021-01-09,Puerta Del Diablo,Canada,38,2021,1,9,1,Medio
14565,2023-02-25,Amulapa,Guatemala,10,2023,2,25,1,Bajo
14566,2021-10-08,Cerro Verde,Mexico,76,2021,10,8,4,Alto
14567,2023-09-05,Amulapa,Mexico,53,2023,9,5,3,Medio
14568,2024-06-12,Sunset Park,Honduras,73,2024,6,12,2,Alto
14569,2024-02-11,Balboa,Costa Rica,63,2024,2,11,1,Alto
14570,2021-04-18,Apulo,Canada,68,2021,4,18,2,Alto
14571,2021-09-03,Sunset Park,España,71,2021,9,3,3,Alto
14572,2022-12-02,Balboa,Costa Rica,10,2022,12,2,4,Bajo
14573,2021-09-27,Apulo,Estados Unidos,44,2021,9,27,3,Medio
14574,2023-07-12,Cerro Verde,Costa Rica,51,2023,7,12,3,Medio
14575,2021-03-27,Puerta Del Diablo,España,43,2021,3,27,1,Medio
14576,2023-07-21,Puerta Del Diablo,Estados Unidos,40,2023,7,21,3,Medio
14577,2021-01-17,Balboa,Honduras,16,2021,1,17,1,Bajo
14578,2023-02-19,Balboa,Guatemala,35,2023,2,19,1,Medio
14579,2024-03-11,Cerro Verde,Costa Rica,72,2024,3,11,1,Alto
14580,2023-04-18,Sunset Park,Honduras,30,2023,4,18,2,Medio
14581,2024-11-08,Sunset Park,Mexico,17,2024,11,8,4,Bajo
14582,2021-01-10,Cerro Verde,Mexico,45,2021,1,10,1,Medio
14583,2023-12-03,Sunset Park,Nicaragua,50,2023,12,3,4,Medio
14584,2023-01-19,Cerro Verde,Estados Unidos,60,2023,1,19,1,Alto
14585,2022-12-19,Puerta Del Diablo,Nicaragua,54,2022,12,19,4,Medio
14586,2024-01-15,Balboa,Guatemala,77,2024,1,15,1,Alto
14587,2022-03-27,Sunset Park,Guatemala,17,2022,3,27,1,Bajo
14588,2021-09-21,Balboa,Costa Rica,48,2021,9,21,3,Medio
14589,2024-04-02,Apulo,Estados Unidos,10,2024,4,2,2,Bajo
14590,2021-10-17,Cerro Verde,Costa Rica,36,2021,10,17,4,Medio
14591,2023-04-13,Sunset Park,Estados Unidos,54,2023,4,13,2,Medio
14592,2021-09-18,Cerro Verde,Costa Rica,28,2021,9,18,3,Bajo
14593,2021-03-18,Apulo,Canada,24,2021,3,18,1,Bajo
14594,2022-10-28,Amulapa,Estados Unidos,11,2022,10,28,4,Bajo
14595,2021-06-11,Cerro Verde,Guatemala,77,2021,6,11,2,Alto
14596,2022-08-30,Cerro Verde,Guatemala,26,2022,8,30,3,Bajo
14597,2023-03-17,Cerro Verde,Nicaragua,38,2023,3,17,1,Medio
14598,2022-02-16,Apulo,Canada,11,2022,2,16,1,Bajo
14599,2022-07-21,Sunset Park,Nicaragua,18,2022,7,21,3,Bajo
14600,2022-08-09,Apulo,Nicaragua,22,2022,8,9,3,Bajo
14601,2024-09-25,Balboa,Nicaragua,59,2024,9,25,3,Medio
14602,2024-02-09,Apulo,Nicaragua,41,2024,2,9,1,Medio
14603,2022-10-14,Amulapa,Costa Rica,36,2022,10,14,4,Medio
14604,2022-04-30,Balboa,España,75,2022,4,30,2,Alto
14605,2021-04-11,Balboa,España,64,2021,4,11,2,Alto
14606,2021-04-01,Apulo,Costa Rica,20,2021,4,1,2,Bajo
14607,2024-10-29,Puerta Del Diablo,España,33,2024,10,29,4,Medio
14608,2024-10-19,Apulo,Nicaragua,78,2024,10,19,4,Alto
14609,2022-04-10,Sunset Park,Costa Rica,43,2022,4,10,2,Medio
14610,2022-12-07,Cerro Verde,España,26,2022,12,7,4,Bajo
14611,2021-02-11,Balboa,Guatemala,18,2021,2,11,1,Bajo
14612,2022-07-11,Amulapa,Honduras,19,2022,7,11,3,Bajo
14613,2022-10-17,Puerta Del Diablo,Nicaragua,63,2022,10,17,4,Alto
14614,2021-09-25,Puerta Del Diablo,Guatemala,5,2021,9,25,3,Bajo
14615,2022-04-11,Amulapa,Costa Rica,16,2022,4,11,2,Bajo
14616,2023-01-07,Amulapa,Guatemala,51,2023,1,7,1,Medio
14617,2023-08-12,Cerro Verde,España,59,2023,8,12,3,Medio
14618,2023-10-05,Sunset Park,España,65,2023,10,5,4,Alto
14619,2022-07-02,Puerta Del Diablo,Nicaragua,75,2022,7,2,3,Alto
14620,2021-04-05,Amulapa,Guatemala,44,2021,4,5,2,Medio
14621,2021-03-25,Puerta Del Diablo,Mexico,32,2021,3,25,1,Medio
14622,2024-10-13,Balboa,Estados Unidos,72,2024,10,13,4,Alto
14623,2023-07-13,Amulapa,Guatemala,27,2023,7,13,3,Bajo
14624,2022-08-26,Cerro Verde,Canada,38,2022,8,26,3,Medio
14625,2023-04-25,Sunset Park,Nicaragua,6,2023,4,25,2,Bajo
14626,2024-01-14,Puerta Del Diablo,Mexico,16,2024,1,14,1,Bajo
14627,2022-01-22,Cerro Verde,Costa Rica,6,2022,1,22,1,Bajo
14628,2021-11-06,Apulo,Honduras,43,2021,11,6,4,Medio
14629,2022-11-08,Apulo,Mexico,41,2022,11,8,4,Medio
14630,2022-07-18,Amulapa,Honduras,36,2022,7,18,3,Medio
14631,2024-08-21,Amulapa,España,25,2024,8,21,3,Bajo
14632,2021-06-20,Sunset Park,Guatemala,31,2021,6,20,2,Medio
14633,2023-12-31,Sunset Park,Estados Unidos,43,2023,12,31,4,Medio
14634,2024-11-13,Amulapa,España,47,2024,11,13,4,Medio
14635,2021-02-23,Cerro Verde,Guatemala,20,2021,2,23,1,Bajo
14636,2022-02-21,Balboa,Guatemala,11,2022,2,21,1,Bajo
14637,2023-04-15,Sunset Park,Estados Unidos,52,2023,4,15,2,Medio
14638,2024-08-18,Balboa,España,18,2024,8,18,3,Bajo
14639,2021-05-13,Apulo,España,15,2021,5,13,2,Bajo
14640,2024-06-11,Balboa,España,79,2024,6,11,2,Alto
14641,2023-06-17,Sunset Park,Guatemala,56,2023,6,17,2,Medio
14642,2022-12-11,Puerta Del Diablo,Mexico,18,2022,12,11,4,Bajo
14643,2021-09-12,Puerta Del Diablo,Mexico,45,2021,9,12,3,Medio
14644,2023-06-09,Apulo,Guatemala,77,2023,6,9,2,Alto
14645,2021-04-13,Balboa,Mexico,6,2021,4,13,2,Bajo
14646,2021-10-03,Balboa,Mexico,22,2021,10,3,4,Bajo
14647,2022-05-28,Amulapa,Nicaragua,6,2022,5,28,2,Bajo
14648,2022-06-30,Amulapa,Estados Unidos,18,2022,6,30,2,Bajo
14649,2021-12-25,Apulo,Mexico,8,2021,12,25,4,Bajo
14650,2024-11-04,Balboa,España,21,2024,11,4,4,Bajo
14651,2023-08-06,Amulapa,España,33,2023,8,6,3,Medio
14652,2021-04-27,Sunset Park,Honduras,55,2021,4,27,2,Medio
14653,2024-12-08,Cerro Verde,Nicaragua,11,2024,12,8,4,Bajo
14654,2021-11-04,Balboa,Canada,33,2021,11,4,4,Medio
14655,2023-11-01,Puerta Del Diablo,España,79,2023,11,1,4,Alto
14656,2024-12-15,Sunset Park,Honduras,39,2024,12,15,4,Medio
14657,2023-08-14,Sunset Park,Mexico,40,2023,8,14,3,Medio
14658,2022-08-20,Cerro Verde,Honduras,53,2022,8,20,3,Medio
14659,2023-03-15,Puerta Del Diablo,España,9,2023,3,15,1,Bajo
14660,2024-11-12,Apulo,España,76,2024,11,12,4,Alto
14661,2022-10-08,Apulo,Guatemala,75,2022,10,8,4,Alto
14662,2021-12-12,Amulapa,Guatemala,11,2021,12,12,4,Bajo
14663,2024-07-31,Puerta Del Diablo,Costa Rica,64,2024,7,31,3,Alto
14664,2024-09-05,Cerro Verde,Costa Rica,10,2024,9,5,3,Bajo
14665,2021-08-04,Cerro Verde,Estados Unidos,35,2021,8,4,3,Medio
14666,2022-07-24,Balboa,Honduras,50,2022,7,24,3,Medio
14667,2024-02-02,Puerta Del Diablo,Nicaragua,26,2024,2,2,1,Bajo
14668,2022-01-04,Apulo,Canada,66,2022,1,4,1,Alto
14669,2023-09-13,Balboa,Estados Unidos,74,2023,9,13,3,Alto
14670,2022-02-14,Sunset Park,España,46,2022,2,14,1,Medio
14671,2024-12-08,Cerro Verde,Estados Unidos,58,2024,12,8,4,Medio
14672,2022-02-24,Puerta Del Diablo,Nicaragua,18,2022,2,24,1,Bajo
14673,2024-03-17,Apulo,Mexico,71,2024,3,17,1,Alto
14674,2022-06-28,Apulo,Nicaragua,32,2022,6,28,2,Medio
14675,2023-09-29,Amulapa,España,27,2023,9,29,3,Bajo
14676,2023-09-17,Amulapa,Mexico,39,2023,9,17,3,Medio
14677,2024-08-14,Amulapa,Honduras,39,2024,8,14,3,Medio
14678,2021-04-01,Puerta Del Diablo,Canada,78,2021,4,1,2,Alto
14679,2024-06-21,Apulo,Estados Unidos,29,2024,6,21,2,Bajo
14680,2024-01-14,Apulo,Mexico,68,2024,1,14,1,Alto
14681,2024-01-09,Amulapa,Mexico,21,2024,1,9,1,Bajo
14682,2021-05-22,Amulapa,Guatemala,55,2021,5,22,2,Medio
14683,2022-07-28,Sunset Park,Nicaragua,32,2022,7,28,3,Medio
14684,2024-01-03,Amulapa,España,17,2024,1,3,1,Bajo
14685,2022-08-27,Puerta Del Diablo,Nicaragua,28,2022,8,27,3,Bajo
14686,2024-09-17,Amulapa,Honduras,57,2024,9,17,3,Medio
14687,2023-01-28,Sunset Park,Nicaragua,31,2023,1,28,1,Medio
14688,2022-02-07,Amulapa,Canada,48,2022,2,7,1,Medio
14689,2021-12-26,Cerro Verde,Canada,52,2021,12,26,4,Medio
14690,2024-01-11,Puerta Del Diablo,Estados Unidos,69,2024,1,11,1,Alto
14691,2023-09-15,Apulo,España,56,2023,9,15,3,Medio
14692,2023-08-15,Balboa,España,24,2023,8,15,3,Bajo
14693,2021-03-26,Apulo,Honduras,9,2021,3,26,1,Bajo
14694,2022-08-27,Apulo,Canada,72,2022,8,27,3,Alto
14695,2022-10-18,Puerta Del Diablo,Estados Unidos,52,2022,10,18,4,Medio
14696,2022-08-18,Apulo,Honduras,9,2022,8,18,3,Bajo
14697,2021-09-14,Balboa,Costa Rica,78,2021,9,14,3,Alto
14698,2022-02-17,Puerta Del Diablo,Honduras,50,2022,2,17,1,Medio
14699,2022-02-10,Balboa,Guatemala,15,2022,2,10,1,Bajo
14700,2022-11-03,Apulo,Costa Rica,26,2022,11,3,4,Bajo
14701,2022-08-17,Cerro Verde,Estados Unidos,17,2022,8,17,3,Bajo
14702,2024-06-05,Puerta Del Diablo,Guatemala,45,2024,6,5,2,Medio
14703,2024-07-10,Cerro Verde,Estados Unidos,66,2024,7,10,3,Alto
14704,2021-11-13,Balboa,Estados Unidos,42,2021,11,13,4,Medio
14705,2022-03-12,Cerro Verde,Guatemala,29,2022,3,12,1,Bajo
14706,2023-04-20,Cerro Verde,España,79,2023,4,20,2,Alto
14707,2021-04-18,Sunset Park,Costa Rica,32,2021,4,18,2,Medio
14708,2023-11-04,Sunset Park,Canada,13,2023,11,4,4,Bajo
14709,2023-07-25,Amulapa,España,74,2023,7,25,3,Alto
14710,2024-10-24,Cerro Verde,Estados Unidos,22,2024,10,24,4,Bajo
14711,2024-05-19,Cerro Verde,Guatemala,30,2024,5,19,2,Medio
14712,2021-11-16,Sunset Park,Mexico,42,2021,11,16,4,Medio
14713,2024-03-04,Puerta Del Diablo,Costa Rica,20,2024,3,4,1,Bajo
14714,2021-05-31,Amulapa,Canada,76,2021,5,31,2,Alto
14715,2021-03-30,Apulo,Canada,50,2021,3,30,1,Medio
14716,2024-02-11,Cerro Verde,España,52,2024,2,11,1,Medio
14717,2021-09-20,Puerta Del Diablo,Guatemala,35,2021,9,20,3,Medio
14718,2024-01-26,Apulo,España,7,2024,1,26,1,Bajo
14719,2021-03-17,Cerro Verde,Honduras,20,2021,3,17,1,Bajo
14720,2024-01-26,Cerro Verde,Canada,17,2024,1,26,1,Bajo
14721,2021-04-21,Balboa,Estados Unidos,73,2021,4,21,2,Alto
14722,2023-01-17,Apulo,Canada,28,2023,1,17,1,Bajo
14723,2023-12-05,Sunset Park,Canada,77,2023,12,5,4,Alto
14724,2021-01-04,Puerta Del Diablo,Honduras,10,2021,1,4,1,Bajo
14725,2024-02-02,Apulo,España,70,2024,2,2,1,Alto
14726,2023-03-14,Puerta Del Diablo,Honduras,9,2023,3,14,1,Bajo
14727,2021-08-22,Sunset Park,Estados Unidos,22,2021,8,22,3,Bajo
14728,2024-10-26,Balboa,Estados Unidos,47,2024,10,26,4,Medio
14729,2024-09-01,Balboa,Canada,69,2024,9,1,3,Alto
14730,2024-04-19,Apulo,Estados Unidos,36,2024,4,19,2,Medio
14731,2023-12-17,Balboa,Canada,33,2023,12,17,4,Medio
14732,2021-04-09,Balboa,Costa Rica,9,2021,4,9,2,Bajo
14733,2021-04-10,Puerta Del Diablo,Estados Unidos,13,2021,4,10,2,Bajo
14734,2022-01-27,Cerro Verde,España,27,2022,1,27,1,Bajo
14735,2024-09-11,Puerta Del Diablo,Estados Unidos,19,2024,9,11,3,Bajo
14736,2021-03-17,Sunset Park,España,60,2021,3,17,1,Alto
14737,2024-08-01,Apulo,Nicaragua,62,2024,8,1,3,Alto
14738,2023-04-23,Apulo,Estados Unidos,59,2023,4,23,2,Medio
14739,2023-01-28,Balboa,Costa Rica,53,2023,1,28,1,Medio
14740,2024-07-22,Cerro Verde,Estados Unidos,51,2024,7,22,3,Medio
14741,2021-12-31,Cerro Verde,Mexico,71,2021,12,31,4,Alto
14742,2022-01-10,Balboa,España,6,2022,1,10,1,Bajo
14743,2022-03-27,Puerta Del Diablo,Estados Unidos,11,2022,3,27,1,Bajo
14744,2022-09-14,Sunset Park,Mexico,65,2022,9,14,3,Alto
14745,2024-09-26,Balboa,España,37,2024,9,26,3,Medio
14746,2021-02-28,Cerro Verde,Canada,5,2021,2,28,1,Bajo
14747,2021-01-14,Cerro Verde,Costa Rica,28,2021,1,14,1,Bajo
14748,2022-12-06,Balboa,Mexico,64,2022,12,6,4,Alto
14749,2023-08-04,Sunset Park,Estados Unidos,36,2023,8,4,3,Medio
14750,2022-12-24,Amulapa,Nicaragua,67,2022,12,24,4,Alto
14751,2023-06-21,Cerro Verde,Nicaragua,19,2023,6,21,2,Bajo
14752,2022-01-13,Cerro Verde,Canada,5,2022,1,13,1,Bajo
14753,2021-11-29,Balboa,Mexico,41,2021,11,29,4,Medio
14754,2021-09-06,Puerta Del Diablo,Honduras,27,2021,9,6,3,Bajo
14755,2021-10-26,Balboa,Canada,24,2021,10,26,4,Bajo
14756,2021-07-15,Balboa,Estados Unidos,65,2021,7,15,3,Alto
14757,2023-08-04,Puerta Del Diablo,Estados Unidos,76,2023,8,4,3,Alto
14758,2021-03-29,Apulo,Costa Rica,11,2021,3,29,1,Bajo
14759,2021-04-11,Puerta Del Diablo,Costa Rica,35,2021,4,11,2,Medio
14760,2023-05-23,Amulapa,Estados Unidos,53,2023,5,23,2,Medio
14761,2024-08-04,Puerta Del Diablo,Canada,70,2024,8,4,3,Alto
14762,2024-04-18,Amulapa,Honduras,31,2024,4,18,2,Medio
14763,2021-12-18,Sunset Park,España,64,2021,12,18,4,Alto
14764,2022-11-09,Apulo,Costa Rica,11,2022,11,9,4,Bajo
14765,2024-06-22,Puerta Del Diablo,España,42,2024,6,22,2,Medio
14766,2022-12-28,Balboa,España,60,2022,12,28,4,Alto
14767,2024-01-14,Sunset Park,Costa Rica,33,2024,1,14,1,Medio
14768,2021-06-04,Sunset Park,Canada,18,2021,6,4,2,Bajo
14769,2023-03-28,Apulo,Nicaragua,44,2023,3,28,1,Medio
14770,2022-12-03,Sunset Park,Estados Unidos,52,2022,12,3,4,Medio
14771,2022-06-08,Puerta Del Diablo,España,6,2022,6,8,2,Bajo
14772,2024-10-16,Sunset Park,Guatemala,53,2024,10,16,4,Medio
14773,2021-11-05,Amulapa,Costa Rica,49,2021,11,5,4,Medio
14774,2021-09-24,Sunset Park,Canada,42,2021,9,24,3,Medio
14775,2024-05-12,Sunset Park,Costa Rica,69,2024,5,12,2,Alto
14776,2022-11-20,Balboa,Guatemala,5,2022,11,20,4,Bajo
14777,2021-09-09,Amulapa,Honduras,8,2021,9,9,3,Bajo
14778,2024-08-20,Amulapa,España,6,2024,8,20,3,Bajo
14779,2021-04-24,Apulo,Canada,11,2021,4,24,2,Bajo
14780,2023-02-04,Puerta Del Diablo,Guatemala,51,2023,2,4,1,Medio
14781,2023-06-27,Amulapa,Estados Unidos,22,2023,6,27,2,Bajo
14782,2022-10-05,Sunset Park,Canada,12,2022,10,5,4,Bajo
14783,2021-12-11,Cerro Verde,Mexico,77,2021,12,11,4,Alto
14784,2024-06-10,Puerta Del Diablo,Guatemala,79,2024,6,10,2,Alto
14785,2024-04-25,Amulapa,Nicaragua,62,2024,4,25,2,Alto
14786,2024-07-07,Balboa,Nicaragua,43,2024,7,7,3,Medio
14787,2021-07-03,Amulapa,Honduras,66,2021,7,3,3,Alto
14788,2021-11-20,Amulapa,Honduras,6,2021,11,20,4,Bajo
14789,2021-01-09,Apulo,Estados Unidos,34,2021,1,9,1,Medio
14790,2023-07-02,Balboa,Guatemala,17,2023,7,2,3,Bajo
14791,2021-12-03,Balboa,España,19,2021,12,3,4,Bajo
14792,2024-02-02,Amulapa,Estados Unidos,67,2024,2,2,1,Alto
14793,2022-04-27,Apulo,Mexico,31,2022,4,27,2,Medio
14794,2022-04-24,Puerta Del Diablo,Estados Unidos,33,2022,4,24,2,Medio
14795,2021-12-14,Balboa,Estados Unidos,5,2021,12,14,4,Bajo
14796,2024-02-18,Sunset Park,Costa Rica,44,2024,2,18,1,Medio
14797,2023-01-22,Balboa,Mexico,16,2023,1,22,1,Bajo
14798,2021-09-01,Puerta Del Diablo,Honduras,75,2021,9,1,3,Alto
14799,2022-09-04,Cerro Verde,Estados Unidos,12,2022,9,4,3,Bajo
14800,2024-01-27,Cerro Verde,Guatemala,11,2024,1,27,1,Bajo
14801,2022-05-21,Apulo,Guatemala,62,2022,5,21,2,Alto
14802,2022-12-16,Apulo,Costa Rica,45,2022,12,16,4,Medio
14803,2022-03-19,Amulapa,Estados Unidos,26,2022,3,19,1,Bajo
14804,2021-07-01,Balboa,Mexico,23,2021,7,1,3,Bajo
14805,2024-11-03,Cerro Verde,Estados Unidos,38,2024,11,3,4,Medio
14806,2021-10-04,Apulo,Honduras,51,2021,10,4,4,Medio
14807,2024-12-21,Cerro Verde,España,71,2024,12,21,4,Alto
14808,2023-11-29,Puerta Del Diablo,Costa Rica,71,2023,11,29,4,Alto
14809,2024-05-11,Amulapa,Guatemala,72,2024,5,11,2,Alto
14810,2022-05-02,Sunset Park,Guatemala,48,2022,5,2,2,Medio
14811,2023-12-07,Cerro Verde,Mexico,62,2023,12,7,4,Alto
14812,2023-12-31,Apulo,España,46,2023,12,31,4,Medio
14813,2021-06-07,Cerro Verde,España,42,2021,6,7,2,Medio
14814,2024-06-20,Apulo,Guatemala,54,2024,6,20,2,Medio
14815,2021-10-31,Amulapa,Canada,53,2021,10,31,4,Medio
14816,2024-04-07,Apulo,Canada,15,2024,4,7,2,Bajo
14817,2021-01-21,Puerta Del Diablo,Canada,60,2021,1,21,1,Alto
14818,2022-11-01,Amulapa,Estados Unidos,5,2022,11,1,4,Bajo
14819,2022-05-06,Apulo,Nicaragua,72,2022,5,6,2,Alto
14820,2023-01-14,Apulo,Canada,50,2023,1,14,1,Medio
14821,2021-04-12,Puerta Del Diablo,Canada,54,2021,4,12,2,Medio
14822,2021-10-25,Sunset Park,Estados Unidos,36,2021,10,25,4,Medio
14823,2023-11-09,Amulapa,Nicaragua,9,2023,11,9,4,Bajo
14824,2024-06-22,Puerta Del Diablo,Nicaragua,65,2024,6,22,2,Alto
14825,2021-04-26,Cerro Verde,Nicaragua,8,2021,4,26,2,Bajo
14826,2024-04-03,Balboa,Canada,53,2024,4,3,2,Medio
14827,2022-10-27,Amulapa,Estados Unidos,47,2022,10,27,4,Medio
14828,2022-08-04,Sunset Park,Honduras,52,2022,8,4,3,Medio
14829,2022-06-14,Puerta Del Diablo,Guatemala,67,2022,6,14,2,Alto
14830,2023-01-20,Cerro Verde,España,19,2023,1,20,1,Bajo
14831,2024-06-05,Balboa,Estados Unidos,12,2024,6,5,2,Bajo
14832,2024-01-05,Apulo,España,37,2024,1,5,1,Medio
14833,2024-03-14,Sunset Park,España,24,2024,3,14,1,Bajo
14834,2024-10-13,Sunset Park,Canada,67,2024,10,13,4,Alto
14835,2022-06-11,Amulapa,Nicaragua,77,2022,6,11,2,Alto
14836,2021-09-30,Apulo,Estados Unidos,48,2021,9,30,3,Medio
14837,2021-07-25,Balboa,España,20,2021,7,25,3,Bajo
14838,2024-03-26,Amulapa,España,17,2024,3,26,1,Bajo
14839,2023-03-12,Apulo,Mexico,10,2023,3,12,1,Bajo
14840,2024-04-30,Balboa,Canada,78,2024,4,30,2,Alto
14841,2021-02-04,Sunset Park,Canada,32,2021,2,4,1,Medio
14842,2022-10-14,Amulapa,Mexico,42,2022,10,14,4,Medio
14843,2022-11-20,Balboa,Costa Rica,54,2022,11,20,4,Medio
14844,2022-03-13,Puerta Del Diablo,Estados Unidos,79,2022,3,13,1,Alto
14845,2023-07-28,Amulapa,Nicaragua,60,2023,7,28,3,Alto
14846,2022-01-24,Sunset Park,Guatemala,59,2022,1,24,1,Medio
14847,2024-01-08,Balboa,Guatemala,30,2024,1,8,1,Medio
14848,2024-04-11,Cerro Verde,Mexico,34,2024,4,11,2,Medio
14849,2024-08-22,Balboa,España,50,2024,8,22,3,Medio
14850,2021-04-09,Balboa,Nicaragua,56,2021,4,9,2,Medio
14851,2023-11-24,Amulapa,España,77,2023,11,24,4,Alto
14852,2021-07-13,Amulapa,Costa Rica,11,2021,7,13,3,Bajo
14853,2021-05-09,Sunset Park,Estados Unidos,30,2021,5,9,2,Medio
14854,2021-09-18,Balboa,Canada,26,2021,9,18,3,Bajo
14855,2024-12-10,Apulo,Canada,31,2024,12,10,4,Medio
14856,2022-10-04,Cerro Verde,Costa Rica,63,2022,10,4,4,Alto
14857,2022-10-28,Apulo,Mexico,49,2022,10,28,4,Medio
14858,2024-07-13,Amulapa,Guatemala,42,2024,7,13,3,Medio
14859,2023-07-30,Apulo,Estados Unidos,15,2023,7,30,3,Bajo
14860,2024-01-09,Apulo,Guatemala,26,2024,1,9,1,Bajo
14861,2024-10-02,Sunset Park,España,16,2024,10,2,4,Bajo
14862,2023-04-25,Puerta Del Diablo,Nicaragua,65,2023,4,25,2,Alto
14863,2024-09-29,Cerro Verde,Canada,64,2024,9,29,3,Alto
14864,2021-03-02,Puerta Del Diablo,Mexico,22,2021,3,2,1,Bajo
14865,2023-02-12,Puerta Del Diablo,España,13,2023,2,12,1,Bajo
14866,2024-02-20,Sunset Park,Costa Rica,79,2024,2,20,1,Alto
14867,2023-04-26,Balboa,Honduras,41,2023,4,26,2,Medio
14868,2022-12-23,Balboa,Nicaragua,22,2022,12,23,4,Bajo
14869,2022-03-11,Sunset Park,Mexico,62,2022,3,11,1,Alto
14870,2021-06-20,Amulapa,Honduras,34,2021,6,20,2,Medio
14871,2022-03-01,Sunset Park,Nicaragua,18,2022,3,1,1,Bajo
14872,2023-06-06,Amulapa,Canada,37,2023,6,6,2,Medio
14873,2022-04-11,Amulapa,Nicaragua,77,2022,4,11,2,Alto
14874,2022-12-14,Amulapa,Estados Unidos,54,2022,12,14,4,Medio
14875,2023-03-20,Cerro Verde,España,20,2023,3,20,1,Bajo
14876,2022-03-25,Apulo,España,11,2022,3,25,1,Bajo
14877,2024-07-18,Puerta Del Diablo,Guatemala,63,2024,7,18,3,Alto
14878,2024-01-11,Balboa,Estados Unidos,71,2024,1,11,1,Alto
14879,2021-02-05,Amulapa,Estados Unidos,10,2021,2,5,1,Bajo
14880,2024-12-16,Amulapa,Mexico,7,2024,12,16,4,Bajo
14881,2023-02-27,Sunset Park,Canada,19,2023,2,27,1,Bajo
14882,2023-04-24,Sunset Park,Guatemala,57,2023,4,24,2,Medio
14883,2023-09-29,Apulo,Honduras,62,2023,9,29,3,Alto
14884,2023-04-23,Sunset Park,Mexico,71,2023,4,23,2,Alto
14885,2021-05-29,Puerta Del Diablo,Nicaragua,55,2021,5,29,2,Medio
14886,2023-06-13,Balboa,Estados Unidos,58,2023,6,13,2,Medio
14887,2022-02-04,Amulapa,Guatemala,27,2022,2,4,1,Bajo
14888,2021-09-16,Amulapa,Guatemala,69,2021,9,16,3,Alto
14889,2023-03-03,Apulo,España,29,2023,3,3,1,Bajo
14890,2024-04-02,Amulapa,Mexico,8,2024,4,2,2,Bajo
14891,2021-07-12,Apulo,Mexico,58,2021,7,12,3,Medio
14892,2024-12-02,Cerro Verde,Estados Unidos,49,2024,12,2,4,Medio
14893,2021-08-19,Apulo,España,37,2021,8,19,3,Medio
14894,2021-02-18,Balboa,Costa Rica,37,2021,2,18,1,Medio
14895,2021-04-24,Puerta Del Diablo,Guatemala,69,2021,4,24,2,Alto
14896,2022-08-13,Sunset Park,Nicaragua,28,2022,8,13,3,Bajo
14897,2022-02-22,Puerta Del Diablo,Canada,49,2022,2,22,1,Medio
14898,2021-03-04,Puerta Del Diablo,Canada,60,2021,3,4,1,Alto
14899,2021-02-27,Balboa,Mexico,49,2021,2,27,1,Medio
14900,2024-11-03,Cerro Verde,Costa Rica,31,2024,11,3,4,Medio
14901,2021-08-17,Amulapa,Costa Rica,73,2021,8,17,3,Alto
14902,2022-01-30,Apulo,Nicaragua,52,2022,1,30,1,Medio
14903,2022-10-05,Cerro Verde,Canada,33,2022,10,5,4,Medio
14904,2022-04-20,Cerro Verde,Guatemala,45,2022,4,20,2,Medio
14905,2023-02-02,Cerro Verde,Estados Unidos,79,2023,2,2,1,Alto
14906,2022-11-15,Sunset Park,Costa Rica,34,2022,11,15,4,Medio
14907,2024-12-28,Puerta Del Diablo,Guatemala,57,2024,12,28,4,Medio
14908,2021-01-29,Puerta Del Diablo,Estados Unidos,70,2021,1,29,1,Alto
14909,2024-12-01,Cerro Verde,Estados Unidos,6,2024,12,1,4,Bajo
14910,2023-02-28,Cerro Verde,Mexico,16,2023,2,28,1,Bajo
14911,2024-10-11,Apulo,Canada,11,2024,10,11,4,Bajo
14912,2022-06-17,Sunset Park,Honduras,55,2022,6,17,2,Medio
14913,2021-06-01,Apulo,Canada,63,2021,6,1,2,Alto
14914,2022-10-14,Sunset Park,Nicaragua,36,2022,10,14,4,Medio
14915,2021-07-30,Amulapa,Mexico,75,2021,7,30,3,Alto
14916,2024-08-11,Cerro Verde,Estados Unidos,57,2024,8,11,3,Medio
14917,2023-11-09,Sunset Park,Honduras,40,2023,11,9,4,Medio
14918,2024-04-15,Puerta Del Diablo,Costa Rica,58,2024,4,15,2,Medio
14919,2023-05-18,Balboa,Estados Unidos,55,2023,5,18,2,Medio
14920,2021-01-05,Puerta Del Diablo,Guatemala,78,2021,1,5,1,Alto
14921,2022-12-16,Cerro Verde,Guatemala,16,2022,12,16,4,Bajo
14922,2024-01-18,Puerta Del Diablo,Costa Rica,7,2024,1,18,1,Bajo
14923,2021-09-05,Sunset Park,Mexico,77,2021,9,5,3,Alto
14924,2023-04-24,Sunset Park,Costa Rica,14,2023,4,24,2,Bajo
14925,2021-12-02,Cerro Verde,Canada,64,2021,12,2,4,Alto
14926,2023-01-25,Apulo,Canada,70,2023,1,25,1,Alto
14927,2024-12-20,Sunset Park,Mexico,56,2024,12,20,4,Medio
14928,2021-08-26,Amulapa,España,11,2021,8,26,3,Bajo
14929,2021-08-23,Puerta Del Diablo,Estados Unidos,61,2021,8,23,3,Alto
14930,2022-09-19,Cerro Verde,Mexico,71,2022,9,19,3,Alto
14931,2024-02-15,Amulapa,España,73,2024,2,15,1,Alto
14932,2024-01-27,Amulapa,Mexico,55,2024,1,27,1,Medio
14933,2023-03-13,Puerta Del Diablo,Canada,11,2023,3,13,1,Bajo
14934,2021-04-29,Balboa,Guatemala,19,2021,4,29,2,Bajo
14935,2021-12-26,Amulapa,Guatemala,17,2021,12,26,4,Bajo
14936,2021-08-11,Cerro Verde,Honduras,41,2021,8,11,3,Medio
14937,2023-12-13,Puerta Del Diablo,Mexico,8,2023,12,13,4,Bajo
14938,2023-04-07,Apulo,Guatemala,15,2023,4,7,2,Bajo
14939,2021-11-26,Amulapa,España,68,2021,11,26,4,Alto
14940,2023-08-27,Apulo,España,18,2023,8,27,3,Bajo
14941,2022-05-07,Puerta Del Diablo,Guatemala,12,2022,5,7,2,Bajo
14942,2022-11-26,Sunset Park,Guatemala,37,2022,11,26,4,Medio
14943,2022-08-05,Sunset Park,Costa Rica,13,2022,8,5,3,Bajo
14944,2024-11-07,Puerta Del Diablo,Canada,31,2024,11,7,4,Medio
14945,2022-06-17,Sunset Park,Honduras,52,2022,6,17,2,Medio
14946,2022-09-22,Amulapa,Mexico,40,2022,9,22,3,Medio
14947,2024-08-01,Sunset Park,Nicaragua,25,2024,8,1,3,Bajo
14948,2024-10-01,Sunset Park,Canada,23,2024,10,1,4,Bajo
14949,2021-11-16,Cerro Verde,España,22,2021,11,16,4,Bajo
14950,2023-10-05,Sunset Park,Costa Rica,18,2023,10,5,4,Bajo
14951,2021-04-08,Amulapa,Guatemala,66,2021,4,8,2,Alto
14952,2022-01-28,Sunset Park,Estados Unidos,7,2022,1,28,1,Bajo
14953,2022-09-13,Puerta Del Diablo,Estados Unidos,39,2022,9,13,3,Medio
14954,2024-03-05,Amulapa,Nicaragua,72,2024,3,5,1,Alto
14955,2021-09-01,Cerro Verde,Guatemala,72,2021,9,1,3,Alto
14956,2021-03-05,Balboa,Costa Rica,17,2021,3,5,1,Bajo
14957,2022-12-25,Cerro Verde,Canada,13,2022,12,25,4,Bajo
14958,2023-03-29,Sunset Park,Nicaragua,27,2023,3,29,1,Bajo
14959,2022-10-19,Balboa,Mexico,13,2022,10,19,4,Bajo
14960,2022-10-18,Puerta Del Diablo,Estados Unidos,53,2022,10,18,4,Medio
14961,2022-04-08,Sunset Park,Guatemala,54,2022,4,8,2,Medio
14962,2023-06-28,Sunset Park,Mexico,31,2023,6,28,2,Medio
14963,2022-12-10,Puerta Del Diablo,Mexico,58,2022,12,10,4,Medio
14964,2024-10-13,Cerro Verde,España,77,2024,10,13,4,Alto
14965,2024-03-11,Cerro Verde,Mexico,33,2024,3,11,1,Medio
14966,2024-06-18,Apulo,Canada,49,2024,6,18,2,Medio
14967,2024-10-27,Apulo,Nicaragua,43,2024,10,27,4,Medio
14968,2023-07-03,Sunset Park,España,14,2023,7,3,3,Bajo
14969,2023-11-24,Amulapa,Mexico,51,2023,11,24,4,Medio
14970,2021-07-22,Balboa,Honduras,53,2021,7,22,3,Medio
14971,2023-03-13,Balboa,Costa Rica,21,2023,3,13,1,Bajo
14972,2023-09-28,Amulapa,Costa Rica,67,2023,9,28,3,Alto
14973,2021-07-27,Cerro Verde,Canada,42,2021,7,27,3,Medio
14974,2021-06-17,Puerta Del Diablo,Honduras,76,2021,6,17,2,Alto
14975,2022-09-03,Balboa,Nicaragua,35,2022,9,3,3,Medio
14976,2021-06-01,Apulo,Costa Rica,47,2021,6,1,2,Medio
14977,2022-01-02,Apulo,Nicaragua,63,2022,1,2,1,Alto
14978,2024-05-02,Sunset Park,Costa Rica,68,2024,5,2,2,Alto
14979,2023-01-08,Amulapa,Estados Unidos,39,2023,1,8,1,Medio
14980,2023-07-09,Balboa,España,17,2023,7,9,3,Bajo
14981,2024-06-23,Balboa,Guatemala,44,2024,6,23,2,Medio
14982,2022-05-03,Cerro Verde,Nicaragua,10,2022,5,3,2,Bajo
14983,2024-07-05,Apulo,Honduras,49,2024,7,5,3,Medio
14984,2023-06-26,Puerta Del Diablo,Canada,38,2023,6,26,2,Medio
14985,2023-05-14,Cerro Verde,Guatemala,17,2023,5,14,2,Bajo
14986,2021-09-18,Apulo,Nicaragua,19,2021,9,18,3,Bajo
14987,2022-08-25,Amulapa,Mexico,69,2022,8,25,3,Alto
14988,2021-10-21,Apulo,Nicaragua,15,2021,10,21,4,Bajo
14989,2024-07-10,Puerta Del Diablo,Canada,53,2024,7,10,3,Medio
14990,2022-09-03,Puerta Del Diablo,Honduras,48,2022,9,3,3,Medio
14991,2024-01-21,Balboa,Guatemala,8,2024,1,21,1,Bajo
14992,2022-04-05,Sunset Park,Mexico,37,2022,4,5,2,Medio
14993,2023-07-10,Puerta Del Diablo,Mexico,68,2023,7,10,3,Alto
14994,2023-10-20,Balboa,Honduras,51,2023,10,20,4,Medio
14995,2022-04-24,Sunset Park,Canada,19,2022,4,24,2,Bajo
14996,2024-03-11,Puerta Del Diablo,Mexico,41,2024,3,11,1,Medio
14997,2023-01-16,Apulo,Costa Rica,76,2023,1,16,1,Alto
14998,2021-02-26,Puerta Del Diablo,Costa Rica,57,2021,2,26,1,Medio
14999,2021-06-07,Amulapa,Honduras,51,2021,6,7,2,Medio
15000,2024-04-05,Balboa,Nicaragua,21,2024,4,5,2,Bajo
