id_reserva,fecha,departamento,tipo_hotel,habitaciones,ocupadas,tarifa_promedio,anio,mes,dia,trimestre,porcentaje_ocupacion,nivel_ocupacion,ingreso_estimado
2,2021-06-06,San Miguel,Rural,195,61,53,2021,6,6,2,31.28205128205128,Baja,3233
3,2023-12-29,Santa Ana,Ciudad,178,48,54,2023,12,29,4,26.96629213483146,Baja,2592
4,2023-01-14,Santa Ana,Montaña,89,39,106,2023,1,14,1,43.82022471910113,Media,4134
5,2024-06-22,La Paz,Ciudad,181,87,150,2024,6,22,2,48.06629834254144,Media,13050
8,2023-08-06,San Salvador,Ciudad,124,46,92,2023,8,6,3,37.096774193548384,Baja,4232
9,2023-10-02,Usulutan,Playa,82,64,246,2023,10,2,4,78.04878048780488,Alta,15744
10,2023-07-17,La Paz,Ciudad,102,57,175,2023,7,17,3,55.88235294117647,Media,9975
11,2023-06-03,San Salvador,Rural,126,24,139,2023,6,3,2,19.047619047619047,Baja,3336
13,2024-10-13,Sonsonate,Montaña,44,27,63,2024,10,13,4,61.36363636363637,Media,1701
17,2023-07-13,San Salvador,Rural,27,25,146,2023,7,13,3,92.5925925925926,Alta,3650
18,2023-08-06,La Libertad,Playa,133,77,127,2023,8,6,3,57.89473684210527,Media,9779
21,2022-12-05,Ahuachapan,Playa,111,50,36,2022,12,5,4,45.04504504504504,Media,1800
22,2022-01-15,Usulutan,Rural,149,8,140,2022,1,15,1,5.369127516778524,Baja,1120
23,2024-03-19,San Salvador,Montaña,195,7,243,2024,3,19,1,3.5897435897435894,Baja,1701
24,2024-10-03,San Salvador,Playa,186,106,126,2024,10,3,4,56.98924731182796,Media,13356
33,2024-02-08,San Salvador,Ciudad,149,7,143,2024,2,8,1,4.697986577181208,Baja,1001
34,2022-09-21,Santa Ana,Rural,141,45,49,2022,9,21,3,31.914893617021278,Baja,2205
36,2023-01-26,La Libertad,Playa,159,102,216,2023,1,26,1,64.15094339622641,Media,22032
37,2022-07-01,San Salvador,Montaña,135,133,131,2022,7,1,3,98.51851851851852,Alta,17423
38,2024-05-14,La Paz,Ciudad,114,15,241,2024,5,14,2,13.157894736842104,Baja,3615
42,2022-10-17,San Salvador,Playa,41,33,119,2022,10,17,4,80.48780487804879,Alta,3927
46,2021-02-13,Sonsonate,Ciudad,162,62,60,2021,2,13,1,38.2716049382716,Baja,3720
48,2022-03-22,Ahuachapan,Ciudad,196,43,117,2022,3,22,1,21.93877551020408,Baja,5031
50,2022-03-20,Ahuachapan,Rural,127,121,211,2022,3,20,1,95.2755905511811,Alta,25531
51,2021-07-14,Usulutan,Rural,195,11,186,2021,7,14,3,5.641025641025641,Baja,2046
54,2023-08-16,La Libertad,Rural,197,5,230,2023,8,16,3,2.5380710659898478,Baja,1150
55,2021-06-15,La Paz,Montaña,106,92,249,2021,6,15,2,86.79245283018868,Alta,22908
56,2021-11-11,Ahuachapan,Rural,93,93,148,2021,11,11,4,100.0,Alta,13764
57,2021-06-10,Santa Ana,Playa,98,69,51,2021,6,10,2,70.40816326530613,Alta,3519
59,2022-04-26,La Paz,Montaña,153,47,153,2022,4,26,2,30.718954248366014,Baja,7191
61,2021-09-28,Santa Ana,Playa,114,61,46,2021,9,28,3,53.50877192982456,Media,2806
62,2024-05-04,La Libertad,Playa,156,25,191,2024,5,4,2,16.025641025641026,Baja,4775
64,2021-10-24,Sonsonate,Playa,186,112,166,2021,10,24,4,60.215053763440864,Media,18592
65,2021-11-19,Santa Ana,Playa,162,161,83,2021,11,19,4,99.38271604938271,Alta,13363
66,2022-09-02,San Miguel,Playa,178,157,184,2022,9,2,3,88.20224719101124,Alta,28888
68,2022-09-25,San Salvador,Montaña,147,34,65,2022,9,25,3,23.12925170068027,Baja,2210
69,2021-01-16,Usulutan,Rural,193,77,40,2021,1,16,1,39.89637305699482,Baja,3080
70,2021-12-11,Usulutan,Rural,67,28,232,2021,12,11,4,41.7910447761194,Media,6496
71,2023-09-12,Santa Ana,Playa,78,16,167,2023,9,12,3,20.51282051282051,Baja,2672
72,2022-12-08,Sonsonate,Montaña,102,81,43,2022,12,8,4,79.41176470588235,Alta,3483
75,2022-02-09,La Libertad,Montaña,150,101,90,2022,2,9,1,67.33333333333333,Media,9090
77,2022-09-12,La Libertad,Ciudad,181,28,44,2022,9,12,3,15.469613259668508,Baja,1232
78,2021-05-23,Usulutan,Montaña,185,83,190,2021,5,23,2,44.86486486486487,Media,15770
81,2022-08-07,La Libertad,Rural,32,24,245,2022,8,7,3,75.0,Alta,5880
84,2023-01-21,Sonsonate,Rural,70,63,102,2023,1,21,1,90.0,Alta,6426
86,2022-11-30,San Miguel,Playa,161,29,50,2022,11,30,4,18.012422360248447,Baja,1450
87,2024-11-27,La Libertad,Ciudad,125,54,117,2024,11,27,4,43.2,Media,6318
89,2023-12-11,Usulutan,Rural,186,77,247,2023,12,11,4,41.39784946236559,Media,19019
91,2021-01-31,La Paz,Montaña,54,53,153,2021,1,31,1,98.14814814814815,Alta,8109
92,2024-08-20,Sonsonate,Playa,185,36,233,2024,8,20,3,19.45945945945946,Baja,8388
94,2022-10-28,Ahuachapan,Ciudad,25,11,222,2022,10,28,4,44.0,Media,2442
95,2021-06-05,La Paz,Ciudad,185,65,154,2021,6,5,2,35.13513513513514,Baja,10010
96,2024-01-24,La Paz,Playa,104,101,187,2024,1,24,1,97.11538461538461,Alta,18887
97,2022-03-18,La Paz,Ciudad,156,41,72,2022,3,18,1,26.282051282051285,Baja,2952
98,2021-03-03,Ahuachapan,Rural,112,74,135,2021,3,3,1,66.07142857142857,Media,9990
99,2024-10-13,San Miguel,Playa,193,83,196,2024,10,13,4,43.005181347150256,Media,16268
100,2023-11-05,La Paz,Montaña,142,21,165,2023,11,5,4,14.788732394366196,Baja,3465
101,2024-05-29,Ahuachapan,Montaña,102,42,248,2024,5,29,2,41.17647058823529,Media,10416
105,2024-10-29,San Salvador,Ciudad,166,159,47,2024,10,29,4,95.78313253012048,Alta,7473
107,2022-04-26,San Miguel,Playa,95,86,100,2022,4,26,2,90.52631578947368,Alta,8600
109,2021-12-07,Usulutan,Playa,117,92,174,2021,12,7,4,78.63247863247864,Alta,16008
110,2022-02-23,Usulutan,Rural,110,98,167,2022,2,23,1,89.0909090909091,Alta,16366
114,2024-04-06,Santa Ana,Ciudad,116,27,144,2024,4,6,2,23.275862068965516,Baja,3888
117,2023-09-28,San Salvador,Playa,196,17,48,2023,9,28,3,8.673469387755102,Baja,816
118,2022-04-20,La Paz,Montaña,180,11,173,2022,4,20,2,6.111111111111111,Baja,1903
119,2021-08-14,Sonsonate,Montaña,168,144,89,2021,8,14,3,85.71428571428571,Alta,12816
121,2022-03-15,Ahuachapan,Playa,123,31,213,2022,3,15,1,25.203252032520325,Baja,6603
122,2021-06-09,San Miguel,Ciudad,66,26,201,2021,6,9,2,39.39393939393939,Baja,5226
123,2023-08-13,La Libertad,Ciudad,170,119,90,2023,8,13,3,70.0,Alta,10710
124,2022-12-04,Sonsonate,Montaña,196,146,151,2022,12,4,4,74.48979591836735,Alta,22046
126,2023-10-12,Santa Ana,Rural,74,12,170,2023,10,12,4,16.216216216216218,Baja,2040
128,2022-12-24,San Salvador,Ciudad,166,147,228,2022,12,24,4,88.55421686746988,Alta,33516
129,2024-01-08,Sonsonate,Montaña,150,61,211,2024,1,8,1,40.666666666666664,Media,12871
132,2024-05-02,Santa Ana,Rural,199,23,141,2024,5,2,2,11.557788944723619,Baja,3243
133,2022-04-04,Ahuachapan,Rural,153,114,223,2022,4,4,2,74.50980392156863,Alta,25422
134,2023-04-04,Santa Ana,Montaña,182,14,243,2023,4,4,2,7.6923076923076925,Baja,3402
136,2021-06-30,San Salvador,Playa,158,129,192,2021,6,30,2,81.64556962025317,Alta,24768
137,2022-03-29,San Salvador,Ciudad,97,60,130,2022,3,29,1,61.855670103092784,Media,7800
138,2023-10-21,Usulutan,Ciudad,185,85,81,2023,10,21,4,45.94594594594595,Media,6885
145,2023-06-18,Usulutan,Montaña,180,16,229,2023,6,18,2,8.88888888888889,Baja,3664
146,2023-01-26,Ahuachapan,Ciudad,132,37,37,2023,1,26,1,28.030303030303028,Baja,1369
147,2023-07-09,La Paz,Ciudad,189,162,233,2023,7,9,3,85.71428571428571,Alta,37746
148,2024-07-08,Usulutan,Montaña,84,55,44,2024,7,8,3,65.47619047619048,Media,2420
149,2022-06-09,Usulutan,Playa,159,155,190,2022,6,9,2,97.48427672955975,Alta,29450
151,2021-05-30,Usulutan,Rural,157,155,171,2021,5,30,2,98.72611464968153,Alta,26505
154,2022-11-15,San Miguel,Montaña,132,20,60,2022,11,15,4,15.151515151515152,Baja,1200
156,2024-07-19,Sonsonate,Ciudad,173,113,73,2024,7,19,3,65.3179190751445,Media,8249
162,2024-12-29,Sonsonate,Ciudad,148,131,119,2024,12,29,4,88.51351351351352,Alta,15589
165,2022-01-14,La Paz,Rural,188,36,148,2022,1,14,1,19.148936170212767,Baja,5328
166,2024-02-02,La Libertad,Ciudad,186,125,47,2024,2,2,1,67.20430107526882,Media,5875
167,2024-12-05,La Libertad,Playa,198,117,247,2024,12,5,4,59.09090909090909,Media,28899
168,2021-11-28,Sonsonate,Rural,169,168,86,2021,11,28,4,99.40828402366864,Alta,14448
169,2024-06-25,San Miguel,Montaña,150,74,56,2024,6,25,2,49.333333333333336,Media,4144
174,2021-02-03,San Miguel,Montaña,198,52,147,2021,2,3,1,26.262626262626267,Baja,7644
175,2022-07-19,Sonsonate,Ciudad,74,61,41,2022,7,19,3,82.43243243243244,Alta,2501
176,2021-09-24,San Miguel,Rural,165,115,65,2021,9,24,3,69.6969696969697,Media,7475
177,2024-07-24,San Salvador,Montaña,136,107,42,2024,7,24,3,78.67647058823529,Alta,4494
178,2021-01-19,La Libertad,Rural,166,68,135,2021,1,19,1,40.963855421686745,Media,9180
180,2024-12-01,La Libertad,Montaña,99,21,174,2024,12,1,4,21.21212121212121,Baja,3654
181,2022-07-16,La Libertad,Rural,164,152,46,2022,7,16,3,92.6829268292683,Alta,6992
182,2021-07-04,La Libertad,Rural,191,148,144,2021,7,4,3,77.4869109947644,Alta,21312
183,2022-07-14,La Libertad,Playa,65,61,215,2022,7,14,3,93.84615384615384,Alta,13115
190,2021-12-30,La Libertad,Montaña,131,78,149,2021,12,30,4,59.541984732824424,Media,11622
191,2022-07-31,La Libertad,Ciudad,50,34,234,2022,7,31,3,68.0,Media,7956
194,2022-07-19,La Paz,Ciudad,163,74,119,2022,7,19,3,45.39877300613497,Media,8806
196,2024-10-19,Usulutan,Rural,128,27,160,2024,10,19,4,21.09375,Baja,4320
197,2021-11-28,Usulutan,Ciudad,29,24,152,2021,11,28,4,82.75862068965517,Alta,3648
198,2024-06-19,Santa Ana,Montaña,25,21,177,2024,6,19,2,84.0,Alta,3717
200,2023-12-05,San Miguel,Montaña,123,81,128,2023,12,5,4,65.85365853658537,Media,10368
203,2021-08-01,San Miguel,Montaña,110,103,220,2021,8,1,3,93.63636363636364,Alta,22660
207,2022-01-03,San Salvador,Ciudad,158,20,70,2022,1,3,1,12.658227848101266,Baja,1400
209,2022-07-14,La Paz,Montaña,136,48,234,2022,7,14,3,35.294117647058826,Baja,11232
213,2024-12-24,Usulutan,Rural,177,69,229,2024,12,24,4,38.983050847457626,Baja,15801
216,2021-11-08,Santa Ana,Ciudad,169,88,243,2021,11,8,4,52.071005917159766,Media,21384
217,2021-02-27,San Miguel,Playa,119,106,90,2021,2,27,1,89.07563025210085,Alta,9540
218,2023-02-25,Usulutan,Playa,160,114,79,2023,2,25,1,71.25,Alta,9006
220,2023-03-09,Ahuachapan,Playa,92,67,189,2023,3,9,1,72.82608695652173,Alta,12663
221,2023-04-14,San Salvador,Playa,58,44,48,2023,4,14,2,75.86206896551724,Alta,2112
222,2022-02-10,Santa Ana,Playa,170,43,206,2022,2,10,1,25.294117647058822,Baja,8858
223,2024-11-16,La Paz,Montaña,130,112,196,2024,11,16,4,86.15384615384616,Alta,21952
224,2022-11-25,La Paz,Playa,188,42,136,2022,11,25,4,22.340425531914892,Baja,5712
225,2022-03-18,Santa Ana,Ciudad,136,72,147,2022,3,18,1,52.94117647058824,Media,10584
226,2022-04-15,La Libertad,Montaña,181,172,155,2022,4,15,2,95.02762430939227,Alta,26660
228,2022-02-15,La Libertad,Playa,97,20,234,2022,2,15,1,20.618556701030926,Baja,4680
229,2023-06-13,Santa Ana,Ciudad,176,131,155,2023,6,13,2,74.43181818181817,Alta,20305
230,2023-03-09,San Salvador,Rural,58,8,201,2023,3,9,1,13.793103448275861,Baja,1608
231,2023-04-04,Ahuachapan,Rural,183,17,166,2023,4,4,2,9.289617486338798,Baja,2822
233,2022-08-30,San Salvador,Ciudad,123,122,207,2022,8,30,3,99.1869918699187,Alta,25254
234,2023-10-09,Sonsonate,Playa,31,26,144,2023,10,9,4,83.87096774193549,Alta,3744
235,2021-04-04,Santa Ana,Montaña,129,110,86,2021,4,4,2,85.27131782945736,Alta,9460
236,2021-05-18,Usulutan,Ciudad,63,6,81,2021,5,18,2,9.523809523809524,Baja,486
237,2023-12-05,San Salvador,Ciudad,104,29,84,2023,12,5,4,27.884615384615387,Baja,2436
239,2024-04-09,San Miguel,Rural,121,63,164,2024,4,9,2,52.066115702479344,Media,10332
240,2023-07-07,La Paz,Montaña,176,89,191,2023,7,7,3,50.56818181818182,Media,16999
241,2022-07-05,Sonsonate,Montaña,178,152,37,2022,7,5,3,85.39325842696628,Alta,5624
242,2023-04-15,Sonsonate,Montaña,97,60,230,2023,4,15,2,61.855670103092784,Media,13800
245,2022-01-23,San Salvador,Rural,184,119,162,2022,1,23,1,64.67391304347827,Media,19278
250,2024-06-01,Ahuachapan,Rural,138,67,242,2024,6,1,2,48.55072463768116,Media,16214
255,2022-07-29,Sonsonate,Playa,83,64,138,2022,7,29,3,77.10843373493977,Alta,8832
256,2024-12-22,Santa Ana,Playa,185,33,101,2024,12,22,4,17.83783783783784,Baja,3333
257,2021-02-08,La Paz,Playa,61,38,199,2021,2,8,1,62.295081967213115,Media,7562
259,2023-10-05,La Libertad,Ciudad,125,121,151,2023,10,5,4,96.8,Alta,18271
260,2023-07-12,Sonsonate,Montaña,132,29,150,2023,7,12,3,21.96969696969697,Baja,4350
261,2021-10-28,Santa Ana,Rural,159,105,80,2021,10,28,4,66.0377358490566,Media,8400
263,2024-09-07,Ahuachapan,Montaña,119,41,70,2024,9,7,3,34.45378151260504,Baja,2870
264,2021-03-20,Santa Ana,Ciudad,142,43,99,2021,3,20,1,30.28169014084507,Baja,4257
265,2022-04-18,Sonsonate,Montaña,181,102,191,2022,4,18,2,56.353591160220994,Media,19482
267,2024-06-18,San Salvador,Montaña,68,65,237,2024,6,18,2,95.58823529411765,Alta,15405
269,2024-04-21,La Paz,Rural,174,144,80,2024,4,21,2,82.75862068965517,Alta,11520
272,2023-09-24,La Libertad,Playa,133,30,243,2023,9,24,3,22.55639097744361,Baja,7290
277,2021-04-29,La Paz,Montaña,143,65,153,2021,4,29,2,45.45454545454545,Media,9945
280,2023-08-17,Usulutan,Rural,174,105,239,2023,8,17,3,60.3448275862069,Media,25095
281,2023-11-23,San Salvador,Montaña,177,164,81,2023,11,23,4,92.65536723163842,Alta,13284
282,2024-09-17,San Miguel,Montaña,116,87,60,2024,9,17,3,75.0,Alta,5220
285,2024-04-09,Ahuachapan,Rural,59,49,67,2024,4,9,2,83.05084745762711,Alta,3283
287,2023-01-10,La Paz,Ciudad,121,101,55,2023,1,10,1,83.47107438016529,Alta,5555
288,2023-06-14,Sonsonate,Montaña,176,158,118,2023,6,14,2,89.77272727272727,Alta,18644
289,2021-07-02,Santa Ana,Rural,142,64,72,2021,7,2,3,45.07042253521127,Media,4608
292,2022-10-10,Usulutan,Ciudad,167,5,212,2022,10,10,4,2.9940119760479043,Baja,1060
293,2021-11-20,Santa Ana,Montaña,139,13,93,2021,11,20,4,9.352517985611511,Baja,1209
296,2023-01-19,San Salvador,Rural,92,20,155,2023,1,19,1,21.73913043478261,Baja,3100
298,2024-03-23,Ahuachapan,Ciudad,185,23,233,2024,3,23,1,12.432432432432433,Baja,5359
299,2021-12-03,Sonsonate,Ciudad,150,146,112,2021,12,3,4,97.33333333333334,Alta,16352
300,2021-04-22,Santa Ana,Montaña,153,87,122,2021,4,22,2,56.86274509803921,Media,10614
301,2022-03-10,Sonsonate,Montaña,140,26,127,2022,3,10,1,18.571428571428573,Baja,3302
307,2024-07-16,Usulutan,Montaña,150,96,194,2024,7,16,3,64.0,Media,18624
310,2023-10-01,Santa Ana,Ciudad,113,73,148,2023,10,1,4,64.60176991150442,Media,10804
311,2022-12-05,La Libertad,Ciudad,158,122,212,2022,12,5,4,77.21518987341773,Alta,25864
314,2021-01-05,La Libertad,Ciudad,106,89,243,2021,1,5,1,83.9622641509434,Alta,21627
316,2022-06-08,San Miguel,Playa,111,44,239,2022,6,8,2,39.63963963963964,Baja,10516
317,2023-02-01,Sonsonate,Rural,189,44,93,2023,2,1,1,23.28042328042328,Baja,4092
318,2024-12-22,San Miguel,Ciudad,120,58,91,2024,12,22,4,48.333333333333336,Media,5278
320,2024-04-11,Santa Ana,Playa,194,115,83,2024,4,11,2,59.27835051546392,Media,9545
323,2023-04-28,Sonsonate,Ciudad,87,30,51,2023,4,28,2,34.48275862068966,Baja,1530
325,2021-11-17,La Libertad,Ciudad,152,134,147,2021,11,17,4,88.1578947368421,Alta,19698
327,2023-03-07,Santa Ana,Ciudad,165,112,35,2023,3,7,1,67.87878787878789,Media,3920
328,2024-10-06,Santa Ana,Ciudad,44,38,82,2024,10,6,4,86.36363636363636,Alta,3116
329,2022-04-07,Santa Ana,Playa,63,15,182,2022,4,7,2,23.809523809523807,Baja,2730
330,2024-10-10,Ahuachapan,Rural,143,94,75,2024,10,10,4,65.73426573426573,Media,7050
331,2022-09-20,La Libertad,Ciudad,85,19,221,2022,9,20,3,22.35294117647059,Baja,4199
332,2021-08-01,Usulutan,Playa,73,28,68,2021,8,1,3,38.35616438356164,Baja,1904
333,2024-10-13,Ahuachapan,Playa,70,43,167,2024,10,13,4,61.42857142857143,Media,7181
334,2022-09-23,La Libertad,Rural,75,46,148,2022,9,23,3,61.33333333333333,Media,6808
335,2024-02-09,Sonsonate,Rural,95,51,146,2024,2,9,1,53.68421052631579,Media,7446
338,2021-07-20,Usulutan,Montaña,157,75,199,2021,7,20,3,47.77070063694268,Media,14925
339,2023-07-22,Santa Ana,Rural,126,81,159,2023,7,22,3,64.28571428571429,Media,12879
340,2024-01-03,Usulutan,Ciudad,63,40,136,2024,1,3,1,63.49206349206349,Media,5440
341,2022-06-29,San Salvador,Ciudad,86,44,235,2022,6,29,2,51.162790697674424,Media,10340
342,2024-10-19,Ahuachapan,Rural,184,138,117,2024,10,19,4,75.0,Alta,16146
343,2021-08-19,La Paz,Montaña,76,43,142,2021,8,19,3,56.57894736842105,Media,6106
344,2021-09-15,Sonsonate,Playa,55,54,131,2021,9,15,3,98.18181818181819,Alta,7074
346,2023-02-18,San Miguel,Playa,189,87,52,2023,2,18,1,46.03174603174603,Media,4524
348,2021-10-27,Usulutan,Montaña,165,65,185,2021,10,27,4,39.39393939393939,Baja,12025
349,2024-11-28,Santa Ana,Rural,120,24,222,2024,11,28,4,20.0,Baja,5328
350,2024-06-23,Santa Ana,Playa,136,99,157,2024,6,23,2,72.79411764705883,Alta,15543
351,2024-01-16,Usulutan,Montaña,148,129,219,2024,1,16,1,87.16216216216216,Alta,28251
352,2021-06-25,Sonsonate,Ciudad,131,116,168,2021,6,25,2,88.54961832061069,Alta,19488
353,2024-03-21,San Miguel,Playa,161,152,107,2024,3,21,1,94.40993788819875,Alta,16264
354,2024-01-03,Sonsonate,Ciudad,167,149,158,2024,1,3,1,89.22155688622755,Alta,23542
357,2023-05-16,Ahuachapan,Ciudad,131,16,216,2023,5,16,2,12.213740458015266,Baja,3456
358,2024-01-29,La Libertad,Montaña,180,47,223,2024,1,29,1,26.111111111111114,Baja,10481
359,2022-01-13,Usulutan,Ciudad,155,114,189,2022,1,13,1,73.54838709677419,Alta,21546
362,2022-05-16,San Miguel,Montaña,57,49,49,2022,5,16,2,85.96491228070175,Alta,2401
363,2024-08-14,Sonsonate,Ciudad,68,9,83,2024,8,14,3,13.23529411764706,Baja,747
367,2022-06-27,Sonsonate,Montaña,140,51,181,2022,6,27,2,36.42857142857142,Baja,9231
369,2023-08-01,Santa Ana,Rural,113,97,93,2023,8,1,3,85.84070796460178,Alta,9021
371,2024-09-24,Usulutan,Ciudad,173,98,128,2024,9,24,3,56.64739884393064,Media,12544
374,2024-10-10,Sonsonate,Ciudad,86,18,162,2024,10,10,4,20.930232558139537,Baja,2916
376,2022-11-09,Ahuachapan,Rural,188,129,206,2022,11,9,4,68.61702127659575,Media,26574
377,2023-04-29,La Paz,Montaña,77,75,205,2023,4,29,2,97.40259740259741,Alta,15375
378,2023-02-18,Usulutan,Ciudad,138,113,162,2023,2,18,1,81.88405797101449,Alta,18306
380,2021-10-25,La Paz,Rural,76,24,106,2021,10,25,4,31.57894736842105,Baja,2544
381,2023-07-27,La Paz,Rural,154,40,181,2023,7,27,3,25.97402597402597,Baja,7240
386,2024-11-24,Ahuachapan,Montaña,81,47,118,2024,11,24,4,58.0246913580247,Media,5546
388,2021-09-03,Santa Ana,Montaña,32,17,100,2021,9,3,3,53.125,Media,1700
390,2021-03-26,Ahuachapan,Montaña,159,114,62,2021,3,26,1,71.69811320754717,Alta,7068
391,2021-05-09,Usulutan,Montaña,170,104,93,2021,5,9,2,61.1764705882353,Media,9672
393,2022-08-04,Santa Ana,Playa,130,70,197,2022,8,4,3,53.84615384615385,Media,13790
394,2022-06-03,Usulutan,Playa,152,131,208,2022,6,3,2,86.18421052631578,Alta,27248
398,2021-10-13,Santa Ana,Playa,177,69,85,2021,10,13,4,38.983050847457626,Baja,5865
399,2022-06-12,Sonsonate,Montaña,156,29,227,2022,6,12,2,18.58974358974359,Baja,6583
402,2024-04-16,Santa Ana,Playa,44,19,124,2024,4,16,2,43.18181818181818,Media,2356
403,2022-07-24,Sonsonate,Montaña,154,47,183,2022,7,24,3,30.519480519480517,Baja,8601
405,2024-03-16,Sonsonate,Rural,196,127,216,2024,3,16,1,64.79591836734694,Media,27432
406,2023-06-13,San Miguel,Ciudad,67,54,110,2023,6,13,2,80.59701492537313,Alta,5940
407,2021-10-28,Santa Ana,Ciudad,106,76,133,2021,10,28,4,71.69811320754717,Alta,10108
409,2022-09-10,Usulutan,Rural,114,43,77,2022,9,10,3,37.719298245614034,Baja,3311
413,2023-11-10,Sonsonate,Ciudad,41,37,166,2023,11,10,4,90.2439024390244,Alta,6142
414,2024-07-21,Sonsonate,Playa,112,39,95,2024,7,21,3,34.82142857142857,Baja,3705
416,2023-09-26,San Salvador,Montaña,134,92,169,2023,9,26,3,68.65671641791045,Media,15548
417,2021-03-09,San Miguel,Rural,171,148,76,2021,3,9,1,86.54970760233918,Alta,11248
418,2022-12-10,Santa Ana,Rural,96,44,234,2022,12,10,4,45.83333333333333,Media,10296
420,2024-08-22,La Libertad,Playa,188,49,40,2024,8,22,3,26.063829787234045,Baja,1960
422,2024-11-28,La Libertad,Rural,122,66,192,2024,11,28,4,54.09836065573771,Media,12672
423,2022-08-02,Ahuachapan,Montaña,104,71,108,2022,8,2,3,68.26923076923077,Media,7668
424,2024-12-01,Usulutan,Playa,90,29,160,2024,12,1,4,32.22222222222222,Baja,4640
427,2024-01-18,San Salvador,Ciudad,150,65,135,2024,1,18,1,43.333333333333336,Media,8775
428,2023-09-02,Usulutan,Montaña,99,26,149,2023,9,2,3,26.262626262626267,Baja,3874
430,2022-01-24,San Miguel,Ciudad,131,32,45,2022,1,24,1,24.427480916030532,Baja,1440
431,2023-05-20,San Miguel,Rural,194,169,218,2023,5,20,2,87.11340206185567,Alta,36842
432,2022-09-09,La Paz,Rural,165,25,236,2022,9,9,3,15.151515151515152,Baja,5900
434,2024-08-04,Usulutan,Ciudad,192,57,74,2024,8,4,3,29.6875,Baja,4218
435,2024-06-21,Sonsonate,Ciudad,148,57,46,2024,6,21,2,38.513513513513516,Baja,2622
437,2021-08-30,Ahuachapan,Montaña,165,28,151,2021,8,30,3,16.969696969696972,Baja,4228
439,2023-09-10,San Salvador,Playa,36,21,139,2023,9,10,3,58.333333333333336,Media,2919
442,2021-04-27,San Miguel,Playa,160,89,223,2021,4,27,2,55.625,Media,19847
443,2021-02-27,La Paz,Playa,87,34,36,2021,2,27,1,39.08045977011494,Baja,1224
444,2024-08-05,Usulutan,Playa,133,39,98,2024,8,5,3,29.32330827067669,Baja,3822
448,2023-05-15,San Salvador,Ciudad,127,55,178,2023,5,15,2,43.30708661417323,Media,9790
451,2021-10-14,San Miguel,Montaña,30,25,199,2021,10,14,4,83.33333333333334,Alta,4975
452,2024-08-22,Ahuachapan,Rural,138,9,192,2024,8,22,3,6.521739130434782,Baja,1728
453,2023-06-20,Usulutan,Montaña,171,89,133,2023,6,20,2,52.046783625730995,Media,11837
454,2024-06-21,San Salvador,Playa,93,72,50,2024,6,21,2,77.41935483870968,Alta,3600
456,2022-11-18,San Salvador,Playa,188,179,168,2022,11,18,4,95.2127659574468,Alta,30072
457,2021-05-06,Santa Ana,Playa,196,11,201,2021,5,6,2,5.612244897959184,Baja,2211
458,2023-05-16,La Libertad,Montaña,97,11,91,2023,5,16,2,11.34020618556701,Baja,1001
459,2023-10-12,Usulutan,Montaña,186,110,205,2023,10,12,4,59.13978494623656,Media,22550
460,2021-01-24,Sonsonate,Ciudad,102,55,98,2021,1,24,1,53.92156862745098,Media,5390
461,2022-10-25,Usulutan,Playa,106,52,56,2022,10,25,4,49.056603773584904,Media,2912
463,2024-11-23,San Salvador,Ciudad,124,5,121,2024,11,23,4,4.032258064516129,Baja,605
464,2022-11-10,San Salvador,Playa,133,66,180,2022,11,10,4,49.62406015037594,Media,11880
465,2023-12-05,San Salvador,Rural,94,94,78,2023,12,5,4,100.0,Alta,7332
466,2023-04-01,San Miguel,Rural,199,90,58,2023,4,1,2,45.22613065326633,Media,5220
471,2024-06-16,Usulutan,Playa,101,41,84,2024,6,16,2,40.5940594059406,Media,3444
473,2021-12-22,San Salvador,Playa,84,73,92,2021,12,22,4,86.90476190476191,Alta,6716
474,2024-01-26,San Salvador,Rural,117,34,92,2024,1,26,1,29.059829059829063,Baja,3128
475,2021-09-02,La Libertad,Playa,197,175,195,2021,9,2,3,88.83248730964468,Alta,34125
477,2024-01-06,Sonsonate,Ciudad,140,70,238,2024,1,6,1,50.0,Media,16660
478,2021-09-16,San Salvador,Rural,83,42,225,2021,9,16,3,50.602409638554214,Media,9450
480,2021-01-15,San Salvador,Ciudad,67,51,83,2021,1,15,1,76.11940298507463,Alta,4233
481,2024-06-17,La Paz,Montaña,175,126,54,2024,6,17,2,72.0,Alta,6804
482,2021-11-10,San Miguel,Ciudad,126,16,63,2021,11,10,4,12.698412698412698,Baja,1008
483,2024-10-14,Santa Ana,Ciudad,136,63,197,2024,10,14,4,46.32352941176471,Media,12411
485,2023-05-08,Sonsonate,Rural,36,23,226,2023,5,8,2,63.888888888888886,Media,5198
486,2023-09-13,La Paz,Ciudad,157,145,243,2023,9,13,3,92.35668789808918,Alta,35235
487,2022-06-16,Santa Ana,Rural,127,75,175,2022,6,16,2,59.055118110236215,Media,13125
488,2021-09-23,La Paz,Rural,104,79,65,2021,9,23,3,75.96153846153845,Alta,5135
490,2023-05-30,San Salvador,Ciudad,43,18,94,2023,5,30,2,41.86046511627907,Media,1692
491,2021-12-18,Usulutan,Playa,79,25,126,2021,12,18,4,31.645569620253166,Baja,3150
495,2024-08-24,San Miguel,Playa,177,138,62,2024,8,24,3,77.96610169491525,Alta,8556
502,2022-09-10,Usulutan,Ciudad,175,130,208,2022,9,10,3,74.28571428571429,Alta,27040
505,2021-11-11,San Miguel,Montaña,109,102,74,2021,11,11,4,93.57798165137615,Alta,7548
506,2021-05-11,Usulutan,Montaña,158,93,194,2021,5,11,2,58.86075949367089,Media,18042
507,2023-07-25,San Salvador,Montaña,195,100,71,2023,7,25,3,51.28205128205128,Media,7100
511,2021-10-27,Usulutan,Ciudad,181,159,52,2021,10,27,4,87.84530386740332,Alta,8268
512,2021-09-12,Ahuachapan,Ciudad,142,57,185,2021,9,12,3,40.140845070422536,Media,10545
514,2022-08-24,Santa Ana,Playa,113,54,191,2022,8,24,3,47.78761061946903,Media,10314
515,2024-08-04,Ahuachapan,Rural,137,16,208,2024,8,4,3,11.678832116788321,Baja,3328
517,2021-01-05,Ahuachapan,Playa,132,107,60,2021,1,5,1,81.06060606060606,Alta,6420
518,2024-06-13,Santa Ana,Montaña,126,99,155,2024,6,13,2,78.57142857142857,Alta,15345
519,2024-11-24,Usulutan,Playa,127,30,221,2024,11,24,4,23.62204724409449,Baja,6630
520,2023-06-11,Usulutan,Rural,158,110,217,2023,6,11,2,69.62025316455697,Media,23870
521,2021-03-30,La Libertad,Playa,102,9,191,2021,3,30,1,8.823529411764707,Baja,1719
522,2024-02-03,Santa Ana,Montaña,161,36,40,2024,2,3,1,22.36024844720497,Baja,1440
523,2021-10-11,San Miguel,Playa,81,53,178,2021,10,11,4,65.4320987654321,Media,9434
526,2023-12-24,Ahuachapan,Rural,152,7,170,2023,12,24,4,4.605263157894736,Baja,1190
530,2024-12-14,La Paz,Montaña,114,5,167,2024,12,14,4,4.385964912280701,Baja,835
531,2021-10-05,Usulutan,Rural,89,46,167,2021,10,5,4,51.68539325842697,Media,7682
534,2021-11-11,Ahuachapan,Rural,185,6,130,2021,11,11,4,3.2432432432432434,Baja,780
539,2023-02-22,La Paz,Montaña,181,81,234,2023,2,22,1,44.751381215469614,Media,18954
541,2022-10-01,San Salvador,Ciudad,164,126,124,2022,10,1,4,76.82926829268293,Alta,15624
543,2024-04-02,La Paz,Montaña,142,39,97,2024,4,2,2,27.464788732394368,Baja,3783
544,2021-01-08,San Salvador,Ciudad,69,30,185,2021,1,8,1,43.47826086956522,Media,5550
545,2021-05-04,San Salvador,Playa,84,52,187,2021,5,4,2,61.904761904761905,Media,9724
547,2024-08-12,Santa Ana,Montaña,91,78,155,2024,8,12,3,85.71428571428571,Alta,12090
549,2024-05-23,Santa Ana,Montaña,77,46,82,2024,5,23,2,59.74025974025974,Media,3772
550,2021-02-18,La Paz,Rural,86,30,240,2021,2,18,1,34.883720930232556,Baja,7200
553,2024-03-17,Usulutan,Montaña,181,127,164,2024,3,17,1,70.1657458563536,Alta,20828
554,2023-11-25,San Salvador,Playa,162,108,151,2023,11,25,4,66.66666666666666,Media,16308
555,2023-05-15,La Libertad,Ciudad,55,38,51,2023,5,15,2,69.0909090909091,Media,1938
556,2023-02-18,Ahuachapan,Rural,75,67,249,2023,2,18,1,89.33333333333333,Alta,16683
557,2024-02-11,San Salvador,Playa,188,156,83,2024,2,11,1,82.97872340425532,Alta,12948
558,2022-03-14,Usulutan,Montaña,161,105,80,2022,3,14,1,65.21739130434783,Media,8400
559,2021-03-26,San Miguel,Rural,81,46,200,2021,3,26,1,56.79012345679012,Media,9200
560,2022-07-02,San Miguel,Montaña,191,117,212,2022,7,2,3,61.25654450261781,Media,24804
561,2024-08-26,Ahuachapan,Playa,89,16,123,2024,8,26,3,17.97752808988764,Baja,1968
562,2022-10-11,Ahuachapan,Playa,72,30,111,2022,10,11,4,41.66666666666667,Media,3330
563,2022-06-04,Usulutan,Montaña,104,77,133,2022,6,4,2,74.03846153846155,Alta,10241
564,2024-08-24,La Paz,Playa,132,13,179,2024,8,24,3,9.848484848484848,Baja,2327
566,2022-08-31,Sonsonate,Rural,182,123,56,2022,8,31,3,67.58241758241759,Media,6888
567,2021-06-05,Usulutan,Playa,151,115,185,2021,6,5,2,76.15894039735099,Alta,21275
568,2023-01-30,La Libertad,Ciudad,104,68,104,2023,1,30,1,65.38461538461539,Media,7072
569,2024-02-23,Ahuachapan,Ciudad,199,75,241,2024,2,23,1,37.68844221105528,Baja,18075
571,2021-07-26,Usulutan,Rural,105,63,232,2021,7,26,3,60.0,Media,14616
572,2022-01-03,Sonsonate,Montaña,122,59,63,2022,1,3,1,48.36065573770492,Media,3717
573,2024-04-02,San Miguel,Playa,178,139,162,2024,4,2,2,78.08988764044943,Alta,22518
576,2024-07-02,Santa Ana,Ciudad,72,42,156,2024,7,2,3,58.333333333333336,Media,6552
578,2021-03-14,Sonsonate,Rural,81,14,186,2021,3,14,1,17.28395061728395,Baja,2604
579,2023-09-13,La Paz,Montaña,109,93,41,2023,9,13,3,85.3211009174312,Alta,3813
581,2023-07-01,La Paz,Montaña,65,24,51,2023,7,1,3,36.92307692307693,Baja,1224
582,2023-04-13,La Libertad,Ciudad,67,23,144,2023,4,13,2,34.32835820895522,Baja,3312
583,2023-02-11,San Salvador,Playa,157,53,187,2023,2,11,1,33.75796178343949,Baja,9911
584,2023-02-06,Ahuachapan,Rural,134,64,92,2023,2,6,1,47.76119402985074,Media,5888
586,2022-08-02,Santa Ana,Montaña,98,10,146,2022,8,2,3,10.204081632653061,Baja,1460
590,2021-06-02,Usulutan,Playa,150,17,35,2021,6,2,2,11.333333333333332,Baja,595
593,2023-03-31,La Paz,Montaña,189,23,132,2023,3,31,1,12.16931216931217,Baja,3036
595,2024-07-23,Sonsonate,Playa,46,36,186,2024,7,23,3,78.26086956521739,Alta,6696
597,2021-04-24,La Paz,Rural,161,158,69,2021,4,24,2,98.13664596273291,Alta,10902
598,2024-05-28,San Salvador,Ciudad,123,116,106,2024,5,28,2,94.3089430894309,Alta,12296
599,2024-04-13,Usulutan,Ciudad,101,84,154,2024,4,13,2,83.16831683168317,Alta,12936
600,2022-04-12,Sonsonate,Rural,175,33,177,2022,4,12,2,18.857142857142858,Baja,5841
601,2024-01-03,San Miguel,Ciudad,187,92,70,2024,1,3,1,49.19786096256685,Media,6440
602,2023-10-22,Usulutan,Rural,183,171,170,2023,10,22,4,93.44262295081968,Alta,29070
603,2023-05-09,Sonsonate,Montaña,174,36,118,2023,5,9,2,20.689655172413794,Baja,4248
606,2021-10-09,Santa Ana,Ciudad,163,79,219,2021,10,9,4,48.466257668711656,Media,17301
607,2021-12-12,San Salvador,Ciudad,159,148,115,2021,12,12,4,93.08176100628931,Alta,17020
608,2022-03-12,Sonsonate,Rural,36,8,132,2022,3,12,1,22.22222222222222,Baja,1056
609,2023-09-27,Santa Ana,Playa,196,77,85,2023,9,27,3,39.285714285714285,Baja,6545
610,2021-03-14,Santa Ana,Ciudad,117,66,111,2021,3,14,1,56.41025641025641,Media,7326
613,2024-12-23,Usulutan,Montaña,168,74,235,2024,12,23,4,44.047619047619044,Media,17390
614,2021-01-08,San Salvador,Rural,53,9,201,2021,1,8,1,16.9811320754717,Baja,1809
618,2024-11-15,Ahuachapan,Ciudad,139,104,246,2024,11,15,4,74.82014388489209,Alta,25584
619,2021-06-25,Santa Ana,Rural,141,26,110,2021,6,25,2,18.439716312056735,Baja,2860
620,2024-11-02,San Salvador,Playa,176,170,203,2024,11,2,4,96.5909090909091,Alta,34510
621,2022-08-26,La Paz,Montaña,98,54,112,2022,8,26,3,55.10204081632652,Media,6048
622,2023-08-24,La Paz,Rural,134,40,51,2023,8,24,3,29.850746268656714,Baja,2040
623,2024-11-17,Sonsonate,Playa,106,52,248,2024,11,17,4,49.056603773584904,Media,12896
624,2022-07-18,San Salvador,Ciudad,126,51,185,2022,7,18,3,40.476190476190474,Media,9435
625,2023-03-09,San Salvador,Montaña,172,167,122,2023,3,9,1,97.09302325581395,Alta,20374
626,2021-09-05,Santa Ana,Rural,179,134,67,2021,9,5,3,74.86033519553072,Alta,8978
627,2022-10-04,La Libertad,Rural,194,126,223,2022,10,4,4,64.94845360824742,Media,28098
630,2023-06-17,Santa Ana,Playa,187,50,218,2023,6,17,2,26.737967914438503,Baja,10900
633,2024-02-24,Usulutan,Playa,164,46,198,2024,2,24,1,28.04878048780488,Baja,9108
636,2021-09-25,La Paz,Rural,184,149,116,2021,9,25,3,80.97826086956522,Alta,17284
640,2021-12-20,Sonsonate,Montaña,115,110,98,2021,12,20,4,95.65217391304348,Alta,10780
644,2021-11-08,San Miguel,Rural,199,87,212,2021,11,8,4,43.71859296482412,Media,18444
645,2024-03-08,San Miguel,Ciudad,124,68,186,2024,3,8,1,54.83870967741935,Media,12648
647,2024-01-09,Usulutan,Playa,140,51,213,2024,1,9,1,36.42857142857142,Baja,10863
648,2024-11-27,Santa Ana,Playa,152,35,206,2024,11,27,4,23.026315789473685,Baja,7210
650,2022-12-01,San Salvador,Rural,159,46,51,2022,12,1,4,28.930817610062892,Baja,2346
651,2021-05-06,La Libertad,Ciudad,192,118,89,2021,5,6,2,61.458333333333336,Media,10502
653,2022-01-25,San Salvador,Playa,173,92,78,2022,1,25,1,53.179190751445084,Media,7176
654,2024-08-10,Ahuachapan,Ciudad,196,85,121,2024,8,10,3,43.36734693877551,Media,10285
657,2023-04-02,La Libertad,Montaña,197,133,157,2023,4,2,2,67.51269035532995,Media,20881
658,2024-08-22,Usulutan,Playa,119,62,80,2024,8,22,3,52.10084033613446,Media,4960
659,2021-11-30,Santa Ana,Playa,172,27,190,2021,11,30,4,15.69767441860465,Baja,5130
660,2023-04-07,La Libertad,Playa,131,60,234,2023,4,7,2,45.80152671755725,Media,14040
661,2023-10-15,La Libertad,Montaña,159,76,182,2023,10,15,4,47.79874213836478,Media,13832
662,2023-08-21,Usulutan,Ciudad,41,35,50,2023,8,21,3,85.36585365853658,Alta,1750
664,2021-07-05,La Paz,Montaña,135,55,197,2021,7,5,3,40.74074074074074,Media,10835
666,2024-08-31,La Libertad,Rural,153,133,134,2024,8,31,3,86.9281045751634,Alta,17822
668,2023-08-31,La Paz,Montaña,86,86,198,2023,8,31,3,100.0,Alta,17028
669,2023-03-29,Ahuachapan,Rural,98,70,247,2023,3,29,1,71.42857142857143,Alta,17290
670,2022-09-04,Usulutan,Playa,44,36,66,2022,9,4,3,81.81818181818183,Alta,2376
671,2023-07-03,Usulutan,Playa,142,38,189,2023,7,3,3,26.76056338028169,Baja,7182
672,2021-11-07,Sonsonate,Ciudad,130,39,124,2021,11,7,4,30.0,Baja,4836
673,2024-06-05,Sonsonate,Rural,142,138,230,2024,6,5,2,97.1830985915493,Alta,31740
674,2022-04-21,Sonsonate,Ciudad,177,166,182,2022,4,21,2,93.78531073446328,Alta,30212
677,2021-02-13,Ahuachapan,Montaña,102,39,225,2021,2,13,1,38.23529411764706,Baja,8775
680,2023-06-12,San Miguel,Playa,128,98,122,2023,6,12,2,76.5625,Alta,11956
681,2021-09-27,La Paz,Rural,113,81,72,2021,9,27,3,71.68141592920354,Alta,5832
682,2023-02-25,Santa Ana,Rural,186,150,45,2023,2,25,1,80.64516129032258,Alta,6750
683,2022-10-26,La Paz,Ciudad,87,46,121,2022,10,26,4,52.87356321839081,Media,5566
685,2022-08-26,Santa Ana,Playa,58,38,242,2022,8,26,3,65.51724137931035,Media,9196
686,2024-04-24,Santa Ana,Playa,147,22,68,2024,4,24,2,14.965986394557824,Baja,1496
687,2024-03-11,San Salvador,Playa,146,20,115,2024,3,11,1,13.698630136986301,Baja,2300
689,2022-04-14,San Miguel,Rural,178,147,131,2022,4,14,2,82.58426966292134,Alta,19257
690,2024-08-02,San Salvador,Ciudad,147,116,65,2024,8,2,3,78.91156462585033,Alta,7540
692,2022-12-26,Sonsonate,Montaña,151,72,221,2022,12,26,4,47.682119205298015,Media,15912
695,2024-03-27,Sonsonate,Ciudad,74,10,170,2024,3,27,1,13.513513513513514,Baja,1700
696,2024-09-19,La Libertad,Playa,169,108,112,2024,9,19,3,63.905325443786985,Media,12096
697,2024-03-22,Sonsonate,Ciudad,50,19,225,2024,3,22,1,38.0,Baja,4275
700,2024-09-02,San Miguel,Playa,154,126,104,2024,9,2,3,81.81818181818183,Alta,13104
702,2023-02-27,La Libertad,Playa,42,27,177,2023,2,27,1,64.28571428571429,Media,4779
704,2021-10-01,Ahuachapan,Rural,149,44,204,2021,10,1,4,29.53020134228188,Baja,8976
705,2021-04-24,Ahuachapan,Rural,196,41,88,2021,4,24,2,20.918367346938776,Baja,3608
707,2024-07-19,La Paz,Rural,150,21,68,2024,7,19,3,14.000000000000002,Baja,1428
708,2021-07-16,Sonsonate,Playa,26,22,228,2021,7,16,3,84.61538461538461,Alta,5016
709,2024-05-02,Ahuachapan,Playa,54,50,147,2024,5,2,2,92.5925925925926,Alta,7350
710,2023-05-13,Santa Ana,Rural,163,75,188,2023,5,13,2,46.012269938650306,Media,14100
711,2023-10-03,San Miguel,Rural,93,77,93,2023,10,3,4,82.79569892473118,Alta,7161
712,2021-02-14,San Salvador,Montaña,193,150,43,2021,2,14,1,77.720207253886,Alta,6450
713,2021-03-11,San Salvador,Playa,122,33,65,2021,3,11,1,27.049180327868854,Baja,2145
714,2023-02-28,San Salvador,Rural,119,30,187,2023,2,28,1,25.210084033613445,Baja,5610
715,2024-11-23,San Miguel,Playa,52,40,195,2024,11,23,4,76.92307692307693,Alta,7800
716,2021-09-29,Ahuachapan,Rural,174,8,92,2021,9,29,3,4.597701149425287,Baja,736
717,2021-11-10,San Miguel,Rural,154,34,107,2021,11,10,4,22.07792207792208,Baja,3638
724,2024-11-21,La Paz,Ciudad,104,50,224,2024,11,21,4,48.07692307692308,Media,11200
725,2021-12-01,Ahuachapan,Playa,146,99,173,2021,12,1,4,67.8082191780822,Media,17127
727,2023-03-14,San Miguel,Playa,86,45,134,2023,3,14,1,52.32558139534884,Media,6030
729,2024-02-04,La Paz,Rural,133,40,226,2024,2,4,1,30.075187969924812,Baja,9040
730,2021-12-03,San Miguel,Montaña,180,91,221,2021,12,3,4,50.55555555555556,Media,20111
731,2023-08-11,San Miguel,Montaña,178,25,97,2023,8,11,3,14.04494382022472,Baja,2425
733,2021-12-17,San Miguel,Playa,134,62,79,2021,12,17,4,46.26865671641791,Media,4898
734,2021-06-17,San Miguel,Playa,130,72,120,2021,6,17,2,55.38461538461539,Media,8640
738,2023-03-15,Usulutan,Montaña,164,159,165,2023,3,15,1,96.95121951219512,Alta,26235
739,2024-02-01,San Miguel,Rural,145,41,98,2024,2,1,1,28.27586206896552,Baja,4018
740,2024-09-07,La Libertad,Ciudad,182,177,163,2024,9,7,3,97.25274725274726,Alta,28851
741,2024-07-15,La Paz,Playa,93,62,177,2024,7,15,3,66.66666666666666,Media,10974
742,2021-01-19,San Miguel,Montaña,188,20,131,2021,1,19,1,10.638297872340425,Baja,2620
743,2022-09-29,Usulutan,Montaña,171,72,184,2022,9,29,3,42.10526315789473,Media,13248
744,2021-02-20,Usulutan,Montaña,114,42,90,2021,2,20,1,36.84210526315789,Baja,3780
745,2023-12-07,Santa Ana,Rural,138,39,123,2023,12,7,4,28.26086956521739,Baja,4797
746,2021-04-13,Santa Ana,Rural,62,5,71,2021,4,13,2,8.064516129032258,Baja,355
748,2021-09-01,La Paz,Montaña,170,80,209,2021,9,1,3,47.05882352941176,Media,16720
750,2022-05-09,Sonsonate,Rural,156,153,82,2022,5,9,2,98.07692307692307,Alta,12546
751,2024-10-15,Usulutan,Playa,79,55,147,2024,10,15,4,69.62025316455697,Media,8085
752,2022-04-03,San Miguel,Playa,28,27,229,2022,4,3,2,96.42857142857143,Alta,6183
757,2022-10-14,Ahuachapan,Playa,196,136,231,2022,10,14,4,69.38775510204081,Media,31416
758,2023-01-14,Sonsonate,Playa,168,57,187,2023,1,14,1,33.92857142857143,Baja,10659
760,2021-02-23,La Libertad,Montaña,128,54,74,2021,2,23,1,42.1875,Media,3996
761,2022-09-05,La Paz,Rural,150,89,125,2022,9,5,3,59.333333333333336,Media,11125
763,2021-03-17,Usulutan,Playa,165,130,243,2021,3,17,1,78.78787878787878,Alta,31590
765,2024-04-22,San Salvador,Rural,69,53,89,2024,4,22,2,76.81159420289855,Alta,4717
766,2021-06-25,Santa Ana,Ciudad,183,164,248,2021,6,25,2,89.61748633879782,Alta,40672
767,2023-08-11,San Miguel,Rural,147,84,77,2023,8,11,3,57.14285714285714,Media,6468
769,2023-05-01,Sonsonate,Rural,102,88,86,2023,5,1,2,86.27450980392157,Alta,7568
774,2023-06-18,Santa Ana,Rural,94,10,99,2023,6,18,2,10.638297872340425,Baja,990
776,2024-05-29,La Libertad,Playa,138,67,189,2024,5,29,2,48.55072463768116,Media,12663
777,2021-04-02,La Paz,Playa,150,76,220,2021,4,2,2,50.66666666666667,Media,16720
778,2024-11-20,Sonsonate,Montaña,185,75,100,2024,11,20,4,40.54054054054054,Media,7500
780,2023-04-24,Ahuachapan,Rural,120,112,185,2023,4,24,2,93.33333333333333,Alta,20720
784,2021-12-30,Sonsonate,Montaña,186,140,141,2021,12,30,4,75.26881720430107,Alta,19740
785,2023-05-19,San Miguel,Montaña,112,88,169,2023,5,19,2,78.57142857142857,Alta,14872
787,2024-01-08,La Libertad,Ciudad,152,150,135,2024,1,8,1,98.68421052631578,Alta,20250
788,2024-03-08,San Miguel,Playa,162,83,70,2024,3,8,1,51.23456790123457,Media,5810
789,2024-03-20,La Libertad,Ciudad,54,20,151,2024,3,20,1,37.03703703703704,Baja,3020
790,2023-09-23,La Paz,Playa,86,13,208,2023,9,23,3,15.11627906976744,Baja,2704
791,2022-11-22,Santa Ana,Playa,109,9,69,2022,11,22,4,8.256880733944955,Baja,621
793,2023-08-12,San Salvador,Ciudad,67,61,162,2023,8,12,3,91.04477611940298,Alta,9882
795,2022-11-20,La Libertad,Rural,189,149,246,2022,11,20,4,78.83597883597884,Alta,36654
796,2022-10-05,Ahuachapan,Ciudad,167,130,61,2022,10,5,4,77.84431137724552,Alta,7930
801,2024-01-10,Usulutan,Rural,180,67,249,2024,1,10,1,37.22222222222222,Baja,16683
806,2024-01-05,La Paz,Montaña,122,19,76,2024,1,5,1,15.573770491803279,Baja,1444
808,2021-08-17,Sonsonate,Ciudad,82,69,86,2021,8,17,3,84.14634146341463,Alta,5934
810,2021-04-29,San Miguel,Montaña,140,120,243,2021,4,29,2,85.71428571428571,Alta,29160
814,2021-02-23,Sonsonate,Playa,130,65,168,2021,2,23,1,50.0,Media,10920
815,2024-02-20,Usulutan,Rural,149,83,142,2024,2,20,1,55.70469798657718,Media,11786
816,2023-12-04,La Paz,Playa,179,140,43,2023,12,4,4,78.2122905027933,Alta,6020
819,2024-10-07,San Miguel,Rural,177,172,215,2024,10,7,4,97.17514124293785,Alta,36980
821,2024-02-07,La Libertad,Playa,95,49,123,2024,2,7,1,51.578947368421055,Media,6027
823,2024-08-07,Usulutan,Playa,57,30,226,2024,8,7,3,52.63157894736842,Media,6780
827,2022-06-09,Santa Ana,Ciudad,183,53,210,2022,6,9,2,28.96174863387978,Baja,11130
828,2021-01-17,Santa Ana,Montaña,113,55,58,2021,1,17,1,48.67256637168141,Media,3190
829,2022-06-23,La Libertad,Montaña,174,146,212,2022,6,23,2,83.9080459770115,Alta,30952
831,2023-07-28,San Miguel,Playa,134,79,186,2023,7,28,3,58.95522388059702,Media,14694
832,2024-03-15,Santa Ana,Rural,153,29,149,2024,3,15,1,18.954248366013072,Baja,4321
833,2021-03-06,Usulutan,Ciudad,111,8,98,2021,3,6,1,7.207207207207207,Baja,784
834,2024-08-09,Sonsonate,Montaña,131,98,116,2024,8,9,3,74.80916030534351,Alta,11368
836,2021-05-18,Ahuachapan,Rural,141,131,182,2021,5,18,2,92.90780141843972,Alta,23842
838,2023-02-23,La Paz,Montaña,112,83,45,2023,2,23,1,74.10714285714286,Alta,3735
841,2021-01-01,Santa Ana,Playa,173,167,62,2021,1,1,1,96.53179190751445,Alta,10354
842,2023-01-22,Ahuachapan,Playa,130,103,233,2023,1,22,1,79.23076923076923,Alta,23999
843,2023-06-30,Usulutan,Ciudad,22,16,36,2023,6,30,2,72.72727272727273,Alta,576
844,2024-01-22,Ahuachapan,Rural,79,28,216,2024,1,22,1,35.44303797468354,Baja,6048
846,2023-10-17,La Libertad,Ciudad,199,5,197,2023,10,17,4,2.512562814070352,Baja,985
847,2024-09-09,San Salvador,Rural,186,63,226,2024,9,9,3,33.87096774193548,Baja,14238
848,2021-03-01,La Libertad,Playa,102,91,104,2021,3,1,1,89.2156862745098,Alta,9464
850,2022-06-23,La Libertad,Ciudad,180,76,249,2022,6,23,2,42.22222222222222,Media,18924
853,2021-12-07,San Salvador,Playa,109,34,222,2021,12,7,4,31.19266055045872,Baja,7548
856,2021-12-20,Ahuachapan,Montaña,180,70,160,2021,12,20,4,38.88888888888889,Baja,11200
857,2023-02-07,La Libertad,Montaña,77,47,236,2023,2,7,1,61.038961038961034,Media,11092
858,2024-10-07,San Salvador,Rural,86,8,39,2024,10,7,4,9.30232558139535,Baja,312
859,2022-02-23,La Libertad,Montaña,183,124,127,2022,2,23,1,67.75956284153006,Media,15748
863,2021-09-18,San Miguel,Montaña,194,80,77,2021,9,18,3,41.23711340206185,Media,6160
865,2021-03-24,Sonsonate,Ciudad,174,115,98,2021,3,24,1,66.0919540229885,Media,11270
868,2022-01-16,Santa Ana,Rural,58,20,185,2022,1,16,1,34.48275862068966,Baja,3700
870,2021-12-09,San Salvador,Rural,172,121,136,2021,12,9,4,70.34883720930233,Alta,16456
871,2023-10-26,Ahuachapan,Playa,140,37,120,2023,10,26,4,26.42857142857143,Baja,4440
873,2022-12-09,Santa Ana,Playa,189,120,223,2022,12,9,4,63.49206349206349,Media,26760
876,2023-03-02,San Miguel,Rural,150,45,133,2023,3,2,1,30.0,Baja,5985
878,2024-03-23,San Salvador,Rural,116,37,72,2024,3,23,1,31.896551724137932,Baja,2664
879,2021-11-22,Sonsonate,Montaña,196,163,117,2021,11,22,4,83.16326530612244,Alta,19071
880,2024-07-05,Santa Ana,Montaña,85,49,192,2024,7,5,3,57.647058823529406,Media,9408
883,2022-05-21,Usulutan,Rural,176,107,40,2022,5,21,2,60.79545454545454,Media,4280
884,2024-05-21,La Paz,Playa,89,26,36,2024,5,21,2,29.213483146067414,Baja,936
885,2023-09-21,Usulutan,Montaña,188,88,182,2023,9,21,3,46.808510638297875,Media,16016
887,2024-02-18,Ahuachapan,Rural,127,71,119,2024,2,18,1,55.90551181102362,Media,8449
888,2024-01-27,San Salvador,Ciudad,176,81,106,2024,1,27,1,46.02272727272727,Media,8586
890,2024-06-21,La Libertad,Rural,161,147,215,2024,6,21,2,91.30434782608695,Alta,31605
891,2023-11-08,San Salvador,Playa,168,153,181,2023,11,8,4,91.07142857142857,Alta,27693
892,2022-01-07,Santa Ana,Ciudad,41,11,148,2022,1,7,1,26.82926829268293,Baja,1628
893,2021-08-01,La Libertad,Rural,66,40,111,2021,8,1,3,60.60606060606061,Media,4440
894,2022-07-30,Santa Ana,Playa,168,156,80,2022,7,30,3,92.85714285714286,Alta,12480
897,2022-10-11,Santa Ana,Playa,84,72,116,2022,10,11,4,85.71428571428571,Alta,8352
898,2021-02-15,Santa Ana,Rural,123,45,241,2021,2,15,1,36.58536585365854,Baja,10845
899,2024-03-31,La Paz,Rural,162,72,241,2024,3,31,1,44.44444444444444,Media,17352
900,2022-06-05,San Salvador,Rural,177,131,61,2022,6,5,2,74.01129943502825,Alta,7991
901,2023-08-08,Ahuachapan,Rural,60,51,128,2023,8,8,3,85.0,Alta,6528
902,2021-12-07,Usulutan,Montaña,129,23,184,2021,12,7,4,17.829457364341085,Baja,4232
903,2022-03-03,Usulutan,Rural,171,168,139,2022,3,3,1,98.24561403508771,Alta,23352
905,2021-05-26,San Miguel,Ciudad,169,101,193,2021,5,26,2,59.76331360946746,Media,19493
907,2024-10-21,Usulutan,Rural,41,41,129,2024,10,21,4,100.0,Alta,5289
908,2023-05-08,La Libertad,Rural,177,107,230,2023,5,8,2,60.451977401129945,Media,24610
909,2021-06-08,Santa Ana,Montaña,189,134,220,2021,6,8,2,70.8994708994709,Alta,29480
910,2024-06-12,Sonsonate,Rural,113,43,240,2024,6,12,2,38.05309734513274,Baja,10320
912,2022-05-28,La Libertad,Playa,139,137,47,2022,5,28,2,98.56115107913669,Alta,6439
915,2021-06-02,Ahuachapan,Montaña,54,34,54,2021,6,2,2,62.96296296296296,Media,1836
916,2023-02-11,Usulutan,Montaña,114,86,98,2023,2,11,1,75.43859649122807,Alta,8428
920,2022-09-07,San Miguel,Ciudad,140,14,102,2022,9,7,3,10.0,Baja,1428
924,2021-11-20,La Libertad,Montaña,91,81,42,2021,11,20,4,89.01098901098901,Alta,3402
925,2023-09-01,La Libertad,Montaña,119,27,237,2023,9,1,3,22.689075630252102,Baja,6399
926,2021-07-27,La Paz,Rural,120,58,50,2021,7,27,3,48.333333333333336,Media,2900
927,2021-07-22,Ahuachapan,Rural,171,146,139,2021,7,22,3,85.38011695906432,Alta,20294
930,2021-06-09,La Libertad,Rural,95,49,160,2021,6,9,2,51.578947368421055,Media,7840
937,2023-03-12,San Miguel,Ciudad,182,178,100,2023,3,12,1,97.8021978021978,Alta,17800
943,2023-03-27,La Libertad,Montaña,148,125,144,2023,3,27,1,84.45945945945947,Alta,18000
946,2021-05-21,Ahuachapan,Ciudad,100,20,235,2021,5,21,2,20.0,Baja,4700
947,2023-10-08,Usulutan,Montaña,183,140,249,2023,10,8,4,76.50273224043715,Alta,34860
948,2021-05-21,Usulutan,Ciudad,162,107,216,2021,5,21,2,66.0493827160494,Media,23112
952,2024-09-14,Sonsonate,Rural,93,20,193,2024,9,14,3,21.50537634408602,Baja,3860
953,2021-11-21,Santa Ana,Ciudad,183,16,168,2021,11,21,4,8.743169398907105,Baja,2688
954,2021-03-09,Santa Ana,Rural,166,42,88,2021,3,9,1,25.301204819277107,Baja,3696
962,2021-06-10,Sonsonate,Rural,125,38,127,2021,6,10,2,30.4,Baja,4826
964,2024-03-24,San Salvador,Montaña,107,26,135,2024,3,24,1,24.299065420560748,Baja,3510
965,2024-09-13,Ahuachapan,Rural,157,53,182,2024,9,13,3,33.75796178343949,Baja,9646
966,2021-10-19,La Libertad,Montaña,108,72,177,2021,10,19,4,66.66666666666666,Media,12744
968,2021-06-06,Santa Ana,Montaña,146,23,106,2021,6,6,2,15.753424657534246,Baja,2438
970,2024-01-06,Usulutan,Playa,132,23,121,2024,1,6,1,17.424242424242426,Baja,2783
972,2023-11-14,La Paz,Rural,170,21,222,2023,11,14,4,12.352941176470589,Baja,4662
973,2023-05-03,Usulutan,Rural,78,27,180,2023,5,3,2,34.61538461538461,Baja,4860
975,2021-12-31,San Miguel,Montaña,159,121,199,2021,12,31,4,76.10062893081762,Alta,24079
977,2021-02-07,Sonsonate,Playa,75,23,190,2021,2,7,1,30.666666666666664,Baja,4370
978,2024-03-31,Usulutan,Montaña,159,126,242,2024,3,31,1,79.24528301886792,Alta,30492
979,2021-11-17,Ahuachapan,Ciudad,194,83,239,2021,11,17,4,42.78350515463917,Media,19837
980,2024-09-11,La Libertad,Montaña,104,97,235,2024,9,11,3,93.26923076923077,Alta,22795
981,2023-08-04,San Salvador,Ciudad,80,42,174,2023,8,4,3,52.5,Media,7308
982,2024-02-21,La Paz,Playa,65,15,100,2024,2,21,1,23.076923076923077,Baja,1500
983,2021-11-25,San Miguel,Playa,161,77,130,2021,11,25,4,47.82608695652174,Media,10010
984,2024-06-23,San Salvador,Playa,163,140,126,2024,6,23,2,85.88957055214725,Alta,17640
985,2021-05-17,San Miguel,Montaña,136,82,201,2021,5,17,2,60.29411764705882,Media,16482
987,2024-11-18,San Miguel,Montaña,133,40,77,2024,11,18,4,30.075187969924812,Baja,3080
988,2022-07-05,San Salvador,Rural,98,63,42,2022,7,5,3,64.28571428571429,Media,2646
990,2021-12-16,La Paz,Ciudad,189,160,74,2021,12,16,4,84.65608465608466,Alta,11840
992,2023-08-18,San Miguel,Ciudad,45,12,105,2023,8,18,3,26.666666666666668,Baja,1260
995,2022-07-04,San Salvador,Ciudad,156,65,222,2022,7,4,3,41.66666666666667,Media,14430
997,2024-12-03,La Libertad,Playa,104,90,36,2024,12,3,4,86.53846153846155,Alta,3240
998,2024-12-19,La Paz,Rural,183,17,149,2024,12,19,4,9.289617486338798,Baja,2533
999,2022-01-18,San Miguel,Montaña,159,27,124,2022,1,18,1,16.9811320754717,Baja,3348
1001,2024-05-24,La Paz,Montaña,102,80,150,2024,5,24,2,78.43137254901961,Alta,12000
1002,2021-09-30,San Miguel,Rural,83,43,117,2021,9,30,3,51.80722891566265,Media,5031
1003,2024-05-20,Ahuachapan,Montaña,184,33,235,2024,5,20,2,17.934782608695652,Baja,7755
1004,2024-05-21,Usulutan,Playa,141,131,219,2024,5,21,2,92.90780141843972,Alta,28689
1005,2021-11-23,San Salvador,Playa,194,143,209,2021,11,23,4,73.71134020618557,Alta,29887
1006,2023-11-06,San Miguel,Ciudad,156,30,247,2023,11,6,4,19.230769230769234,Baja,7410
1007,2022-05-16,San Miguel,Rural,140,127,109,2022,5,16,2,90.71428571428571,Alta,13843
1008,2023-11-04,San Salvador,Ciudad,126,42,209,2023,11,4,4,33.33333333333333,Baja,8778
1010,2023-10-21,Ahuachapan,Ciudad,129,127,53,2023,10,21,4,98.44961240310077,Alta,6731
1011,2023-05-27,Sonsonate,Playa,144,118,168,2023,5,27,2,81.94444444444444,Alta,19824
1014,2021-01-10,La Paz,Rural,186,37,41,2021,1,10,1,19.892473118279568,Baja,1517
1015,2021-03-04,La Paz,Rural,144,117,66,2021,3,4,1,81.25,Alta,7722
1016,2024-05-11,Sonsonate,Playa,145,145,172,2024,5,11,2,100.0,Alta,24940
1017,2022-05-06,Usulutan,Montaña,131,112,157,2022,5,6,2,85.49618320610686,Alta,17584
1018,2023-06-03,Usulutan,Rural,171,43,107,2023,6,3,2,25.146198830409354,Baja,4601
1020,2023-07-09,Santa Ana,Rural,196,38,133,2023,7,9,3,19.387755102040817,Baja,5054
1021,2021-04-02,San Miguel,Ciudad,115,98,221,2021,4,2,2,85.21739130434783,Alta,21658
1022,2022-04-02,La Libertad,Rural,103,79,116,2022,4,2,2,76.69902912621359,Alta,9164
1023,2023-09-30,Sonsonate,Ciudad,96,9,231,2023,9,30,3,9.375,Baja,2079
1024,2023-06-21,La Libertad,Playa,175,110,72,2023,6,21,2,62.857142857142854,Media,7920
1026,2021-06-15,Ahuachapan,Ciudad,180,43,88,2021,6,15,2,23.88888888888889,Baja,3784
1030,2023-07-01,La Libertad,Playa,198,178,213,2023,7,1,3,89.8989898989899,Alta,37914
1031,2021-11-05,San Miguel,Ciudad,184,140,154,2021,11,5,4,76.08695652173914,Alta,21560
1032,2024-05-31,Sonsonate,Playa,181,23,233,2024,5,31,2,12.70718232044199,Baja,5359
1036,2024-09-10,La Paz,Rural,152,27,101,2024,9,10,3,17.763157894736842,Baja,2727
1038,2024-05-27,Ahuachapan,Rural,197,112,230,2024,5,27,2,56.852791878172596,Media,25760
1039,2021-10-28,San Salvador,Playa,73,8,195,2021,10,28,4,10.95890410958904,Baja,1560
1042,2024-03-19,Ahuachapan,Montaña,186,13,161,2024,3,19,1,6.989247311827956,Baja,2093
1043,2022-04-25,San Salvador,Playa,140,47,242,2022,4,25,2,33.57142857142857,Baja,11374
1046,2023-01-02,La Libertad,Rural,124,89,125,2023,1,2,1,71.7741935483871,Alta,11125
1047,2022-11-05,Usulutan,Ciudad,143,69,112,2022,11,5,4,48.25174825174825,Media,7728
1049,2021-07-28,Santa Ana,Ciudad,187,45,244,2021,7,28,3,24.06417112299465,Baja,10980
1052,2024-12-12,Ahuachapan,Ciudad,113,7,212,2024,12,12,4,6.1946902654867255,Baja,1484
1053,2024-09-21,Sonsonate,Montaña,91,44,55,2024,9,21,3,48.35164835164835,Media,2420
1057,2022-04-08,Ahuachapan,Montaña,194,123,163,2022,4,8,2,63.4020618556701,Media,20049
1060,2022-02-23,Santa Ana,Montaña,149,135,126,2022,2,23,1,90.60402684563759,Alta,17010
1062,2022-06-25,Sonsonate,Playa,132,23,97,2022,6,25,2,17.424242424242426,Baja,2231
1063,2024-06-23,Ahuachapan,Montaña,109,68,132,2024,6,23,2,62.38532110091744,Media,8976
1064,2024-02-17,San Miguel,Montaña,140,18,63,2024,2,17,1,12.857142857142856,Baja,1134
1066,2024-03-26,Ahuachapan,Ciudad,197,41,193,2024,3,26,1,20.812182741116754,Baja,7913
1067,2023-07-27,La Paz,Playa,132,29,199,2023,7,27,3,21.96969696969697,Baja,5771
1069,2021-07-04,Sonsonate,Montaña,131,40,90,2021,7,4,3,30.53435114503817,Baja,3600
1070,2023-07-05,Sonsonate,Montaña,46,24,92,2023,7,5,3,52.17391304347826,Media,2208
1072,2023-05-21,Sonsonate,Ciudad,197,125,38,2023,5,21,2,63.45177664974619,Media,4750
1074,2021-08-24,San Salvador,Ciudad,194,127,130,2021,8,24,3,65.4639175257732,Media,16510
1075,2023-03-18,Sonsonate,Rural,188,111,112,2023,3,18,1,59.04255319148937,Media,12432
1076,2023-06-02,San Salvador,Montaña,149,148,93,2023,6,2,2,99.32885906040269,Alta,13764
1077,2021-07-09,San Miguel,Montaña,67,21,229,2021,7,9,3,31.343283582089555,Baja,4809
1078,2022-10-20,La Libertad,Montaña,186,16,163,2022,10,20,4,8.60215053763441,Baja,2608
1079,2021-03-10,San Miguel,Montaña,158,96,152,2021,3,10,1,60.75949367088608,Media,14592
1080,2024-07-17,Santa Ana,Playa,178,125,242,2024,7,17,3,70.2247191011236,Alta,30250
1081,2024-09-16,Sonsonate,Montaña,141,107,183,2024,9,16,3,75.88652482269504,Alta,19581
1082,2021-10-16,Ahuachapan,Montaña,181,151,233,2021,10,16,4,83.42541436464089,Alta,35183
1089,2022-03-01,La Paz,Playa,101,17,63,2022,3,1,1,16.831683168316832,Baja,1071
1090,2023-05-24,La Libertad,Montaña,176,90,141,2023,5,24,2,51.13636363636363,Media,12690
1091,2022-09-11,Usulutan,Ciudad,166,105,97,2022,9,11,3,63.25301204819277,Media,10185
1092,2021-06-20,Ahuachapan,Montaña,152,97,171,2021,6,20,2,63.81578947368421,Media,16587
1094,2021-11-21,San Miguel,Rural,185,47,107,2021,11,21,4,25.405405405405407,Baja,5029
1097,2024-02-07,La Paz,Playa,158,118,187,2024,2,7,1,74.68354430379746,Alta,22066
1098,2023-09-16,La Paz,Playa,160,31,157,2023,9,16,3,19.375,Baja,4867
1099,2024-05-03,La Paz,Ciudad,60,24,194,2024,5,3,2,40.0,Media,4656
1101,2022-01-23,San Salvador,Playa,144,13,137,2022,1,23,1,9.027777777777777,Baja,1781
1102,2022-10-06,Usulutan,Ciudad,107,71,59,2022,10,6,4,66.35514018691589,Media,4189
1104,2022-11-17,Ahuachapan,Montaña,196,133,71,2022,11,17,4,67.85714285714286,Media,9443
1105,2024-11-29,Usulutan,Ciudad,85,43,220,2024,11,29,4,50.588235294117645,Media,9460
1106,2022-08-29,Ahuachapan,Playa,122,101,146,2022,8,29,3,82.78688524590164,Alta,14746
1107,2024-03-31,Santa Ana,Ciudad,137,32,109,2024,3,31,1,23.357664233576642,Baja,3488
1110,2023-03-18,Ahuachapan,Rural,181,83,161,2023,3,18,1,45.85635359116022,Media,13363
1113,2022-11-21,Sonsonate,Playa,181,34,229,2022,11,21,4,18.784530386740332,Baja,7786
1115,2022-08-31,La Libertad,Playa,191,25,44,2022,8,31,3,13.089005235602095,Baja,1100
1116,2023-03-18,La Libertad,Ciudad,108,11,203,2023,3,18,1,10.185185185185185,Baja,2233
1117,2021-11-23,San Miguel,Ciudad,197,118,111,2021,11,23,4,59.89847715736041,Media,13098
1119,2022-08-27,San Salvador,Montaña,24,24,44,2022,8,27,3,100.0,Alta,1056
1121,2022-07-19,San Salvador,Montaña,72,71,105,2022,7,19,3,98.61111111111111,Alta,7455
1122,2023-09-19,San Miguel,Rural,190,130,214,2023,9,19,3,68.42105263157895,Media,27820
1126,2021-08-29,Usulutan,Playa,110,25,239,2021,8,29,3,22.727272727272727,Baja,5975
1127,2024-08-10,La Paz,Playa,79,66,66,2024,8,10,3,83.54430379746836,Alta,4356
1128,2021-10-11,La Libertad,Montaña,122,45,87,2021,10,11,4,36.885245901639344,Baja,3915
1129,2021-05-20,Usulutan,Playa,185,141,230,2021,5,20,2,76.21621621621621,Alta,32430
1130,2024-02-10,Sonsonate,Playa,146,7,167,2024,2,10,1,4.794520547945205,Baja,1169
1132,2021-04-05,Santa Ana,Rural,52,26,195,2021,4,5,2,50.0,Media,5070
1133,2023-08-22,Sonsonate,Playa,192,79,135,2023,8,22,3,41.14583333333333,Media,10665
1135,2024-03-04,San Miguel,Playa,187,137,37,2024,3,4,1,73.2620320855615,Alta,5069
1137,2022-04-18,San Salvador,Ciudad,191,28,190,2022,4,18,2,14.659685863874344,Baja,5320
1138,2021-03-30,Sonsonate,Rural,65,22,193,2021,3,30,1,33.84615384615385,Baja,4246
1139,2023-08-23,La Paz,Rural,188,14,174,2023,8,23,3,7.446808510638298,Baja,2436
1141,2021-09-18,La Paz,Playa,89,77,136,2021,9,18,3,86.51685393258427,Alta,10472
1142,2024-01-10,La Paz,Ciudad,94,84,196,2024,1,10,1,89.36170212765957,Alta,16464
1143,2021-09-05,San Miguel,Ciudad,163,149,62,2021,9,5,3,91.41104294478528,Alta,9238
1144,2023-08-21,San Miguel,Rural,33,16,98,2023,8,21,3,48.484848484848484,Media,1568
1145,2023-09-11,La Paz,Ciudad,93,42,114,2023,9,11,3,45.16129032258064,Media,4788
1148,2024-08-08,La Libertad,Playa,97,29,139,2024,8,8,3,29.896907216494846,Baja,4031
1149,2021-10-18,San Miguel,Montaña,163,9,100,2021,10,18,4,5.521472392638037,Baja,900
1150,2024-10-28,La Paz,Playa,179,41,76,2024,10,28,4,22.905027932960895,Baja,3116
1151,2022-12-08,San Miguel,Montaña,152,107,82,2022,12,8,4,70.39473684210526,Alta,8774
1154,2024-08-28,San Miguel,Rural,58,51,215,2024,8,28,3,87.93103448275862,Alta,10965
1155,2021-12-27,La Libertad,Playa,184,109,72,2021,12,27,4,59.2391304347826,Media,7848
1156,2024-10-01,Santa Ana,Rural,170,79,160,2024,10,1,4,46.470588235294116,Media,12640
1158,2023-10-21,La Paz,Ciudad,147,55,76,2023,10,21,4,37.41496598639456,Baja,4180
1159,2024-10-19,San Salvador,Rural,169,147,68,2024,10,19,4,86.98224852071006,Alta,9996
1160,2024-11-19,La Libertad,Montaña,166,36,53,2024,11,19,4,21.686746987951807,Baja,1908
1161,2023-12-27,Ahuachapan,Rural,187,154,52,2023,12,27,4,82.35294117647058,Alta,8008
1162,2021-03-17,San Salvador,Montaña,157,117,196,2021,3,17,1,74.52229299363057,Alta,22932
1163,2023-12-31,Ahuachapan,Montaña,180,147,95,2023,12,31,4,81.66666666666667,Alta,13965
1166,2023-08-20,Ahuachapan,Rural,66,33,52,2023,8,20,3,50.0,Media,1716
1169,2023-07-10,La Paz,Montaña,124,86,122,2023,7,10,3,69.35483870967742,Media,10492
1173,2022-03-17,Ahuachapan,Playa,186,128,35,2022,3,17,1,68.81720430107528,Media,4480
1174,2022-11-06,Santa Ana,Rural,77,21,68,2022,11,6,4,27.27272727272727,Baja,1428
1175,2024-07-12,Ahuachapan,Montaña,173,152,123,2024,7,12,3,87.86127167630057,Alta,18696
1178,2023-06-21,San Miguel,Playa,109,19,44,2023,6,21,2,17.431192660550458,Baja,836
1179,2022-05-02,La Libertad,Montaña,33,22,145,2022,5,2,2,66.66666666666666,Media,3190
1182,2022-09-23,San Salvador,Playa,138,119,184,2022,9,23,3,86.23188405797102,Alta,21896
1183,2021-04-26,Usulutan,Playa,157,126,148,2021,4,26,2,80.2547770700637,Alta,18648
1184,2023-05-11,Ahuachapan,Rural,192,102,150,2023,5,11,2,53.125,Media,15300
1185,2021-11-06,La Paz,Ciudad,91,39,88,2021,11,6,4,42.857142857142854,Media,3432
1187,2022-10-10,La Libertad,Montaña,147,81,178,2022,10,10,4,55.10204081632652,Media,14418
1188,2022-04-29,Sonsonate,Rural,187,17,119,2022,4,29,2,9.090909090909092,Baja,2023
1189,2023-07-04,Sonsonate,Ciudad,128,47,216,2023,7,4,3,36.71875,Baja,10152
1192,2023-04-25,San Salvador,Playa,96,76,126,2023,4,25,2,79.16666666666666,Alta,9576
1194,2024-12-20,San Miguel,Montaña,111,57,69,2024,12,20,4,51.35135135135135,Media,3933
1195,2022-03-28,San Salvador,Ciudad,155,62,146,2022,3,28,1,40.0,Media,9052
1196,2023-02-18,Usulutan,Rural,149,32,85,2023,2,18,1,21.476510067114095,Baja,2720
1199,2024-10-17,Sonsonate,Playa,180,23,140,2024,10,17,4,12.777777777777777,Baja,3220
1200,2023-02-14,La Libertad,Playa,37,23,69,2023,2,14,1,62.16216216216216,Media,1587
1201,2023-04-02,San Miguel,Playa,61,51,140,2023,4,2,2,83.60655737704919,Alta,7140
1202,2022-02-02,Santa Ana,Rural,88,58,175,2022,2,2,1,65.9090909090909,Media,10150
1204,2021-09-06,Santa Ana,Playa,152,80,38,2021,9,6,3,52.63157894736842,Media,3040
1206,2023-04-19,Santa Ana,Playa,189,143,115,2023,4,19,2,75.66137566137566,Alta,16445
1207,2021-08-30,Ahuachapan,Ciudad,146,101,115,2021,8,30,3,69.17808219178082,Media,11615
1208,2024-08-26,Sonsonate,Rural,180,156,98,2024,8,26,3,86.66666666666667,Alta,15288
1209,2023-04-12,La Paz,Ciudad,194,128,62,2023,4,12,2,65.97938144329896,Media,7936
1210,2021-07-21,La Paz,Ciudad,195,57,143,2021,7,21,3,29.230769230769234,Baja,8151
1213,2023-10-03,San Miguel,Montaña,56,21,95,2023,10,3,4,37.5,Baja,1995
1214,2024-08-04,Usulutan,Montaña,148,119,164,2024,8,4,3,80.4054054054054,Alta,19516
1217,2023-04-17,San Miguel,Rural,161,34,187,2023,4,17,2,21.11801242236025,Baja,6358
1219,2023-07-08,La Libertad,Playa,132,62,158,2023,7,8,3,46.96969696969697,Media,9796
1220,2024-08-13,San Miguel,Montaña,64,19,176,2024,8,13,3,29.6875,Baja,3344
1222,2022-08-12,Sonsonate,Rural,164,36,186,2022,8,12,3,21.951219512195124,Baja,6696
1223,2021-01-14,San Salvador,Playa,170,115,134,2021,1,14,1,67.64705882352942,Media,15410
1224,2022-05-13,Ahuachapan,Rural,102,72,45,2022,5,13,2,70.58823529411765,Alta,3240
1225,2021-07-22,Usulutan,Rural,164,102,39,2021,7,22,3,62.19512195121951,Media,3978
1226,2024-08-13,La Paz,Rural,20,14,233,2024,8,13,3,70.0,Alta,3262
1228,2023-07-16,Sonsonate,Rural,124,123,89,2023,7,16,3,99.19354838709677,Alta,10947
1229,2024-04-10,San Miguel,Playa,183,119,219,2024,4,10,2,65.02732240437157,Media,26061
1231,2022-11-11,Santa Ana,Playa,110,95,130,2022,11,11,4,86.36363636363636,Alta,12350
1232,2024-08-20,San Salvador,Ciudad,128,19,35,2024,8,20,3,14.84375,Baja,665
1233,2024-08-14,La Paz,Playa,192,36,95,2024,8,14,3,18.75,Baja,3420
1234,2022-07-01,San Miguel,Playa,152,24,138,2022,7,1,3,15.789473684210526,Baja,3312
1235,2022-12-11,La Paz,Playa,71,57,166,2022,12,11,4,80.28169014084507,Alta,9462
1240,2024-01-30,Santa Ana,Rural,125,38,223,2024,1,30,1,30.4,Baja,8474
1241,2021-10-06,Sonsonate,Montaña,84,81,76,2021,10,6,4,96.42857142857143,Alta,6156
1244,2023-08-06,Ahuachapan,Rural,107,74,53,2023,8,6,3,69.1588785046729,Media,3922
1246,2023-04-28,La Paz,Montaña,181,42,36,2023,4,28,2,23.204419889502763,Baja,1512
1247,2021-11-25,Santa Ana,Montaña,161,101,113,2021,11,25,4,62.732919254658384,Media,11413
1249,2024-01-27,La Libertad,Rural,43,26,83,2024,1,27,1,60.46511627906976,Media,2158
1251,2024-03-09,La Paz,Playa,118,21,231,2024,3,9,1,17.796610169491526,Baja,4851
1252,2024-03-25,San Salvador,Playa,170,165,59,2024,3,25,1,97.05882352941177,Alta,9735
1253,2023-04-10,Usulutan,Montaña,38,26,240,2023,4,10,2,68.42105263157895,Media,6240
1255,2024-03-27,Usulutan,Playa,96,77,135,2024,3,27,1,80.20833333333334,Alta,10395
1256,2024-02-21,San Salvador,Ciudad,187,64,149,2024,2,21,1,34.22459893048128,Baja,9536
1259,2024-02-18,San Miguel,Rural,80,43,115,2024,2,18,1,53.75,Media,4945
1262,2021-05-19,Sonsonate,Montaña,190,25,215,2021,5,19,2,13.157894736842104,Baja,5375
1263,2024-10-06,Usulutan,Playa,145,61,73,2024,10,6,4,42.06896551724138,Media,4453
1266,2023-10-09,Ahuachapan,Ciudad,149,115,80,2023,10,9,4,77.18120805369128,Alta,9200
1267,2022-09-26,Santa Ana,Montaña,139,126,214,2022,9,26,3,90.64748201438849,Alta,26964
1269,2021-12-25,Usulutan,Montaña,160,35,168,2021,12,25,4,21.875,Baja,5880
1273,2022-01-28,Santa Ana,Montaña,193,6,166,2022,1,28,1,3.1088082901554404,Baja,996
1275,2021-07-02,Ahuachapan,Ciudad,78,32,117,2021,7,2,3,41.02564102564102,Media,3744
1278,2021-10-21,San Salvador,Ciudad,72,37,77,2021,10,21,4,51.388888888888886,Media,2849
1279,2023-09-17,La Libertad,Playa,191,59,234,2023,9,17,3,30.89005235602094,Baja,13806
1283,2021-01-01,San Miguel,Montaña,91,42,111,2021,1,1,1,46.15384615384615,Media,4662
1284,2022-02-02,Sonsonate,Montaña,142,136,145,2022,2,2,1,95.77464788732394,Alta,19720
1285,2024-11-09,La Libertad,Rural,141,32,48,2024,11,9,4,22.69503546099291,Baja,1536
1288,2021-05-16,San Miguel,Montaña,152,121,116,2021,5,16,2,79.60526315789474,Alta,14036
1295,2021-06-05,La Libertad,Ciudad,178,62,243,2021,6,5,2,34.831460674157306,Baja,15066
1296,2024-03-30,Santa Ana,Montaña,155,13,227,2024,3,30,1,8.38709677419355,Baja,2951
1297,2021-01-26,La Libertad,Ciudad,168,18,102,2021,1,26,1,10.714285714285714,Baja,1836
1298,2024-03-30,Ahuachapan,Playa,140,44,63,2024,3,30,1,31.428571428571427,Baja,2772
1299,2022-06-09,Ahuachapan,Rural,134,132,249,2022,6,9,2,98.50746268656717,Alta,32868
1300,2022-08-30,Santa Ana,Ciudad,75,32,103,2022,8,30,3,42.66666666666667,Media,3296
1304,2022-01-16,San Salvador,Rural,102,33,240,2022,1,16,1,32.35294117647059,Baja,7920
1309,2023-06-06,Sonsonate,Montaña,22,9,186,2023,6,6,2,40.909090909090914,Media,1674
1310,2024-05-22,Ahuachapan,Playa,137,122,142,2024,5,22,2,89.05109489051095,Alta,17324
1311,2022-09-15,La Libertad,Ciudad,155,29,178,2022,9,15,3,18.70967741935484,Baja,5162
1312,2023-06-03,La Libertad,Ciudad,75,13,71,2023,6,3,2,17.333333333333336,Baja,923
1313,2023-04-12,San Miguel,Montaña,109,50,157,2023,4,12,2,45.87155963302752,Media,7850
1314,2023-05-30,Santa Ana,Rural,133,55,113,2023,5,30,2,41.35338345864661,Media,6215
1315,2021-01-31,Sonsonate,Ciudad,166,76,48,2021,1,31,1,45.78313253012048,Media,3648
1319,2023-04-06,La Paz,Montaña,152,88,188,2023,4,6,2,57.89473684210527,Media,16544
1321,2022-03-25,Ahuachapan,Rural,166,41,228,2022,3,25,1,24.69879518072289,Baja,9348
1325,2022-07-19,Sonsonate,Playa,181,54,207,2022,7,19,3,29.83425414364641,Baja,11178
1327,2022-07-18,Ahuachapan,Playa,144,67,241,2022,7,18,3,46.52777777777778,Media,16147
1328,2021-07-05,Sonsonate,Playa,143,13,108,2021,7,5,3,9.090909090909092,Baja,1404
1329,2024-01-24,San Miguel,Rural,184,82,145,2024,1,24,1,44.565217391304344,Media,11890
1330,2022-11-18,San Miguel,Montaña,87,27,152,2022,11,18,4,31.03448275862069,Baja,4104
1333,2023-01-06,Santa Ana,Rural,124,91,218,2023,1,6,1,73.38709677419355,Alta,19838
1334,2021-07-13,La Libertad,Playa,170,156,161,2021,7,13,3,91.76470588235294,Alta,25116
1335,2024-04-15,Usulutan,Playa,101,42,159,2024,4,15,2,41.584158415841586,Media,6678
1336,2023-01-14,La Libertad,Rural,196,154,179,2023,1,14,1,78.57142857142857,Alta,27566
1339,2024-04-28,San Miguel,Montaña,129,82,77,2024,4,28,2,63.565891472868216,Media,6314
1340,2023-07-03,La Paz,Montaña,172,26,248,2023,7,3,3,15.11627906976744,Baja,6448
1346,2024-11-12,Usulutan,Ciudad,84,12,238,2024,11,12,4,14.285714285714285,Baja,2856
1347,2023-03-17,Usulutan,Rural,175,102,237,2023,3,17,1,58.285714285714285,Media,24174
1349,2022-09-14,Usulutan,Montaña,197,141,131,2022,9,14,3,71.57360406091371,Alta,18471
1350,2022-01-13,Santa Ana,Rural,179,30,132,2022,1,13,1,16.75977653631285,Baja,3960
1353,2022-10-09,La Paz,Playa,161,44,35,2022,10,9,4,27.32919254658385,Baja,1540
1355,2021-05-21,La Paz,Montaña,92,65,195,2021,5,21,2,70.65217391304348,Alta,12675
1357,2022-08-23,Ahuachapan,Playa,144,36,129,2022,8,23,3,25.0,Baja,4644
1358,2024-03-31,Ahuachapan,Rural,110,30,96,2024,3,31,1,27.27272727272727,Baja,2880
1359,2024-03-13,San Miguel,Montaña,168,126,155,2024,3,13,1,75.0,Alta,19530
1360,2023-07-26,Ahuachapan,Rural,65,53,68,2023,7,26,3,81.53846153846153,Alta,3604
1364,2021-09-03,La Libertad,Playa,175,171,133,2021,9,3,3,97.71428571428571,Alta,22743
1365,2024-06-17,La Libertad,Playa,187,87,186,2024,6,17,2,46.524064171122994,Media,16182
1368,2023-12-14,San Miguel,Ciudad,125,67,197,2023,12,14,4,53.6,Media,13199
1369,2021-01-10,Usulutan,Playa,48,6,150,2021,1,10,1,12.5,Baja,900
1370,2023-01-29,La Paz,Montaña,133,124,162,2023,1,29,1,93.23308270676691,Alta,20088
1371,2024-03-27,Santa Ana,Rural,136,110,138,2024,3,27,1,80.88235294117648,Alta,15180
1373,2022-12-21,Usulutan,Playa,68,48,129,2022,12,21,4,70.58823529411765,Alta,6192
1374,2022-11-26,San Miguel,Montaña,118,75,183,2022,11,26,4,63.559322033898304,Media,13725
1375,2023-02-13,San Salvador,Playa,98,69,79,2023,2,13,1,70.40816326530613,Alta,5451
1379,2022-11-02,La Paz,Playa,179,120,70,2022,11,2,4,67.0391061452514,Media,8400
1381,2023-09-13,Ahuachapan,Ciudad,175,134,123,2023,9,13,3,76.57142857142857,Alta,16482
1382,2021-09-27,Sonsonate,Playa,194,151,131,2021,9,27,3,77.83505154639175,Alta,19781
1383,2021-05-05,La Libertad,Playa,98,80,52,2021,5,5,2,81.63265306122449,Alta,4160
1384,2021-05-06,Santa Ana,Playa,102,97,131,2021,5,6,2,95.09803921568627,Alta,12707
1385,2023-11-19,Ahuachapan,Ciudad,134,99,223,2023,11,19,4,73.88059701492537,Alta,22077
1386,2021-10-08,Sonsonate,Montaña,197,66,85,2021,10,8,4,33.50253807106599,Baja,5610
1387,2021-04-09,Usulutan,Ciudad,109,29,207,2021,4,9,2,26.605504587155966,Baja,6003
1388,2023-03-21,La Libertad,Playa,165,128,44,2023,3,21,1,77.57575757575758,Alta,5632
1389,2024-12-13,La Libertad,Ciudad,68,14,186,2024,12,13,4,20.588235294117645,Baja,2604
1390,2024-02-14,La Paz,Rural,136,42,235,2024,2,14,1,30.88235294117647,Baja,9870
1392,2021-02-25,Ahuachapan,Playa,118,57,239,2021,2,25,1,48.30508474576271,Media,13623
1393,2023-09-27,San Salvador,Rural,114,8,133,2023,9,27,3,7.017543859649122,Baja,1064
1396,2022-02-14,Santa Ana,Rural,127,46,196,2022,2,14,1,36.22047244094488,Baja,9016
1397,2021-02-16,La Paz,Montaña,52,11,114,2021,2,16,1,21.153846153846153,Baja,1254
1398,2023-02-28,Santa Ana,Ciudad,176,118,144,2023,2,28,1,67.04545454545455,Media,16992
1399,2023-07-20,Sonsonate,Rural,81,39,176,2023,7,20,3,48.148148148148145,Media,6864
1400,2022-11-13,Sonsonate,Ciudad,133,29,84,2022,11,13,4,21.804511278195488,Baja,2436
1401,2024-06-06,Ahuachapan,Ciudad,64,20,131,2024,6,6,2,31.25,Baja,2620
1404,2022-03-19,Sonsonate,Ciudad,62,55,205,2022,3,19,1,88.70967741935483,Alta,11275
1405,2023-03-12,Sonsonate,Playa,144,19,200,2023,3,12,1,13.194444444444445,Baja,3800
1406,2021-03-18,Santa Ana,Playa,187,109,173,2021,3,18,1,58.288770053475936,Media,18857
1407,2024-06-10,La Paz,Montaña,172,76,82,2024,6,10,2,44.18604651162791,Media,6232
1409,2023-06-01,San Salvador,Playa,26,23,174,2023,6,1,2,88.46153846153845,Alta,4002
1411,2023-01-31,Santa Ana,Rural,160,69,39,2023,1,31,1,43.125,Media,2691
1415,2023-07-31,La Paz,Rural,184,26,107,2023,7,31,3,14.130434782608695,Baja,2782
1416,2021-05-12,San Salvador,Montaña,58,31,35,2021,5,12,2,53.44827586206896,Media,1085
1419,2021-12-10,Ahuachapan,Montaña,198,73,120,2021,12,10,4,36.868686868686865,Baja,8760
1420,2023-09-10,Sonsonate,Playa,96,72,121,2023,9,10,3,75.0,Alta,8712
1421,2021-02-28,San Salvador,Ciudad,183,137,96,2021,2,28,1,74.86338797814209,Alta,13152
1424,2021-05-29,Ahuachapan,Ciudad,58,26,122,2021,5,29,2,44.827586206896555,Media,3172
1426,2022-11-28,San Miguel,Ciudad,196,171,212,2022,11,28,4,87.24489795918367,Alta,36252
1427,2021-04-11,Usulutan,Playa,144,86,222,2021,4,11,2,59.72222222222222,Media,19092
1428,2021-07-02,San Miguel,Rural,102,70,190,2021,7,2,3,68.62745098039215,Media,13300
1429,2022-09-14,San Salvador,Ciudad,43,41,97,2022,9,14,3,95.34883720930233,Alta,3977
1433,2022-10-07,Usulutan,Playa,148,148,192,2022,10,7,4,100.0,Alta,28416
1434,2021-06-30,Santa Ana,Rural,111,65,71,2021,6,30,2,58.55855855855856,Media,4615
1436,2023-11-10,San Salvador,Montaña,103,93,104,2023,11,10,4,90.29126213592234,Alta,9672
1438,2021-05-30,San Salvador,Rural,158,58,221,2021,5,30,2,36.708860759493675,Baja,12818
1439,2021-07-04,Ahuachapan,Playa,189,38,132,2021,7,4,3,20.105820105820104,Baja,5016
1440,2023-11-09,La Paz,Playa,186,114,165,2023,11,9,4,61.29032258064516,Media,18810
1441,2021-02-11,Santa Ana,Rural,189,54,86,2021,2,11,1,28.57142857142857,Baja,4644
1444,2022-09-06,La Libertad,Ciudad,193,74,153,2022,9,6,3,38.34196891191709,Baja,11322
1445,2023-06-20,La Libertad,Montaña,100,15,147,2023,6,20,2,15.0,Baja,2205
1446,2021-07-20,San Salvador,Rural,189,123,105,2021,7,20,3,65.07936507936508,Media,12915
1448,2023-01-11,San Salvador,Playa,73,45,177,2023,1,11,1,61.64383561643836,Media,7965
1449,2021-09-24,Usulutan,Rural,106,43,85,2021,9,24,3,40.56603773584906,Media,3655
1453,2023-05-22,San Miguel,Montaña,154,78,143,2023,5,22,2,50.649350649350644,Media,11154
1454,2022-07-03,San Miguel,Ciudad,93,66,101,2022,7,3,3,70.96774193548387,Alta,6666
1455,2022-05-03,San Miguel,Rural,84,13,41,2022,5,3,2,15.476190476190476,Baja,533
1456,2022-10-25,Santa Ana,Rural,49,22,128,2022,10,25,4,44.89795918367347,Media,2816
1457,2022-07-19,San Miguel,Rural,145,101,48,2022,7,19,3,69.6551724137931,Media,4848
1459,2023-08-22,Usulutan,Ciudad,102,69,94,2023,8,22,3,67.64705882352942,Media,6486
1460,2022-08-13,La Libertad,Rural,133,31,177,2022,8,13,3,23.308270676691727,Baja,5487
1461,2023-04-13,San Salvador,Montaña,79,72,158,2023,4,13,2,91.13924050632912,Alta,11376
1462,2021-10-02,Santa Ana,Playa,107,31,64,2021,10,2,4,28.971962616822427,Baja,1984
1464,2023-04-25,Usulutan,Rural,151,112,129,2023,4,25,2,74.17218543046357,Alta,14448
1465,2024-05-28,Ahuachapan,Ciudad,126,86,47,2024,5,28,2,68.25396825396825,Media,4042
1468,2023-12-04,Usulutan,Rural,21,19,215,2023,12,4,4,90.47619047619048,Alta,4085
1471,2022-10-25,Santa Ana,Montaña,163,99,97,2022,10,25,4,60.73619631901841,Media,9603
1472,2024-11-22,Usulutan,Rural,116,16,62,2024,11,22,4,13.793103448275861,Baja,992
1473,2023-10-13,Usulutan,Ciudad,141,82,201,2023,10,13,4,58.156028368794324,Media,16482
1474,2022-01-25,La Paz,Playa,136,105,96,2022,1,25,1,77.20588235294117,Alta,10080
1476,2024-04-16,Ahuachapan,Playa,109,22,202,2024,4,16,2,20.18348623853211,Baja,4444
1477,2022-03-17,La Libertad,Montaña,195,173,52,2022,3,17,1,88.71794871794872,Alta,8996
1479,2024-10-02,Usulutan,Montaña,178,68,171,2024,10,2,4,38.20224719101123,Baja,11628
1481,2021-02-16,San Salvador,Ciudad,137,136,213,2021,2,16,1,99.27007299270073,Alta,28968
1483,2022-06-09,San Salvador,Ciudad,52,17,52,2022,6,9,2,32.69230769230769,Baja,884
1484,2024-06-16,San Miguel,Rural,105,14,93,2024,6,16,2,13.333333333333334,Baja,1302
1485,2022-02-25,Usulutan,Montaña,139,5,188,2022,2,25,1,3.597122302158273,Baja,940
1486,2024-08-08,La Libertad,Montaña,160,160,62,2024,8,8,3,100.0,Alta,9920
1487,2023-09-03,La Paz,Ciudad,181,25,36,2023,9,3,3,13.812154696132598,Baja,900
1488,2022-05-29,La Paz,Montaña,190,90,148,2022,5,29,2,47.368421052631575,Media,13320
1489,2022-04-18,La Libertad,Montaña,169,84,59,2022,4,18,2,49.70414201183432,Media,4956
1492,2023-11-07,Sonsonate,Ciudad,137,79,153,2023,11,7,4,57.66423357664233,Media,12087
1493,2021-12-12,Usulutan,Rural,188,117,193,2021,12,12,4,62.23404255319149,Media,22581
1494,2024-06-08,Usulutan,Rural,194,43,119,2024,6,8,2,22.164948453608247,Baja,5117
1495,2024-05-18,Ahuachapan,Rural,144,131,145,2024,5,18,2,90.97222222222221,Alta,18995
1496,2023-04-05,La Libertad,Montaña,104,53,132,2023,4,5,2,50.96153846153846,Media,6996
1497,2024-03-16,Usulutan,Ciudad,162,123,51,2024,3,16,1,75.92592592592592,Alta,6273
1498,2021-10-01,Sonsonate,Playa,90,35,158,2021,10,1,4,38.88888888888889,Baja,5530
1500,2022-03-17,La Paz,Rural,85,69,55,2022,3,17,1,81.17647058823529,Alta,3795
1502,2021-01-17,Usulutan,Montaña,124,77,174,2021,1,17,1,62.096774193548384,Media,13398
1503,2024-11-15,Sonsonate,Rural,98,84,192,2024,11,15,4,85.71428571428571,Alta,16128
1505,2021-02-03,San Salvador,Ciudad,180,23,156,2021,2,3,1,12.777777777777777,Baja,3588
1508,2021-01-21,Santa Ana,Playa,148,52,115,2021,1,21,1,35.13513513513514,Baja,5980
1509,2024-08-25,Sonsonate,Montaña,96,31,137,2024,8,25,3,32.29166666666667,Baja,4247
1512,2024-02-12,Sonsonate,Ciudad,187,173,134,2024,2,12,1,92.51336898395722,Alta,23182
1514,2021-10-09,La Paz,Rural,158,57,170,2021,10,9,4,36.075949367088604,Baja,9690
1515,2024-01-13,La Libertad,Rural,85,71,189,2024,1,13,1,83.52941176470588,Alta,13419
1516,2021-12-07,La Paz,Playa,121,81,158,2021,12,7,4,66.94214876033058,Media,12798
1518,2022-05-26,Sonsonate,Montaña,125,54,38,2022,5,26,2,43.2,Media,2052
1520,2024-09-01,Santa Ana,Ciudad,120,43,207,2024,9,1,3,35.833333333333336,Baja,8901
1522,2022-11-22,San Miguel,Playa,184,124,200,2022,11,22,4,67.3913043478261,Media,24800
1523,2024-05-29,Usulutan,Rural,66,66,179,2024,5,29,2,100.0,Alta,11814
1524,2024-07-18,San Miguel,Rural,167,142,87,2024,7,18,3,85.02994011976048,Alta,12354
1526,2024-01-08,Ahuachapan,Playa,132,57,204,2024,1,8,1,43.18181818181818,Media,11628
1529,2021-08-17,La Libertad,Rural,163,65,71,2021,8,17,3,39.87730061349693,Baja,4615
1532,2021-03-19,Santa Ana,Playa,186,6,119,2021,3,19,1,3.225806451612903,Baja,714
1539,2024-11-30,Sonsonate,Rural,144,21,89,2024,11,30,4,14.583333333333334,Baja,1869
1541,2023-02-09,Ahuachapan,Playa,117,112,247,2023,2,9,1,95.72649572649573,Alta,27664
1545,2022-09-06,Ahuachapan,Rural,198,164,132,2022,9,6,3,82.82828282828282,Alta,21648
1546,2022-05-15,Sonsonate,Rural,146,143,48,2022,5,15,2,97.94520547945206,Alta,6864
1547,2022-01-30,Sonsonate,Rural,134,49,149,2022,1,30,1,36.56716417910448,Baja,7301
1548,2024-01-27,Ahuachapan,Playa,159,146,240,2024,1,27,1,91.82389937106919,Alta,35040
1550,2023-04-20,La Libertad,Rural,142,70,177,2023,4,20,2,49.29577464788733,Media,12390
1553,2024-01-27,Usulutan,Rural,160,28,160,2024,1,27,1,17.5,Baja,4480
1555,2024-05-21,La Paz,Playa,82,39,222,2024,5,21,2,47.5609756097561,Media,8658
1558,2022-08-06,Santa Ana,Rural,167,88,95,2022,8,6,3,52.69461077844312,Media,8360
1559,2023-10-11,San Miguel,Playa,174,109,73,2023,10,11,4,62.643678160919535,Media,7957
1560,2023-07-13,San Salvador,Rural,148,32,87,2023,7,13,3,21.62162162162162,Baja,2784
1561,2022-11-19,Santa Ana,Rural,139,113,218,2022,11,19,4,81.29496402877699,Alta,24634
1562,2021-10-06,Santa Ana,Rural,155,92,205,2021,10,6,4,59.354838709677416,Media,18860
1563,2021-09-27,San Salvador,Montaña,157,46,178,2021,9,27,3,29.29936305732484,Baja,8188
1564,2023-09-08,San Salvador,Ciudad,175,60,205,2023,9,8,3,34.285714285714285,Baja,12300
1567,2023-12-16,Usulutan,Ciudad,126,8,114,2023,12,16,4,6.349206349206349,Baja,912
1568,2023-10-01,San Miguel,Montaña,161,88,166,2023,10,1,4,54.6583850931677,Media,14608
1569,2024-09-06,Sonsonate,Playa,60,50,38,2024,9,6,3,83.33333333333334,Alta,1900
1570,2022-11-27,La Paz,Playa,163,82,151,2022,11,27,4,50.306748466257666,Media,12382
1572,2024-02-10,La Libertad,Rural,164,42,40,2024,2,10,1,25.609756097560975,Baja,1680
1575,2023-02-06,Sonsonate,Rural,80,36,156,2023,2,6,1,45.0,Media,5616
1576,2021-11-27,Usulutan,Montaña,148,112,154,2021,11,27,4,75.67567567567568,Alta,17248
1578,2022-04-14,San Salvador,Montaña,193,78,56,2022,4,14,2,40.41450777202073,Media,4368
1580,2022-01-15,Usulutan,Montaña,121,40,243,2022,1,15,1,33.057851239669425,Baja,9720
1581,2023-04-25,Ahuachapan,Montaña,182,80,139,2023,4,25,2,43.956043956043956,Media,11120
1582,2023-05-09,La Paz,Ciudad,191,137,144,2023,5,9,2,71.72774869109948,Alta,19728
1583,2023-05-05,Ahuachapan,Rural,95,31,180,2023,5,5,2,32.631578947368425,Baja,5580
1584,2021-07-23,La Libertad,Rural,150,88,55,2021,7,23,3,58.666666666666664,Media,4840
1586,2024-05-12,Ahuachapan,Ciudad,183,167,217,2024,5,12,2,91.2568306010929,Alta,36239
1589,2024-12-08,San Miguel,Playa,142,59,116,2024,12,8,4,41.54929577464789,Media,6844
1592,2021-11-28,San Miguel,Ciudad,62,15,81,2021,11,28,4,24.193548387096776,Baja,1215
1594,2022-08-10,Usulutan,Montaña,115,74,244,2022,8,10,3,64.34782608695652,Media,18056
1596,2021-03-10,San Miguel,Rural,145,28,178,2021,3,10,1,19.310344827586206,Baja,4984
1598,2024-09-21,La Libertad,Ciudad,132,94,46,2024,9,21,3,71.21212121212122,Alta,4324
1601,2021-03-02,San Miguel,Montaña,114,7,241,2021,3,2,1,6.140350877192982,Baja,1687
1604,2022-11-23,Santa Ana,Rural,190,40,221,2022,11,23,4,21.052631578947366,Baja,8840
1608,2021-01-18,San Salvador,Rural,140,136,141,2021,1,18,1,97.14285714285714,Alta,19176
1609,2023-06-01,San Salvador,Montaña,184,173,40,2023,6,1,2,94.02173913043478,Alta,6920
1610,2022-06-20,La Libertad,Montaña,178,122,48,2022,6,20,2,68.53932584269663,Media,5856
1611,2023-07-23,Usulutan,Ciudad,175,147,130,2023,7,23,3,84.0,Alta,19110
1612,2024-09-06,La Libertad,Rural,142,62,216,2024,9,6,3,43.66197183098591,Media,13392
1613,2024-10-08,Ahuachapan,Playa,107,85,224,2024,10,8,4,79.43925233644859,Alta,19040
1614,2024-12-06,Santa Ana,Ciudad,106,99,84,2024,12,6,4,93.39622641509435,Alta,8316
1616,2022-02-24,Ahuachapan,Ciudad,57,14,73,2022,2,24,1,24.561403508771928,Baja,1022
1618,2021-04-26,San Miguel,Montaña,111,16,199,2021,4,26,2,14.414414414414415,Baja,3184
1620,2024-03-24,Santa Ana,Rural,115,103,211,2024,3,24,1,89.56521739130436,Alta,21733
1621,2022-08-19,La Paz,Ciudad,29,9,182,2022,8,19,3,31.03448275862069,Baja,1638
1622,2024-09-05,La Paz,Playa,190,15,140,2024,9,5,3,7.894736842105263,Baja,2100
1625,2021-07-25,Usulutan,Ciudad,192,58,157,2021,7,25,3,30.208333333333332,Baja,9106
1627,2021-02-28,Sonsonate,Playa,170,168,83,2021,2,28,1,98.82352941176471,Alta,13944
1628,2022-10-19,San Salvador,Playa,140,83,213,2022,10,19,4,59.285714285714285,Media,17679
1629,2023-08-15,Sonsonate,Rural,143,75,117,2023,8,15,3,52.44755244755245,Media,8775
1632,2021-04-07,San Miguel,Montaña,38,15,155,2021,4,7,2,39.473684210526315,Baja,2325
1633,2024-07-07,La Libertad,Ciudad,129,82,36,2024,7,7,3,63.565891472868216,Media,2952
1634,2021-08-26,Ahuachapan,Ciudad,57,33,77,2021,8,26,3,57.89473684210527,Media,2541
1635,2024-10-17,San Salvador,Rural,154,123,217,2024,10,17,4,79.87012987012987,Alta,26691
1636,2023-06-15,Sonsonate,Rural,177,40,183,2023,6,15,2,22.598870056497177,Baja,7320
1637,2022-06-12,Santa Ana,Ciudad,182,137,185,2022,6,12,2,75.27472527472527,Alta,25345
1638,2021-03-28,Usulutan,Ciudad,136,65,102,2021,3,28,1,47.794117647058826,Media,6630
1640,2022-02-14,San Miguel,Ciudad,196,37,225,2022,2,14,1,18.877551020408163,Baja,8325
1641,2023-12-10,Santa Ana,Rural,172,147,57,2023,12,10,4,85.46511627906976,Alta,8379
1642,2022-06-11,La Libertad,Ciudad,119,102,81,2022,6,11,2,85.71428571428571,Alta,8262
1644,2021-11-13,Usulutan,Ciudad,197,28,243,2021,11,13,4,14.213197969543149,Baja,6804
1649,2023-06-30,La Paz,Rural,197,78,95,2023,6,30,2,39.59390862944163,Baja,7410
1651,2021-07-03,Ahuachapan,Rural,136,112,146,2021,7,3,3,82.35294117647058,Alta,16352
1652,2024-03-17,Sonsonate,Playa,80,69,239,2024,3,17,1,86.25,Alta,16491
1653,2022-10-13,San Miguel,Rural,158,110,189,2022,10,13,4,69.62025316455697,Media,20790
1654,2024-11-01,La Libertad,Ciudad,56,52,199,2024,11,1,4,92.85714285714286,Alta,10348
1656,2024-05-25,Ahuachapan,Montaña,118,98,59,2024,5,25,2,83.05084745762711,Alta,5782
1660,2023-06-12,Ahuachapan,Playa,173,80,196,2023,6,12,2,46.24277456647399,Media,15680
1661,2023-09-16,San Salvador,Playa,183,56,232,2023,9,16,3,30.601092896174865,Baja,12992
1662,2023-02-01,La Libertad,Ciudad,168,50,148,2023,2,1,1,29.761904761904763,Baja,7400
1663,2021-09-12,Ahuachapan,Rural,155,47,221,2021,9,12,3,30.32258064516129,Baja,10387
1665,2022-01-17,Usulutan,Rural,158,81,186,2022,1,17,1,51.26582278481012,Media,15066
1666,2022-08-11,Sonsonate,Montaña,177,57,60,2022,8,11,3,32.20338983050847,Baja,3420
1668,2022-01-13,Sonsonate,Ciudad,172,38,248,2022,1,13,1,22.093023255813954,Baja,9424
1671,2023-08-19,San Miguel,Rural,68,65,58,2023,8,19,3,95.58823529411765,Alta,3770
1672,2022-01-18,Usulutan,Ciudad,123,118,123,2022,1,18,1,95.9349593495935,Alta,14514
1674,2024-02-21,La Paz,Playa,74,67,242,2024,2,21,1,90.54054054054053,Alta,16214
1675,2022-09-16,Ahuachapan,Playa,154,122,243,2022,9,16,3,79.22077922077922,Alta,29646
1676,2022-08-22,La Libertad,Montaña,93,53,118,2022,8,22,3,56.98924731182796,Media,6254
1679,2024-07-29,Ahuachapan,Playa,192,66,68,2024,7,29,3,34.375,Baja,4488
1680,2022-11-26,Santa Ana,Playa,145,111,62,2022,11,26,4,76.55172413793103,Alta,6882
1683,2021-07-26,La Libertad,Rural,118,79,198,2021,7,26,3,66.94915254237289,Media,15642
1684,2023-12-09,Ahuachapan,Playa,184,60,224,2023,12,9,4,32.608695652173914,Baja,13440
1685,2024-10-13,San Salvador,Ciudad,149,37,60,2024,10,13,4,24.832214765100673,Baja,2220
1686,2021-03-16,Santa Ana,Montaña,126,113,107,2021,3,16,1,89.68253968253968,Alta,12091
1691,2023-01-21,San Miguel,Montaña,45,28,156,2023,1,21,1,62.22222222222222,Media,4368
1692,2022-10-19,Usulutan,Rural,119,19,70,2022,10,19,4,15.966386554621847,Baja,1330
1694,2023-03-23,Ahuachapan,Rural,131,29,209,2023,3,23,1,22.137404580152673,Baja,6061
1695,2024-06-12,San Miguel,Rural,72,34,134,2024,6,12,2,47.22222222222222,Media,4556
1697,2023-04-03,San Salvador,Ciudad,148,86,185,2023,4,3,2,58.108108108108105,Media,15910
1699,2024-03-07,Sonsonate,Montaña,188,76,115,2024,3,7,1,40.42553191489361,Media,8740
1702,2021-12-11,San Miguel,Rural,82,49,163,2021,12,11,4,59.756097560975604,Media,7987
1703,2022-06-05,Usulutan,Playa,178,155,209,2022,6,5,2,87.07865168539325,Alta,32395
1704,2022-01-04,Ahuachapan,Montaña,80,42,203,2022,1,4,1,52.5,Media,8526
1705,2024-10-30,San Miguel,Ciudad,167,124,214,2024,10,30,4,74.25149700598801,Alta,26536
1707,2022-08-06,La Paz,Rural,22,11,220,2022,8,6,3,50.0,Media,2420
1709,2024-06-25,Santa Ana,Playa,149,32,78,2024,6,25,2,21.476510067114095,Baja,2496
1710,2023-10-26,Santa Ana,Ciudad,193,44,200,2023,10,26,4,22.797927461139896,Baja,8800
1712,2022-12-21,La Libertad,Ciudad,144,112,142,2022,12,21,4,77.77777777777779,Alta,15904
1714,2022-11-15,La Paz,Playa,140,111,135,2022,11,15,4,79.28571428571428,Alta,14985
1716,2024-02-26,Ahuachapan,Montaña,93,51,191,2024,2,26,1,54.83870967741935,Media,9741
1718,2021-02-28,Santa Ana,Playa,175,156,63,2021,2,28,1,89.14285714285714,Alta,9828
1719,2024-12-06,Usulutan,Montaña,150,12,90,2024,12,6,4,8.0,Baja,1080
1720,2022-01-15,San Salvador,Ciudad,115,23,95,2022,1,15,1,20.0,Baja,2185
1723,2021-07-03,Santa Ana,Montaña,149,104,119,2021,7,3,3,69.79865771812081,Media,12376
1724,2022-07-02,San Salvador,Montaña,176,39,178,2022,7,2,3,22.15909090909091,Baja,6942
1726,2021-08-22,San Salvador,Ciudad,197,113,239,2021,8,22,3,57.360406091370564,Media,27007
1727,2022-09-23,San Miguel,Montaña,109,8,114,2022,9,23,3,7.339449541284404,Baja,912
1728,2021-01-31,La Libertad,Rural,176,79,125,2021,1,31,1,44.88636363636363,Media,9875
1731,2023-02-05,Sonsonate,Rural,126,90,189,2023,2,5,1,71.42857142857143,Alta,17010
1732,2024-09-01,Sonsonate,Ciudad,155,75,150,2024,9,1,3,48.38709677419355,Media,11250
1733,2021-12-07,Sonsonate,Playa,168,130,40,2021,12,7,4,77.38095238095238,Alta,5200
1734,2021-07-12,San Salvador,Rural,186,87,164,2021,7,12,3,46.774193548387096,Media,14268
1735,2023-08-04,La Paz,Rural,115,6,152,2023,8,4,3,5.217391304347826,Baja,912
1736,2021-07-17,San Salvador,Playa,85,69,99,2021,7,17,3,81.17647058823529,Alta,6831
1737,2024-10-10,Santa Ana,Rural,136,88,82,2024,10,10,4,64.70588235294117,Media,7216
1738,2022-11-13,Sonsonate,Rural,104,38,154,2022,11,13,4,36.53846153846153,Baja,5852
1739,2021-04-11,Usulutan,Ciudad,189,36,59,2021,4,11,2,19.047619047619047,Baja,2124
1740,2022-02-11,Sonsonate,Montaña,132,81,82,2022,2,11,1,61.36363636363637,Media,6642
1743,2023-04-17,Ahuachapan,Montaña,149,127,153,2023,4,17,2,85.23489932885906,Alta,19431
1744,2021-12-31,San Miguel,Rural,140,138,184,2021,12,31,4,98.57142857142858,Alta,25392
1747,2023-01-22,La Libertad,Playa,187,98,171,2023,1,22,1,52.406417112299465,Media,16758
1748,2022-03-30,Ahuachapan,Ciudad,175,62,85,2022,3,30,1,35.42857142857142,Baja,5270
1749,2024-03-05,La Paz,Playa,40,33,100,2024,3,5,1,82.5,Alta,3300
1750,2021-07-17,San Miguel,Playa,119,78,82,2021,7,17,3,65.54621848739495,Media,6396
1751,2022-04-22,Usulutan,Ciudad,80,13,40,2022,4,22,2,16.25,Baja,520
1753,2021-07-18,San Miguel,Ciudad,164,13,125,2021,7,18,3,7.926829268292683,Baja,1625
1754,2021-08-06,La Paz,Playa,176,127,70,2021,8,6,3,72.1590909090909,Alta,8890
1755,2021-11-24,Santa Ana,Ciudad,67,50,231,2021,11,24,4,74.6268656716418,Alta,11550
1759,2023-12-01,Usulutan,Ciudad,101,28,162,2023,12,1,4,27.722772277227726,Baja,4536
1762,2021-05-28,Ahuachapan,Rural,161,11,216,2021,5,28,2,6.832298136645963,Baja,2376
1763,2024-01-06,Usulutan,Montaña,109,55,49,2024,1,6,1,50.45871559633027,Media,2695
1764,2024-03-01,Santa Ana,Montaña,142,29,54,2024,3,1,1,20.422535211267608,Baja,1566
1766,2021-03-10,La Paz,Ciudad,165,33,218,2021,3,10,1,20.0,Baja,7194
1767,2021-10-12,San Salvador,Playa,196,117,95,2021,10,12,4,59.693877551020414,Media,11115
1770,2022-12-20,Sonsonate,Rural,47,13,96,2022,12,20,4,27.659574468085108,Baja,1248
1771,2023-12-28,San Salvador,Rural,192,60,135,2023,12,28,4,31.25,Baja,8100
1772,2022-04-29,Sonsonate,Montaña,82,68,73,2022,4,29,2,82.92682926829268,Alta,4964
1773,2024-07-20,San Salvador,Rural,140,125,241,2024,7,20,3,89.28571428571429,Alta,30125
1774,2021-11-27,La Libertad,Rural,108,61,48,2021,11,27,4,56.481481481481474,Media,2928
1775,2021-11-07,San Salvador,Ciudad,192,95,131,2021,11,7,4,49.47916666666667,Media,12445
1776,2022-11-22,San Miguel,Rural,115,45,159,2022,11,22,4,39.130434782608695,Baja,7155
1777,2021-05-26,Sonsonate,Rural,171,111,48,2021,5,26,2,64.91228070175438,Media,5328
1779,2021-11-14,San Salvador,Ciudad,95,27,166,2021,11,14,4,28.421052631578945,Baja,4482
1782,2023-07-05,Usulutan,Montaña,127,110,94,2023,7,5,3,86.61417322834646,Alta,10340
1788,2021-05-26,Usulutan,Montaña,81,52,186,2021,5,26,2,64.19753086419753,Media,9672
1790,2021-11-09,Sonsonate,Rural,198,90,43,2021,11,9,4,45.45454545454545,Media,3870
1791,2024-12-18,Usulutan,Montaña,153,147,136,2024,12,18,4,96.07843137254902,Alta,19992
1794,2023-10-16,Sonsonate,Montaña,58,53,148,2023,10,16,4,91.37931034482759,Alta,7844
1795,2024-07-02,Sonsonate,Rural,87,20,36,2024,7,2,3,22.988505747126435,Baja,720
1797,2021-08-21,San Salvador,Montaña,155,141,145,2021,8,21,3,90.96774193548387,Alta,20445
1798,2021-01-17,San Miguel,Montaña,184,69,108,2021,1,17,1,37.5,Baja,7452
1800,2023-07-01,La Paz,Ciudad,142,42,159,2023,7,1,3,29.577464788732392,Baja,6678
1801,2022-01-30,La Paz,Rural,177,26,126,2022,1,30,1,14.689265536723164,Baja,3276
1802,2023-07-22,Ahuachapan,Playa,167,50,197,2023,7,22,3,29.94011976047904,Baja,9850
1803,2021-08-13,Sonsonate,Playa,120,57,207,2021,8,13,3,47.5,Media,11799
1804,2024-10-27,Sonsonate,Ciudad,197,141,85,2024,10,27,4,71.57360406091371,Alta,11985
1805,2022-05-20,Ahuachapan,Montaña,195,59,104,2022,5,20,2,30.256410256410255,Baja,6136
1807,2024-02-10,Ahuachapan,Montaña,66,48,92,2024,2,10,1,72.72727272727273,Alta,4416
1810,2021-12-07,La Libertad,Ciudad,190,74,67,2021,12,7,4,38.94736842105263,Baja,4958
1811,2023-10-10,Sonsonate,Rural,179,145,55,2023,10,10,4,81.00558659217877,Alta,7975
1813,2023-08-03,San Miguel,Rural,37,37,137,2023,8,3,3,100.0,Alta,5069
1815,2021-11-06,San Salvador,Montaña,113,16,149,2021,11,6,4,14.15929203539823,Baja,2384
1816,2021-03-28,San Miguel,Rural,165,111,126,2021,3,28,1,67.27272727272727,Media,13986
1817,2021-05-04,La Paz,Montaña,175,45,196,2021,5,4,2,25.71428571428571,Baja,8820
1820,2024-07-16,Santa Ana,Ciudad,58,56,131,2024,7,16,3,96.55172413793103,Alta,7336
1821,2021-07-27,La Libertad,Playa,131,39,81,2021,7,27,3,29.770992366412212,Baja,3159
1823,2023-07-29,San Salvador,Rural,191,136,236,2023,7,29,3,71.20418848167539,Alta,32096
1824,2023-08-17,Sonsonate,Ciudad,68,66,181,2023,8,17,3,97.05882352941177,Alta,11946
1825,2024-09-20,Sonsonate,Ciudad,123,8,240,2024,9,20,3,6.504065040650407,Baja,1920
1826,2021-11-22,Santa Ana,Rural,137,14,201,2021,11,22,4,10.218978102189782,Baja,2814
1827,2023-01-27,San Salvador,Montaña,114,18,189,2023,1,27,1,15.789473684210526,Baja,3402
1829,2024-07-30,Ahuachapan,Playa,99,64,139,2024,7,30,3,64.64646464646465,Media,8896
1830,2021-01-08,Ahuachapan,Ciudad,140,104,216,2021,1,8,1,74.28571428571429,Alta,22464
1832,2023-01-10,San Miguel,Ciudad,185,20,63,2023,1,10,1,10.81081081081081,Baja,1260
1833,2024-08-11,Ahuachapan,Montaña,150,41,96,2024,8,11,3,27.333333333333332,Baja,3936
1834,2024-03-17,Usulutan,Playa,198,131,236,2024,3,17,1,66.16161616161617,Media,30916
1838,2023-05-11,Ahuachapan,Rural,169,106,217,2023,5,11,2,62.721893491124256,Media,23002
1839,2021-06-01,La Paz,Rural,156,123,153,2021,6,1,2,78.84615384615384,Alta,18819
1840,2024-07-02,La Paz,Playa,123,55,100,2024,7,2,3,44.71544715447154,Media,5500
1843,2022-07-16,La Libertad,Ciudad,193,160,52,2022,7,16,3,82.90155440414507,Alta,8320
1844,2024-11-19,Sonsonate,Rural,184,112,185,2024,11,19,4,60.86956521739131,Media,20720
1845,2022-03-02,La Libertad,Montaña,131,118,62,2022,3,2,1,90.07633587786259,Alta,7316
1846,2023-12-24,Usulutan,Playa,149,138,168,2023,12,24,4,92.61744966442953,Alta,23184
1847,2023-06-02,Usulutan,Playa,179,129,156,2023,6,2,2,72.06703910614524,Alta,20124
1849,2024-09-01,Usulutan,Playa,100,31,152,2024,9,1,3,31.0,Baja,4712
1852,2024-07-19,Santa Ana,Montaña,138,91,76,2024,7,19,3,65.94202898550725,Media,6916
1853,2023-10-29,Santa Ana,Montaña,151,136,83,2023,10,29,4,90.06622516556291,Alta,11288
1855,2024-10-07,La Paz,Playa,181,163,169,2024,10,7,4,90.05524861878453,Alta,27547
1856,2024-06-24,Sonsonate,Montaña,150,134,99,2024,6,24,2,89.33333333333333,Alta,13266
1857,2024-07-22,San Miguel,Montaña,143,94,179,2024,7,22,3,65.73426573426573,Media,16826
1860,2023-01-04,San Salvador,Ciudad,157,89,147,2023,1,4,1,56.68789808917197,Media,13083
1861,2024-06-19,Santa Ana,Rural,196,138,201,2024,6,19,2,70.40816326530613,Alta,27738
1863,2022-06-12,La Paz,Playa,58,23,143,2022,6,12,2,39.6551724137931,Baja,3289
1864,2021-04-02,Ahuachapan,Rural,143,67,76,2021,4,2,2,46.85314685314685,Media,5092
1866,2022-07-14,Santa Ana,Playa,199,61,35,2022,7,14,3,30.65326633165829,Baja,2135
1867,2021-07-20,San Salvador,Playa,163,139,106,2021,7,20,3,85.2760736196319,Alta,14734
1869,2021-07-15,Sonsonate,Rural,70,8,167,2021,7,15,3,11.428571428571429,Baja,1336
1870,2023-10-10,Usulutan,Rural,131,20,135,2023,10,10,4,15.267175572519085,Baja,2700
1871,2024-05-02,La Paz,Rural,172,156,128,2024,5,2,2,90.69767441860465,Alta,19968
1873,2024-10-31,La Libertad,Montaña,145,60,235,2024,10,31,4,41.37931034482759,Media,14100
1874,2021-09-24,Usulutan,Ciudad,171,74,182,2021,9,24,3,43.27485380116959,Media,13468
1875,2021-05-30,La Libertad,Playa,46,33,237,2021,5,30,2,71.73913043478261,Alta,7821
1877,2021-07-17,La Libertad,Ciudad,88,60,217,2021,7,17,3,68.18181818181817,Media,13020
1879,2023-11-21,San Salvador,Ciudad,109,86,90,2023,11,21,4,78.89908256880734,Alta,7740
1880,2023-11-03,Sonsonate,Playa,132,77,236,2023,11,3,4,58.333333333333336,Media,18172
1881,2021-10-25,Sonsonate,Montaña,177,116,110,2021,10,25,4,65.5367231638418,Media,12760
1882,2024-08-17,La Paz,Ciudad,156,90,122,2024,8,17,3,57.692307692307686,Media,10980
1883,2022-05-27,Usulutan,Montaña,153,17,158,2022,5,27,2,11.11111111111111,Baja,2686
1886,2021-10-18,La Paz,Playa,73,7,152,2021,10,18,4,9.58904109589041,Baja,1064
1888,2024-11-27,San Salvador,Ciudad,146,36,231,2024,11,27,4,24.65753424657534,Baja,8316
1889,2023-02-24,Sonsonate,Rural,167,33,148,2023,2,24,1,19.760479041916167,Baja,4884
1891,2023-04-11,San Miguel,Rural,36,32,198,2023,4,11,2,88.88888888888889,Alta,6336
1892,2021-03-23,San Miguel,Playa,162,23,116,2021,3,23,1,14.19753086419753,Baja,2668
1895,2024-02-29,Sonsonate,Ciudad,184,93,152,2024,2,29,1,50.54347826086957,Media,14136
1897,2023-10-09,La Paz,Rural,81,41,92,2023,10,9,4,50.617283950617285,Media,3772
1898,2021-04-12,Santa Ana,Playa,128,90,50,2021,4,12,2,70.3125,Alta,4500
1901,2021-07-11,Santa Ana,Rural,136,133,160,2021,7,11,3,97.79411764705883,Alta,21280
1903,2022-05-24,Sonsonate,Playa,94,48,46,2022,5,24,2,51.06382978723404,Media,2208
1906,2023-02-01,Ahuachapan,Montaña,94,25,172,2023,2,1,1,26.595744680851062,Baja,4300
1908,2022-09-22,Usulutan,Ciudad,106,10,111,2022,9,22,3,9.433962264150944,Baja,1110
1909,2024-10-29,San Miguel,Rural,159,150,41,2024,10,29,4,94.33962264150944,Alta,6150
1910,2021-03-15,San Miguel,Ciudad,196,103,91,2021,3,15,1,52.55102040816326,Media,9373
1913,2022-03-05,Usulutan,Rural,162,115,133,2022,3,5,1,70.98765432098766,Alta,15295
1915,2024-01-01,La Paz,Playa,65,34,216,2024,1,1,1,52.307692307692314,Media,7344
1919,2021-02-18,La Paz,Montaña,181,24,58,2021,2,18,1,13.259668508287293,Baja,1392
1923,2023-01-26,Usulutan,Ciudad,169,114,218,2023,1,26,1,67.45562130177515,Media,24852
1924,2024-04-21,La Libertad,Playa,114,70,50,2024,4,21,2,61.40350877192983,Media,3500
1927,2022-05-16,San Miguel,Montaña,163,14,83,2022,5,16,2,8.588957055214724,Baja,1162
1928,2022-07-20,La Libertad,Montaña,66,25,133,2022,7,20,3,37.878787878787875,Baja,3325
1930,2022-07-01,La Paz,Montaña,144,113,205,2022,7,1,3,78.47222222222221,Alta,23165
1933,2024-12-18,Sonsonate,Montaña,87,78,138,2024,12,18,4,89.65517241379311,Alta,10764
1935,2023-03-18,Sonsonate,Playa,118,63,45,2023,3,18,1,53.38983050847458,Media,2835
1938,2021-08-25,La Libertad,Rural,86,18,217,2021,8,25,3,20.930232558139537,Baja,3906
1940,2024-03-22,La Paz,Montaña,142,80,217,2024,3,22,1,56.33802816901409,Media,17360
1941,2022-05-21,Usulutan,Rural,172,87,41,2022,5,21,2,50.58139534883721,Media,3567
1942,2021-09-26,Usulutan,Montaña,76,43,111,2021,9,26,3,56.57894736842105,Media,4773
1944,2022-12-10,Santa Ana,Rural,57,18,110,2022,12,10,4,31.57894736842105,Baja,1980
1947,2022-05-23,La Libertad,Rural,196,148,107,2022,5,23,2,75.51020408163265,Alta,15836
1952,2024-12-06,San Miguel,Ciudad,195,173,140,2024,12,6,4,88.71794871794872,Alta,24220
1953,2023-06-06,Usulutan,Montaña,94,47,85,2023,6,6,2,50.0,Media,3995
1954,2021-10-02,Sonsonate,Ciudad,160,121,239,2021,10,2,4,75.625,Alta,28919
1955,2023-10-30,La Libertad,Playa,197,73,218,2023,10,30,4,37.055837563451774,Baja,15914
1957,2022-08-21,Ahuachapan,Playa,175,157,93,2022,8,21,3,89.71428571428571,Alta,14601
1958,2022-09-11,San Salvador,Rural,184,14,245,2022,9,11,3,7.608695652173914,Baja,3430
1960,2023-10-27,San Miguel,Ciudad,190,145,241,2023,10,27,4,76.31578947368422,Alta,34945
1961,2023-08-19,Sonsonate,Playa,170,154,43,2023,8,19,3,90.58823529411765,Alta,6622
1962,2022-02-24,La Paz,Montaña,147,60,243,2022,2,24,1,40.816326530612244,Media,14580
1963,2023-08-26,Santa Ana,Montaña,120,77,212,2023,8,26,3,64.16666666666667,Media,16324
1964,2023-08-03,La Paz,Montaña,132,129,140,2023,8,3,3,97.72727272727273,Alta,18060
1965,2022-04-16,Sonsonate,Montaña,169,19,100,2022,4,16,2,11.242603550295858,Baja,1900
1966,2021-03-28,San Miguel,Montaña,199,72,149,2021,3,28,1,36.18090452261307,Baja,10728
1969,2022-07-08,Sonsonate,Ciudad,64,54,225,2022,7,8,3,84.375,Alta,12150
1971,2021-12-10,San Salvador,Playa,70,35,217,2021,12,10,4,50.0,Media,7595
1972,2022-04-23,Usulutan,Montaña,183,100,234,2022,4,23,2,54.644808743169406,Media,23400
1974,2022-10-08,Sonsonate,Ciudad,182,34,107,2022,10,8,4,18.681318681318682,Baja,3638
1976,2021-01-19,Santa Ana,Montaña,74,11,126,2021,1,19,1,14.864864864864865,Baja,1386
1977,2021-06-11,Santa Ana,Rural,104,96,211,2021,6,11,2,92.3076923076923,Alta,20256
1979,2021-02-01,La Libertad,Rural,158,30,56,2021,2,1,1,18.9873417721519,Baja,1680
1980,2023-05-13,La Paz,Playa,180,167,95,2023,5,13,2,92.77777777777779,Alta,15865
1981,2023-03-08,Usulutan,Ciudad,192,155,68,2023,3,8,1,80.72916666666666,Alta,10540
1983,2023-06-17,Santa Ana,Montaña,94,31,178,2023,6,17,2,32.97872340425532,Baja,5518
1985,2024-08-20,La Paz,Montaña,130,116,221,2024,8,20,3,89.23076923076924,Alta,25636
1988,2021-05-17,Santa Ana,Ciudad,187,29,119,2021,5,17,2,15.508021390374333,Baja,3451
1989,2023-06-21,San Salvador,Rural,148,99,239,2023,6,21,2,66.8918918918919,Media,23661
1992,2022-03-28,San Miguel,Playa,177,139,39,2022,3,28,1,78.53107344632768,Alta,5421
1993,2022-10-05,La Paz,Playa,183,89,243,2022,10,5,4,48.63387978142077,Media,21627
1994,2024-01-17,San Miguel,Montaña,183,68,109,2024,1,17,1,37.15846994535519,Baja,7412
1995,2021-01-05,Sonsonate,Playa,94,40,189,2021,1,5,1,42.5531914893617,Media,7560
1996,2023-07-24,Sonsonate,Ciudad,122,61,74,2023,7,24,3,50.0,Media,4514
1997,2021-03-04,San Miguel,Montaña,65,36,100,2021,3,4,1,55.38461538461539,Media,3600
1998,2024-06-20,Usulutan,Ciudad,58,11,147,2024,6,20,2,18.96551724137931,Baja,1617
1999,2022-06-24,Ahuachapan,Montaña,131,105,234,2022,6,24,2,80.1526717557252,Alta,24570
2000,2021-07-11,Ahuachapan,Playa,163,103,196,2021,7,11,3,63.190184049079754,Media,20188
2004,2023-06-04,Ahuachapan,Montaña,180,125,198,2023,6,4,2,69.44444444444444,Media,24750
2005,2024-10-08,La Libertad,Ciudad,157,89,74,2024,10,8,4,56.68789808917197,Media,6586
2007,2022-09-11,Usulutan,Montaña,153,134,190,2022,9,11,3,87.58169934640523,Alta,25460
2008,2024-03-16,La Libertad,Montaña,143,66,228,2024,3,16,1,46.15384615384615,Media,15048
2009,2023-08-31,La Paz,Montaña,182,10,216,2023,8,31,3,5.4945054945054945,Baja,2160
2010,2023-08-07,Ahuachapan,Rural,110,73,118,2023,8,7,3,66.36363636363637,Media,8614
2011,2021-02-04,La Libertad,Playa,24,19,182,2021,2,4,1,79.16666666666666,Alta,3458
2012,2024-11-07,La Paz,Ciudad,160,119,198,2024,11,7,4,74.375,Alta,23562
2013,2024-08-17,La Paz,Montaña,164,104,177,2024,8,17,3,63.41463414634146,Media,18408
2014,2024-04-30,San Miguel,Ciudad,77,45,111,2024,4,30,2,58.44155844155844,Media,4995
2015,2024-12-22,San Miguel,Rural,170,85,56,2024,12,22,4,50.0,Media,4760
2017,2021-03-25,Usulutan,Ciudad,94,41,117,2021,3,25,1,43.61702127659575,Media,4797
2018,2021-10-25,San Miguel,Playa,60,47,237,2021,10,25,4,78.33333333333333,Alta,11139
2023,2023-11-01,Sonsonate,Ciudad,181,115,101,2023,11,1,4,63.53591160220995,Media,11615
2024,2022-11-08,San Miguel,Ciudad,184,14,201,2022,11,8,4,7.608695652173914,Baja,2814
2028,2024-01-27,Santa Ana,Montaña,195,58,122,2024,1,27,1,29.743589743589745,Baja,7076
2030,2021-01-09,Usulutan,Playa,172,32,240,2021,1,9,1,18.6046511627907,Baja,7680
2031,2024-01-18,Sonsonate,Ciudad,186,165,190,2024,1,18,1,88.70967741935483,Alta,31350
2036,2024-07-19,San Miguel,Rural,170,46,96,2024,7,19,3,27.058823529411764,Baja,4416
2037,2022-11-09,San Miguel,Ciudad,117,87,246,2022,11,9,4,74.35897435897436,Alta,21402
2038,2022-07-23,Sonsonate,Montaña,83,38,89,2022,7,23,3,45.78313253012048,Media,3382
2039,2022-02-05,La Libertad,Montaña,139,62,96,2022,2,5,1,44.60431654676259,Media,5952
2041,2023-06-30,San Salvador,Rural,74,14,192,2023,6,30,2,18.91891891891892,Baja,2688
2042,2024-07-15,Usulutan,Montaña,157,40,62,2024,7,15,3,25.477707006369428,Baja,2480
2043,2023-11-23,Sonsonate,Ciudad,83,36,91,2023,11,23,4,43.373493975903614,Media,3276
2046,2022-05-12,San Miguel,Rural,101,13,209,2022,5,12,2,12.871287128712872,Baja,2717
2048,2024-05-23,La Libertad,Rural,177,22,160,2024,5,23,2,12.429378531073446,Baja,3520
2049,2023-06-19,Santa Ana,Montaña,114,65,202,2023,6,19,2,57.01754385964912,Media,13130
2050,2022-05-19,Sonsonate,Montaña,79,14,173,2022,5,19,2,17.72151898734177,Baja,2422
2053,2021-01-05,Santa Ana,Playa,79,55,234,2021,1,5,1,69.62025316455697,Media,12870
2055,2023-12-08,La Paz,Playa,181,94,245,2023,12,8,4,51.93370165745856,Media,23030
2057,2021-03-23,San Salvador,Montaña,59,56,201,2021,3,23,1,94.91525423728814,Alta,11256
2058,2022-02-10,Usulutan,Rural,149,45,249,2022,2,10,1,30.201342281879196,Baja,11205
2061,2021-11-21,Sonsonate,Rural,137,87,140,2021,11,21,4,63.503649635036496,Media,12180
2064,2024-05-24,San Salvador,Playa,177,130,99,2024,5,24,2,73.44632768361582,Alta,12870
2065,2024-05-08,Ahuachapan,Playa,160,147,241,2024,5,8,2,91.875,Alta,35427
2066,2024-04-25,San Salvador,Rural,163,35,179,2024,4,25,2,21.472392638036812,Baja,6265
2067,2024-08-26,La Libertad,Playa,37,13,102,2024,8,26,3,35.13513513513514,Baja,1326
2069,2023-07-06,La Libertad,Playa,88,43,71,2023,7,6,3,48.86363636363637,Media,3053
2070,2022-11-27,La Libertad,Playa,171,66,196,2022,11,27,4,38.59649122807017,Baja,12936
2071,2021-11-20,San Miguel,Rural,165,57,212,2021,11,20,4,34.54545454545455,Baja,12084
2072,2023-09-15,Sonsonate,Rural,124,97,60,2023,9,15,3,78.2258064516129,Alta,5820
2074,2024-11-05,La Paz,Montaña,139,105,231,2024,11,5,4,75.53956834532374,Alta,24255
2075,2022-05-19,La Paz,Playa,135,70,114,2022,5,19,2,51.85185185185185,Media,7980
2076,2023-11-18,San Miguel,Playa,30,27,52,2023,11,18,4,90.0,Alta,1404
2077,2024-05-20,Ahuachapan,Ciudad,91,13,248,2024,5,20,2,14.285714285714285,Baja,3224
2078,2024-06-16,Ahuachapan,Playa,53,17,229,2024,6,16,2,32.075471698113205,Baja,3893
2079,2022-11-22,Ahuachapan,Rural,142,51,221,2022,11,22,4,35.91549295774648,Baja,11271
2080,2022-06-13,Ahuachapan,Rural,171,62,228,2022,6,13,2,36.25730994152047,Baja,14136
2081,2024-03-21,La Paz,Rural,100,59,236,2024,3,21,1,59.0,Media,13924
2083,2021-08-09,Ahuachapan,Rural,108,89,177,2021,8,9,3,82.4074074074074,Alta,15753
2084,2024-05-02,La Paz,Ciudad,121,22,53,2024,5,2,2,18.181818181818183,Baja,1166
2086,2021-09-04,San Salvador,Rural,49,6,97,2021,9,4,3,12.244897959183673,Baja,582
2087,2022-05-31,San Salvador,Montaña,70,23,86,2022,5,31,2,32.857142857142854,Baja,1978
2088,2023-07-17,Santa Ana,Rural,135,38,237,2023,7,17,3,28.14814814814815,Baja,9006
2097,2022-12-27,Usulutan,Ciudad,170,119,142,2022,12,27,4,70.0,Alta,16898
2098,2021-08-16,Usulutan,Montaña,146,61,44,2021,8,16,3,41.78082191780822,Media,2684
2100,2023-02-15,San Miguel,Montaña,28,26,94,2023,2,15,1,92.85714285714286,Alta,2444
2101,2021-03-04,Sonsonate,Montaña,183,145,83,2021,3,4,1,79.23497267759562,Alta,12035
2103,2022-03-27,San Miguel,Ciudad,159,89,137,2022,3,27,1,55.9748427672956,Media,12193
2104,2023-12-17,San Salvador,Rural,174,58,102,2023,12,17,4,33.33333333333333,Baja,5916
2105,2022-05-24,Usulutan,Playa,158,84,212,2022,5,24,2,53.16455696202531,Media,17808
2106,2023-12-13,San Salvador,Ciudad,189,128,189,2023,12,13,4,67.72486772486772,Media,24192
2110,2024-10-14,Santa Ana,Ciudad,197,46,204,2024,10,14,4,23.3502538071066,Baja,9384
2111,2021-03-23,Santa Ana,Playa,126,72,177,2021,3,23,1,57.14285714285714,Media,12744
2113,2022-01-17,Ahuachapan,Rural,174,80,179,2022,1,17,1,45.97701149425287,Media,14320
2114,2023-06-10,San Salvador,Ciudad,54,47,71,2023,6,10,2,87.03703703703704,Alta,3337
2115,2024-11-13,San Salvador,Rural,189,141,172,2024,11,13,4,74.60317460317461,Alta,24252
2117,2024-06-12,La Libertad,Montaña,88,62,227,2024,6,12,2,70.45454545454545,Alta,14074
2118,2022-12-21,La Paz,Playa,156,132,160,2022,12,21,4,84.61538461538461,Alta,21120
2119,2021-04-02,Santa Ana,Playa,193,179,238,2021,4,2,2,92.74611398963731,Alta,42602
2120,2023-05-18,Sonsonate,Playa,98,48,69,2023,5,18,2,48.97959183673469,Media,3312
2123,2021-03-09,San Miguel,Montaña,99,66,202,2021,3,9,1,66.66666666666666,Media,13332
2124,2021-07-31,Santa Ana,Rural,190,40,140,2021,7,31,3,21.052631578947366,Baja,5600
2128,2023-09-18,La Paz,Ciudad,113,84,217,2023,9,18,3,74.33628318584071,Alta,18228
2130,2022-06-01,San Miguel,Playa,141,90,103,2022,6,1,2,63.829787234042556,Media,9270
2131,2023-12-26,Sonsonate,Playa,124,80,207,2023,12,26,4,64.51612903225806,Media,16560
2132,2021-12-24,La Paz,Rural,188,47,63,2021,12,24,4,25.0,Baja,2961
2139,2022-05-27,Santa Ana,Montaña,176,134,238,2022,5,27,2,76.13636363636364,Alta,31892
2142,2024-10-15,La Libertad,Playa,96,91,133,2024,10,15,4,94.79166666666666,Alta,12103
2143,2022-03-14,Santa Ana,Montaña,20,20,176,2022,3,14,1,100.0,Alta,3520
2145,2024-04-20,San Miguel,Ciudad,96,83,140,2024,4,20,2,86.45833333333334,Alta,11620
2146,2021-05-19,San Salvador,Rural,171,38,211,2021,5,19,2,22.22222222222222,Baja,8018
2149,2023-08-26,San Salvador,Ciudad,152,94,227,2023,8,26,3,61.8421052631579,Media,21338
2152,2024-12-01,Usulutan,Montaña,147,15,74,2024,12,1,4,10.204081632653061,Baja,1110
2153,2022-06-12,La Paz,Montaña,164,25,117,2022,6,12,2,15.24390243902439,Baja,2925
2155,2022-04-04,Ahuachapan,Playa,45,27,229,2022,4,4,2,60.0,Media,6183
2156,2022-01-06,Santa Ana,Rural,159,70,93,2022,1,6,1,44.0251572327044,Media,6510
2157,2021-03-15,San Salvador,Playa,160,98,230,2021,3,15,1,61.25000000000001,Media,22540
2158,2023-12-10,San Miguel,Playa,154,47,110,2023,12,10,4,30.519480519480517,Baja,5170
2159,2024-06-17,Santa Ana,Montaña,174,138,150,2024,6,17,2,79.3103448275862,Alta,20700
2160,2021-04-14,Sonsonate,Ciudad,192,116,144,2021,4,14,2,60.416666666666664,Media,16704
2161,2022-07-18,La Paz,Rural,130,17,170,2022,7,18,3,13.076923076923078,Baja,2890
2163,2023-01-09,Santa Ana,Ciudad,60,34,108,2023,1,9,1,56.666666666666664,Media,3672
2165,2023-06-28,Usulutan,Montaña,182,70,53,2023,6,28,2,38.46153846153847,Baja,3710
2169,2022-01-01,La Libertad,Rural,141,47,70,2022,1,1,1,33.33333333333333,Baja,3290
2171,2024-08-11,La Libertad,Rural,189,10,156,2024,8,11,3,5.291005291005291,Baja,1560
2174,2022-02-09,La Paz,Montaña,173,21,42,2022,2,9,1,12.138728323699421,Baja,882
2175,2022-07-29,Santa Ana,Montaña,110,97,162,2022,7,29,3,88.18181818181819,Alta,15714
2178,2024-10-18,San Salvador,Rural,192,164,148,2024,10,18,4,85.41666666666666,Alta,24272
2179,2024-10-06,Ahuachapan,Ciudad,193,33,92,2024,10,6,4,17.098445595854923,Baja,3036
2182,2021-07-19,Sonsonate,Rural,170,133,180,2021,7,19,3,78.23529411764706,Alta,23940
2183,2021-12-28,San Miguel,Ciudad,63,34,138,2021,12,28,4,53.96825396825397,Media,4692
2184,2021-01-23,La Libertad,Montaña,146,94,109,2021,1,23,1,64.38356164383562,Media,10246
2185,2022-03-02,Santa Ana,Rural,198,47,211,2022,3,2,1,23.737373737373737,Baja,9917
2186,2023-08-28,San Salvador,Montaña,82,13,246,2023,8,28,3,15.853658536585366,Baja,3198
2191,2022-05-14,Santa Ana,Rural,77,7,64,2022,5,14,2,9.090909090909092,Baja,448
2192,2022-05-19,Santa Ana,Playa,94,56,146,2022,5,19,2,59.57446808510638,Media,8176
2193,2023-03-09,Ahuachapan,Playa,179,63,237,2023,3,9,1,35.19553072625698,Baja,14931
2194,2021-11-17,La Paz,Rural,165,115,83,2021,11,17,4,69.6969696969697,Media,9545
2195,2021-08-18,Ahuachapan,Playa,105,31,39,2021,8,18,3,29.523809523809526,Baja,1209
2196,2021-12-12,Ahuachapan,Montaña,160,100,40,2021,12,12,4,62.5,Media,4000
2198,2022-11-13,La Libertad,Rural,196,133,238,2022,11,13,4,67.85714285714286,Media,31654
2199,2021-02-06,La Libertad,Montaña,145,134,103,2021,2,6,1,92.41379310344827,Alta,13802
2202,2021-05-31,Ahuachapan,Playa,121,25,199,2021,5,31,2,20.66115702479339,Baja,4975
2205,2024-05-04,La Paz,Rural,71,36,147,2024,5,4,2,50.70422535211267,Media,5292
2206,2022-07-27,La Libertad,Montaña,82,45,95,2022,7,27,3,54.87804878048781,Media,4275
2207,2022-09-14,La Paz,Ciudad,67,53,71,2022,9,14,3,79.1044776119403,Alta,3763
2209,2021-04-27,La Paz,Playa,144,86,46,2021,4,27,2,59.72222222222222,Media,3956
2211,2021-01-17,Usulutan,Ciudad,44,26,115,2021,1,17,1,59.09090909090909,Media,2990
2212,2023-02-26,Usulutan,Rural,139,14,57,2023,2,26,1,10.071942446043165,Baja,798
2213,2024-06-06,La Libertad,Playa,150,112,213,2024,6,6,2,74.66666666666667,Alta,23856
2215,2021-04-14,San Salvador,Montaña,177,56,93,2021,4,14,2,31.63841807909605,Baja,5208
2216,2022-12-04,Ahuachapan,Rural,180,96,248,2022,12,4,4,53.333333333333336,Media,23808
2217,2021-09-26,Ahuachapan,Montaña,61,31,68,2021,9,26,3,50.81967213114754,Media,2108
2218,2021-11-24,Ahuachapan,Montaña,179,134,244,2021,11,24,4,74.86033519553072,Alta,32696
2222,2024-02-08,Sonsonate,Montaña,120,73,143,2024,2,8,1,60.83333333333333,Media,10439
2223,2024-04-07,La Libertad,Rural,96,33,82,2024,4,7,2,34.375,Baja,2706
2226,2022-06-14,Usulutan,Ciudad,79,9,213,2022,6,14,2,11.39240506329114,Baja,1917
2227,2023-01-02,La Paz,Rural,107,25,191,2023,1,2,1,23.364485981308412,Baja,4775
2228,2021-10-24,Ahuachapan,Playa,175,43,125,2021,10,24,4,24.571428571428573,Baja,5375
2230,2022-08-31,La Paz,Ciudad,116,86,187,2022,8,31,3,74.13793103448276,Alta,16082
2231,2023-08-20,Santa Ana,Rural,86,79,171,2023,8,20,3,91.86046511627907,Alta,13509
2232,2021-09-10,San Salvador,Playa,153,78,55,2021,9,10,3,50.98039215686274,Media,4290
2233,2023-11-21,La Paz,Playa,184,50,66,2023,11,21,4,27.173913043478258,Baja,3300
2236,2022-10-17,Sonsonate,Rural,188,44,119,2022,10,17,4,23.404255319148938,Baja,5236
2238,2023-08-28,Santa Ana,Ciudad,148,42,226,2023,8,28,3,28.37837837837838,Baja,9492
2239,2024-06-06,La Libertad,Rural,170,168,184,2024,6,6,2,98.82352941176471,Alta,30912
2240,2023-12-13,San Miguel,Playa,189,70,70,2023,12,13,4,37.03703703703704,Baja,4900
2241,2022-02-14,San Miguel,Ciudad,113,17,239,2022,2,14,1,15.04424778761062,Baja,4063
2242,2023-02-03,Sonsonate,Playa,186,161,191,2023,2,3,1,86.55913978494624,Alta,30751
2243,2024-08-10,San Salvador,Montaña,117,89,64,2024,8,10,3,76.06837606837607,Alta,5696
2245,2021-09-10,San Miguel,Playa,176,101,210,2021,9,10,3,57.38636363636363,Media,21210
2246,2021-10-02,Santa Ana,Ciudad,163,129,102,2021,10,2,4,79.14110429447852,Alta,13158
2247,2024-08-30,Usulutan,Rural,156,20,223,2024,8,30,3,12.82051282051282,Baja,4460
2248,2023-12-09,San Miguel,Playa,102,90,233,2023,12,9,4,88.23529411764706,Alta,20970
2249,2022-03-08,Sonsonate,Ciudad,186,15,175,2022,3,8,1,8.064516129032258,Baja,2625
2251,2023-08-03,San Miguel,Montaña,135,122,204,2023,8,3,3,90.37037037037037,Alta,24888
2252,2023-04-01,Usulutan,Montaña,186,170,235,2023,4,1,2,91.39784946236558,Alta,39950
2255,2024-08-16,San Salvador,Montaña,88,27,135,2024,8,16,3,30.681818181818183,Baja,3645
2256,2022-05-23,Sonsonate,Playa,80,18,141,2022,5,23,2,22.5,Baja,2538
2257,2024-02-12,Ahuachapan,Ciudad,85,50,45,2024,2,12,1,58.82352941176471,Media,2250
2259,2022-10-21,Usulutan,Rural,90,69,231,2022,10,21,4,76.66666666666667,Alta,15939
2260,2021-05-29,San Salvador,Montaña,51,25,143,2021,5,29,2,49.01960784313725,Media,3575
2261,2023-12-28,Santa Ana,Playa,141,42,200,2023,12,28,4,29.78723404255319,Baja,8400
2263,2021-07-25,Sonsonate,Montaña,136,100,149,2021,7,25,3,73.52941176470588,Alta,14900
2264,2024-04-05,Sonsonate,Montaña,171,83,168,2024,4,5,2,48.53801169590643,Media,13944
2267,2023-05-26,La Paz,Montaña,133,53,170,2023,5,26,2,39.849624060150376,Baja,9010
2269,2021-08-02,Sonsonate,Ciudad,191,174,202,2021,8,2,3,91.09947643979058,Alta,35148
2272,2023-03-11,San Miguel,Ciudad,139,88,148,2023,3,11,1,63.30935251798561,Media,13024
2273,2021-03-02,Sonsonate,Ciudad,165,116,180,2021,3,2,1,70.3030303030303,Alta,20880
2275,2021-06-14,Usulutan,Ciudad,29,9,224,2021,6,14,2,31.03448275862069,Baja,2016
2276,2024-01-04,Santa Ana,Montaña,182,89,156,2024,1,4,1,48.9010989010989,Media,13884
2277,2021-02-16,Santa Ana,Ciudad,47,25,125,2021,2,16,1,53.191489361702125,Media,3125
2279,2022-05-25,Sonsonate,Montaña,191,13,87,2022,5,25,2,6.806282722513089,Baja,1131
2282,2022-03-14,Sonsonate,Ciudad,189,15,229,2022,3,14,1,7.936507936507936,Baja,3435
2284,2023-04-09,San Miguel,Playa,110,35,36,2023,4,9,2,31.818181818181817,Baja,1260
2285,2022-04-26,La Paz,Playa,168,45,127,2022,4,26,2,26.785714285714285,Baja,5715
2286,2023-07-22,Usulutan,Montaña,31,20,226,2023,7,22,3,64.51612903225806,Media,4520
2288,2024-06-03,Usulutan,Montaña,133,96,52,2024,6,3,2,72.18045112781954,Alta,4992
2292,2024-07-23,Sonsonate,Playa,127,95,86,2024,7,23,3,74.80314960629921,Alta,8170
2293,2022-09-27,San Salvador,Ciudad,197,89,199,2022,9,27,3,45.17766497461929,Media,17711
2295,2023-05-19,Santa Ana,Rural,110,77,215,2023,5,19,2,70.0,Alta,16555
2297,2024-09-10,San Salvador,Montaña,173,97,149,2024,9,10,3,56.06936416184971,Media,14453
2298,2022-03-16,Usulutan,Rural,115,69,50,2022,3,16,1,60.0,Media,3450
2299,2021-07-06,San Miguel,Ciudad,167,96,200,2021,7,6,3,57.48502994011976,Media,19200
2300,2023-09-10,Usulutan,Rural,199,59,96,2023,9,10,3,29.64824120603015,Baja,5664
2301,2024-01-21,Santa Ana,Playa,97,86,207,2024,1,21,1,88.65979381443299,Alta,17802
2302,2023-02-13,San Miguel,Rural,132,64,164,2023,2,13,1,48.484848484848484,Media,10496
2304,2023-08-02,La Libertad,Montaña,106,93,152,2023,8,2,3,87.73584905660378,Alta,14136
2306,2021-10-01,Sonsonate,Rural,184,16,137,2021,10,1,4,8.695652173913043,Baja,2192
2307,2023-02-09,San Salvador,Rural,167,154,61,2023,2,9,1,92.21556886227546,Alta,9394
2309,2023-08-05,Santa Ana,Rural,77,38,186,2023,8,5,3,49.35064935064935,Media,7068
2311,2021-03-07,San Miguel,Ciudad,118,75,128,2021,3,7,1,63.559322033898304,Media,9600
2319,2021-03-31,San Miguel,Rural,155,111,129,2021,3,31,1,71.61290322580646,Alta,14319
2320,2021-01-04,San Miguel,Montaña,123,118,48,2021,1,4,1,95.9349593495935,Alta,5664
2323,2022-09-07,San Salvador,Rural,57,55,75,2022,9,7,3,96.49122807017544,Alta,4125
2327,2022-06-29,Sonsonate,Rural,189,47,200,2022,6,29,2,24.867724867724867,Baja,9400
2329,2021-06-07,Ahuachapan,Ciudad,60,21,38,2021,6,7,2,35.0,Baja,798
2330,2021-07-17,San Salvador,Ciudad,49,10,242,2021,7,17,3,20.408163265306122,Baja,2420
2332,2023-01-22,La Paz,Montaña,193,86,179,2023,1,22,1,44.559585492227974,Media,15394
2333,2021-12-28,La Libertad,Playa,194,170,83,2021,12,28,4,87.62886597938144,Alta,14110
2334,2024-02-05,La Libertad,Ciudad,87,38,96,2024,2,5,1,43.67816091954023,Media,3648
2337,2024-09-10,Sonsonate,Ciudad,194,108,218,2024,9,10,3,55.670103092783506,Media,23544
2338,2021-01-10,San Salvador,Montaña,104,37,240,2021,1,10,1,35.57692307692308,Baja,8880
2339,2021-12-14,Sonsonate,Rural,117,8,99,2021,12,14,4,6.837606837606838,Baja,792
2341,2021-09-07,San Salvador,Playa,174,85,124,2021,9,7,3,48.85057471264368,Media,10540
2342,2021-05-31,Usulutan,Ciudad,185,172,70,2021,5,31,2,92.97297297297298,Alta,12040
2343,2021-02-22,Usulutan,Rural,56,30,225,2021,2,22,1,53.57142857142857,Media,6750
2346,2021-05-24,Sonsonate,Ciudad,113,35,199,2021,5,24,2,30.973451327433626,Baja,6965
2347,2023-12-25,Santa Ana,Playa,166,86,134,2023,12,25,4,51.80722891566265,Media,11524
2350,2024-02-11,San Salvador,Playa,160,26,215,2024,2,11,1,16.25,Baja,5590
2351,2021-11-25,San Miguel,Ciudad,76,57,103,2021,11,25,4,75.0,Alta,5871
2352,2023-07-12,Ahuachapan,Montaña,118,9,44,2023,7,12,3,7.627118644067797,Baja,396
2353,2023-07-12,Santa Ana,Montaña,75,55,55,2023,7,12,3,73.33333333333333,Alta,3025
2354,2023-04-22,Sonsonate,Rural,131,56,50,2023,4,22,2,42.74809160305343,Media,2800
2356,2023-03-25,La Paz,Rural,143,88,85,2023,3,25,1,61.53846153846154,Media,7480
2357,2023-06-25,Usulutan,Ciudad,164,20,52,2023,6,25,2,12.195121951219512,Baja,1040
2358,2022-05-30,La Paz,Rural,82,73,124,2022,5,30,2,89.02439024390245,Alta,9052
2361,2021-08-27,San Salvador,Rural,167,111,57,2021,8,27,3,66.46706586826348,Media,6327
2362,2023-01-22,La Paz,Montaña,146,26,222,2023,1,22,1,17.80821917808219,Baja,5772
2363,2021-03-22,Santa Ana,Rural,170,166,229,2021,3,22,1,97.6470588235294,Alta,38014
2364,2023-11-27,Usulutan,Rural,133,95,230,2023,11,27,4,71.42857142857143,Alta,21850
2368,2023-11-18,La Libertad,Montaña,153,114,181,2023,11,18,4,74.50980392156863,Alta,20634
2370,2021-01-22,La Paz,Ciudad,150,131,131,2021,1,22,1,87.33333333333333,Alta,17161
2371,2022-02-03,La Paz,Montaña,184,138,183,2022,2,3,1,75.0,Alta,25254
2373,2024-01-23,San Miguel,Rural,136,114,45,2024,1,23,1,83.82352941176471,Alta,5130
2375,2023-03-18,La Libertad,Ciudad,196,26,115,2023,3,18,1,13.26530612244898,Baja,2990
2377,2023-07-26,Usulutan,Montaña,119,40,80,2023,7,26,3,33.61344537815126,Baja,3200
2380,2024-01-23,Santa Ana,Playa,196,128,190,2024,1,23,1,65.3061224489796,Media,24320
2381,2021-01-05,Ahuachapan,Playa,164,59,114,2021,1,5,1,35.97560975609756,Baja,6726
2382,2024-02-06,La Libertad,Montaña,97,66,164,2024,2,6,1,68.04123711340206,Media,10824
2384,2021-09-13,Usulutan,Montaña,172,63,79,2021,9,13,3,36.627906976744185,Baja,4977
2386,2021-07-10,Ahuachapan,Playa,179,56,112,2021,7,10,3,31.28491620111732,Baja,6272
2387,2021-03-07,Santa Ana,Ciudad,159,14,94,2021,3,7,1,8.80503144654088,Baja,1316
2388,2022-08-05,Santa Ana,Ciudad,174,76,95,2022,8,5,3,43.67816091954023,Media,7220
2391,2022-05-16,Ahuachapan,Playa,178,60,126,2022,5,16,2,33.70786516853933,Baja,7560
2392,2024-05-12,San Miguel,Rural,38,29,55,2024,5,12,2,76.31578947368422,Alta,1595
2393,2024-06-27,Santa Ana,Ciudad,136,70,162,2024,6,27,2,51.470588235294116,Media,11340
2394,2022-03-10,Ahuachapan,Ciudad,112,5,56,2022,3,10,1,4.464285714285714,Baja,280
2395,2021-04-19,Santa Ana,Montaña,136,101,176,2021,4,19,2,74.26470588235294,Alta,17776
2396,2022-03-07,Usulutan,Ciudad,146,107,64,2022,3,7,1,73.28767123287672,Alta,6848
2397,2024-07-11,Sonsonate,Montaña,108,45,86,2024,7,11,3,41.66666666666667,Media,3870
2398,2021-03-29,San Miguel,Playa,178,154,237,2021,3,29,1,86.51685393258427,Alta,36498
2399,2023-08-22,San Miguel,Ciudad,122,121,243,2023,8,22,3,99.18032786885246,Alta,29403
2403,2022-08-06,Sonsonate,Montaña,163,60,147,2022,8,6,3,36.809815950920246,Baja,8820
2404,2023-02-02,Ahuachapan,Rural,178,107,36,2023,2,2,1,60.1123595505618,Media,3852
2407,2023-03-29,La Paz,Ciudad,44,11,116,2023,3,29,1,25.0,Baja,1276
2408,2021-12-01,Usulutan,Rural,169,9,169,2021,12,1,4,5.325443786982249,Baja,1521
2409,2023-03-07,La Paz,Ciudad,159,105,171,2023,3,7,1,66.0377358490566,Media,17955
2413,2024-11-20,Usulutan,Rural,191,127,242,2024,11,20,4,66.49214659685863,Media,30734
2416,2022-12-31,San Miguel,Ciudad,102,86,113,2022,12,31,4,84.31372549019608,Alta,9718
2418,2023-02-18,San Salvador,Ciudad,119,44,222,2023,2,18,1,36.97478991596639,Baja,9768
2420,2022-05-06,Sonsonate,Rural,81,54,180,2022,5,6,2,66.66666666666666,Media,9720
2421,2021-05-05,San Miguel,Rural,153,30,120,2021,5,5,2,19.607843137254903,Baja,3600
2422,2021-08-25,Usulutan,Playa,197,33,39,2021,8,25,3,16.751269035532996,Baja,1287
2424,2023-01-11,San Miguel,Rural,149,86,155,2023,1,11,1,57.71812080536913,Media,13330
2426,2022-08-08,San Salvador,Ciudad,132,65,147,2022,8,8,3,49.24242424242424,Media,9555
2427,2023-11-07,Santa Ana,Ciudad,176,92,186,2023,11,7,4,52.27272727272727,Media,17112
2429,2021-03-05,La Paz,Playa,92,48,204,2021,3,5,1,52.17391304347826,Media,9792
2432,2022-05-11,Santa Ana,Montaña,123,8,39,2022,5,11,2,6.504065040650407,Baja,312
2434,2023-01-17,La Libertad,Rural,74,29,229,2023,1,17,1,39.189189189189186,Baja,6641
2435,2021-11-18,La Paz,Rural,173,127,98,2021,11,18,4,73.41040462427746,Alta,12446
2436,2022-05-17,La Paz,Ciudad,139,30,229,2022,5,17,2,21.58273381294964,Baja,6870
2437,2021-07-26,San Miguel,Ciudad,175,152,72,2021,7,26,3,86.85714285714286,Alta,10944
2440,2023-09-20,Ahuachapan,Ciudad,64,48,104,2023,9,20,3,75.0,Alta,4992
2443,2022-02-06,Sonsonate,Ciudad,95,19,191,2022,2,6,1,20.0,Baja,3629
2444,2023-02-09,San Salvador,Montaña,134,61,53,2023,2,9,1,45.52238805970149,Media,3233
2445,2021-01-03,La Paz,Ciudad,131,8,209,2021,1,3,1,6.106870229007633,Baja,1672
2447,2021-07-24,Santa Ana,Ciudad,43,5,36,2021,7,24,3,11.627906976744185,Baja,180
2448,2023-10-04,San Miguel,Montaña,190,96,149,2023,10,4,4,50.526315789473685,Media,14304
2450,2023-11-20,Usulutan,Ciudad,106,31,131,2023,11,20,4,29.245283018867923,Baja,4061
2452,2023-01-22,San Miguel,Ciudad,163,107,242,2023,1,22,1,65.6441717791411,Media,25894
2453,2021-11-10,La Libertad,Ciudad,121,48,215,2021,11,10,4,39.66942148760331,Baja,10320
2456,2023-10-13,La Libertad,Playa,149,26,48,2023,10,13,4,17.449664429530202,Baja,1248
2459,2022-07-13,Ahuachapan,Rural,117,5,241,2022,7,13,3,4.273504273504273,Baja,1205
2460,2021-10-12,La Libertad,Montaña,152,132,51,2021,10,12,4,86.8421052631579,Alta,6732
2465,2023-01-20,La Paz,Rural,192,170,166,2023,1,20,1,88.54166666666666,Alta,28220
2468,2023-08-09,San Salvador,Playa,158,80,64,2023,8,9,3,50.63291139240506,Media,5120
2471,2024-09-22,San Miguel,Montaña,165,102,228,2024,9,22,3,61.81818181818181,Media,23256
2473,2022-03-31,La Libertad,Montaña,159,46,51,2022,3,31,1,28.930817610062892,Baja,2346
2475,2024-07-23,San Miguel,Rural,166,11,111,2024,7,23,3,6.626506024096386,Baja,1221
2476,2023-01-17,Sonsonate,Montaña,105,51,85,2023,1,17,1,48.57142857142857,Media,4335
2477,2022-07-13,La Libertad,Rural,136,84,90,2022,7,13,3,61.76470588235294,Media,7560
2478,2022-11-27,Santa Ana,Playa,174,148,171,2022,11,27,4,85.0574712643678,Alta,25308
2479,2021-12-18,La Paz,Montaña,85,62,66,2021,12,18,4,72.94117647058823,Alta,4092
2480,2023-04-07,Usulutan,Rural,196,160,217,2023,4,7,2,81.63265306122449,Alta,34720
2481,2022-03-03,Usulutan,Montaña,124,52,249,2022,3,3,1,41.935483870967744,Media,12948
2482,2023-01-30,La Paz,Montaña,59,6,178,2023,1,30,1,10.16949152542373,Baja,1068
2484,2024-05-30,Santa Ana,Ciudad,90,31,178,2024,5,30,2,34.44444444444444,Baja,5518
2485,2021-10-30,San Miguel,Ciudad,127,101,177,2021,10,30,4,79.52755905511812,Alta,17877
2486,2022-03-02,La Paz,Ciudad,143,69,109,2022,3,2,1,48.25174825174825,Media,7521
2487,2021-12-24,Ahuachapan,Ciudad,111,35,84,2021,12,24,4,31.53153153153153,Baja,2940
2489,2024-01-30,Santa Ana,Rural,99,80,205,2024,1,30,1,80.8080808080808,Alta,16400
2490,2024-11-20,La Libertad,Montaña,194,150,102,2024,11,20,4,77.31958762886599,Alta,15300
2492,2024-04-01,San Miguel,Ciudad,123,87,201,2024,4,1,2,70.73170731707317,Alta,17487
2493,2021-02-02,La Paz,Montaña,134,90,64,2021,2,2,1,67.16417910447761,Media,5760
2494,2022-06-29,Santa Ana,Playa,127,15,112,2022,6,29,2,11.811023622047244,Baja,1680
2495,2024-10-08,San Salvador,Rural,31,9,221,2024,10,8,4,29.03225806451613,Baja,1989
2496,2023-12-14,Ahuachapan,Ciudad,65,56,234,2023,12,14,4,86.15384615384616,Alta,13104
2498,2022-12-11,La Paz,Rural,97,61,232,2022,12,11,4,62.88659793814433,Media,14152
2500,2023-03-24,Sonsonate,Playa,125,74,92,2023,3,24,1,59.199999999999996,Media,6808
2501,2023-03-14,San Salvador,Ciudad,160,156,246,2023,3,14,1,97.5,Alta,38376
2502,2023-11-01,San Miguel,Ciudad,172,149,220,2023,11,1,4,86.62790697674419,Alta,32780
2503,2022-09-27,La Paz,Ciudad,116,79,169,2022,9,27,3,68.10344827586206,Media,13351
2505,2024-01-11,Sonsonate,Rural,112,88,91,2024,1,11,1,78.57142857142857,Alta,8008
2506,2024-02-15,Usulutan,Montaña,157,135,94,2024,2,15,1,85.98726114649682,Alta,12690
2507,2023-10-20,Usulutan,Ciudad,163,105,203,2023,10,20,4,64.41717791411043,Media,21315
2509,2024-07-11,San Miguel,Ciudad,53,17,133,2024,7,11,3,32.075471698113205,Baja,2261
2511,2023-09-28,Sonsonate,Playa,129,36,241,2023,9,28,3,27.906976744186046,Baja,8676
2513,2022-08-21,San Salvador,Montaña,163,22,208,2022,8,21,3,13.496932515337424,Baja,4576
2516,2022-03-30,La Libertad,Montaña,67,30,150,2022,3,30,1,44.776119402985074,Media,4500
2517,2023-10-24,Usulutan,Playa,180,176,96,2023,10,24,4,97.77777777777777,Alta,16896
2519,2023-05-19,Santa Ana,Montaña,113,5,60,2023,5,19,2,4.424778761061947,Baja,300
2520,2021-08-28,Ahuachapan,Playa,75,55,205,2021,8,28,3,73.33333333333333,Alta,11275
2523,2022-10-31,San Salvador,Ciudad,149,58,189,2022,10,31,4,38.92617449664429,Baja,10962
2524,2023-09-02,La Paz,Montaña,65,40,176,2023,9,2,3,61.53846153846154,Media,7040
2525,2024-10-12,La Libertad,Rural,42,21,112,2024,10,12,4,50.0,Media,2352
2526,2021-08-25,San Salvador,Playa,118,79,60,2021,8,25,3,66.94915254237289,Media,4740
2530,2024-04-30,La Libertad,Rural,134,122,162,2024,4,30,2,91.04477611940298,Alta,19764
2531,2024-06-27,Santa Ana,Ciudad,153,121,158,2024,6,27,2,79.08496732026144,Alta,19118
2532,2023-12-29,San Salvador,Playa,60,19,79,2023,12,29,4,31.666666666666664,Baja,1501
2533,2022-08-08,San Miguel,Ciudad,189,28,92,2022,8,8,3,14.814814814814813,Baja,2576
2535,2023-03-14,Santa Ana,Rural,184,129,164,2023,3,14,1,70.1086956521739,Alta,21156
2536,2021-11-13,La Paz,Rural,171,81,213,2021,11,13,4,47.368421052631575,Media,17253
2538,2021-08-05,Sonsonate,Ciudad,79,53,186,2021,8,5,3,67.08860759493672,Media,9858
2540,2021-05-29,La Paz,Rural,57,55,47,2021,5,29,2,96.49122807017544,Alta,2585
2542,2023-03-23,San Miguel,Rural,185,71,244,2023,3,23,1,38.37837837837838,Baja,17324
2544,2022-09-30,Santa Ana,Rural,130,120,128,2022,9,30,3,92.3076923076923,Alta,15360
2545,2024-02-12,Ahuachapan,Playa,115,78,134,2024,2,12,1,67.82608695652173,Media,10452
2546,2022-04-06,La Paz,Montaña,92,87,68,2022,4,6,2,94.56521739130434,Alta,5916
2550,2021-01-06,San Salvador,Rural,164,144,49,2021,1,6,1,87.8048780487805,Alta,7056
2551,2021-01-04,Sonsonate,Rural,93,11,108,2021,1,4,1,11.827956989247312,Baja,1188
2556,2022-04-14,Sonsonate,Rural,125,87,51,2022,4,14,2,69.6,Media,4437
2557,2021-09-28,San Salvador,Playa,199,162,92,2021,9,28,3,81.4070351758794,Alta,14904
2558,2021-05-07,Ahuachapan,Rural,190,77,127,2021,5,7,2,40.526315789473685,Media,9779
2560,2021-05-17,Santa Ana,Rural,87,21,146,2021,5,17,2,24.137931034482758,Baja,3066
2563,2023-09-28,Santa Ana,Ciudad,90,49,132,2023,9,28,3,54.44444444444444,Media,6468
2564,2024-04-04,La Libertad,Montaña,168,47,242,2024,4,4,2,27.976190476190478,Baja,11374
2566,2021-07-29,San Miguel,Rural,141,110,143,2021,7,29,3,78.01418439716312,Alta,15730
2567,2022-09-13,Ahuachapan,Montaña,148,116,92,2022,9,13,3,78.37837837837837,Alta,10672
2568,2023-07-19,La Libertad,Ciudad,78,20,137,2023,7,19,3,25.64102564102564,Baja,2740
2569,2021-07-08,Santa Ana,Ciudad,196,50,71,2021,7,8,3,25.510204081632654,Baja,3550
2570,2024-10-23,Ahuachapan,Playa,172,170,135,2024,10,23,4,98.83720930232558,Alta,22950
2573,2021-03-30,San Salvador,Montaña,196,60,178,2021,3,30,1,30.612244897959183,Baja,10680
2575,2022-03-23,Ahuachapan,Montaña,41,28,217,2022,3,23,1,68.29268292682927,Media,6076
2576,2021-06-14,San Miguel,Rural,157,142,112,2021,6,14,2,90.44585987261146,Alta,15904
2577,2023-05-03,Santa Ana,Ciudad,99,86,243,2023,5,3,2,86.86868686868688,Alta,20898
2579,2022-09-16,San Miguel,Ciudad,178,87,117,2022,9,16,3,48.87640449438202,Media,10179
2582,2023-04-29,La Paz,Rural,172,14,239,2023,4,29,2,8.13953488372093,Baja,3346
2583,2022-02-17,Santa Ana,Playa,190,155,234,2022,2,17,1,81.57894736842105,Alta,36270
2584,2021-12-01,Sonsonate,Playa,182,61,64,2021,12,1,4,33.51648351648351,Baja,3904
2586,2022-12-02,San Salvador,Rural,173,143,80,2022,12,2,4,82.65895953757226,Alta,11440
2592,2021-05-21,San Salvador,Montaña,124,119,181,2021,5,21,2,95.96774193548387,Alta,21539
2594,2022-12-15,La Paz,Montaña,148,71,217,2022,12,15,4,47.97297297297297,Media,15407
2595,2021-05-24,La Libertad,Montaña,122,13,109,2021,5,24,2,10.655737704918032,Baja,1417
2596,2022-04-30,La Libertad,Playa,171,73,174,2022,4,30,2,42.69005847953216,Media,12702
2597,2023-11-05,San Salvador,Ciudad,25,10,96,2023,11,5,4,40.0,Media,960
2598,2022-01-29,Ahuachapan,Playa,74,55,181,2022,1,29,1,74.32432432432432,Alta,9955
2599,2024-03-08,La Paz,Montaña,175,43,41,2024,3,8,1,24.571428571428573,Baja,1763
2600,2021-09-07,Sonsonate,Rural,52,46,66,2021,9,7,3,88.46153846153845,Alta,3036
2601,2021-02-06,La Paz,Ciudad,148,79,51,2021,2,6,1,53.37837837837838,Media,4029
2602,2022-12-15,San Salvador,Rural,144,65,177,2022,12,15,4,45.13888888888889,Media,11505
2605,2023-08-18,Sonsonate,Montaña,125,45,104,2023,8,18,3,36.0,Baja,4680
2608,2022-04-29,San Salvador,Montaña,113,30,247,2022,4,29,2,26.548672566371685,Baja,7410
2609,2022-10-10,La Libertad,Ciudad,174,110,93,2022,10,10,4,63.2183908045977,Media,10230
2610,2021-01-02,Usulutan,Montaña,164,45,213,2021,1,2,1,27.439024390243905,Baja,9585
2611,2021-10-15,La Libertad,Playa,119,72,83,2021,10,15,4,60.50420168067227,Media,5976
2612,2021-12-25,Santa Ana,Ciudad,126,106,75,2021,12,25,4,84.12698412698413,Alta,7950
2613,2022-12-28,Sonsonate,Montaña,42,32,80,2022,12,28,4,76.19047619047619,Alta,2560
2614,2021-05-05,La Paz,Playa,138,107,144,2021,5,5,2,77.53623188405797,Alta,15408
2615,2024-02-01,San Miguel,Rural,91,18,71,2024,2,1,1,19.78021978021978,Baja,1278
2617,2023-12-27,La Libertad,Ciudad,168,96,91,2023,12,27,4,57.14285714285714,Media,8736
2621,2024-07-22,Usulutan,Playa,173,111,73,2024,7,22,3,64.16184971098265,Media,8103
2625,2024-06-28,San Salvador,Playa,158,148,90,2024,6,28,2,93.67088607594937,Alta,13320
2626,2024-10-03,San Salvador,Rural,178,15,116,2024,10,3,4,8.426966292134832,Baja,1740
2627,2021-11-08,San Miguel,Montaña,171,89,176,2021,11,8,4,52.046783625730995,Media,15664
2631,2024-01-09,La Libertad,Montaña,57,31,60,2024,1,9,1,54.385964912280706,Media,1860
2632,2024-04-02,Ahuachapan,Playa,74,35,70,2024,4,2,2,47.2972972972973,Media,2450
2635,2022-03-27,Sonsonate,Ciudad,194,104,222,2022,3,27,1,53.608247422680414,Media,23088
2637,2023-04-21,San Salvador,Rural,181,17,126,2023,4,21,2,9.392265193370166,Baja,2142
2639,2023-07-28,San Salvador,Ciudad,153,63,187,2023,7,28,3,41.17647058823529,Media,11781
2640,2024-09-20,Usulutan,Ciudad,155,144,147,2024,9,20,3,92.90322580645162,Alta,21168
2644,2023-06-08,La Libertad,Ciudad,79,45,196,2023,6,8,2,56.9620253164557,Media,8820
2645,2024-04-02,Ahuachapan,Playa,160,40,188,2024,4,2,2,25.0,Baja,7520
2646,2024-02-14,Santa Ana,Playa,190,128,190,2024,2,14,1,67.36842105263158,Media,24320
2647,2023-08-17,Santa Ana,Ciudad,86,66,115,2023,8,17,3,76.74418604651163,Alta,7590
2648,2022-12-29,Sonsonate,Rural,140,77,212,2022,12,29,4,55.00000000000001,Media,16324
2649,2021-11-05,Usulutan,Ciudad,79,72,214,2021,11,5,4,91.13924050632912,Alta,15408
2650,2022-08-18,Santa Ana,Rural,44,16,118,2022,8,18,3,36.36363636363637,Baja,1888
2652,2024-03-14,San Salvador,Ciudad,195,89,48,2024,3,14,1,45.64102564102564,Media,4272
2653,2022-03-31,Ahuachapan,Ciudad,161,107,119,2022,3,31,1,66.45962732919256,Media,12733
2656,2023-07-04,Santa Ana,Rural,147,81,201,2023,7,4,3,55.10204081632652,Media,16281
2658,2022-10-02,Sonsonate,Ciudad,149,120,245,2022,10,2,4,80.53691275167785,Alta,29400
2661,2024-04-26,Ahuachapan,Playa,89,51,130,2024,4,26,2,57.30337078651685,Media,6630
2662,2022-07-22,Ahuachapan,Montaña,70,66,118,2022,7,22,3,94.28571428571428,Alta,7788
2663,2023-06-29,Sonsonate,Ciudad,136,12,53,2023,6,29,2,8.823529411764707,Baja,636
2664,2024-02-28,San Salvador,Montaña,107,71,122,2024,2,28,1,66.35514018691589,Media,8662
2665,2023-12-01,La Paz,Rural,43,40,187,2023,12,1,4,93.02325581395348,Alta,7480
2666,2023-09-02,Usulutan,Montaña,194,112,46,2023,9,2,3,57.73195876288659,Media,5152
2667,2023-12-10,San Salvador,Rural,146,20,93,2023,12,10,4,13.698630136986301,Baja,1860
2668,2024-10-11,San Salvador,Rural,67,9,237,2024,10,11,4,13.432835820895523,Baja,2133
2670,2024-04-21,Usulutan,Playa,129,76,229,2024,4,21,2,58.91472868217055,Media,17404
2671,2023-11-10,Santa Ana,Montaña,138,97,175,2023,11,10,4,70.28985507246377,Alta,16975
2672,2021-10-21,San Miguel,Playa,125,110,119,2021,10,21,4,88.0,Alta,13090
2674,2022-07-21,Ahuachapan,Rural,173,86,154,2022,7,21,3,49.71098265895954,Media,13244
2675,2023-07-06,San Miguel,Ciudad,106,54,192,2023,7,6,3,50.943396226415096,Media,10368
2676,2022-06-12,Usulutan,Rural,122,107,98,2022,6,12,2,87.70491803278688,Alta,10486
2677,2022-02-15,San Salvador,Playa,116,26,85,2022,2,15,1,22.413793103448278,Baja,2210
2679,2021-05-16,Santa Ana,Ciudad,77,76,191,2021,5,16,2,98.7012987012987,Alta,14516
2680,2022-08-07,Usulutan,Playa,115,5,137,2022,8,7,3,4.3478260869565215,Baja,685
2681,2023-04-13,San Salvador,Rural,173,5,63,2023,4,13,2,2.8901734104046244,Baja,315
2682,2023-08-02,Usulutan,Ciudad,129,20,47,2023,8,2,3,15.503875968992247,Baja,940
2684,2024-06-13,La Paz,Montaña,127,79,77,2024,6,13,2,62.20472440944882,Media,6083
2689,2024-08-13,San Miguel,Rural,75,66,61,2024,8,13,3,88.0,Alta,4026
2690,2021-01-18,Sonsonate,Ciudad,175,130,83,2021,1,18,1,74.28571428571429,Alta,10790
2691,2024-03-26,San Miguel,Rural,144,12,159,2024,3,26,1,8.333333333333332,Baja,1908
2692,2023-01-25,La Paz,Playa,109,22,153,2023,1,25,1,20.18348623853211,Baja,3366
2694,2021-01-30,La Libertad,Ciudad,79,48,100,2021,1,30,1,60.75949367088608,Media,4800
2697,2022-01-03,La Libertad,Rural,117,69,66,2022,1,3,1,58.97435897435898,Media,4554
2698,2023-09-06,La Paz,Montaña,94,37,85,2023,9,6,3,39.361702127659576,Baja,3145
2700,2022-12-22,Ahuachapan,Rural,151,115,120,2022,12,22,4,76.15894039735099,Alta,13800
2701,2023-06-01,Usulutan,Rural,92,23,180,2023,6,1,2,25.0,Baja,4140
2703,2021-02-20,Sonsonate,Rural,116,22,68,2021,2,20,1,18.96551724137931,Baja,1496
2707,2024-08-03,San Salvador,Playa,85,20,243,2024,8,3,3,23.52941176470588,Baja,4860
2709,2024-11-04,Santa Ana,Playa,98,76,90,2024,11,4,4,77.55102040816327,Alta,6840
2711,2024-08-24,Ahuachapan,Playa,85,51,216,2024,8,24,3,60.0,Media,11016
2713,2021-10-23,Santa Ana,Montaña,107,79,227,2021,10,23,4,73.83177570093457,Alta,17933
2714,2022-07-01,Sonsonate,Rural,165,55,68,2022,7,1,3,33.33333333333333,Baja,3740
2715,2023-05-08,La Paz,Rural,133,92,101,2023,5,8,2,69.17293233082707,Media,9292
2716,2023-08-11,La Libertad,Montaña,171,86,40,2023,8,11,3,50.29239766081871,Media,3440
2717,2023-08-09,La Paz,Playa,196,99,151,2023,8,9,3,50.51020408163265,Media,14949
2722,2021-02-12,Usulutan,Ciudad,77,34,114,2021,2,12,1,44.15584415584416,Media,3876
2723,2023-07-28,San Miguel,Montaña,165,128,113,2023,7,28,3,77.57575757575758,Alta,14464
2724,2023-03-23,Ahuachapan,Rural,123,23,44,2023,3,23,1,18.69918699186992,Baja,1012
2726,2021-11-08,San Miguel,Playa,188,39,223,2021,11,8,4,20.74468085106383,Baja,8697
2727,2022-01-19,Sonsonate,Playa,187,37,166,2022,1,19,1,19.786096256684495,Baja,6142
2728,2021-12-05,San Miguel,Ciudad,181,140,145,2021,12,5,4,77.34806629834254,Alta,20300
2729,2024-05-19,San Miguel,Montaña,126,99,180,2024,5,19,2,78.57142857142857,Alta,17820
2731,2023-11-01,Usulutan,Playa,164,87,83,2023,11,1,4,53.04878048780488,Media,7221
2732,2022-09-11,Ahuachapan,Rural,181,176,202,2022,9,11,3,97.23756906077348,Alta,35552
2733,2023-01-17,San Miguel,Montaña,151,79,95,2023,1,17,1,52.317880794701985,Media,7505
2734,2023-07-24,Ahuachapan,Rural,152,132,105,2023,7,24,3,86.8421052631579,Alta,13860
2736,2023-04-18,Ahuachapan,Montaña,64,42,231,2023,4,18,2,65.625,Media,9702
2737,2021-05-23,Ahuachapan,Playa,101,19,105,2021,5,23,2,18.81188118811881,Baja,1995
2738,2021-03-04,San Salvador,Playa,56,34,235,2021,3,4,1,60.71428571428571,Media,7990
2739,2023-08-12,Santa Ana,Rural,129,23,118,2023,8,12,3,17.829457364341085,Baja,2714
2741,2023-07-07,Ahuachapan,Rural,146,69,125,2023,7,7,3,47.26027397260274,Media,8625
2743,2021-12-30,San Salvador,Montaña,100,29,147,2021,12,30,4,28.999999999999996,Baja,4263
2746,2023-07-30,San Salvador,Rural,131,97,190,2023,7,30,3,74.04580152671755,Alta,18430
2747,2022-02-19,Sonsonate,Ciudad,144,98,167,2022,2,19,1,68.05555555555556,Media,16366
2748,2022-06-16,La Libertad,Ciudad,117,30,220,2022,6,16,2,25.64102564102564,Baja,6600
2751,2024-08-05,La Paz,Rural,134,96,192,2024,8,5,3,71.64179104477611,Alta,18432
2752,2022-04-07,La Paz,Ciudad,106,55,36,2022,4,7,2,51.886792452830186,Media,1980
2753,2024-10-07,Ahuachapan,Rural,197,173,105,2024,10,7,4,87.81725888324873,Alta,18165
2754,2023-04-12,Santa Ana,Playa,58,19,103,2023,4,12,2,32.758620689655174,Baja,1957
2755,2023-06-19,La Libertad,Rural,143,61,187,2023,6,19,2,42.65734265734265,Media,11407
2756,2024-11-20,Ahuachapan,Rural,170,65,215,2024,11,20,4,38.23529411764706,Baja,13975
2757,2022-03-07,La Libertad,Ciudad,112,30,144,2022,3,7,1,26.785714285714285,Baja,4320
2758,2022-11-11,Ahuachapan,Ciudad,42,33,115,2022,11,11,4,78.57142857142857,Alta,3795
2759,2021-09-30,San Salvador,Montaña,197,42,91,2021,9,30,3,21.31979695431472,Baja,3822
2760,2023-03-23,La Paz,Rural,121,47,192,2023,3,23,1,38.84297520661157,Baja,9024
2761,2022-05-07,Usulutan,Rural,114,93,128,2022,5,7,2,81.57894736842105,Alta,11904
2762,2024-11-22,San Salvador,Ciudad,68,67,61,2024,11,22,4,98.52941176470588,Alta,4087
2763,2021-01-18,La Paz,Playa,136,136,89,2021,1,18,1,100.0,Alta,12104
2764,2024-11-30,San Miguel,Ciudad,79,7,205,2024,11,30,4,8.860759493670885,Baja,1435
2765,2024-07-28,San Miguel,Ciudad,59,30,125,2024,7,28,3,50.847457627118644,Media,3750
2766,2023-05-24,San Salvador,Montaña,163,76,63,2023,5,24,2,46.62576687116564,Media,4788
2767,2023-06-15,San Salvador,Playa,54,15,56,2023,6,15,2,27.77777777777778,Baja,840
2771,2023-10-11,Ahuachapan,Ciudad,152,97,195,2023,10,11,4,63.81578947368421,Media,18915
2774,2024-04-02,San Salvador,Ciudad,116,13,68,2024,4,2,2,11.206896551724139,Baja,884
2776,2021-05-12,San Miguel,Ciudad,180,129,62,2021,5,12,2,71.66666666666667,Alta,7998
2777,2023-04-20,Ahuachapan,Ciudad,66,51,133,2023,4,20,2,77.27272727272727,Alta,6783
2782,2024-06-17,San Salvador,Playa,63,61,82,2024,6,17,2,96.82539682539682,Alta,5002
2783,2024-04-28,La Paz,Montaña,69,42,103,2024,4,28,2,60.86956521739131,Media,4326
2786,2021-05-04,Sonsonate,Montaña,199,125,57,2021,5,4,2,62.8140703517588,Media,7125
2788,2023-06-28,San Salvador,Montaña,173,90,192,2023,6,28,2,52.02312138728323,Media,17280
2789,2024-02-27,La Libertad,Playa,187,140,54,2024,2,27,1,74.8663101604278,Alta,7560
2790,2023-10-20,Usulutan,Playa,68,65,223,2023,10,20,4,95.58823529411765,Alta,14495
2791,2023-11-15,La Libertad,Playa,160,84,105,2023,11,15,4,52.5,Media,8820
2793,2022-01-13,La Paz,Playa,126,87,239,2022,1,13,1,69.04761904761905,Media,20793
2794,2021-09-24,La Libertad,Playa,197,47,227,2021,9,24,3,23.85786802030457,Baja,10669
2796,2021-03-04,San Salvador,Playa,181,87,240,2021,3,4,1,48.06629834254144,Media,20880
2797,2024-10-26,Usulutan,Rural,179,35,79,2024,10,26,4,19.553072625698324,Baja,2765
2799,2021-10-12,La Libertad,Rural,198,12,244,2021,10,12,4,6.0606060606060606,Baja,2928
2800,2024-03-05,Usulutan,Ciudad,22,22,94,2024,3,5,1,100.0,Alta,2068
2802,2024-08-11,Santa Ana,Rural,129,84,244,2024,8,11,3,65.11627906976744,Media,20496
2803,2022-09-03,Usulutan,Playa,150,29,208,2022,9,3,3,19.333333333333332,Baja,6032
2805,2024-03-22,San Salvador,Ciudad,139,39,108,2024,3,22,1,28.05755395683453,Baja,4212
2806,2023-05-15,Santa Ana,Rural,117,78,50,2023,5,15,2,66.66666666666666,Media,3900
2808,2021-04-24,Sonsonate,Montaña,102,55,121,2021,4,24,2,53.92156862745098,Media,6655
2811,2021-07-12,San Salvador,Rural,185,156,165,2021,7,12,3,84.32432432432432,Alta,25740
2815,2022-11-22,Sonsonate,Montaña,164,107,246,2022,11,22,4,65.2439024390244,Media,26322
2816,2022-05-26,San Miguel,Montaña,157,65,96,2022,5,26,2,41.40127388535032,Media,6240
2818,2022-10-16,La Libertad,Montaña,136,127,114,2022,10,16,4,93.38235294117648,Alta,14478
2819,2021-06-14,Usulutan,Playa,125,16,41,2021,6,14,2,12.8,Baja,656
2821,2023-12-26,La Paz,Playa,79,42,55,2023,12,26,4,53.16455696202531,Media,2310
2822,2022-10-12,La Paz,Montaña,152,124,174,2022,10,12,4,81.57894736842105,Alta,21576
2823,2023-08-30,San Miguel,Montaña,167,91,84,2023,8,30,3,54.49101796407185,Media,7644
2827,2024-03-02,La Paz,Rural,181,63,53,2024,3,2,1,34.806629834254146,Baja,3339
2828,2024-12-09,San Miguel,Playa,189,101,155,2024,12,9,4,53.43915343915344,Media,15655
2831,2023-12-27,Santa Ana,Rural,121,62,207,2023,12,27,4,51.2396694214876,Media,12834
2832,2023-04-13,San Salvador,Rural,147,85,71,2023,4,13,2,57.82312925170068,Media,6035
2834,2023-02-17,Usulutan,Playa,156,10,55,2023,2,17,1,6.41025641025641,Baja,550
2837,2021-06-17,San Salvador,Playa,193,150,181,2021,6,17,2,77.720207253886,Alta,27150
2838,2023-08-01,La Libertad,Montaña,128,104,194,2023,8,1,3,81.25,Alta,20176
2839,2021-07-13,San Miguel,Playa,193,78,173,2021,7,13,3,40.41450777202073,Media,13494
2842,2021-02-23,Santa Ana,Montaña,141,22,212,2021,2,23,1,15.602836879432624,Baja,4664
2845,2022-07-31,San Miguel,Playa,174,151,96,2022,7,31,3,86.7816091954023,Alta,14496
2846,2024-09-10,San Miguel,Rural,100,6,204,2024,9,10,3,6.0,Baja,1224
2849,2022-08-07,Sonsonate,Montaña,136,113,156,2022,8,7,3,83.08823529411765,Alta,17628
2850,2022-08-01,Ahuachapan,Montaña,78,75,63,2022,8,1,3,96.15384615384616,Alta,4725
2852,2023-09-10,San Salvador,Ciudad,161,84,108,2023,9,10,3,52.17391304347826,Media,9072
2853,2024-06-17,La Libertad,Montaña,190,117,36,2024,6,17,2,61.578947368421055,Media,4212
2855,2021-04-26,San Salvador,Rural,136,120,226,2021,4,26,2,88.23529411764706,Alta,27120
2858,2023-09-26,Santa Ana,Montaña,140,103,147,2023,9,26,3,73.57142857142858,Alta,15141
2859,2021-11-10,San Salvador,Ciudad,126,69,39,2021,11,10,4,54.761904761904766,Media,2691
2861,2023-06-29,La Paz,Montaña,170,61,65,2023,6,29,2,35.88235294117647,Baja,3965
2862,2023-03-22,Ahuachapan,Ciudad,116,7,129,2023,3,22,1,6.0344827586206895,Baja,903
2866,2023-08-05,Sonsonate,Rural,193,97,173,2023,8,5,3,50.259067357512954,Media,16781
2867,2024-03-06,Ahuachapan,Ciudad,173,104,38,2024,3,6,1,60.115606936416185,Media,3952
2868,2023-10-07,Santa Ana,Playa,156,155,102,2023,10,7,4,99.35897435897436,Alta,15810
2869,2024-03-22,Sonsonate,Ciudad,187,9,58,2024,3,22,1,4.81283422459893,Baja,522
2870,2024-08-29,Usulutan,Playa,175,84,213,2024,8,29,3,48.0,Media,17892
2871,2021-11-03,La Paz,Playa,182,20,76,2021,11,3,4,10.989010989010989,Baja,1520
2877,2021-01-02,La Libertad,Playa,116,109,142,2021,1,2,1,93.96551724137932,Alta,15478
2878,2021-05-09,San Miguel,Montaña,155,89,171,2021,5,9,2,57.41935483870968,Media,15219
2879,2023-04-23,Usulutan,Rural,174,69,40,2023,4,23,2,39.6551724137931,Baja,2760
2882,2023-04-24,Ahuachapan,Rural,49,25,175,2023,4,24,2,51.02040816326531,Media,4375
2883,2021-04-22,La Paz,Ciudad,193,69,221,2021,4,22,2,35.751295336787564,Baja,15249
2884,2024-01-07,San Miguel,Playa,171,95,166,2024,1,7,1,55.55555555555556,Media,15770
2885,2023-01-06,La Libertad,Ciudad,183,116,180,2023,1,6,1,63.387978142076506,Media,20880
2888,2022-05-26,Usulutan,Rural,184,16,179,2022,5,26,2,8.695652173913043,Baja,2864
2889,2024-11-01,San Miguel,Ciudad,65,63,125,2024,11,1,4,96.92307692307692,Alta,7875
2891,2023-01-18,San Miguel,Playa,110,103,99,2023,1,18,1,93.63636363636364,Alta,10197
2894,2024-08-05,La Libertad,Ciudad,138,32,249,2024,8,5,3,23.18840579710145,Baja,7968
2895,2023-09-20,La Libertad,Rural,190,73,168,2023,9,20,3,38.421052631578945,Baja,12264
2896,2021-08-21,San Salvador,Ciudad,118,69,51,2021,8,21,3,58.47457627118644,Media,3519
2897,2021-02-07,San Salvador,Ciudad,147,127,210,2021,2,7,1,86.39455782312925,Alta,26670
2900,2023-12-29,Sonsonate,Rural,122,50,140,2023,12,29,4,40.98360655737705,Media,7000
2905,2023-02-25,Usulutan,Playa,132,79,126,2023,2,25,1,59.84848484848485,Media,9954
2906,2023-03-09,Santa Ana,Playa,94,76,186,2023,3,9,1,80.85106382978722,Alta,14136
2907,2024-06-26,Ahuachapan,Montaña,175,54,239,2024,6,26,2,30.857142857142854,Baja,12906
2908,2021-11-16,Usulutan,Ciudad,138,110,79,2021,11,16,4,79.71014492753623,Alta,8690
2909,2024-11-23,Santa Ana,Montaña,173,86,94,2024,11,23,4,49.71098265895954,Media,8084
2910,2022-04-07,San Salvador,Rural,191,55,218,2022,4,7,2,28.79581151832461,Baja,11990
2911,2022-07-09,San Miguel,Playa,97,67,53,2022,7,9,3,69.0721649484536,Media,3551
2912,2023-09-27,San Salvador,Ciudad,44,23,218,2023,9,27,3,52.27272727272727,Media,5014
2913,2023-12-28,San Salvador,Rural,145,88,201,2023,12,28,4,60.689655172413794,Media,17688
2915,2023-12-24,Sonsonate,Rural,114,83,144,2023,12,24,4,72.80701754385966,Alta,11952
2916,2022-06-21,Sonsonate,Rural,113,69,103,2022,6,21,2,61.06194690265486,Media,7107
2917,2022-10-22,San Salvador,Ciudad,133,37,154,2022,10,22,4,27.819548872180448,Baja,5698
2918,2021-03-19,Sonsonate,Rural,176,14,110,2021,3,19,1,7.954545454545454,Baja,1540
2919,2021-08-13,San Salvador,Rural,112,18,233,2021,8,13,3,16.071428571428573,Baja,4194
2921,2022-11-17,Santa Ana,Rural,191,90,185,2022,11,17,4,47.12041884816754,Media,16650
2922,2022-09-26,Ahuachapan,Rural,158,90,89,2022,9,26,3,56.9620253164557,Media,8010
2923,2024-12-01,San Miguel,Ciudad,136,28,67,2024,12,1,4,20.588235294117645,Baja,1876
2924,2021-05-24,Sonsonate,Montaña,135,108,201,2021,5,24,2,80.0,Alta,21708
2925,2023-06-01,Ahuachapan,Ciudad,102,93,230,2023,6,1,2,91.17647058823529,Alta,21390
2926,2022-08-29,Sonsonate,Ciudad,182,117,36,2022,8,29,3,64.28571428571429,Media,4212
2927,2022-05-24,Usulutan,Montaña,132,102,119,2022,5,24,2,77.27272727272727,Alta,12138
2928,2021-02-06,La Paz,Montaña,166,75,101,2021,2,6,1,45.18072289156627,Media,7575
2929,2022-10-04,La Paz,Playa,160,55,53,2022,10,4,4,34.375,Baja,2915
2931,2024-02-29,Ahuachapan,Montaña,58,21,186,2024,2,29,1,36.206896551724135,Baja,3906
2937,2023-07-18,Santa Ana,Playa,177,10,123,2023,7,18,3,5.649717514124294,Baja,1230
2939,2021-06-14,San Miguel,Ciudad,93,79,40,2021,6,14,2,84.94623655913979,Alta,3160
2941,2022-01-07,Usulutan,Ciudad,55,46,68,2022,1,7,1,83.63636363636363,Alta,3128
2942,2021-04-11,Sonsonate,Rural,140,96,81,2021,4,11,2,68.57142857142857,Media,7776
2943,2023-12-22,Usulutan,Montaña,28,24,164,2023,12,22,4,85.71428571428571,Alta,3936
2944,2022-05-15,Santa Ana,Montaña,180,74,116,2022,5,15,2,41.11111111111111,Media,8584
2949,2024-07-25,San Salvador,Playa,149,145,202,2024,7,25,3,97.31543624161074,Alta,29290
2951,2022-02-06,Usulutan,Montaña,88,56,102,2022,2,6,1,63.63636363636363,Media,5712
2952,2024-02-18,Usulutan,Rural,74,35,240,2024,2,18,1,47.2972972972973,Media,8400
2953,2024-04-26,Sonsonate,Rural,193,74,166,2024,4,26,2,38.34196891191709,Baja,12284
2954,2023-06-12,La Paz,Playa,117,48,37,2023,6,12,2,41.02564102564102,Media,1776
2955,2024-10-11,Usulutan,Ciudad,158,104,219,2024,10,11,4,65.82278481012658,Media,22776
2956,2021-04-29,La Paz,Rural,139,112,73,2021,4,29,2,80.57553956834532,Alta,8176
2957,2023-12-02,La Libertad,Playa,96,70,231,2023,12,2,4,72.91666666666666,Alta,16170
2958,2021-09-20,Usulutan,Montaña,176,108,100,2021,9,20,3,61.36363636363637,Media,10800
2959,2024-04-23,Santa Ana,Montaña,158,60,213,2024,4,23,2,37.9746835443038,Baja,12780
2960,2022-10-10,San Salvador,Playa,146,75,229,2022,10,10,4,51.369863013698634,Media,17175
2962,2024-10-11,Sonsonate,Montaña,155,130,101,2024,10,11,4,83.87096774193549,Alta,13130
2963,2021-03-28,Sonsonate,Rural,130,81,142,2021,3,28,1,62.30769230769231,Media,11502
2964,2022-02-20,Ahuachapan,Playa,199,166,165,2022,2,20,1,83.41708542713567,Alta,27390
2965,2024-07-20,La Libertad,Rural,193,32,187,2024,7,20,3,16.580310880829018,Baja,5984
2966,2023-04-25,Sonsonate,Playa,115,69,93,2023,4,25,2,60.0,Media,6417
2968,2023-02-01,San Salvador,Rural,176,10,158,2023,2,1,1,5.681818181818182,Baja,1580
2969,2023-03-18,Santa Ana,Ciudad,182,9,40,2023,3,18,1,4.945054945054945,Baja,360
2970,2021-08-07,San Salvador,Ciudad,179,98,61,2021,8,7,3,54.7486033519553,Media,5978
2971,2021-08-07,Usulutan,Playa,144,80,166,2021,8,7,3,55.55555555555556,Media,13280
2973,2023-03-11,Ahuachapan,Montaña,194,124,226,2023,3,11,1,63.91752577319587,Media,28024
2974,2023-12-14,Santa Ana,Playa,151,109,182,2023,12,14,4,72.18543046357617,Alta,19838
2976,2022-09-13,Sonsonate,Ciudad,53,48,111,2022,9,13,3,90.56603773584906,Alta,5328
2978,2024-07-25,San Miguel,Rural,195,102,159,2024,7,25,3,52.307692307692314,Media,16218
2980,2022-09-29,La Paz,Ciudad,182,142,126,2022,9,29,3,78.02197802197803,Alta,17892
2984,2021-09-17,La Libertad,Playa,158,108,201,2021,9,17,3,68.35443037974683,Media,21708
2986,2024-09-17,San Miguel,Montaña,166,151,225,2024,9,17,3,90.96385542168674,Alta,33975
2987,2022-03-05,Santa Ana,Ciudad,158,58,144,2022,3,5,1,36.708860759493675,Baja,8352
2988,2024-01-17,San Miguel,Playa,50,38,43,2024,1,17,1,76.0,Alta,1634
2990,2022-05-12,Usulutan,Montaña,44,40,182,2022,5,12,2,90.9090909090909,Alta,7280
2991,2021-08-18,Usulutan,Ciudad,178,60,106,2021,8,18,3,33.70786516853933,Baja,6360
2992,2022-10-13,La Paz,Ciudad,184,7,143,2022,10,13,4,3.804347826086957,Baja,1001
2993,2023-02-21,San Miguel,Rural,156,73,50,2023,2,21,1,46.794871794871796,Media,3650
2994,2023-04-16,San Miguel,Playa,29,12,183,2023,4,16,2,41.37931034482759,Media,2196
2996,2021-08-09,Usulutan,Ciudad,198,61,156,2021,8,9,3,30.808080808080806,Baja,9516
2998,2022-12-22,Santa Ana,Playa,199,178,163,2022,12,22,4,89.44723618090453,Alta,29014
2999,2021-12-23,Usulutan,Ciudad,73,12,63,2021,12,23,4,16.43835616438356,Baja,756
3000,2023-10-30,Sonsonate,Rural,114,90,193,2023,10,30,4,78.94736842105263,Alta,17370
3001,2022-04-24,San Salvador,Montaña,169,158,156,2022,4,24,2,93.49112426035504,Alta,24648
3002,2023-07-07,Usulutan,Ciudad,82,73,65,2023,7,7,3,89.02439024390245,Alta,4745
3005,2024-04-30,Santa Ana,Montaña,163,115,47,2024,4,30,2,70.5521472392638,Alta,5405
3007,2023-04-22,Sonsonate,Montaña,72,52,161,2023,4,22,2,72.22222222222221,Alta,8372
3008,2021-05-26,La Libertad,Rural,199,62,122,2021,5,26,2,31.155778894472363,Baja,7564
3010,2021-04-17,La Paz,Ciudad,144,61,225,2021,4,17,2,42.36111111111111,Media,13725
3011,2024-05-05,Santa Ana,Montaña,143,112,47,2024,5,5,2,78.32167832167832,Alta,5264
3013,2023-04-10,La Libertad,Playa,192,34,153,2023,4,10,2,17.708333333333336,Baja,5202
3015,2021-01-10,La Paz,Montaña,84,72,202,2021,1,10,1,85.71428571428571,Alta,14544
3016,2021-06-12,San Salvador,Rural,130,90,139,2021,6,12,2,69.23076923076923,Media,12510
3020,2022-03-25,Ahuachapan,Ciudad,133,103,45,2022,3,25,1,77.44360902255639,Alta,4635
3021,2022-10-19,Usulutan,Montaña,173,149,151,2022,10,19,4,86.1271676300578,Alta,22499
3023,2023-06-12,Santa Ana,Rural,177,172,180,2023,6,12,2,97.17514124293785,Alta,30960
3024,2021-09-17,Usulutan,Playa,177,69,119,2021,9,17,3,38.983050847457626,Baja,8211
3026,2022-01-29,San Salvador,Montaña,63,13,217,2022,1,29,1,20.634920634920633,Baja,2821
3027,2022-06-21,Santa Ana,Ciudad,78,60,63,2022,6,21,2,76.92307692307693,Alta,3780
3028,2022-07-03,Usulutan,Ciudad,129,39,69,2022,7,3,3,30.23255813953488,Baja,2691
3029,2023-09-03,San Salvador,Ciudad,166,23,108,2023,9,3,3,13.855421686746988,Baja,2484
3032,2021-02-04,La Libertad,Ciudad,140,78,94,2021,2,4,1,55.714285714285715,Media,7332
3034,2023-10-14,San Salvador,Playa,150,76,209,2023,10,14,4,50.66666666666667,Media,15884
3035,2023-11-02,San Miguel,Playa,198,99,76,2023,11,2,4,50.0,Media,7524
3037,2021-03-14,San Salvador,Ciudad,183,10,53,2021,3,14,1,5.46448087431694,Baja,530
3039,2021-06-30,Usulutan,Montaña,146,6,229,2021,6,30,2,4.10958904109589,Baja,1374
3040,2024-01-27,Ahuachapan,Ciudad,196,150,36,2024,1,27,1,76.53061224489795,Alta,5400
3045,2024-02-19,Sonsonate,Ciudad,91,77,83,2024,2,19,1,84.61538461538461,Alta,6391
3046,2021-09-29,San Miguel,Playa,120,88,56,2021,9,29,3,73.33333333333333,Alta,4928
3047,2022-03-22,La Libertad,Ciudad,131,16,176,2022,3,22,1,12.213740458015266,Baja,2816
3048,2023-01-05,Ahuachapan,Playa,65,6,115,2023,1,5,1,9.230769230769232,Baja,690
3049,2022-09-16,Usulutan,Rural,128,53,151,2022,9,16,3,41.40625,Media,8003
3050,2022-09-12,San Miguel,Montaña,128,36,85,2022,9,12,3,28.125,Baja,3060
3052,2022-11-03,Ahuachapan,Playa,167,89,65,2022,11,3,4,53.293413173652695,Media,5785
3053,2021-06-22,San Miguel,Ciudad,152,71,185,2021,6,22,2,46.71052631578947,Media,13135
3055,2021-12-15,Usulutan,Playa,85,13,62,2021,12,15,4,15.294117647058824,Baja,806
3057,2023-07-09,Santa Ana,Montaña,178,50,114,2023,7,9,3,28.08988764044944,Baja,5700
3058,2023-08-18,San Miguel,Rural,144,126,149,2023,8,18,3,87.5,Alta,18774
3061,2023-12-18,San Salvador,Ciudad,158,77,141,2023,12,18,4,48.734177215189874,Media,10857
3063,2024-01-04,San Miguel,Montaña,196,34,145,2024,1,4,1,17.346938775510203,Baja,4930
3065,2023-03-17,Sonsonate,Montaña,111,25,178,2023,3,17,1,22.52252252252252,Baja,4450
3066,2021-07-09,San Miguel,Ciudad,65,47,181,2021,7,9,3,72.3076923076923,Alta,8507
3070,2024-06-04,San Salvador,Ciudad,168,100,100,2024,6,4,2,59.523809523809526,Media,10000
3072,2023-07-26,San Miguel,Playa,67,19,231,2023,7,26,3,28.35820895522388,Baja,4389
3074,2021-11-11,Santa Ana,Rural,144,107,232,2021,11,11,4,74.30555555555556,Alta,24824
3076,2023-11-18,Sonsonate,Playa,193,126,98,2023,11,18,4,65.28497409326425,Media,12348
3077,2023-08-17,Usulutan,Playa,95,41,233,2023,8,17,3,43.15789473684211,Media,9553
3078,2021-06-21,La Paz,Ciudad,123,87,124,2021,6,21,2,70.73170731707317,Alta,10788
3079,2021-07-16,San Miguel,Ciudad,131,35,244,2021,7,16,3,26.717557251908396,Baja,8540
3085,2021-03-08,Usulutan,Playa,186,142,159,2021,3,8,1,76.34408602150538,Alta,22578
3086,2022-06-01,Sonsonate,Playa,121,33,114,2022,6,1,2,27.27272727272727,Baja,3762
3088,2024-05-13,Sonsonate,Montaña,189,110,205,2024,5,13,2,58.201058201058196,Media,22550
3089,2024-03-28,Santa Ana,Playa,51,18,54,2024,3,28,1,35.294117647058826,Baja,972
3090,2021-07-14,Usulutan,Playa,107,34,229,2021,7,14,3,31.775700934579437,Baja,7786
3091,2021-03-23,La Paz,Ciudad,24,10,129,2021,3,23,1,41.66666666666667,Media,1290
3092,2021-07-27,Ahuachapan,Ciudad,133,51,133,2021,7,27,3,38.34586466165413,Baja,6783
3093,2024-05-02,San Miguel,Montaña,148,19,138,2024,5,2,2,12.837837837837837,Baja,2622
3095,2024-01-22,La Libertad,Playa,124,5,119,2024,1,22,1,4.032258064516129,Baja,595
3096,2021-06-30,La Paz,Playa,181,74,173,2021,6,30,2,40.88397790055249,Media,12802
3097,2021-02-15,San Salvador,Rural,181,151,164,2021,2,15,1,83.42541436464089,Alta,24764
3098,2021-02-11,Santa Ana,Playa,155,137,106,2021,2,11,1,88.38709677419355,Alta,14522
3099,2021-05-01,La Paz,Playa,194,65,235,2021,5,1,2,33.50515463917525,Baja,15275
3100,2023-05-24,San Salvador,Montaña,76,37,71,2023,5,24,2,48.68421052631579,Media,2627
3101,2024-07-10,Sonsonate,Rural,98,19,131,2024,7,10,3,19.387755102040817,Baja,2489
3103,2023-07-04,San Miguel,Ciudad,172,168,48,2023,7,4,3,97.67441860465115,Alta,8064
3104,2022-10-19,La Libertad,Ciudad,161,84,214,2022,10,19,4,52.17391304347826,Media,17976
3109,2022-09-02,La Libertad,Montaña,100,68,61,2022,9,2,3,68.0,Media,4148
3114,2021-12-07,La Libertad,Rural,107,24,214,2021,12,7,4,22.429906542056074,Baja,5136
3115,2024-09-27,Santa Ana,Playa,133,72,77,2024,9,27,3,54.13533834586466,Media,5544
3117,2022-10-16,Ahuachapan,Ciudad,100,72,148,2022,10,16,4,72.0,Alta,10656
3118,2024-08-17,La Libertad,Montaña,121,99,235,2024,8,17,3,81.81818181818183,Alta,23265
3119,2021-09-06,La Libertad,Rural,22,6,244,2021,9,6,3,27.27272727272727,Baja,1464
3120,2023-12-19,Usulutan,Montaña,158,15,190,2023,12,19,4,9.49367088607595,Baja,2850
3122,2023-06-26,Sonsonate,Rural,188,44,86,2023,6,26,2,23.404255319148938,Baja,3784
3123,2021-03-31,San Salvador,Rural,130,89,84,2021,3,31,1,68.46153846153847,Media,7476
3124,2021-08-07,San Salvador,Rural,129,84,88,2021,8,7,3,65.11627906976744,Media,7392
3125,2023-12-17,Ahuachapan,Playa,121,25,115,2023,12,17,4,20.66115702479339,Baja,2875
3126,2024-07-06,Ahuachapan,Ciudad,128,124,201,2024,7,6,3,96.875,Alta,24924
3129,2022-08-10,La Libertad,Playa,91,63,89,2022,8,10,3,69.23076923076923,Media,5607
3130,2024-11-14,Usulutan,Playa,101,82,40,2024,11,14,4,81.1881188118812,Alta,3280
3131,2021-02-24,La Paz,Playa,191,73,223,2021,2,24,1,38.21989528795812,Baja,16279
3132,2023-12-25,Santa Ana,Ciudad,125,46,140,2023,12,25,4,36.8,Baja,6440
3133,2023-10-06,San Salvador,Playa,154,99,41,2023,10,6,4,64.28571428571429,Media,4059
3134,2024-04-27,La Libertad,Ciudad,142,18,60,2024,4,27,2,12.676056338028168,Baja,1080
3137,2023-11-28,Ahuachapan,Rural,156,23,170,2023,11,28,4,14.743589743589745,Baja,3910
3138,2021-01-08,Ahuachapan,Playa,144,118,221,2021,1,8,1,81.94444444444444,Alta,26078
3139,2021-01-19,La Paz,Ciudad,59,59,206,2021,1,19,1,100.0,Alta,12154
3140,2022-08-21,Ahuachapan,Playa,190,161,133,2022,8,21,3,84.73684210526315,Alta,21413
3141,2023-08-05,Sonsonate,Ciudad,174,135,131,2023,8,5,3,77.58620689655173,Alta,17685
3142,2021-08-25,San Miguel,Ciudad,178,20,223,2021,8,25,3,11.235955056179774,Baja,4460
3143,2021-07-09,La Paz,Montaña,129,96,224,2021,7,9,3,74.4186046511628,Alta,21504
3145,2024-10-08,San Salvador,Rural,193,170,213,2024,10,8,4,88.08290155440415,Alta,36210
3146,2024-07-23,La Libertad,Montaña,130,75,94,2024,7,23,3,57.692307692307686,Media,7050
3147,2022-01-23,San Miguel,Rural,148,102,129,2022,1,23,1,68.91891891891892,Media,13158
3148,2024-07-12,Ahuachapan,Playa,83,14,35,2024,7,12,3,16.867469879518072,Baja,490
3149,2021-01-22,Santa Ana,Playa,154,108,205,2021,1,22,1,70.12987012987013,Alta,22140
3150,2023-08-30,Ahuachapan,Rural,63,41,199,2023,8,30,3,65.07936507936508,Media,8159
3151,2022-03-21,San Miguel,Rural,188,142,174,2022,3,21,1,75.53191489361703,Alta,24708
3152,2024-04-28,Ahuachapan,Montaña,145,34,89,2024,4,28,2,23.448275862068964,Baja,3026
3153,2022-04-21,La Paz,Ciudad,192,171,235,2022,4,21,2,89.0625,Alta,40185
3157,2021-10-19,La Paz,Montaña,176,71,136,2021,10,19,4,40.340909090909086,Media,9656
3159,2021-06-09,Sonsonate,Montaña,116,56,214,2021,6,9,2,48.275862068965516,Media,11984
3160,2024-10-20,Ahuachapan,Montaña,55,51,231,2024,10,20,4,92.72727272727272,Alta,11781
3161,2022-09-05,La Paz,Montaña,184,128,217,2022,9,5,3,69.56521739130434,Media,27776
3163,2021-05-27,La Libertad,Montaña,125,35,124,2021,5,27,2,28.000000000000004,Baja,4340
3166,2024-11-29,La Libertad,Playa,150,17,67,2024,11,29,4,11.333333333333332,Baja,1139
3167,2021-10-27,Usulutan,Montaña,106,22,207,2021,10,27,4,20.754716981132077,Baja,4554
3168,2023-06-15,Sonsonate,Rural,175,142,129,2023,6,15,2,81.14285714285714,Alta,18318
3169,2021-05-11,La Libertad,Rural,41,16,129,2021,5,11,2,39.02439024390244,Baja,2064
3173,2023-03-13,San Miguel,Rural,116,62,48,2023,3,13,1,53.44827586206896,Media,2976
3176,2023-09-02,San Miguel,Rural,55,6,77,2023,9,2,3,10.909090909090908,Baja,462
3177,2022-08-05,San Miguel,Playa,126,39,135,2022,8,5,3,30.952380952380953,Baja,5265
3178,2023-01-01,La Libertad,Montaña,60,8,155,2023,1,1,1,13.333333333333334,Baja,1240
3179,2021-06-26,Sonsonate,Rural,180,76,78,2021,6,26,2,42.22222222222222,Media,5928
3181,2022-05-22,Ahuachapan,Playa,139,112,212,2022,5,22,2,80.57553956834532,Alta,23744
3185,2024-01-19,Ahuachapan,Montaña,72,63,70,2024,1,19,1,87.5,Alta,4410
3188,2024-01-01,Ahuachapan,Rural,160,84,57,2024,1,1,1,52.5,Media,4788
3190,2023-07-08,Sonsonate,Montaña,181,140,50,2023,7,8,3,77.34806629834254,Alta,7000
3191,2022-09-10,Santa Ana,Playa,162,57,226,2022,9,10,3,35.18518518518518,Baja,12882
3195,2024-02-11,La Paz,Montaña,134,105,206,2024,2,11,1,78.35820895522389,Alta,21630
3197,2023-08-14,Ahuachapan,Rural,114,61,147,2023,8,14,3,53.50877192982456,Media,8967
3201,2022-02-17,Santa Ana,Montaña,148,54,89,2022,2,17,1,36.486486486486484,Baja,4806
3204,2022-12-04,La Libertad,Ciudad,25,12,216,2022,12,4,4,48.0,Media,2592
3205,2022-05-12,La Libertad,Montaña,153,50,139,2022,5,12,2,32.6797385620915,Baja,6950
3208,2024-11-21,Ahuachapan,Ciudad,108,22,227,2024,11,21,4,20.37037037037037,Baja,4994
3210,2021-05-20,San Salvador,Montaña,162,151,106,2021,5,20,2,93.20987654320987,Alta,16006
3214,2023-10-14,Usulutan,Montaña,154,54,62,2023,10,14,4,35.064935064935064,Baja,3348
3215,2024-12-11,Santa Ana,Montaña,153,100,86,2024,12,11,4,65.359477124183,Media,8600
3216,2022-12-18,La Libertad,Ciudad,98,55,229,2022,12,18,4,56.12244897959183,Media,12595
3217,2024-07-17,San Miguel,Playa,152,43,162,2024,7,17,3,28.289473684210524,Baja,6966
3218,2021-07-04,La Paz,Montaña,78,70,225,2021,7,4,3,89.74358974358975,Alta,15750
3219,2023-11-04,La Libertad,Rural,172,9,74,2023,11,4,4,5.232558139534884,Baja,666
3220,2024-10-16,La Paz,Ciudad,166,35,43,2024,10,16,4,21.084337349397593,Baja,1505
3222,2023-02-09,San Miguel,Ciudad,149,16,37,2023,2,9,1,10.738255033557047,Baja,592
3223,2021-05-09,Usulutan,Ciudad,169,11,101,2021,5,9,2,6.508875739644971,Baja,1111
3225,2021-12-08,Sonsonate,Ciudad,176,132,146,2021,12,8,4,75.0,Alta,19272
3227,2024-12-19,Sonsonate,Ciudad,27,24,166,2024,12,19,4,88.88888888888889,Alta,3984
3228,2023-01-31,San Miguel,Montaña,147,118,190,2023,1,31,1,80.27210884353741,Alta,22420
3233,2024-10-06,La Paz,Playa,101,98,165,2024,10,6,4,97.02970297029702,Alta,16170
3234,2021-05-06,Usulutan,Playa,164,159,158,2021,5,6,2,96.95121951219512,Alta,25122
3235,2023-06-03,San Salvador,Montaña,181,121,185,2023,6,3,2,66.85082872928176,Media,22385
3236,2023-01-20,Sonsonate,Ciudad,199,25,74,2023,1,20,1,12.562814070351758,Baja,1850
3237,2021-11-30,San Salvador,Playa,98,31,67,2021,11,30,4,31.63265306122449,Baja,2077
3239,2024-03-14,La Paz,Ciudad,105,92,190,2024,3,14,1,87.61904761904762,Alta,17480
3242,2021-07-10,La Libertad,Rural,192,164,165,2021,7,10,3,85.41666666666666,Alta,27060
3243,2022-02-06,Santa Ana,Montaña,100,73,217,2022,2,6,1,73.0,Alta,15841
3245,2022-05-10,Sonsonate,Playa,86,16,183,2022,5,10,2,18.6046511627907,Baja,2928
3247,2022-12-31,Sonsonate,Montaña,82,22,166,2022,12,31,4,26.82926829268293,Baja,3652
3248,2023-10-13,San Salvador,Rural,142,17,207,2023,10,13,4,11.971830985915492,Baja,3519
3251,2023-08-14,Ahuachapan,Rural,145,99,220,2023,8,14,3,68.27586206896552,Media,21780
3254,2022-10-21,San Salvador,Ciudad,137,85,186,2022,10,21,4,62.04379562043796,Media,15810
3258,2024-02-06,Ahuachapan,Ciudad,95,62,121,2024,2,6,1,65.26315789473685,Media,7502
3265,2021-01-01,Sonsonate,Ciudad,191,152,158,2021,1,1,1,79.58115183246073,Alta,24016
3271,2021-11-12,Sonsonate,Ciudad,177,12,145,2021,11,12,4,6.779661016949152,Baja,1740
3273,2021-06-22,La Paz,Montaña,176,24,53,2021,6,22,2,13.636363636363635,Baja,1272
3274,2023-08-26,San Salvador,Ciudad,155,56,237,2023,8,26,3,36.12903225806451,Baja,13272
3276,2022-03-24,Ahuachapan,Playa,183,53,75,2022,3,24,1,28.96174863387978,Baja,3975
3277,2022-12-12,La Paz,Playa,141,79,121,2022,12,12,4,56.02836879432624,Media,9559
3281,2022-01-31,San Salvador,Ciudad,123,14,183,2022,1,31,1,11.38211382113821,Baja,2562
3283,2022-06-16,Sonsonate,Montaña,111,14,71,2022,6,16,2,12.612612612612612,Baja,994
3284,2024-05-20,La Libertad,Playa,179,158,199,2024,5,20,2,88.26815642458101,Alta,31442
3285,2022-09-07,La Paz,Montaña,84,61,89,2022,9,7,3,72.61904761904762,Alta,5429
3287,2024-01-08,Santa Ana,Playa,184,119,71,2024,1,8,1,64.67391304347827,Media,8449
3288,2022-12-19,Usulutan,Rural,198,116,188,2022,12,19,4,58.58585858585859,Media,21808
3289,2021-09-02,Sonsonate,Montaña,38,10,36,2021,9,2,3,26.31578947368421,Baja,360
3290,2023-03-13,Ahuachapan,Playa,174,101,149,2023,3,13,1,58.04597701149425,Media,15049
3292,2024-06-29,Ahuachapan,Rural,118,32,249,2024,6,29,2,27.11864406779661,Baja,7968
3293,2022-09-14,La Libertad,Rural,185,78,237,2022,9,14,3,42.16216216216216,Media,18486
3294,2021-07-27,San Miguel,Ciudad,193,30,228,2021,7,27,3,15.544041450777202,Baja,6840
3295,2023-12-24,Santa Ana,Rural,140,42,40,2023,12,24,4,30.0,Baja,1680
3296,2024-11-09,Usulutan,Ciudad,189,177,92,2024,11,9,4,93.65079365079364,Alta,16284
3298,2021-10-21,Ahuachapan,Playa,155,134,236,2021,10,21,4,86.45161290322581,Alta,31624
3300,2023-08-29,Santa Ana,Rural,94,20,225,2023,8,29,3,21.27659574468085,Baja,4500
3301,2022-05-28,La Libertad,Ciudad,58,21,234,2022,5,28,2,36.206896551724135,Baja,4914
3303,2022-11-10,Santa Ana,Montaña,48,5,156,2022,11,10,4,10.416666666666668,Baja,780
3305,2022-09-05,Santa Ana,Ciudad,122,90,39,2022,9,5,3,73.77049180327869,Alta,3510
3307,2022-05-19,Usulutan,Rural,142,59,120,2022,5,19,2,41.54929577464789,Media,7080
3308,2022-12-23,La Paz,Montaña,114,14,136,2022,12,23,4,12.280701754385964,Baja,1904
3309,2024-05-05,Ahuachapan,Playa,199,176,196,2024,5,5,2,88.44221105527639,Alta,34496
3311,2023-11-30,San Salvador,Rural,165,79,108,2023,11,30,4,47.878787878787875,Media,8532
3312,2021-02-24,Santa Ana,Montaña,131,115,236,2021,2,24,1,87.78625954198473,Alta,27140
3314,2021-07-25,San Miguel,Ciudad,127,126,196,2021,7,25,3,99.21259842519686,Alta,24696
3315,2021-06-20,La Libertad,Rural,177,141,138,2021,6,20,2,79.66101694915254,Alta,19458
3316,2022-12-07,Ahuachapan,Rural,53,40,51,2022,12,7,4,75.47169811320755,Alta,2040
3317,2021-10-20,La Paz,Playa,77,56,127,2021,10,20,4,72.72727272727273,Alta,7112
3318,2021-07-05,Ahuachapan,Montaña,130,17,124,2021,7,5,3,13.076923076923078,Baja,2108
3319,2021-01-02,Usulutan,Montaña,67,65,163,2021,1,2,1,97.01492537313433,Alta,10595
3321,2023-04-05,Ahuachapan,Rural,197,23,71,2023,4,5,2,11.6751269035533,Baja,1633
3323,2022-09-12,La Libertad,Rural,171,65,59,2022,9,12,3,38.01169590643275,Baja,3835
3324,2021-10-12,La Paz,Playa,126,116,234,2021,10,12,4,92.06349206349206,Alta,27144
3325,2021-07-24,La Paz,Ciudad,102,97,112,2021,7,24,3,95.09803921568627,Alta,10864
3326,2024-01-23,San Miguel,Rural,188,123,80,2024,1,23,1,65.42553191489363,Media,9840
3333,2024-10-12,Ahuachapan,Playa,174,22,96,2024,10,12,4,12.643678160919542,Baja,2112
3336,2024-07-15,La Paz,Montaña,67,24,111,2024,7,15,3,35.82089552238806,Baja,2664
3337,2024-09-17,Sonsonate,Montaña,94,9,225,2024,9,17,3,9.574468085106384,Baja,2025
3338,2023-11-15,La Paz,Ciudad,157,124,138,2023,11,15,4,78.98089171974523,Alta,17112
3340,2024-11-13,La Libertad,Playa,137,85,106,2024,11,13,4,62.04379562043796,Media,9010
3341,2022-04-21,La Libertad,Playa,137,104,89,2022,4,21,2,75.91240875912408,Alta,9256
3342,2023-04-19,Santa Ana,Montaña,67,67,243,2023,4,19,2,100.0,Alta,16281
3343,2021-02-13,Sonsonate,Rural,155,148,60,2021,2,13,1,95.48387096774194,Alta,8880
3345,2023-05-01,San Miguel,Rural,199,14,45,2023,5,1,2,7.035175879396985,Baja,630
3346,2021-06-12,Santa Ana,Montaña,107,71,76,2021,6,12,2,66.35514018691589,Media,5396
3347,2023-09-07,San Miguel,Playa,192,114,42,2023,9,7,3,59.375,Media,4788
3348,2021-09-11,La Paz,Rural,120,92,166,2021,9,11,3,76.66666666666667,Alta,15272
3352,2023-03-11,La Libertad,Rural,108,11,142,2023,3,11,1,10.185185185185185,Baja,1562
3353,2024-09-03,Santa Ana,Montaña,159,26,38,2024,9,3,3,16.352201257861633,Baja,988
3354,2022-05-22,Santa Ana,Rural,198,89,98,2022,5,22,2,44.94949494949495,Media,8722
3355,2021-03-13,Sonsonate,Montaña,136,5,131,2021,3,13,1,3.6764705882352944,Baja,655
3360,2024-12-12,Ahuachapan,Ciudad,122,94,39,2024,12,12,4,77.04918032786885,Alta,3666
3362,2021-12-16,San Salvador,Playa,150,126,146,2021,12,16,4,84.0,Alta,18396
3363,2021-02-12,La Paz,Playa,187,95,233,2021,2,12,1,50.80213903743316,Media,22135
3365,2021-12-16,Santa Ana,Playa,198,95,132,2021,12,16,4,47.97979797979798,Media,12540
3368,2023-11-12,Sonsonate,Montaña,166,105,154,2023,11,12,4,63.25301204819277,Media,16170
3369,2021-03-10,La Libertad,Montaña,91,50,103,2021,3,10,1,54.94505494505495,Media,5150
3370,2024-01-26,Sonsonate,Playa,192,17,176,2024,1,26,1,8.854166666666668,Baja,2992
3371,2023-03-21,La Paz,Playa,170,127,102,2023,3,21,1,74.70588235294117,Alta,12954
3372,2021-01-02,Usulutan,Ciudad,179,141,227,2021,1,2,1,78.77094972067039,Alta,32007
3374,2024-09-28,San Salvador,Playa,197,38,104,2024,9,28,3,19.289340101522843,Baja,3952
3377,2024-08-21,Santa Ana,Playa,165,53,138,2024,8,21,3,32.121212121212125,Baja,7314
3378,2022-05-11,Sonsonate,Montaña,163,48,142,2022,5,11,2,29.447852760736197,Baja,6816
3379,2023-12-01,San Salvador,Montaña,193,75,225,2023,12,1,4,38.860103626943,Baja,16875
3381,2024-10-05,La Libertad,Montaña,175,39,228,2024,10,5,4,22.285714285714285,Baja,8892
3382,2021-03-27,La Paz,Ciudad,149,55,201,2021,3,27,1,36.91275167785235,Baja,11055
3383,2022-04-07,Usulutan,Playa,176,98,98,2022,4,7,2,55.68181818181818,Media,9604
3384,2023-01-26,San Miguel,Ciudad,167,79,91,2023,1,26,1,47.30538922155689,Media,7189
3385,2023-11-05,La Libertad,Montaña,187,174,74,2023,11,5,4,93.04812834224599,Alta,12876
3386,2023-04-12,La Libertad,Rural,154,127,223,2023,4,12,2,82.46753246753246,Alta,28321
3387,2021-05-14,La Libertad,Ciudad,145,52,66,2021,5,14,2,35.86206896551724,Baja,3432
3390,2021-12-03,Ahuachapan,Playa,158,137,232,2021,12,3,4,86.70886075949366,Alta,31784
3392,2022-01-21,Santa Ana,Ciudad,169,51,39,2022,1,21,1,30.17751479289941,Baja,1989
3394,2023-10-01,La Libertad,Ciudad,156,148,225,2023,10,1,4,94.87179487179486,Alta,33300
3395,2024-10-28,San Miguel,Ciudad,80,48,159,2024,10,28,4,60.0,Media,7632
3396,2021-12-11,San Salvador,Ciudad,193,141,202,2021,12,11,4,73.05699481865285,Alta,28482
3397,2021-03-22,Usulutan,Ciudad,140,108,233,2021,3,22,1,77.14285714285715,Alta,25164
3398,2021-10-14,La Paz,Rural,164,153,191,2021,10,14,4,93.29268292682927,Alta,29223
3400,2024-05-15,Ahuachapan,Montaña,152,98,82,2024,5,15,2,64.47368421052632,Media,8036
3402,2023-06-12,Sonsonate,Rural,109,108,235,2023,6,12,2,99.08256880733946,Alta,25380
3404,2021-04-22,La Paz,Montaña,91,33,194,2021,4,22,2,36.26373626373626,Baja,6402
3405,2023-07-25,Santa Ana,Ciudad,111,46,41,2023,7,25,3,41.44144144144144,Media,1886
3406,2024-12-20,Sonsonate,Ciudad,167,137,196,2024,12,20,4,82.03592814371258,Alta,26852
3407,2021-07-21,Sonsonate,Rural,65,12,103,2021,7,21,3,18.461538461538463,Baja,1236
3408,2022-04-15,La Paz,Rural,87,52,183,2022,4,15,2,59.77011494252874,Media,9516
3409,2024-08-25,San Miguel,Montaña,84,62,141,2024,8,25,3,73.80952380952381,Alta,8742
3411,2024-08-08,Sonsonate,Ciudad,173,151,227,2024,8,8,3,87.28323699421965,Alta,34277
3415,2021-07-02,La Paz,Montaña,146,20,170,2021,7,2,3,13.698630136986301,Baja,3400
3416,2023-11-30,Ahuachapan,Ciudad,176,77,244,2023,11,30,4,43.75,Media,18788
3417,2022-11-20,San Miguel,Rural,130,41,175,2022,11,20,4,31.538461538461537,Baja,7175
3419,2022-05-01,Ahuachapan,Ciudad,164,149,141,2022,5,1,2,90.85365853658537,Alta,21009
3421,2021-12-05,Santa Ana,Ciudad,49,38,143,2021,12,5,4,77.55102040816327,Alta,5434
3422,2021-09-04,Usulutan,Montaña,179,58,212,2021,9,4,3,32.402234636871505,Baja,12296
3423,2024-02-28,Usulutan,Montaña,65,10,188,2024,2,28,1,15.384615384615385,Baja,1880
3427,2023-02-04,Ahuachapan,Playa,178,75,106,2023,2,4,1,42.13483146067416,Media,7950
3428,2022-08-19,San Miguel,Montaña,159,132,105,2022,8,19,3,83.01886792452831,Alta,13860
3429,2023-12-17,La Libertad,Playa,139,116,200,2023,12,17,4,83.45323741007195,Alta,23200
3431,2022-06-19,La Paz,Rural,103,31,197,2022,6,19,2,30.097087378640776,Baja,6107
3432,2022-05-16,San Salvador,Rural,159,66,203,2022,5,16,2,41.509433962264154,Media,13398
3434,2023-11-08,Usulutan,Montaña,132,54,182,2023,11,8,4,40.909090909090914,Media,9828
3436,2024-07-08,La Libertad,Rural,183,5,91,2024,7,8,3,2.73224043715847,Baja,455
3437,2024-07-09,San Miguel,Rural,121,19,57,2024,7,9,3,15.702479338842975,Baja,1083
3438,2023-10-21,La Libertad,Playa,82,67,44,2023,10,21,4,81.70731707317073,Alta,2948
3439,2024-02-09,La Paz,Montaña,49,43,242,2024,2,9,1,87.75510204081633,Alta,10406
3440,2024-01-22,Ahuachapan,Montaña,177,167,158,2024,1,22,1,94.35028248587571,Alta,26386
3441,2023-02-22,San Miguel,Playa,198,179,129,2023,2,22,1,90.40404040404042,Alta,23091
3444,2022-06-22,Sonsonate,Rural,155,87,98,2022,6,22,2,56.12903225806451,Media,8526
3447,2023-11-01,Ahuachapan,Montaña,188,139,45,2023,11,1,4,73.93617021276596,Alta,6255
3448,2024-08-02,Sonsonate,Ciudad,186,124,222,2024,8,2,3,66.66666666666666,Media,27528
3451,2024-10-11,La Libertad,Montaña,142,88,139,2024,10,11,4,61.97183098591549,Media,12232
3452,2024-04-29,Ahuachapan,Playa,157,113,248,2024,4,29,2,71.97452229299363,Alta,28024
3454,2021-02-16,San Miguel,Rural,191,68,118,2021,2,16,1,35.602094240837694,Baja,8024
3455,2024-01-01,Santa Ana,Playa,173,63,240,2024,1,1,1,36.41618497109826,Baja,15120
3459,2024-03-03,La Libertad,Montaña,139,129,205,2024,3,3,1,92.80575539568345,Alta,26445
3460,2024-09-10,San Miguel,Playa,136,18,151,2024,9,10,3,13.23529411764706,Baja,2718
3462,2022-12-27,Sonsonate,Rural,159,25,151,2022,12,27,4,15.723270440251572,Baja,3775
3464,2022-03-02,San Miguel,Ciudad,144,44,84,2022,3,2,1,30.555555555555557,Baja,3696
3465,2024-03-31,Usulutan,Ciudad,199,57,246,2024,3,31,1,28.643216080402013,Baja,14022
3467,2023-03-21,Usulutan,Rural,185,175,119,2023,3,21,1,94.5945945945946,Alta,20825
3470,2023-12-06,Ahuachapan,Montaña,183,74,181,2023,12,6,4,40.43715846994536,Media,13394
3471,2024-10-01,Ahuachapan,Rural,148,41,107,2024,10,1,4,27.7027027027027,Baja,4387
3474,2022-11-26,La Libertad,Playa,128,22,178,2022,11,26,4,17.1875,Baja,3916
3476,2022-06-26,La Paz,Ciudad,161,50,86,2022,6,26,2,31.05590062111801,Baja,4300
3478,2022-06-28,Ahuachapan,Ciudad,160,138,238,2022,6,28,2,86.25,Alta,32844
3479,2021-06-02,La Libertad,Ciudad,182,92,185,2021,6,2,2,50.54945054945055,Media,17020
3480,2021-10-22,La Libertad,Montaña,199,32,146,2021,10,22,4,16.08040201005025,Baja,4672
3482,2023-05-28,Sonsonate,Playa,121,18,99,2023,5,28,2,14.87603305785124,Baja,1782
3483,2022-03-23,Santa Ana,Playa,182,74,45,2022,3,23,1,40.65934065934066,Media,3330
3485,2021-09-13,La Paz,Montaña,160,88,82,2021,9,13,3,55.00000000000001,Media,7216
3486,2023-08-25,Usulutan,Rural,183,55,111,2023,8,25,3,30.05464480874317,Baja,6105
3487,2022-01-13,San Salvador,Rural,109,61,186,2022,1,13,1,55.96330275229357,Media,11346
3489,2023-02-17,La Paz,Rural,111,39,145,2023,2,17,1,35.13513513513514,Baja,5655
3495,2021-04-09,Ahuachapan,Montaña,169,136,68,2021,4,9,2,80.4733727810651,Alta,9248
3496,2023-02-24,La Paz,Rural,142,112,76,2023,2,24,1,78.87323943661971,Alta,8512
3497,2021-12-04,Ahuachapan,Rural,133,81,231,2021,12,4,4,60.902255639097746,Media,18711
3502,2023-06-30,San Miguel,Playa,167,149,104,2023,6,30,2,89.22155688622755,Alta,15496
3503,2021-07-01,San Miguel,Ciudad,84,16,213,2021,7,1,3,19.047619047619047,Baja,3408
3504,2021-10-20,San Miguel,Ciudad,164,119,91,2021,10,20,4,72.5609756097561,Alta,10829
3506,2024-11-17,La Paz,Playa,150,57,146,2024,11,17,4,38.0,Baja,8322
3507,2024-12-26,Santa Ana,Ciudad,141,106,58,2024,12,26,4,75.177304964539,Alta,6148
3511,2022-04-23,La Paz,Rural,151,72,86,2022,4,23,2,47.682119205298015,Media,6192
3512,2024-01-24,San Miguel,Rural,108,35,90,2024,1,24,1,32.407407407407405,Baja,3150
3514,2024-07-16,La Paz,Ciudad,71,23,126,2024,7,16,3,32.3943661971831,Baja,2898
3516,2022-04-10,San Salvador,Rural,159,59,221,2022,4,10,2,37.10691823899371,Baja,13039
3519,2021-03-18,Santa Ana,Playa,191,96,162,2021,3,18,1,50.26178010471204,Media,15552
3522,2021-11-23,Sonsonate,Playa,110,71,202,2021,11,23,4,64.54545454545455,Media,14342
3523,2021-01-05,Sonsonate,Montaña,119,26,128,2021,1,5,1,21.84873949579832,Baja,3328
3525,2021-11-29,San Miguel,Ciudad,134,57,63,2021,11,29,4,42.53731343283582,Media,3591
3526,2024-06-19,San Salvador,Ciudad,71,18,204,2024,6,19,2,25.352112676056336,Baja,3672
3529,2021-08-23,Sonsonate,Playa,192,59,72,2021,8,23,3,30.729166666666668,Baja,4248
3531,2023-06-08,Usulutan,Ciudad,70,8,109,2023,6,8,2,11.428571428571429,Baja,872
3533,2021-01-11,San Salvador,Playa,186,114,108,2021,1,11,1,61.29032258064516,Media,12312
3535,2022-08-20,San Miguel,Rural,199,52,232,2022,8,20,3,26.13065326633166,Baja,12064
3536,2024-11-09,Santa Ana,Playa,24,11,194,2024,11,9,4,45.83333333333333,Media,2134
3537,2024-09-30,Ahuachapan,Rural,169,38,199,2024,9,30,3,22.485207100591715,Baja,7562
3539,2023-12-14,San Miguel,Rural,117,44,230,2023,12,14,4,37.60683760683761,Baja,10120
3541,2023-07-03,Sonsonate,Montaña,140,26,70,2023,7,3,3,18.571428571428573,Baja,1820
3544,2022-10-17,Usulutan,Playa,106,98,148,2022,10,17,4,92.45283018867924,Alta,14504
3546,2023-05-06,La Paz,Playa,151,135,117,2023,5,6,2,89.40397350993378,Alta,15795
3547,2022-06-25,Sonsonate,Playa,174,171,174,2022,6,25,2,98.27586206896551,Alta,29754
3548,2023-09-05,La Libertad,Montaña,122,7,141,2023,9,5,3,5.737704918032787,Baja,987
3550,2022-03-21,Santa Ana,Playa,54,53,176,2022,3,21,1,98.14814814814815,Alta,9328
3552,2022-06-26,Ahuachapan,Rural,168,160,202,2022,6,26,2,95.23809523809523,Alta,32320
3554,2022-06-03,La Libertad,Ciudad,184,38,48,2022,6,3,2,20.652173913043477,Baja,1824
3555,2024-10-27,La Paz,Rural,150,94,229,2024,10,27,4,62.66666666666667,Media,21526
3557,2021-05-24,San Salvador,Rural,36,26,203,2021,5,24,2,72.22222222222221,Alta,5278
3559,2022-04-15,San Miguel,Ciudad,140,41,238,2022,4,15,2,29.28571428571429,Baja,9758
3560,2023-08-26,Usulutan,Playa,54,43,99,2023,8,26,3,79.62962962962963,Alta,4257
3561,2022-07-11,San Miguel,Playa,65,59,212,2022,7,11,3,90.76923076923077,Alta,12508
3562,2021-11-29,La Libertad,Ciudad,76,46,42,2021,11,29,4,60.526315789473685,Media,1932
3563,2021-07-11,San Miguel,Playa,172,130,174,2021,7,11,3,75.5813953488372,Alta,22620
3565,2023-01-19,Ahuachapan,Ciudad,156,81,226,2023,1,19,1,51.92307692307693,Media,18306
3566,2024-06-28,La Paz,Montaña,61,5,197,2024,6,28,2,8.19672131147541,Baja,985
3569,2021-04-27,Sonsonate,Rural,134,106,52,2021,4,27,2,79.1044776119403,Alta,5512
3571,2023-03-31,Santa Ana,Playa,170,72,213,2023,3,31,1,42.35294117647059,Media,15336
3572,2024-11-25,Santa Ana,Rural,187,67,151,2024,11,25,4,35.82887700534759,Baja,10117
3574,2022-04-30,Ahuachapan,Montaña,174,67,180,2022,4,30,2,38.50574712643678,Baja,12060
3575,2024-10-03,La Libertad,Montaña,186,174,149,2024,10,3,4,93.54838709677419,Alta,25926
3577,2024-05-30,La Libertad,Rural,149,48,240,2024,5,30,2,32.21476510067114,Baja,11520
3579,2022-03-30,Ahuachapan,Ciudad,108,39,143,2022,3,30,1,36.11111111111111,Baja,5577
3580,2021-04-27,San Salvador,Rural,51,23,146,2021,4,27,2,45.09803921568628,Media,3358
3583,2021-07-20,San Miguel,Ciudad,120,102,215,2021,7,20,3,85.0,Alta,21930
3587,2024-12-21,San Miguel,Rural,190,68,98,2024,12,21,4,35.78947368421053,Baja,6664
3588,2021-12-28,San Salvador,Ciudad,134,68,159,2021,12,28,4,50.74626865671642,Media,10812
3590,2023-03-22,San Miguel,Rural,52,51,129,2023,3,22,1,98.07692307692307,Alta,6579
3591,2023-11-17,Usulutan,Rural,148,30,80,2023,11,17,4,20.27027027027027,Baja,2400
3592,2023-03-17,Sonsonate,Ciudad,113,52,170,2023,3,17,1,46.017699115044245,Media,8840
3593,2022-10-08,Santa Ana,Rural,160,16,36,2022,10,8,4,10.0,Baja,576
3594,2022-04-15,Usulutan,Ciudad,159,5,188,2022,4,15,2,3.1446540880503147,Baja,940
3598,2022-01-06,La Paz,Rural,119,98,219,2022,1,6,1,82.35294117647058,Alta,21462
3600,2023-11-08,Usulutan,Rural,181,175,132,2023,11,8,4,96.68508287292818,Alta,23100
3603,2021-05-21,San Miguel,Rural,110,40,148,2021,5,21,2,36.36363636363637,Baja,5920
3605,2022-10-25,La Paz,Rural,159,133,249,2022,10,25,4,83.64779874213836,Alta,33117
3606,2021-06-10,La Paz,Ciudad,184,33,186,2021,6,10,2,17.934782608695652,Baja,6138
3612,2021-03-05,Santa Ana,Montaña,140,26,90,2021,3,5,1,18.571428571428573,Baja,2340
3615,2022-12-29,Sonsonate,Playa,168,82,240,2022,12,29,4,48.80952380952381,Media,19680
3619,2022-05-26,Santa Ana,Ciudad,124,90,225,2022,5,26,2,72.58064516129032,Alta,20250
3622,2023-10-31,Santa Ana,Montaña,105,39,142,2023,10,31,4,37.142857142857146,Baja,5538
3623,2022-01-07,Sonsonate,Rural,162,108,64,2022,1,7,1,66.66666666666666,Media,6912
3626,2021-09-06,La Paz,Rural,195,42,211,2021,9,6,3,21.53846153846154,Baja,8862
3627,2021-08-21,San Salvador,Rural,68,39,161,2021,8,21,3,57.35294117647059,Media,6279
3629,2021-04-05,Sonsonate,Playa,114,78,40,2021,4,5,2,68.42105263157895,Media,3120
3630,2024-04-05,Usulutan,Rural,49,13,67,2024,4,5,2,26.53061224489796,Baja,871
3632,2022-12-15,San Miguel,Montaña,133,92,61,2022,12,15,4,69.17293233082707,Media,5612
3634,2021-03-03,La Paz,Ciudad,127,55,47,2021,3,3,1,43.30708661417323,Media,2585
3635,2021-07-11,La Libertad,Montaña,132,92,158,2021,7,11,3,69.6969696969697,Media,14536
3636,2022-04-13,San Miguel,Rural,199,117,171,2022,4,13,2,58.79396984924623,Media,20007
3638,2023-07-28,Ahuachapan,Montaña,113,100,212,2023,7,28,3,88.49557522123894,Alta,21200
3646,2021-12-15,Sonsonate,Ciudad,175,139,239,2021,12,15,4,79.42857142857143,Alta,33221
3649,2024-12-25,San Miguel,Montaña,158,39,95,2024,12,25,4,24.68354430379747,Baja,3705
3650,2022-04-07,Sonsonate,Playa,82,60,123,2022,4,7,2,73.17073170731707,Alta,7380
3652,2021-05-27,San Salvador,Montaña,136,14,170,2021,5,27,2,10.294117647058822,Baja,2380
3653,2022-10-25,Santa Ana,Playa,157,9,113,2022,10,25,4,5.7324840764331215,Baja,1017
3657,2021-08-18,San Miguel,Playa,115,38,183,2021,8,18,3,33.04347826086956,Baja,6954
3659,2023-12-17,Sonsonate,Montaña,199,171,208,2023,12,17,4,85.92964824120602,Alta,35568
3660,2021-02-02,San Miguel,Playa,159,137,122,2021,2,2,1,86.16352201257862,Alta,16714
3661,2024-07-28,Sonsonate,Playa,192,31,114,2024,7,28,3,16.145833333333336,Baja,3534
3662,2022-08-13,Sonsonate,Rural,112,98,243,2022,8,13,3,87.5,Alta,23814
3663,2023-01-03,Usulutan,Montaña,131,60,109,2023,1,3,1,45.80152671755725,Media,6540
3666,2021-01-26,San Salvador,Rural,194,112,244,2021,1,26,1,57.73195876288659,Media,27328
3670,2022-10-23,La Libertad,Ciudad,122,95,102,2022,10,23,4,77.8688524590164,Alta,9690
3673,2024-04-17,Santa Ana,Montaña,153,150,149,2024,4,17,2,98.0392156862745,Alta,22350
3674,2023-11-09,Sonsonate,Ciudad,55,33,57,2023,11,9,4,60.0,Media,1881
3675,2022-08-28,La Paz,Playa,78,21,196,2022,8,28,3,26.923076923076923,Baja,4116
3676,2024-07-26,La Libertad,Ciudad,187,163,211,2024,7,26,3,87.16577540106952,Alta,34393
3681,2023-01-18,Ahuachapan,Rural,178,11,242,2023,1,18,1,6.179775280898876,Baja,2662
3683,2021-06-21,San Salvador,Rural,113,23,105,2021,6,21,2,20.353982300884958,Baja,2415
3684,2022-11-17,San Miguel,Montaña,146,117,124,2022,11,17,4,80.13698630136986,Alta,14508
3688,2022-07-08,Santa Ana,Ciudad,108,15,80,2022,7,8,3,13.88888888888889,Baja,1200
3691,2024-12-26,La Paz,Ciudad,167,156,129,2024,12,26,4,93.41317365269461,Alta,20124
3692,2021-07-18,Sonsonate,Rural,135,133,187,2021,7,18,3,98.51851851851852,Alta,24871
3693,2021-08-30,Ahuachapan,Ciudad,178,92,147,2021,8,30,3,51.68539325842697,Media,13524
3694,2024-02-15,La Libertad,Ciudad,171,27,135,2024,2,15,1,15.789473684210526,Baja,3645
3697,2024-08-21,Sonsonate,Playa,65,64,138,2024,8,21,3,98.46153846153847,Alta,8832
3698,2024-10-15,La Libertad,Montaña,119,9,188,2024,10,15,4,7.563025210084033,Baja,1692
3699,2024-08-30,La Libertad,Ciudad,164,47,65,2024,8,30,3,28.65853658536585,Baja,3055
3700,2022-01-31,Usulutan,Ciudad,192,66,127,2022,1,31,1,34.375,Baja,8382
3703,2024-12-08,Sonsonate,Montaña,31,13,212,2024,12,8,4,41.935483870967744,Media,2756
3704,2021-09-18,San Miguel,Montaña,199,33,84,2021,9,18,3,16.582914572864322,Baja,2772
3708,2022-08-01,San Salvador,Rural,106,81,215,2022,8,1,3,76.41509433962264,Alta,17415
3712,2024-08-18,Usulutan,Montaña,130,41,193,2024,8,18,3,31.538461538461537,Baja,7913
3713,2023-12-02,Ahuachapan,Playa,162,104,90,2023,12,2,4,64.19753086419753,Media,9360
3714,2022-04-16,San Salvador,Rural,120,56,193,2022,4,16,2,46.666666666666664,Media,10808
3715,2024-07-15,Santa Ana,Ciudad,176,86,206,2024,7,15,3,48.86363636363637,Media,17716
3716,2021-09-24,Ahuachapan,Ciudad,177,70,91,2021,9,24,3,39.548022598870055,Baja,6370
3717,2023-11-16,Usulutan,Ciudad,194,140,166,2023,11,16,4,72.16494845360825,Alta,23240
3720,2022-01-20,La Paz,Playa,194,138,97,2022,1,20,1,71.1340206185567,Alta,13386
3721,2022-06-26,La Paz,Playa,57,27,103,2022,6,26,2,47.368421052631575,Media,2781
3722,2024-10-12,Ahuachapan,Ciudad,191,136,97,2024,10,12,4,71.20418848167539,Alta,13192
3724,2023-07-15,Ahuachapan,Montaña,183,133,209,2023,7,15,3,72.6775956284153,Alta,27797
3725,2023-10-12,La Paz,Montaña,196,159,81,2023,10,12,4,81.12244897959184,Alta,12879
3726,2022-03-19,La Libertad,Playa,98,41,238,2022,3,19,1,41.83673469387755,Media,9758
3728,2021-11-11,San Salvador,Playa,89,11,69,2021,11,11,4,12.359550561797752,Baja,759
3730,2024-03-16,Usulutan,Playa,132,75,147,2024,3,16,1,56.81818181818182,Media,11025
3731,2023-02-11,La Paz,Montaña,190,71,224,2023,2,11,1,37.368421052631575,Baja,15904
3732,2024-11-29,San Miguel,Ciudad,109,90,191,2024,11,29,4,82.56880733944955,Alta,17190
3734,2022-12-20,Usulutan,Playa,186,82,224,2022,12,20,4,44.086021505376344,Media,18368
3737,2023-11-07,San Miguel,Rural,169,122,173,2023,11,7,4,72.18934911242604,Alta,21106
3738,2021-02-10,San Miguel,Ciudad,131,34,64,2021,2,10,1,25.954198473282442,Baja,2176
3739,2024-04-19,La Paz,Playa,78,41,221,2024,4,19,2,52.56410256410257,Media,9061
3743,2024-01-05,La Paz,Rural,158,157,113,2024,1,5,1,99.36708860759494,Alta,17741
3747,2023-12-31,San Salvador,Montaña,192,30,73,2023,12,31,4,15.625,Baja,2190
3752,2021-04-29,Sonsonate,Montaña,52,23,132,2021,4,29,2,44.230769230769226,Media,3036
3753,2021-01-24,Santa Ana,Playa,160,158,138,2021,1,24,1,98.75,Alta,21804
3754,2023-04-26,Ahuachapan,Ciudad,104,61,166,2023,4,26,2,58.65384615384615,Media,10126
3757,2021-03-11,Sonsonate,Playa,132,19,210,2021,3,11,1,14.393939393939394,Baja,3990
3758,2022-08-28,Usulutan,Playa,190,64,76,2022,8,28,3,33.68421052631579,Baja,4864
3759,2022-12-13,La Paz,Ciudad,102,92,59,2022,12,13,4,90.19607843137256,Alta,5428
3762,2023-10-14,Santa Ana,Ciudad,127,110,226,2023,10,14,4,86.61417322834646,Alta,24860
3763,2021-06-15,La Paz,Playa,98,15,165,2021,6,15,2,15.306122448979592,Baja,2475
3764,2021-06-30,San Salvador,Ciudad,162,81,179,2021,6,30,2,50.0,Media,14499
3766,2024-06-28,La Paz,Montaña,30,11,204,2024,6,28,2,36.666666666666664,Baja,2244
3768,2023-01-14,Ahuachapan,Montaña,106,44,184,2023,1,14,1,41.509433962264154,Media,8096
3770,2022-04-17,Usulutan,Rural,138,66,169,2022,4,17,2,47.82608695652174,Media,11154
3772,2024-06-24,San Miguel,Montaña,180,172,74,2024,6,24,2,95.55555555555556,Alta,12728
3775,2024-08-07,La Libertad,Rural,173,60,196,2024,8,7,3,34.68208092485549,Baja,11760
3776,2023-07-17,La Libertad,Playa,67,42,232,2023,7,17,3,62.68656716417911,Media,9744
3777,2021-12-22,La Libertad,Playa,188,34,197,2021,12,22,4,18.085106382978726,Baja,6698
3778,2022-11-19,San Salvador,Montaña,176,66,184,2022,11,19,4,37.5,Baja,12144
3779,2024-05-25,Usulutan,Playa,81,77,97,2024,5,25,2,95.06172839506173,Alta,7469
3781,2023-11-15,Santa Ana,Ciudad,67,61,248,2023,11,15,4,91.04477611940298,Alta,15128
3782,2023-05-18,La Paz,Playa,96,70,230,2023,5,18,2,72.91666666666666,Alta,16100
3785,2022-07-30,La Paz,Montaña,113,72,77,2022,7,30,3,63.716814159292035,Media,5544
3788,2024-04-18,San Salvador,Montaña,197,84,163,2024,4,18,2,42.63959390862944,Media,13692
3791,2021-04-09,Sonsonate,Playa,197,167,104,2021,4,9,2,84.77157360406092,Alta,17368
3792,2023-07-22,Sonsonate,Montaña,197,50,148,2023,7,22,3,25.380710659898476,Baja,7400
3793,2024-01-23,San Miguel,Rural,185,169,72,2024,1,23,1,91.35135135135135,Alta,12168
3794,2022-03-14,Usulutan,Ciudad,42,27,204,2022,3,14,1,64.28571428571429,Media,5508
3795,2021-06-10,Santa Ana,Ciudad,80,44,241,2021,6,10,2,55.00000000000001,Media,10604
3796,2024-03-03,La Paz,Playa,198,105,98,2024,3,3,1,53.03030303030303,Media,10290
3797,2021-08-19,San Salvador,Montaña,159,79,164,2021,8,19,3,49.685534591194966,Media,12956
3799,2021-03-12,San Miguel,Montaña,170,110,100,2021,3,12,1,64.70588235294117,Media,11000
3802,2024-09-30,San Miguel,Playa,143,51,44,2024,9,30,3,35.66433566433567,Baja,2244
3803,2023-09-04,La Paz,Rural,90,12,239,2023,9,4,3,13.333333333333334,Baja,2868
3804,2024-04-18,Ahuachapan,Montaña,155,145,243,2024,4,18,2,93.54838709677419,Alta,35235
3806,2021-10-05,La Libertad,Montaña,172,40,149,2021,10,5,4,23.25581395348837,Baja,5960
3808,2021-07-12,San Miguel,Montaña,97,24,44,2021,7,12,3,24.742268041237114,Baja,1056
3809,2021-12-07,San Salvador,Montaña,166,106,140,2021,12,7,4,63.85542168674698,Media,14840
3813,2022-02-23,Santa Ana,Montaña,122,82,215,2022,2,23,1,67.21311475409836,Media,17630
3815,2024-09-06,Sonsonate,Rural,180,10,132,2024,9,6,3,5.555555555555555,Baja,1320
3817,2024-12-08,Ahuachapan,Montaña,183,131,222,2024,12,8,4,71.58469945355192,Alta,29082
3818,2024-02-29,La Paz,Playa,151,10,48,2024,2,29,1,6.622516556291391,Baja,480
3819,2024-05-29,La Paz,Montaña,154,51,40,2024,5,29,2,33.116883116883116,Baja,2040
3820,2022-10-22,Santa Ana,Ciudad,102,97,54,2022,10,22,4,95.09803921568627,Alta,5238
3822,2023-08-27,Usulutan,Ciudad,54,5,179,2023,8,27,3,9.25925925925926,Baja,895
3827,2024-11-18,Ahuachapan,Montaña,55,36,197,2024,11,18,4,65.45454545454545,Media,7092
3828,2022-03-20,Usulutan,Playa,187,96,205,2022,3,20,1,51.33689839572193,Media,19680
3829,2023-06-22,San Salvador,Ciudad,99,20,140,2023,6,22,2,20.2020202020202,Baja,2800
3830,2024-06-22,San Salvador,Rural,129,48,226,2024,6,22,2,37.2093023255814,Baja,10848
3831,2023-05-03,Ahuachapan,Rural,166,141,110,2023,5,3,2,84.93975903614458,Alta,15510
3840,2024-10-04,San Salvador,Montaña,81,57,90,2024,10,4,4,70.37037037037037,Alta,5130
3843,2024-07-17,La Paz,Playa,174,108,163,2024,7,17,3,62.06896551724138,Media,17604
3846,2024-01-12,Ahuachapan,Ciudad,183,9,59,2024,1,12,1,4.918032786885246,Baja,531
3847,2022-06-12,San Miguel,Montaña,132,96,109,2022,6,12,2,72.72727272727273,Alta,10464
3848,2024-03-03,San Salvador,Rural,161,68,69,2024,3,3,1,42.2360248447205,Media,4692
3849,2022-05-17,Usulutan,Ciudad,169,35,198,2022,5,17,2,20.710059171597635,Baja,6930
3850,2021-09-01,La Libertad,Ciudad,164,60,165,2021,9,1,3,36.58536585365854,Baja,9900
3852,2023-12-12,La Libertad,Montaña,127,114,199,2023,12,12,4,89.76377952755905,Alta,22686
3853,2022-03-01,La Paz,Montaña,110,104,244,2022,3,1,1,94.54545454545455,Alta,25376
3854,2022-01-10,Santa Ana,Montaña,32,10,173,2022,1,10,1,31.25,Baja,1730
3856,2022-03-13,San Salvador,Playa,179,62,187,2022,3,13,1,34.63687150837989,Baja,11594
3857,2022-10-05,San Miguel,Ciudad,185,154,193,2022,10,5,4,83.24324324324324,Alta,29722
3861,2021-11-12,San Salvador,Ciudad,154,91,155,2021,11,12,4,59.09090909090909,Media,14105
3863,2024-06-01,La Libertad,Montaña,129,54,220,2024,6,1,2,41.86046511627907,Media,11880
3865,2022-09-22,Usulutan,Montaña,132,21,202,2022,9,22,3,15.909090909090908,Baja,4242
3866,2024-12-20,San Miguel,Ciudad,76,75,93,2024,12,20,4,98.68421052631578,Alta,6975
3867,2021-03-31,San Salvador,Ciudad,143,30,95,2021,3,31,1,20.97902097902098,Baja,2850
3870,2022-12-11,La Libertad,Rural,185,32,147,2022,12,11,4,17.2972972972973,Baja,4704
3872,2022-07-30,La Paz,Ciudad,122,43,182,2022,7,30,3,35.24590163934426,Baja,7826
3873,2021-08-11,Sonsonate,Playa,143,51,61,2021,8,11,3,35.66433566433567,Baja,3111
3874,2022-11-26,San Salvador,Ciudad,36,10,72,2022,11,26,4,27.77777777777778,Baja,720
3877,2024-05-11,Ahuachapan,Ciudad,70,28,150,2024,5,11,2,40.0,Media,4200
3878,2023-01-06,Usulutan,Montaña,183,156,205,2023,1,6,1,85.24590163934425,Alta,31980
3879,2021-03-11,Ahuachapan,Rural,51,24,68,2021,3,11,1,47.05882352941176,Media,1632
3881,2023-08-12,La Paz,Montaña,82,14,67,2023,8,12,3,17.073170731707318,Baja,938
3882,2021-04-03,La Libertad,Rural,132,61,197,2021,4,3,2,46.21212121212121,Media,12017
3884,2022-03-15,San Miguel,Ciudad,199,16,98,2022,3,15,1,8.040201005025125,Baja,1568
3885,2023-03-16,Ahuachapan,Rural,197,61,57,2023,3,16,1,30.96446700507614,Baja,3477
3887,2023-08-10,Ahuachapan,Rural,167,107,206,2023,8,10,3,64.07185628742515,Media,22042
3889,2021-03-30,La Paz,Rural,168,86,48,2021,3,30,1,51.19047619047619,Media,4128
3891,2021-06-23,San Salvador,Montaña,172,111,210,2021,6,23,2,64.53488372093024,Media,23310
3893,2022-07-15,La Libertad,Montaña,181,109,224,2022,7,15,3,60.22099447513812,Media,24416
3895,2022-09-19,Santa Ana,Playa,137,97,158,2022,9,19,3,70.8029197080292,Alta,15326
3898,2024-06-14,Santa Ana,Playa,154,79,36,2024,6,14,2,51.298701298701296,Media,2844
3899,2022-03-26,San Miguel,Playa,148,67,174,2022,3,26,1,45.27027027027027,Media,11658
3900,2022-02-12,San Salvador,Rural,198,112,39,2022,2,12,1,56.56565656565656,Media,4368
3901,2024-09-22,La Libertad,Ciudad,169,158,145,2024,9,22,3,93.49112426035504,Alta,22910
3904,2024-04-24,San Miguel,Montaña,153,139,146,2024,4,24,2,90.84967320261438,Alta,20294
3905,2022-01-14,Santa Ana,Montaña,146,24,120,2022,1,14,1,16.43835616438356,Baja,2880
3907,2024-02-10,San Salvador,Rural,150,76,246,2024,2,10,1,50.66666666666667,Media,18696
3912,2024-01-06,La Paz,Ciudad,187,71,146,2024,1,6,1,37.967914438502675,Baja,10366
3913,2022-11-30,Santa Ana,Playa,109,88,192,2022,11,30,4,80.73394495412845,Alta,16896
3914,2024-10-24,Usulutan,Rural,122,22,44,2024,10,24,4,18.0327868852459,Baja,968
3917,2021-02-16,San Salvador,Ciudad,97,58,244,2021,2,16,1,59.79381443298969,Media,14152
3919,2022-01-13,Usulutan,Montaña,161,13,160,2022,1,13,1,8.074534161490684,Baja,2080
3921,2022-05-27,San Salvador,Rural,125,39,69,2022,5,27,2,31.2,Baja,2691
3922,2022-08-26,La Libertad,Montaña,182,175,225,2022,8,26,3,96.15384615384616,Alta,39375
3923,2021-10-07,San Miguel,Rural,112,99,238,2021,10,7,4,88.39285714285714,Alta,23562
3924,2023-10-11,Ahuachapan,Playa,160,62,43,2023,10,11,4,38.75,Baja,2666
3925,2023-01-16,La Paz,Rural,135,97,197,2023,1,16,1,71.85185185185186,Alta,19109
3926,2021-10-16,La Paz,Ciudad,73,10,214,2021,10,16,4,13.698630136986301,Baja,2140
3927,2024-01-04,La Paz,Playa,122,6,184,2024,1,4,1,4.918032786885246,Baja,1104
3928,2024-08-13,Santa Ana,Montaña,187,84,191,2024,8,13,3,44.919786096256686,Media,16044
3929,2022-07-31,Santa Ana,Playa,192,120,38,2022,7,31,3,62.5,Media,4560
3930,2021-03-10,La Paz,Rural,141,108,100,2021,3,10,1,76.59574468085107,Alta,10800
3931,2021-07-16,Ahuachapan,Montaña,140,76,104,2021,7,16,3,54.285714285714285,Media,7904
3934,2023-06-03,La Paz,Rural,78,70,158,2023,6,3,2,89.74358974358975,Alta,11060
3936,2023-02-24,Sonsonate,Ciudad,126,29,154,2023,2,24,1,23.015873015873016,Baja,4466
3937,2021-04-08,San Salvador,Ciudad,186,84,68,2021,4,8,2,45.16129032258064,Media,5712
3939,2023-04-18,Sonsonate,Rural,133,30,94,2023,4,18,2,22.55639097744361,Baja,2820
3946,2023-12-28,Sonsonate,Ciudad,131,68,64,2023,12,28,4,51.908396946564885,Media,4352
3947,2024-11-01,La Libertad,Ciudad,183,57,227,2024,11,1,4,31.147540983606557,Baja,12939
3948,2024-07-16,Sonsonate,Ciudad,112,7,198,2024,7,16,3,6.25,Baja,1386
3949,2024-11-07,Santa Ana,Rural,135,56,190,2024,11,7,4,41.48148148148148,Media,10640
3951,2021-12-20,San Salvador,Playa,101,85,109,2021,12,20,4,84.15841584158416,Alta,9265
3952,2021-07-07,San Miguel,Ciudad,178,126,243,2021,7,7,3,70.78651685393258,Alta,30618
3955,2024-06-17,Usulutan,Playa,70,12,219,2024,6,17,2,17.142857142857142,Baja,2628
3957,2024-10-18,Ahuachapan,Montaña,170,38,225,2024,10,18,4,22.35294117647059,Baja,8550
3959,2021-10-02,Ahuachapan,Montaña,124,99,99,2021,10,2,4,79.83870967741935,Alta,9801
3963,2021-03-24,Sonsonate,Montaña,141,63,212,2021,3,24,1,44.680851063829785,Media,13356
3964,2021-06-12,Sonsonate,Ciudad,180,54,176,2021,6,12,2,30.0,Baja,9504
3965,2021-01-27,Santa Ana,Montaña,178,158,98,2021,1,27,1,88.76404494382022,Alta,15484
3968,2022-08-20,Usulutan,Ciudad,197,170,214,2022,8,20,3,86.29441624365482,Alta,36380
3969,2022-06-08,Ahuachapan,Montaña,144,88,115,2022,6,8,2,61.111111111111114,Media,10120
3973,2023-04-24,La Paz,Ciudad,195,132,97,2023,4,24,2,67.6923076923077,Media,12804
3974,2024-02-01,Sonsonate,Ciudad,168,122,242,2024,2,1,1,72.61904761904762,Alta,29524
3975,2021-04-24,La Paz,Ciudad,147,56,139,2021,4,24,2,38.095238095238095,Baja,7784
3978,2022-10-13,Sonsonate,Rural,112,79,221,2022,10,13,4,70.53571428571429,Alta,17459
3980,2024-12-18,La Libertad,Ciudad,194,103,176,2024,12,18,4,53.09278350515464,Media,18128
3982,2021-05-04,Santa Ana,Playa,132,18,149,2021,5,4,2,13.636363636363635,Baja,2682
3983,2021-05-25,La Paz,Playa,177,60,129,2021,5,25,2,33.89830508474576,Baja,7740
3986,2021-07-15,Sonsonate,Montaña,194,154,169,2021,7,15,3,79.38144329896907,Alta,26026
3987,2024-04-14,Usulutan,Playa,161,46,198,2024,4,14,2,28.57142857142857,Baja,9108
3988,2023-10-24,Usulutan,Playa,158,67,126,2023,10,24,4,42.405063291139236,Media,8442
3990,2021-01-28,San Salvador,Montaña,192,138,51,2021,1,28,1,71.875,Alta,7038
3992,2024-09-27,San Salvador,Ciudad,123,45,111,2024,9,27,3,36.58536585365854,Baja,4995
3995,2023-01-19,Ahuachapan,Montaña,84,28,189,2023,1,19,1,33.33333333333333,Baja,5292
3998,2022-01-02,Santa Ana,Playa,131,83,175,2022,1,2,1,63.358778625954194,Media,14525
3999,2023-03-08,Sonsonate,Rural,108,71,54,2023,3,8,1,65.74074074074075,Media,3834
4000,2021-01-12,Santa Ana,Rural,143,104,163,2021,1,12,1,72.72727272727273,Alta,16952
4002,2021-12-11,Usulutan,Playa,23,21,172,2021,12,11,4,91.30434782608695,Alta,3612
4004,2021-04-15,La Libertad,Playa,85,23,67,2021,4,15,2,27.058823529411764,Baja,1541
4006,2023-01-05,San Salvador,Playa,58,25,112,2023,1,5,1,43.103448275862064,Media,2800
4007,2021-05-07,Santa Ana,Ciudad,159,80,242,2021,5,7,2,50.314465408805034,Media,19360
4008,2021-09-23,San Miguel,Ciudad,141,12,82,2021,9,23,3,8.51063829787234,Baja,984
4009,2024-11-04,Santa Ana,Ciudad,127,59,58,2024,11,4,4,46.45669291338583,Media,3422
4010,2021-12-15,La Libertad,Playa,194,140,193,2021,12,15,4,72.16494845360825,Alta,27020
4011,2024-03-04,Santa Ana,Playa,26,19,169,2024,3,4,1,73.07692307692307,Alta,3211
4013,2021-06-21,Ahuachapan,Ciudad,179,106,205,2021,6,21,2,59.217877094972074,Media,21730
4016,2023-11-18,San Salvador,Ciudad,167,135,102,2023,11,18,4,80.83832335329342,Alta,13770
4018,2024-05-03,La Libertad,Montaña,193,137,210,2024,5,3,2,70.98445595854922,Alta,28770
4020,2022-02-28,Sonsonate,Montaña,49,35,237,2022,2,28,1,71.42857142857143,Alta,8295
4023,2024-09-26,San Salvador,Rural,134,107,93,2024,9,26,3,79.8507462686567,Alta,9951
4024,2022-07-27,La Libertad,Playa,169,7,248,2022,7,27,3,4.142011834319527,Baja,1736
4025,2022-05-14,Ahuachapan,Playa,144,113,248,2022,5,14,2,78.47222222222221,Alta,28024
4034,2022-11-05,Usulutan,Ciudad,97,22,89,2022,11,5,4,22.68041237113402,Baja,1958
4038,2024-04-10,La Libertad,Rural,135,123,145,2024,4,10,2,91.11111111111111,Alta,17835
4039,2022-05-11,San Salvador,Playa,129,71,136,2022,5,11,2,55.03875968992248,Media,9656
4041,2022-06-20,La Paz,Montaña,139,7,203,2022,6,20,2,5.0359712230215825,Baja,1421
4043,2022-05-07,La Libertad,Rural,182,177,201,2022,5,7,2,97.25274725274726,Alta,35577
4044,2024-01-24,Ahuachapan,Playa,137,30,123,2024,1,24,1,21.897810218978105,Baja,3690
4046,2022-08-05,Santa Ana,Playa,40,28,101,2022,8,5,3,70.0,Alta,2828
4048,2022-05-15,Sonsonate,Montaña,126,76,237,2022,5,15,2,60.317460317460316,Media,18012
4049,2024-10-15,Santa Ana,Rural,48,37,110,2024,10,15,4,77.08333333333334,Alta,4070
4050,2022-06-28,Ahuachapan,Montaña,174,143,194,2022,6,28,2,82.18390804597702,Alta,27742
4051,2023-06-20,Sonsonate,Ciudad,95,10,166,2023,6,20,2,10.526315789473683,Baja,1660
4057,2024-08-17,San Miguel,Rural,46,36,161,2024,8,17,3,78.26086956521739,Alta,5796
4058,2021-09-13,Ahuachapan,Ciudad,113,53,206,2021,9,13,3,46.902654867256636,Media,10918
4059,2024-03-17,Sonsonate,Playa,184,17,92,2024,3,17,1,9.239130434782608,Baja,1564
4061,2021-01-18,Sonsonate,Rural,134,8,90,2021,1,18,1,5.970149253731343,Baja,720
4062,2022-12-19,San Salvador,Montaña,176,93,100,2022,12,19,4,52.84090909090909,Media,9300
4063,2023-10-20,Usulutan,Ciudad,129,89,208,2023,10,20,4,68.9922480620155,Media,18512
4067,2021-07-22,Ahuachapan,Playa,115,44,65,2021,7,22,3,38.26086956521739,Baja,2860
4068,2022-09-18,San Miguel,Playa,183,159,187,2022,9,18,3,86.88524590163934,Alta,29733
4070,2024-07-09,La Libertad,Rural,197,179,242,2024,7,9,3,90.86294416243655,Alta,43318
4072,2024-10-18,San Salvador,Rural,178,28,243,2024,10,18,4,15.730337078651685,Baja,6804
4073,2021-08-21,La Libertad,Playa,188,114,92,2021,8,21,3,60.63829787234043,Media,10488
4075,2022-11-20,La Libertad,Rural,90,89,154,2022,11,20,4,98.88888888888889,Alta,13706
4076,2021-07-12,La Libertad,Ciudad,56,32,151,2021,7,12,3,57.14285714285714,Media,4832
4079,2021-07-15,Sonsonate,Playa,150,91,136,2021,7,15,3,60.66666666666667,Media,12376
4081,2024-07-30,Ahuachapan,Ciudad,126,71,214,2024,7,30,3,56.34920634920635,Media,15194
4084,2023-12-07,La Libertad,Montaña,107,34,245,2023,12,7,4,31.775700934579437,Baja,8330
4086,2021-09-08,La Paz,Ciudad,135,125,245,2021,9,8,3,92.5925925925926,Alta,30625
4088,2022-02-18,Usulutan,Rural,58,49,73,2022,2,18,1,84.48275862068965,Alta,3577
4089,2022-02-07,Sonsonate,Ciudad,77,46,186,2022,2,7,1,59.74025974025974,Media,8556
4090,2024-12-01,San Salvador,Rural,101,96,182,2024,12,1,4,95.04950495049505,Alta,17472
4091,2023-06-07,Sonsonate,Montaña,147,142,180,2023,6,7,2,96.5986394557823,Alta,25560
4093,2024-02-06,Santa Ana,Montaña,113,67,170,2024,2,6,1,59.29203539823009,Media,11390
4094,2021-03-20,La Libertad,Montaña,169,113,87,2021,3,20,1,66.86390532544378,Media,9831
4097,2021-10-16,Santa Ana,Montaña,58,27,42,2021,10,16,4,46.55172413793103,Media,1134
4100,2023-12-08,San Miguel,Playa,156,151,155,2023,12,8,4,96.7948717948718,Alta,23405
4101,2022-08-02,La Paz,Montaña,182,64,239,2022,8,2,3,35.16483516483517,Baja,15296
4102,2024-02-28,San Salvador,Ciudad,169,47,163,2024,2,28,1,27.810650887573964,Baja,7661
4103,2023-07-26,La Libertad,Montaña,193,70,144,2023,7,26,3,36.26943005181347,Baja,10080
4104,2023-03-04,Usulutan,Rural,158,120,202,2023,3,4,1,75.9493670886076,Alta,24240
4107,2023-03-01,Sonsonate,Montaña,95,90,233,2023,3,1,1,94.73684210526315,Alta,20970
4108,2021-03-18,La Paz,Rural,50,8,104,2021,3,18,1,16.0,Baja,832
4109,2021-03-20,Usulutan,Ciudad,162,60,243,2021,3,20,1,37.03703703703704,Baja,14580
4110,2022-01-14,La Paz,Playa,26,22,75,2022,1,14,1,84.61538461538461,Alta,1650
4112,2022-02-18,Usulutan,Playa,115,76,175,2022,2,18,1,66.08695652173913,Media,13300
4113,2024-08-06,San Miguel,Ciudad,157,32,212,2024,8,6,3,20.382165605095544,Baja,6784
4115,2021-11-12,Sonsonate,Ciudad,64,56,107,2021,11,12,4,87.5,Alta,5992
4116,2022-01-23,La Paz,Playa,198,82,192,2022,1,23,1,41.41414141414141,Media,15744
4117,2024-10-03,Usulutan,Montaña,169,14,130,2024,10,3,4,8.284023668639055,Baja,1820
4119,2021-01-15,Santa Ana,Playa,129,8,49,2021,1,15,1,6.2015503875969,Baja,392
4120,2022-08-06,San Miguel,Playa,101,71,95,2022,8,6,3,70.29702970297029,Alta,6745
4121,2021-09-19,La Libertad,Ciudad,184,129,133,2021,9,19,3,70.1086956521739,Alta,17157
4124,2023-06-29,La Paz,Montaña,62,46,221,2023,6,29,2,74.19354838709677,Alta,10166
4125,2021-09-23,Ahuachapan,Ciudad,159,9,214,2021,9,23,3,5.660377358490567,Baja,1926
4126,2023-03-21,Usulutan,Montaña,41,12,141,2023,3,21,1,29.268292682926827,Baja,1692
4130,2024-05-23,San Miguel,Playa,36,32,187,2024,5,23,2,88.88888888888889,Alta,5984
4132,2023-06-11,Ahuachapan,Playa,144,129,117,2023,6,11,2,89.58333333333334,Alta,15093
4133,2024-03-11,San Miguel,Montaña,184,55,239,2024,3,11,1,29.891304347826086,Baja,13145
4136,2024-07-27,La Libertad,Montaña,141,104,38,2024,7,27,3,73.75886524822694,Alta,3952
4137,2021-10-07,San Miguel,Ciudad,156,147,241,2021,10,7,4,94.23076923076923,Alta,35427
4139,2022-11-13,Santa Ana,Montaña,147,104,174,2022,11,13,4,70.74829931972789,Alta,18096
4141,2024-03-21,Santa Ana,Ciudad,114,63,103,2024,3,21,1,55.26315789473685,Media,6489
4142,2023-07-19,Santa Ana,Montaña,130,21,121,2023,7,19,3,16.153846153846153,Baja,2541
4143,2021-05-27,Ahuachapan,Rural,192,158,177,2021,5,27,2,82.29166666666666,Alta,27966
4144,2021-06-17,San Salvador,Montaña,176,132,39,2021,6,17,2,75.0,Alta,5148
4146,2023-01-15,La Paz,Rural,107,95,48,2023,1,15,1,88.78504672897196,Alta,4560
4148,2024-08-29,San Salvador,Playa,172,161,93,2024,8,29,3,93.6046511627907,Alta,14973
4150,2024-07-18,Ahuachapan,Ciudad,126,42,90,2024,7,18,3,33.33333333333333,Baja,3780
4152,2022-10-27,Usulutan,Playa,190,62,233,2022,10,27,4,32.631578947368425,Baja,14446
4154,2022-11-30,La Paz,Playa,30,6,143,2022,11,30,4,20.0,Baja,858
4156,2023-07-13,Sonsonate,Playa,113,16,169,2023,7,13,3,14.15929203539823,Baja,2704
4158,2021-05-06,La Paz,Ciudad,157,65,172,2021,5,6,2,41.40127388535032,Media,11180
4159,2024-04-12,Usulutan,Montaña,75,67,155,2024,4,12,2,89.33333333333333,Alta,10385
4160,2024-07-09,La Paz,Ciudad,115,52,147,2024,7,9,3,45.21739130434783,Media,7644
4162,2023-08-03,Santa Ana,Playa,140,60,126,2023,8,3,3,42.857142857142854,Media,7560
4163,2023-12-30,Santa Ana,Rural,182,162,162,2023,12,30,4,89.01098901098901,Alta,26244
4164,2023-11-16,Ahuachapan,Ciudad,93,71,37,2023,11,16,4,76.34408602150538,Alta,2627
4165,2023-03-05,La Paz,Montaña,199,108,118,2023,3,5,1,54.2713567839196,Media,12744
4166,2023-02-01,Sonsonate,Playa,24,15,206,2023,2,1,1,62.5,Media,3090
4167,2021-01-11,Usulutan,Playa,197,78,177,2021,1,11,1,39.59390862944163,Baja,13806
4168,2021-09-06,Ahuachapan,Rural,138,42,63,2021,9,6,3,30.434782608695656,Baja,2646
4171,2023-05-09,La Paz,Ciudad,177,99,134,2023,5,9,2,55.932203389830505,Media,13266
4174,2021-01-27,San Salvador,Rural,115,34,91,2021,1,27,1,29.565217391304348,Baja,3094
4175,2023-08-19,Usulutan,Playa,95,76,38,2023,8,19,3,80.0,Alta,2888
4180,2022-11-08,Usulutan,Playa,194,24,113,2022,11,8,4,12.371134020618557,Baja,2712
4181,2022-02-04,Usulutan,Ciudad,171,114,223,2022,2,4,1,66.66666666666666,Media,25422
4183,2024-12-16,La Libertad,Rural,143,143,48,2024,12,16,4,100.0,Alta,6864
4184,2022-09-18,Ahuachapan,Playa,123,33,164,2022,9,18,3,26.82926829268293,Baja,5412
4185,2021-02-08,Sonsonate,Ciudad,177,147,99,2021,2,8,1,83.05084745762711,Alta,14553
4187,2021-07-05,Santa Ana,Rural,172,83,91,2021,7,5,3,48.25581395348838,Media,7553
4188,2023-01-21,San Miguel,Ciudad,196,159,228,2023,1,21,1,81.12244897959184,Alta,36252
4189,2021-09-05,Santa Ana,Rural,161,112,99,2021,9,5,3,69.56521739130434,Media,11088
4191,2024-10-06,Sonsonate,Ciudad,148,25,155,2024,10,6,4,16.89189189189189,Baja,3875
4192,2021-12-30,Santa Ana,Ciudad,79,63,127,2021,12,30,4,79.74683544303798,Alta,8001
4193,2024-02-01,San Miguel,Playa,95,85,35,2024,2,1,1,89.47368421052632,Alta,2975
4196,2024-09-04,San Salvador,Ciudad,116,59,165,2024,9,4,3,50.86206896551724,Media,9735
4197,2023-04-09,Usulutan,Ciudad,94,7,215,2023,4,9,2,7.446808510638298,Baja,1505
4198,2023-08-27,San Miguel,Rural,169,43,136,2023,8,27,3,25.443786982248522,Baja,5848
4203,2022-05-27,San Miguel,Montaña,164,131,88,2022,5,27,2,79.8780487804878,Alta,11528
4206,2023-07-14,San Salvador,Playa,174,12,196,2023,7,14,3,6.896551724137931,Baja,2352
4208,2024-05-08,Usulutan,Playa,104,36,141,2024,5,8,2,34.61538461538461,Baja,5076
4211,2023-01-04,La Libertad,Montaña,166,85,203,2023,1,4,1,51.204819277108435,Media,17255
4213,2024-04-08,San Miguel,Ciudad,174,122,82,2024,4,8,2,70.11494252873564,Alta,10004
4215,2023-03-18,Ahuachapan,Rural,130,54,120,2023,3,18,1,41.53846153846154,Media,6480
4216,2021-06-06,Santa Ana,Playa,116,110,161,2021,6,6,2,94.82758620689656,Alta,17710
4217,2023-03-25,Sonsonate,Playa,196,95,239,2023,3,25,1,48.46938775510204,Media,22705
4218,2023-04-17,La Paz,Rural,64,42,104,2023,4,17,2,65.625,Media,4368
4220,2024-02-16,La Paz,Rural,140,32,149,2024,2,16,1,22.857142857142858,Baja,4768
4221,2022-07-04,Santa Ana,Montaña,164,73,186,2022,7,4,3,44.51219512195122,Media,13578
4222,2022-02-23,San Salvador,Playa,182,50,36,2022,2,23,1,27.472527472527474,Baja,1800
4224,2021-08-12,Ahuachapan,Ciudad,134,58,102,2021,8,12,3,43.28358208955223,Media,5916
4225,2024-07-02,San Miguel,Montaña,195,9,69,2024,7,2,3,4.615384615384616,Baja,621
4226,2021-10-19,San Miguel,Rural,161,15,203,2021,10,19,4,9.316770186335404,Baja,3045
4228,2023-05-30,San Miguel,Playa,146,105,232,2023,5,30,2,71.91780821917808,Alta,24360
4229,2023-08-03,Ahuachapan,Montaña,160,150,141,2023,8,3,3,93.75,Alta,21150
4230,2021-07-20,La Libertad,Rural,50,41,65,2021,7,20,3,82.0,Alta,2665
4232,2021-03-18,Santa Ana,Montaña,176,166,45,2021,3,18,1,94.31818181818183,Alta,7470
4233,2022-06-07,Sonsonate,Ciudad,132,98,97,2022,6,7,2,74.24242424242425,Alta,9506
4234,2023-10-11,Sonsonate,Rural,35,14,90,2023,10,11,4,40.0,Media,1260
4236,2024-06-30,La Libertad,Montaña,193,123,244,2024,6,30,2,63.730569948186535,Media,30012
4238,2023-11-14,San Salvador,Montaña,89,16,202,2023,11,14,4,17.97752808988764,Baja,3232
4239,2022-05-30,La Libertad,Playa,63,33,248,2022,5,30,2,52.38095238095239,Media,8184
4240,2024-08-22,Sonsonate,Playa,143,78,179,2024,8,22,3,54.54545454545454,Media,13962
4244,2024-12-07,La Paz,Rural,180,92,146,2024,12,7,4,51.11111111111111,Media,13432
4247,2021-05-20,Santa Ana,Montaña,171,15,143,2021,5,20,2,8.771929824561402,Baja,2145
4249,2021-09-28,San Miguel,Ciudad,188,158,149,2021,9,28,3,84.04255319148936,Alta,23542
4250,2023-09-15,Santa Ana,Ciudad,168,168,85,2023,9,15,3,100.0,Alta,14280
4252,2022-08-15,La Libertad,Rural,41,6,169,2022,8,15,3,14.634146341463413,Baja,1014
4253,2024-04-19,La Paz,Montaña,57,5,110,2024,4,19,2,8.771929824561402,Baja,550
4255,2021-01-29,San Salvador,Montaña,167,24,243,2021,1,29,1,14.37125748502994,Baja,5832
4261,2022-01-31,San Salvador,Playa,136,73,209,2022,1,31,1,53.67647058823529,Media,15257
4262,2021-02-16,San Salvador,Montaña,150,109,201,2021,2,16,1,72.66666666666667,Alta,21909
4263,2023-01-26,La Libertad,Ciudad,180,128,110,2023,1,26,1,71.11111111111111,Alta,14080
4265,2024-02-24,San Miguel,Ciudad,198,16,41,2024,2,24,1,8.080808080808081,Baja,656
4266,2024-05-05,La Libertad,Montaña,181,32,122,2024,5,5,2,17.67955801104972,Baja,3904
4267,2021-10-27,Ahuachapan,Montaña,179,144,74,2021,10,27,4,80.44692737430168,Alta,10656
4272,2024-12-20,Sonsonate,Rural,136,60,240,2024,12,20,4,44.11764705882353,Media,14400
4273,2022-01-15,La Libertad,Montaña,62,24,89,2022,1,15,1,38.70967741935484,Baja,2136
4275,2021-12-11,Santa Ana,Montaña,69,61,82,2021,12,11,4,88.40579710144928,Alta,5002
4276,2023-11-24,San Salvador,Montaña,178,9,171,2023,11,24,4,5.056179775280898,Baja,1539
4277,2021-02-06,La Paz,Montaña,59,51,207,2021,2,6,1,86.4406779661017,Alta,10557
4278,2022-05-23,Santa Ana,Rural,143,28,97,2022,5,23,2,19.58041958041958,Baja,2716
4279,2023-05-23,Usulutan,Montaña,85,14,182,2023,5,23,2,16.470588235294116,Baja,2548
4285,2023-07-05,San Salvador,Montaña,160,118,55,2023,7,5,3,73.75,Alta,6490
4290,2022-07-28,Ahuachapan,Rural,151,141,49,2022,7,28,3,93.37748344370861,Alta,6909
4291,2021-06-18,La Paz,Ciudad,185,143,248,2021,6,18,2,77.29729729729729,Alta,35464
4292,2024-05-30,San Miguel,Montaña,129,87,100,2024,5,30,2,67.44186046511628,Media,8700
4294,2022-11-12,La Libertad,Playa,94,61,185,2022,11,12,4,64.8936170212766,Media,11285
4296,2022-09-05,Usulutan,Playa,174,140,156,2022,9,5,3,80.45977011494253,Alta,21840
4297,2022-09-16,Usulutan,Rural,188,41,131,2022,9,16,3,21.808510638297875,Baja,5371
4299,2022-10-19,La Libertad,Montaña,183,159,37,2022,10,19,4,86.88524590163934,Alta,5883
4300,2023-01-06,La Libertad,Rural,189,141,80,2023,1,6,1,74.60317460317461,Alta,11280
4303,2024-05-18,San Salvador,Montaña,104,75,68,2024,5,18,2,72.11538461538461,Alta,5100
4310,2021-09-29,Usulutan,Montaña,177,110,207,2021,9,29,3,62.14689265536724,Media,22770
4311,2024-02-15,San Miguel,Rural,175,161,86,2024,2,15,1,92.0,Alta,13846
4312,2022-07-12,San Salvador,Montaña,147,17,160,2022,7,12,3,11.564625850340136,Baja,2720
4316,2021-08-13,Sonsonate,Ciudad,80,50,114,2021,8,13,3,62.5,Media,5700
4318,2024-11-02,La Libertad,Playa,123,19,221,2024,11,2,4,15.447154471544716,Baja,4199
4320,2023-07-13,San Miguel,Ciudad,198,124,191,2023,7,13,3,62.62626262626263,Media,23684
4323,2021-08-24,Sonsonate,Ciudad,155,141,111,2021,8,24,3,90.96774193548387,Alta,15651
4324,2024-09-26,La Paz,Rural,168,86,91,2024,9,26,3,51.19047619047619,Media,7826
4329,2024-12-20,Ahuachapan,Ciudad,174,21,72,2024,12,20,4,12.068965517241379,Baja,1512
4331,2021-05-09,San Salvador,Rural,174,158,108,2021,5,9,2,90.80459770114942,Alta,17064
4332,2022-04-10,San Salvador,Playa,91,42,171,2022,4,10,2,46.15384615384615,Media,7182
4333,2024-12-28,San Salvador,Montaña,185,37,75,2024,12,28,4,20.0,Baja,2775
4334,2023-03-09,Santa Ana,Ciudad,149,137,49,2023,3,9,1,91.94630872483222,Alta,6713
4335,2021-06-20,La Libertad,Rural,55,22,215,2021,6,20,2,40.0,Media,4730
4336,2023-01-29,La Paz,Rural,107,54,235,2023,1,29,1,50.467289719626166,Media,12690
4337,2023-04-29,Sonsonate,Montaña,123,80,169,2023,4,29,2,65.04065040650406,Media,13520
4339,2022-02-24,Usulutan,Playa,147,71,204,2022,2,24,1,48.29931972789115,Media,14484
4340,2022-10-31,San Salvador,Montaña,152,29,61,2022,10,31,4,19.078947368421055,Baja,1769
4341,2021-11-04,Ahuachapan,Montaña,194,100,119,2021,11,4,4,51.546391752577314,Media,11900
4342,2024-04-30,La Libertad,Montaña,135,43,180,2024,4,30,2,31.851851851851855,Baja,7740
4343,2022-12-12,San Salvador,Rural,172,76,75,2022,12,12,4,44.18604651162791,Media,5700
4344,2021-02-06,La Libertad,Montaña,86,19,147,2021,2,6,1,22.093023255813954,Baja,2793
4345,2024-12-24,La Paz,Playa,101,63,107,2024,12,24,4,62.37623762376238,Media,6741
4346,2022-01-01,Santa Ana,Ciudad,160,16,231,2022,1,1,1,10.0,Baja,3696
4348,2021-11-17,Sonsonate,Montaña,45,43,175,2021,11,17,4,95.55555555555556,Alta,7525
4349,2021-06-14,San Miguel,Rural,154,121,179,2021,6,14,2,78.57142857142857,Alta,21659
4350,2023-01-21,Usulutan,Montaña,175,48,235,2023,1,21,1,27.42857142857143,Baja,11280
4351,2024-02-14,La Libertad,Rural,178,76,83,2024,2,14,1,42.69662921348314,Media,6308
4352,2021-07-01,La Libertad,Ciudad,46,18,203,2021,7,1,3,39.130434782608695,Baja,3654
4353,2023-03-16,San Salvador,Montaña,165,127,196,2023,3,16,1,76.96969696969697,Alta,24892
4356,2022-09-08,San Salvador,Ciudad,184,137,149,2022,9,8,3,74.45652173913044,Alta,20413
4359,2023-05-31,Ahuachapan,Ciudad,157,27,123,2023,5,31,2,17.197452229299362,Baja,3321
4360,2021-01-08,La Paz,Rural,158,108,139,2021,1,8,1,68.35443037974683,Media,15012
4361,2024-08-01,Sonsonate,Montaña,136,25,188,2024,8,1,3,18.38235294117647,Baja,4700
4362,2021-08-08,La Libertad,Rural,174,76,100,2021,8,8,3,43.67816091954023,Media,7600
4363,2023-06-27,Usulutan,Montaña,98,22,232,2023,6,27,2,22.448979591836736,Baja,5104
4364,2024-11-27,Sonsonate,Montaña,125,26,211,2024,11,27,4,20.8,Baja,5486
4366,2024-04-10,Ahuachapan,Montaña,121,19,69,2024,4,10,2,15.702479338842975,Baja,1311
4367,2024-11-13,La Libertad,Playa,105,34,243,2024,11,13,4,32.38095238095238,Baja,8262
4369,2024-01-21,San Miguel,Montaña,66,21,69,2024,1,21,1,31.818181818181817,Baja,1449
4374,2022-07-26,Sonsonate,Playa,168,94,238,2022,7,26,3,55.952380952380956,Media,22372
4378,2023-11-22,La Libertad,Rural,110,10,47,2023,11,22,4,9.090909090909092,Baja,470
4379,2023-09-02,La Libertad,Montaña,180,160,60,2023,9,2,3,88.88888888888889,Alta,9600
4380,2022-07-24,San Miguel,Playa,180,72,36,2022,7,24,3,40.0,Media,2592
4382,2023-08-19,Usulutan,Rural,145,72,75,2023,8,19,3,49.6551724137931,Media,5400
4383,2021-07-19,Sonsonate,Rural,106,37,148,2021,7,19,3,34.90566037735849,Baja,5476
4385,2023-04-28,Sonsonate,Rural,124,118,187,2023,4,28,2,95.16129032258065,Alta,22066
4388,2024-01-13,Usulutan,Rural,144,135,233,2024,1,13,1,93.75,Alta,31455
4389,2024-11-27,San Miguel,Ciudad,109,36,138,2024,11,27,4,33.02752293577982,Baja,4968
4390,2021-11-19,La Libertad,Playa,97,35,207,2021,11,19,4,36.08247422680412,Baja,7245
4394,2022-07-08,Ahuachapan,Rural,182,159,54,2022,7,8,3,87.36263736263736,Alta,8586
4395,2024-09-24,La Paz,Ciudad,152,121,225,2024,9,24,3,79.60526315789474,Alta,27225
4396,2023-12-26,San Salvador,Playa,162,122,47,2023,12,26,4,75.30864197530865,Alta,5734
4398,2022-07-13,San Miguel,Rural,158,28,103,2022,7,13,3,17.72151898734177,Baja,2884
4399,2021-05-06,Sonsonate,Montaña,141,40,80,2021,5,6,2,28.368794326241137,Baja,3200
4400,2021-07-21,Santa Ana,Rural,185,9,167,2021,7,21,3,4.864864864864865,Baja,1503
4401,2021-01-26,Ahuachapan,Ciudad,137,61,111,2021,1,26,1,44.52554744525548,Media,6771
4402,2021-02-09,La Libertad,Playa,157,37,61,2021,2,9,1,23.56687898089172,Baja,2257
4403,2024-06-23,San Salvador,Montaña,192,115,181,2024,6,23,2,59.895833333333336,Media,20815
4404,2023-04-26,San Miguel,Rural,159,66,92,2023,4,26,2,41.509433962264154,Media,6072
4406,2021-12-10,San Salvador,Montaña,130,113,219,2021,12,10,4,86.92307692307692,Alta,24747
4412,2024-11-02,La Paz,Rural,68,36,61,2024,11,2,4,52.94117647058824,Media,2196
4415,2022-10-25,San Miguel,Playa,109,88,97,2022,10,25,4,80.73394495412845,Alta,8536
4416,2022-06-30,La Libertad,Playa,145,38,174,2022,6,30,2,26.20689655172414,Baja,6612
4418,2021-06-12,La Paz,Playa,197,121,170,2021,6,12,2,61.42131979695431,Media,20570
4419,2024-12-27,Sonsonate,Playa,132,97,159,2024,12,27,4,73.48484848484848,Alta,15423
4420,2023-09-04,San Salvador,Ciudad,158,144,197,2023,9,4,3,91.13924050632912,Alta,28368
4421,2024-04-26,San Miguel,Montaña,89,72,146,2024,4,26,2,80.89887640449437,Alta,10512
4423,2021-02-09,Usulutan,Playa,91,47,122,2021,2,9,1,51.64835164835166,Media,5734
4425,2022-05-01,La Libertad,Rural,38,28,143,2022,5,1,2,73.68421052631578,Alta,4004
4426,2023-01-05,Ahuachapan,Ciudad,171,48,59,2023,1,5,1,28.07017543859649,Baja,2832
4427,2023-04-07,San Salvador,Playa,126,123,233,2023,4,7,2,97.61904761904762,Alta,28659
4428,2021-09-16,Sonsonate,Rural,181,80,103,2021,9,16,3,44.19889502762431,Media,8240
4429,2023-12-19,Usulutan,Ciudad,173,142,207,2023,12,19,4,82.08092485549133,Alta,29394
4430,2023-01-24,La Paz,Montaña,196,57,148,2023,1,24,1,29.081632653061224,Baja,8436
4431,2023-11-26,Sonsonate,Rural,186,95,134,2023,11,26,4,51.075268817204304,Media,12730
4433,2022-08-17,La Paz,Playa,125,102,249,2022,8,17,3,81.6,Alta,25398
4434,2022-06-06,San Salvador,Montaña,132,121,216,2022,6,6,2,91.66666666666666,Alta,26136
4436,2023-12-28,Sonsonate,Playa,97,31,62,2023,12,28,4,31.958762886597935,Baja,1922
4439,2023-11-25,Santa Ana,Montaña,153,49,249,2023,11,25,4,32.02614379084967,Baja,12201
4440,2022-11-27,La Paz,Rural,89,24,39,2022,11,27,4,26.96629213483146,Baja,936
4441,2022-01-06,Santa Ana,Rural,134,104,144,2022,1,6,1,77.61194029850746,Alta,14976
4442,2022-07-27,Usulutan,Ciudad,89,54,204,2022,7,27,3,60.67415730337079,Media,11016
4443,2022-07-12,Sonsonate,Playa,181,16,249,2022,7,12,3,8.83977900552486,Baja,3984
4444,2024-10-28,La Paz,Playa,161,75,150,2024,10,28,4,46.58385093167702,Media,11250
4445,2024-01-31,Ahuachapan,Rural,132,81,207,2024,1,31,1,61.36363636363637,Media,16767
4446,2024-06-09,La Libertad,Playa,136,38,172,2024,6,9,2,27.941176470588236,Baja,6536
4448,2021-03-03,La Paz,Ciudad,69,7,49,2021,3,3,1,10.144927536231885,Baja,343
4450,2021-06-24,Ahuachapan,Playa,134,11,122,2021,6,24,2,8.208955223880597,Baja,1342
4452,2023-03-01,Sonsonate,Montaña,62,11,228,2023,3,1,1,17.741935483870968,Baja,2508
4454,2021-11-14,Usulutan,Playa,160,38,200,2021,11,14,4,23.75,Baja,7600
4455,2021-04-25,San Miguel,Playa,114,30,231,2021,4,25,2,26.31578947368421,Baja,6930
4457,2024-06-25,Sonsonate,Rural,189,116,56,2024,6,25,2,61.37566137566137,Media,6496
4458,2021-09-18,Sonsonate,Playa,145,95,73,2021,9,18,3,65.51724137931035,Media,6935
4460,2023-08-16,Sonsonate,Rural,82,82,216,2023,8,16,3,100.0,Alta,17712
4461,2024-02-08,Ahuachapan,Montaña,110,91,219,2024,2,8,1,82.72727272727273,Alta,19929
4462,2024-03-27,Santa Ana,Ciudad,83,9,177,2024,3,27,1,10.843373493975903,Baja,1593
4463,2024-05-23,Ahuachapan,Ciudad,71,64,211,2024,5,23,2,90.14084507042254,Alta,13504
4465,2022-09-06,La Libertad,Montaña,72,18,155,2022,9,6,3,25.0,Baja,2790
4466,2023-02-20,La Libertad,Rural,149,9,128,2023,2,20,1,6.0402684563758395,Baja,1152
4469,2022-09-21,Ahuachapan,Ciudad,179,144,220,2022,9,21,3,80.44692737430168,Alta,31680
4470,2023-01-21,San Miguel,Playa,81,69,248,2023,1,21,1,85.18518518518519,Alta,17112
4471,2021-09-29,La Libertad,Playa,140,29,114,2021,9,29,3,20.714285714285715,Baja,3306
4473,2023-01-18,San Miguel,Ciudad,173,120,145,2023,1,18,1,69.36416184971098,Media,17400
4474,2024-03-14,San Salvador,Rural,96,33,143,2024,3,14,1,34.375,Baja,4719
4475,2023-04-10,La Libertad,Montaña,128,74,85,2023,4,10,2,57.8125,Media,6290
4479,2024-05-29,La Paz,Rural,115,34,162,2024,5,29,2,29.565217391304348,Baja,5508
4480,2024-05-24,Santa Ana,Playa,178,178,233,2024,5,24,2,100.0,Alta,41474
4483,2024-08-21,La Libertad,Ciudad,122,47,108,2024,8,21,3,38.52459016393443,Baja,5076
4485,2022-10-01,La Libertad,Ciudad,99,28,138,2022,10,1,4,28.28282828282828,Baja,3864
4488,2024-10-26,Santa Ana,Montaña,148,83,167,2024,10,26,4,56.08108108108109,Media,13861
4489,2023-12-27,San Miguel,Ciudad,106,50,89,2023,12,27,4,47.16981132075472,Media,4450
4490,2021-08-02,Santa Ana,Rural,145,15,230,2021,8,2,3,10.344827586206897,Baja,3450
4492,2021-06-29,La Libertad,Montaña,126,90,159,2021,6,29,2,71.42857142857143,Alta,14310
4494,2023-06-26,La Paz,Rural,82,79,135,2023,6,26,2,96.34146341463415,Alta,10665
4497,2023-04-03,San Miguel,Ciudad,180,14,152,2023,4,3,2,7.777777777777778,Baja,2128
4498,2022-11-24,San Miguel,Montaña,151,47,239,2022,11,24,4,31.125827814569533,Baja,11233
4499,2023-04-26,San Salvador,Playa,66,25,117,2023,4,26,2,37.878787878787875,Baja,2925
4503,2024-11-02,San Miguel,Ciudad,192,85,179,2024,11,2,4,44.27083333333333,Media,15215
4504,2023-12-14,San Salvador,Playa,83,31,101,2023,12,14,4,37.34939759036144,Baja,3131
4505,2021-06-19,Ahuachapan,Montaña,178,46,181,2021,6,19,2,25.842696629213485,Baja,8326
4506,2022-03-04,Ahuachapan,Rural,189,86,182,2022,3,4,1,45.5026455026455,Media,15652
4507,2022-05-21,Usulutan,Playa,125,122,136,2022,5,21,2,97.6,Alta,16592
4508,2024-01-23,Usulutan,Playa,28,8,182,2024,1,23,1,28.57142857142857,Baja,1456
4509,2022-04-24,San Miguel,Rural,123,78,189,2022,4,24,2,63.41463414634146,Media,14742
4513,2021-12-08,Sonsonate,Playa,197,175,168,2021,12,8,4,88.83248730964468,Alta,29400
4514,2021-11-30,La Paz,Montaña,190,105,235,2021,11,30,4,55.26315789473685,Media,24675
4516,2021-03-14,San Salvador,Rural,142,117,150,2021,3,14,1,82.3943661971831,Alta,17550
4517,2021-05-19,Santa Ana,Ciudad,177,130,133,2021,5,19,2,73.44632768361582,Alta,17290
4518,2023-11-05,Usulutan,Rural,119,78,144,2023,11,5,4,65.54621848739495,Media,11232
4521,2021-08-05,La Paz,Rural,149,63,82,2021,8,5,3,42.281879194630875,Media,5166
4522,2022-03-21,Ahuachapan,Playa,188,30,88,2022,3,21,1,15.957446808510639,Baja,2640
4523,2023-11-14,Santa Ana,Montaña,149,71,133,2023,11,14,4,47.651006711409394,Media,9443
4524,2022-08-05,San Salvador,Rural,190,88,84,2022,8,5,3,46.31578947368421,Media,7392
4525,2022-06-02,San Salvador,Ciudad,123,96,42,2022,6,2,2,78.04878048780488,Alta,4032
4526,2023-01-25,La Libertad,Montaña,123,39,227,2023,1,25,1,31.70731707317073,Baja,8853
4528,2022-10-22,Santa Ana,Playa,158,59,221,2022,10,22,4,37.34177215189873,Baja,13039
4529,2022-08-26,San Salvador,Montaña,191,20,126,2022,8,26,3,10.471204188481675,Baja,2520
4530,2021-10-18,La Paz,Montaña,161,81,106,2021,10,18,4,50.31055900621118,Media,8586
4533,2022-10-14,La Libertad,Ciudad,132,67,168,2022,10,14,4,50.75757575757576,Media,11256
4535,2022-02-17,Ahuachapan,Playa,126,42,141,2022,2,17,1,33.33333333333333,Baja,5922
4539,2024-08-17,San Miguel,Ciudad,184,66,66,2024,8,17,3,35.869565217391305,Baja,4356
4546,2021-12-27,La Libertad,Rural,144,11,208,2021,12,27,4,7.638888888888889,Baja,2288
4547,2024-11-01,Sonsonate,Montaña,150,94,61,2024,11,1,4,62.66666666666667,Media,5734
4548,2023-12-03,Santa Ana,Ciudad,181,128,125,2023,12,3,4,70.71823204419888,Alta,16000
4550,2022-06-30,Santa Ana,Playa,121,111,152,2022,6,30,2,91.73553719008265,Alta,16872
4554,2024-08-31,Sonsonate,Rural,119,106,62,2024,8,31,3,89.07563025210085,Alta,6572
4556,2023-10-17,San Salvador,Ciudad,159,115,206,2023,10,17,4,72.32704402515722,Alta,23690
4557,2023-06-05,San Salvador,Playa,156,33,214,2023,6,5,2,21.153846153846153,Baja,7062
4558,2023-10-21,La Paz,Playa,126,101,206,2023,10,21,4,80.15873015873017,Alta,20806
4559,2021-09-27,La Paz,Playa,127,56,200,2021,9,27,3,44.09448818897638,Media,11200
4561,2023-10-30,San Miguel,Montaña,126,70,171,2023,10,30,4,55.55555555555556,Media,11970
4566,2023-06-19,Santa Ana,Ciudad,131,31,224,2023,6,19,2,23.66412213740458,Baja,6944
4568,2021-01-08,Sonsonate,Playa,87,25,187,2021,1,8,1,28.735632183908045,Baja,4675
4569,2023-09-29,Sonsonate,Ciudad,164,156,97,2023,9,29,3,95.1219512195122,Alta,15132
4570,2023-07-07,Santa Ana,Playa,187,169,164,2023,7,7,3,90.37433155080214,Alta,27716
4571,2021-03-08,La Libertad,Ciudad,192,9,238,2021,3,8,1,4.6875,Baja,2142
4572,2024-12-20,Santa Ana,Ciudad,188,142,108,2024,12,20,4,75.53191489361703,Alta,15336
4573,2021-09-21,San Salvador,Ciudad,196,108,159,2021,9,21,3,55.10204081632652,Media,17172
4574,2024-11-16,Usulutan,Playa,198,108,45,2024,11,16,4,54.54545454545454,Media,4860
4575,2024-03-21,La Paz,Playa,111,28,245,2024,3,21,1,25.225225225225223,Baja,6860
4576,2022-09-11,La Paz,Playa,75,5,137,2022,9,11,3,6.666666666666667,Baja,685
4577,2021-12-09,La Paz,Ciudad,75,51,196,2021,12,9,4,68.0,Media,9996
4578,2023-04-26,San Salvador,Playa,146,61,120,2023,4,26,2,41.78082191780822,Media,7320
4579,2021-03-11,San Salvador,Montaña,190,148,215,2021,3,11,1,77.89473684210526,Alta,31820
4580,2024-08-22,San Salvador,Ciudad,198,13,70,2024,8,22,3,6.565656565656567,Baja,910
4581,2022-04-13,Santa Ana,Montaña,122,36,81,2022,4,13,2,29.508196721311474,Baja,2916
4582,2023-08-16,San Miguel,Rural,142,100,169,2023,8,16,3,70.4225352112676,Alta,16900
4583,2024-05-01,Sonsonate,Montaña,184,142,209,2024,5,1,2,77.17391304347827,Alta,29678
4587,2023-02-06,La Libertad,Montaña,97,40,100,2023,2,6,1,41.23711340206185,Media,4000
4589,2021-09-18,San Salvador,Playa,116,45,48,2021,9,18,3,38.793103448275865,Baja,2160
4591,2024-05-01,La Paz,Ciudad,182,16,123,2024,5,1,2,8.791208791208792,Baja,1968
4592,2022-02-05,Sonsonate,Montaña,175,161,215,2022,2,5,1,92.0,Alta,34615
4593,2021-01-20,San Miguel,Playa,169,27,165,2021,1,20,1,15.976331360946746,Baja,4455
4595,2022-11-03,Sonsonate,Rural,82,62,225,2022,11,3,4,75.60975609756098,Alta,13950
4596,2022-10-23,Santa Ana,Ciudad,193,78,249,2022,10,23,4,40.41450777202073,Media,19422
4597,2021-11-05,Sonsonate,Montaña,127,87,74,2021,11,5,4,68.50393700787401,Media,6438
4598,2023-08-30,Sonsonate,Playa,88,60,120,2023,8,30,3,68.18181818181817,Media,7200
4599,2023-09-13,Ahuachapan,Montaña,188,159,101,2023,9,13,3,84.57446808510637,Alta,16059
4600,2022-05-16,La Paz,Montaña,193,52,144,2022,5,16,2,26.94300518134715,Baja,7488
4601,2023-04-27,Santa Ana,Ciudad,189,34,141,2023,4,27,2,17.989417989417987,Baja,4794
4602,2021-11-06,La Libertad,Ciudad,123,57,243,2021,11,6,4,46.34146341463415,Media,13851
4603,2024-11-14,La Paz,Montaña,45,30,141,2024,11,14,4,66.66666666666666,Media,4230
4605,2021-07-16,Santa Ana,Rural,146,17,157,2021,7,16,3,11.643835616438356,Baja,2669
4611,2021-05-06,Ahuachapan,Ciudad,122,82,81,2021,5,6,2,67.21311475409836,Media,6642
4613,2022-08-12,Usulutan,Rural,144,116,51,2022,8,12,3,80.55555555555556,Alta,5916
4614,2024-05-28,Usulutan,Playa,128,63,233,2024,5,28,2,49.21875,Media,14679
4616,2024-07-30,Sonsonate,Rural,101,86,163,2024,7,30,3,85.14851485148515,Alta,14018
4618,2022-01-25,San Miguel,Rural,131,21,165,2022,1,25,1,16.030534351145036,Baja,3465
4622,2024-07-26,San Salvador,Playa,169,62,139,2024,7,26,3,36.68639053254438,Baja,8618
4623,2021-06-28,Usulutan,Rural,118,96,249,2021,6,28,2,81.35593220338984,Alta,23904
4624,2024-05-03,Sonsonate,Ciudad,149,101,53,2024,5,3,2,67.78523489932886,Media,5353
4625,2022-07-03,La Libertad,Rural,113,108,51,2022,7,3,3,95.57522123893806,Alta,5508
4626,2024-10-04,La Libertad,Montaña,33,22,85,2024,10,4,4,66.66666666666666,Media,1870
4627,2024-12-19,San Miguel,Playa,33,27,208,2024,12,19,4,81.81818181818183,Alta,5616
4629,2021-09-30,Sonsonate,Montaña,179,57,120,2021,9,30,3,31.843575418994412,Baja,6840
4630,2024-11-14,Usulutan,Playa,88,72,128,2024,11,14,4,81.81818181818183,Alta,9216
4632,2024-06-10,San Miguel,Ciudad,100,48,132,2024,6,10,2,48.0,Media,6336
4633,2022-04-06,La Libertad,Montaña,147,79,204,2022,4,6,2,53.74149659863946,Media,16116
4634,2022-05-30,La Libertad,Rural,180,75,231,2022,5,30,2,41.66666666666667,Media,17325
4635,2023-08-24,San Miguel,Montaña,147,118,227,2023,8,24,3,80.27210884353741,Alta,26786
4638,2021-12-01,Santa Ana,Playa,180,25,234,2021,12,1,4,13.88888888888889,Baja,5850
4639,2024-05-30,La Libertad,Ciudad,188,170,88,2024,5,30,2,90.42553191489363,Alta,14960
4642,2022-12-12,San Salvador,Montaña,158,6,214,2022,12,12,4,3.79746835443038,Baja,1284
4643,2021-01-31,La Libertad,Playa,180,150,152,2021,1,31,1,83.33333333333334,Alta,22800
4644,2021-11-12,La Libertad,Playa,183,37,122,2021,11,12,4,20.21857923497268,Baja,4514
4645,2022-04-28,Sonsonate,Playa,92,58,224,2022,4,28,2,63.04347826086957,Media,12992
4646,2024-08-23,San Miguel,Rural,66,20,166,2024,8,23,3,30.303030303030305,Baja,3320
4647,2022-10-22,San Salvador,Montaña,62,45,144,2022,10,22,4,72.58064516129032,Alta,6480
4651,2021-12-17,San Miguel,Montaña,197,86,187,2021,12,17,4,43.65482233502538,Media,16082
4652,2023-09-24,Usulutan,Montaña,197,139,222,2023,9,24,3,70.55837563451777,Alta,30858
4653,2022-01-18,Ahuachapan,Ciudad,116,105,236,2022,1,18,1,90.51724137931035,Alta,24780
4655,2024-04-05,La Libertad,Montaña,141,73,247,2024,4,5,2,51.77304964539007,Media,18031
4656,2023-07-02,San Salvador,Rural,150,92,100,2023,7,2,3,61.33333333333333,Media,9200
4659,2022-09-08,La Libertad,Rural,161,156,188,2022,9,8,3,96.8944099378882,Alta,29328
4660,2023-11-01,Santa Ana,Playa,81,71,216,2023,11,1,4,87.65432098765432,Alta,15336
4661,2022-05-01,San Miguel,Rural,150,17,181,2022,5,1,2,11.333333333333332,Baja,3077
4664,2021-02-17,San Salvador,Ciudad,172,7,241,2021,2,17,1,4.069767441860465,Baja,1687
4665,2021-01-25,La Libertad,Playa,148,142,86,2021,1,25,1,95.94594594594594,Alta,12212
4666,2021-03-17,Usulutan,Ciudad,147,71,38,2021,3,17,1,48.29931972789115,Media,2698
4669,2023-05-30,Usulutan,Rural,151,148,197,2023,5,30,2,98.01324503311258,Alta,29156
4670,2023-05-28,San Miguel,Playa,148,142,175,2023,5,28,2,95.94594594594594,Alta,24850
4671,2022-01-30,Usulutan,Ciudad,187,161,189,2022,1,30,1,86.09625668449198,Alta,30429
4672,2024-12-01,Santa Ana,Ciudad,157,95,138,2024,12,1,4,60.509554140127385,Media,13110
4674,2022-02-17,Ahuachapan,Montaña,155,142,65,2022,2,17,1,91.61290322580645,Alta,9230
4675,2024-09-18,Sonsonate,Ciudad,88,27,37,2024,9,18,3,30.681818181818183,Baja,999
4676,2021-05-02,Usulutan,Ciudad,131,92,81,2021,5,2,2,70.22900763358778,Alta,7452
4677,2024-06-23,San Miguel,Ciudad,98,15,132,2024,6,23,2,15.306122448979592,Baja,1980
4678,2022-11-12,Santa Ana,Ciudad,190,107,90,2022,11,12,4,56.315789473684205,Media,9630
4679,2024-09-12,San Miguel,Ciudad,62,23,120,2024,9,12,3,37.096774193548384,Baja,2760
4680,2023-08-17,Ahuachapan,Ciudad,152,90,186,2023,8,17,3,59.210526315789465,Media,16740
4681,2021-08-08,Sonsonate,Rural,152,101,189,2021,8,8,3,66.44736842105263,Media,19089
4682,2021-11-05,Sonsonate,Rural,145,102,135,2021,11,5,4,70.34482758620689,Alta,13770
4685,2024-03-28,Santa Ana,Ciudad,198,96,229,2024,3,28,1,48.484848484848484,Media,21984
4688,2021-07-19,Ahuachapan,Montaña,135,30,37,2021,7,19,3,22.22222222222222,Baja,1110
4689,2023-04-19,Ahuachapan,Playa,106,69,62,2023,4,19,2,65.09433962264151,Media,4278
4690,2024-08-28,San Miguel,Playa,104,67,136,2024,8,28,3,64.42307692307693,Media,9112
4691,2024-04-01,San Miguel,Rural,58,49,213,2024,4,1,2,84.48275862068965,Alta,10437
4693,2023-03-05,San Miguel,Ciudad,100,75,108,2023,3,5,1,75.0,Alta,8100
4694,2023-10-15,San Miguel,Ciudad,195,153,207,2023,10,15,4,78.46153846153847,Alta,31671
4696,2024-02-09,Santa Ana,Playa,26,7,137,2024,2,9,1,26.923076923076923,Baja,959
4698,2024-12-15,San Salvador,Montaña,78,12,166,2024,12,15,4,15.384615384615385,Baja,1992
4699,2023-05-30,La Libertad,Playa,174,152,170,2023,5,30,2,87.35632183908046,Alta,25840
4701,2022-03-29,San Salvador,Playa,153,79,127,2022,3,29,1,51.633986928104584,Media,10033
4704,2023-05-18,San Miguel,Montaña,120,40,85,2023,5,18,2,33.33333333333333,Baja,3400
4708,2023-08-08,Usulutan,Rural,173,140,36,2023,8,8,3,80.92485549132948,Alta,5040
4711,2022-10-24,Santa Ana,Rural,156,77,222,2022,10,24,4,49.358974358974365,Media,17094
4713,2023-09-05,La Paz,Montaña,166,66,236,2023,9,5,3,39.75903614457831,Baja,15576
4715,2023-12-12,Ahuachapan,Rural,109,103,191,2023,12,12,4,94.4954128440367,Alta,19673
4717,2022-04-11,Santa Ana,Playa,198,143,135,2022,4,11,2,72.22222222222221,Alta,19305
4718,2024-04-13,Santa Ana,Playa,77,44,117,2024,4,13,2,57.14285714285714,Media,5148
4719,2023-08-30,San Salvador,Rural,154,76,197,2023,8,30,3,49.35064935064935,Media,14972
4722,2023-03-31,Santa Ana,Playa,64,41,176,2023,3,31,1,64.0625,Media,7216
4723,2023-12-28,Usulutan,Ciudad,183,151,242,2023,12,28,4,82.5136612021858,Alta,36542
4724,2022-04-05,Sonsonate,Montaña,107,33,90,2022,4,5,2,30.8411214953271,Baja,2970
4725,2023-10-11,La Libertad,Ciudad,198,30,156,2023,10,11,4,15.151515151515152,Baja,4680
4728,2024-08-14,Santa Ana,Ciudad,189,151,200,2024,8,14,3,79.8941798941799,Alta,30200
4730,2023-07-24,Sonsonate,Montaña,124,28,98,2023,7,24,3,22.58064516129032,Baja,2744
4731,2023-12-30,San Salvador,Montaña,191,134,222,2023,12,30,4,70.15706806282722,Alta,29748
4732,2021-05-12,Ahuachapan,Ciudad,154,90,113,2021,5,12,2,58.44155844155844,Media,10170
4733,2022-03-05,La Libertad,Playa,101,80,137,2022,3,5,1,79.20792079207921,Alta,10960
4738,2024-04-25,Usulutan,Playa,192,38,84,2024,4,25,2,19.791666666666664,Baja,3192
4739,2023-11-08,Sonsonate,Ciudad,187,134,87,2023,11,8,4,71.65775401069519,Alta,11658
4740,2021-03-16,Sonsonate,Rural,168,149,69,2021,3,16,1,88.69047619047619,Alta,10281
4741,2023-08-24,Sonsonate,Playa,83,62,175,2023,8,24,3,74.69879518072288,Alta,10850
4744,2023-05-18,Sonsonate,Playa,172,137,82,2023,5,18,2,79.65116279069767,Alta,11234
4745,2023-09-23,La Paz,Playa,94,31,95,2023,9,23,3,32.97872340425532,Baja,2945
4747,2022-06-25,La Paz,Playa,55,13,80,2022,6,25,2,23.636363636363637,Baja,1040
4748,2021-04-27,La Libertad,Montaña,173,121,180,2021,4,27,2,69.94219653179191,Media,21780
4749,2023-03-22,Santa Ana,Playa,141,66,100,2023,3,22,1,46.808510638297875,Media,6600
4750,2022-10-24,Ahuachapan,Rural,172,43,199,2022,10,24,4,25.0,Baja,8557
4751,2021-11-27,Santa Ana,Rural,118,94,187,2021,11,27,4,79.66101694915254,Alta,17578
4754,2024-09-15,Santa Ana,Montaña,138,116,62,2024,9,15,3,84.05797101449275,Alta,7192
4755,2021-04-05,San Salvador,Rural,172,116,169,2021,4,5,2,67.44186046511628,Media,19604
4758,2021-04-05,La Libertad,Rural,125,78,213,2021,4,5,2,62.4,Media,16614
4759,2021-07-15,Sonsonate,Rural,152,62,172,2021,7,15,3,40.78947368421053,Media,10664
4762,2022-07-22,San Salvador,Rural,131,35,74,2022,7,22,3,26.717557251908396,Baja,2590
4764,2021-02-10,San Salvador,Playa,196,163,176,2021,2,10,1,83.16326530612244,Alta,28688
4765,2021-03-01,La Libertad,Playa,89,8,168,2021,3,1,1,8.98876404494382,Baja,1344
4766,2021-06-28,Ahuachapan,Ciudad,162,64,196,2021,6,28,2,39.50617283950617,Baja,12544
4767,2021-02-26,Santa Ana,Rural,187,97,157,2021,2,26,1,51.87165775401069,Media,15229
4768,2021-02-19,Sonsonate,Rural,87,7,228,2021,2,19,1,8.045977011494253,Baja,1596
4772,2022-05-10,San Salvador,Playa,141,33,86,2022,5,10,2,23.404255319148938,Baja,2838
4774,2024-07-06,Santa Ana,Playa,80,25,95,2024,7,6,3,31.25,Baja,2375
4775,2021-08-10,San Salvador,Playa,166,165,228,2021,8,10,3,99.3975903614458,Alta,37620
4776,2021-12-03,La Libertad,Ciudad,132,125,89,2021,12,3,4,94.6969696969697,Alta,11125
4777,2021-11-09,San Salvador,Playa,117,117,203,2021,11,9,4,100.0,Alta,23751
4778,2024-07-31,La Paz,Rural,193,142,207,2024,7,31,3,73.57512953367875,Alta,29394
4779,2024-02-22,La Paz,Rural,190,120,127,2024,2,22,1,63.1578947368421,Media,15240
4780,2023-02-09,San Miguel,Montaña,175,97,125,2023,2,9,1,55.42857142857143,Media,12125
4784,2023-08-11,Ahuachapan,Montaña,190,103,246,2023,8,11,3,54.21052631578947,Media,25338
4785,2021-12-31,Sonsonate,Playa,131,86,192,2021,12,31,4,65.64885496183206,Media,16512
4786,2021-06-05,Ahuachapan,Ciudad,156,111,183,2021,6,5,2,71.15384615384616,Alta,20313
4788,2024-11-01,San Miguel,Playa,101,82,195,2024,11,1,4,81.1881188118812,Alta,15990
4789,2023-05-12,San Miguel,Ciudad,181,59,161,2023,5,12,2,32.59668508287293,Baja,9499
4790,2021-12-16,Santa Ana,Ciudad,155,119,245,2021,12,16,4,76.77419354838709,Alta,29155
4794,2022-02-24,Ahuachapan,Ciudad,167,146,44,2022,2,24,1,87.42514970059881,Alta,6424
4796,2022-06-28,Sonsonate,Ciudad,164,95,213,2022,6,28,2,57.92682926829268,Media,20235
4798,2022-11-02,San Miguel,Ciudad,151,125,55,2022,11,2,4,82.78145695364239,Alta,6875
4799,2023-01-10,Usulutan,Ciudad,127,66,97,2023,1,10,1,51.96850393700787,Media,6402
4800,2024-04-25,La Paz,Ciudad,24,8,156,2024,4,25,2,33.33333333333333,Baja,1248
4802,2023-12-15,Santa Ana,Montaña,94,53,43,2023,12,15,4,56.38297872340425,Media,2279
4804,2021-09-28,La Libertad,Montaña,183,13,43,2021,9,28,3,7.103825136612022,Baja,559
4806,2021-09-21,San Salvador,Rural,54,33,169,2021,9,21,3,61.111111111111114,Media,5577
4807,2022-10-08,Sonsonate,Montaña,171,93,90,2022,10,8,4,54.385964912280706,Media,8370
4810,2021-04-21,Sonsonate,Montaña,90,42,212,2021,4,21,2,46.666666666666664,Media,8904
4813,2022-08-11,Usulutan,Ciudad,133,96,68,2022,8,11,3,72.18045112781954,Alta,6528
4815,2021-03-23,Ahuachapan,Ciudad,95,19,244,2021,3,23,1,20.0,Baja,4636
4816,2023-02-28,San Salvador,Montaña,151,87,137,2023,2,28,1,57.615894039735096,Media,11919
4817,2024-07-07,La Paz,Montaña,105,63,196,2024,7,7,3,60.0,Media,12348
4818,2023-03-08,Sonsonate,Playa,133,105,79,2023,3,8,1,78.94736842105263,Alta,8295
4820,2021-06-28,La Libertad,Playa,153,87,154,2021,6,28,2,56.86274509803921,Media,13398
4821,2021-03-24,San Miguel,Rural,105,34,174,2021,3,24,1,32.38095238095238,Baja,5916
4823,2023-08-20,La Libertad,Rural,106,20,232,2023,8,20,3,18.867924528301888,Baja,4640
4824,2022-12-01,Usulutan,Rural,63,21,148,2022,12,1,4,33.33333333333333,Baja,3108
4826,2022-01-09,San Salvador,Playa,132,63,228,2022,1,9,1,47.72727272727273,Media,14364
4827,2023-11-30,San Miguel,Montaña,195,127,132,2023,11,30,4,65.12820512820512,Media,16764
4828,2021-01-15,La Libertad,Montaña,154,104,239,2021,1,15,1,67.53246753246754,Media,24856
4829,2021-07-25,La Libertad,Ciudad,149,83,65,2021,7,25,3,55.70469798657718,Media,5395
4830,2023-04-06,Santa Ana,Rural,181,106,239,2023,4,6,2,58.5635359116022,Media,25334
4831,2023-11-06,San Salvador,Rural,182,170,131,2023,11,6,4,93.4065934065934,Alta,22270
4832,2024-09-23,San Salvador,Playa,115,11,39,2024,9,23,3,9.565217391304348,Baja,429
4835,2021-05-18,Ahuachapan,Ciudad,157,91,41,2021,5,18,2,57.961783439490446,Media,3731
4836,2023-03-10,Usulutan,Playa,83,52,130,2023,3,10,1,62.65060240963856,Media,6760
4838,2023-12-30,Sonsonate,Rural,102,23,225,2023,12,30,4,22.54901960784314,Baja,5175
4839,2021-03-24,La Paz,Ciudad,159,99,211,2021,3,24,1,62.264150943396224,Media,20889
4841,2023-02-26,Ahuachapan,Playa,179,101,84,2023,2,26,1,56.424581005586596,Media,8484
4842,2023-01-21,La Paz,Montaña,127,16,225,2023,1,21,1,12.598425196850393,Baja,3600
4843,2021-09-03,Usulutan,Montaña,134,133,40,2021,9,3,3,99.25373134328358,Alta,5320
4844,2022-03-29,Usulutan,Playa,97,90,210,2022,3,29,1,92.78350515463917,Alta,18900
4846,2024-02-24,Santa Ana,Montaña,172,51,147,2024,2,24,1,29.651162790697676,Baja,7497
4847,2022-05-03,Ahuachapan,Ciudad,193,77,226,2022,5,3,2,39.89637305699482,Baja,17402
4848,2023-12-31,La Libertad,Montaña,158,97,112,2023,12,31,4,61.39240506329114,Media,10864
4849,2022-12-08,La Libertad,Playa,112,93,117,2022,12,8,4,83.03571428571429,Alta,10881
4850,2022-07-22,La Paz,Rural,151,19,39,2022,7,22,3,12.582781456953644,Baja,741
4852,2024-05-03,La Libertad,Rural,197,5,121,2024,5,3,2,2.5380710659898478,Baja,605
4856,2022-07-06,Santa Ana,Montaña,124,113,57,2022,7,6,3,91.12903225806451,Alta,6441
4857,2023-01-19,San Salvador,Ciudad,180,157,108,2023,1,19,1,87.22222222222223,Alta,16956
4859,2023-07-25,Usulutan,Ciudad,175,58,39,2023,7,25,3,33.14285714285714,Baja,2262
4862,2023-04-21,Usulutan,Playa,142,47,206,2023,4,21,2,33.098591549295776,Baja,9682
4864,2023-02-23,La Libertad,Playa,176,69,84,2023,2,23,1,39.20454545454545,Baja,5796
4865,2024-11-27,Ahuachapan,Ciudad,175,148,205,2024,11,27,4,84.57142857142857,Alta,30340
4866,2024-05-06,Usulutan,Montaña,166,52,64,2024,5,6,2,31.32530120481928,Baja,3328
4867,2022-03-25,La Paz,Montaña,150,140,91,2022,3,25,1,93.33333333333333,Alta,12740
4868,2024-03-28,La Paz,Rural,153,97,133,2024,3,28,1,63.39869281045751,Media,12901
4870,2024-06-17,Santa Ana,Rural,196,6,213,2024,6,17,2,3.061224489795918,Baja,1278
4871,2024-09-11,San Salvador,Playa,192,150,200,2024,9,11,3,78.125,Alta,30000
4872,2022-08-29,Ahuachapan,Ciudad,114,67,196,2022,8,29,3,58.77192982456141,Media,13132
4875,2021-08-24,San Salvador,Montaña,190,65,185,2021,8,24,3,34.21052631578947,Baja,12025
4876,2024-05-30,San Salvador,Rural,123,120,79,2024,5,30,2,97.5609756097561,Alta,9480
4877,2021-01-20,Santa Ana,Montaña,188,40,50,2021,1,20,1,21.27659574468085,Baja,2000
4878,2024-02-12,La Libertad,Ciudad,199,173,238,2024,2,12,1,86.93467336683418,Alta,41174
4879,2021-09-06,Ahuachapan,Rural,197,75,118,2021,9,6,3,38.07106598984771,Baja,8850
4880,2024-02-09,San Salvador,Montaña,123,108,129,2024,2,9,1,87.8048780487805,Alta,13932
4882,2022-12-22,La Paz,Rural,95,36,136,2022,12,22,4,37.89473684210527,Baja,4896
4885,2024-03-18,Sonsonate,Ciudad,55,30,171,2024,3,18,1,54.54545454545454,Media,5130
4887,2022-04-21,Santa Ana,Rural,55,11,93,2022,4,21,2,20.0,Baja,1023
4889,2024-03-31,San Miguel,Rural,172,48,170,2024,3,31,1,27.906976744186046,Baja,8160
4890,2023-10-21,Usulutan,Montaña,131,51,199,2023,10,21,4,38.93129770992366,Baja,10149
4892,2023-05-01,Sonsonate,Montaña,97,46,249,2023,5,1,2,47.42268041237113,Media,11454
4893,2022-01-01,Usulutan,Ciudad,48,40,210,2022,1,1,1,83.33333333333334,Alta,8400
4894,2021-03-25,La Libertad,Playa,128,20,150,2021,3,25,1,15.625,Baja,3000
4896,2024-10-10,La Paz,Playa,147,124,78,2024,10,10,4,84.35374149659864,Alta,9672
4897,2024-07-23,La Paz,Ciudad,160,120,43,2024,7,23,3,75.0,Alta,5160
4899,2022-09-25,San Salvador,Ciudad,191,29,143,2022,9,25,3,15.18324607329843,Baja,4147
4900,2022-03-09,San Salvador,Rural,173,143,128,2022,3,9,1,82.65895953757226,Alta,18304
4901,2023-02-22,Ahuachapan,Rural,139,96,64,2023,2,22,1,69.06474820143885,Media,6144
4902,2022-06-29,Ahuachapan,Montaña,190,24,211,2022,6,29,2,12.631578947368421,Baja,5064
4903,2023-09-18,Ahuachapan,Playa,134,29,169,2023,9,18,3,21.641791044776117,Baja,4901
4904,2021-06-16,San Miguel,Montaña,92,60,116,2021,6,16,2,65.21739130434783,Media,6960
4905,2021-09-30,Santa Ana,Playa,84,64,219,2021,9,30,3,76.19047619047619,Alta,14016
4906,2023-02-25,San Salvador,Playa,84,12,215,2023,2,25,1,14.285714285714285,Baja,2580
4907,2024-12-18,La Libertad,Rural,73,22,51,2024,12,18,4,30.136986301369863,Baja,1122
4909,2024-04-14,San Salvador,Montaña,145,96,246,2024,4,14,2,66.20689655172414,Media,23616
4910,2021-08-21,Usulutan,Playa,195,114,204,2021,8,21,3,58.46153846153847,Media,23256
4911,2023-07-15,Usulutan,Playa,97,26,139,2023,7,15,3,26.804123711340207,Baja,3614
4912,2021-03-07,Sonsonate,Montaña,115,100,122,2021,3,7,1,86.95652173913044,Alta,12200
4913,2021-08-22,Santa Ana,Playa,47,24,143,2021,8,22,3,51.06382978723404,Media,3432
4914,2022-08-19,Ahuachapan,Montaña,155,14,106,2022,8,19,3,9.032258064516128,Baja,1484
4915,2024-01-20,Sonsonate,Rural,198,160,149,2024,1,20,1,80.8080808080808,Alta,23840
4916,2023-12-19,La Libertad,Playa,136,9,189,2023,12,19,4,6.61764705882353,Baja,1701
4919,2024-09-06,Sonsonate,Rural,129,84,144,2024,9,6,3,65.11627906976744,Media,12096
4920,2024-01-23,Usulutan,Ciudad,150,109,180,2024,1,23,1,72.66666666666667,Alta,19620
4921,2024-05-29,Santa Ana,Playa,187,108,185,2024,5,29,2,57.75401069518716,Media,19980
4922,2024-01-05,Ahuachapan,Playa,49,13,172,2024,1,5,1,26.53061224489796,Baja,2236
4925,2022-04-09,San Salvador,Playa,158,105,203,2022,4,9,2,66.45569620253164,Media,21315
4926,2022-12-06,San Miguel,Rural,118,17,91,2022,12,6,4,14.40677966101695,Baja,1547
4928,2024-04-05,La Libertad,Montaña,106,71,106,2024,4,5,2,66.98113207547169,Media,7526
4935,2021-04-19,Usulutan,Playa,70,26,125,2021,4,19,2,37.142857142857146,Baja,3250
4936,2024-10-17,La Libertad,Ciudad,120,36,38,2024,10,17,4,30.0,Baja,1368
4939,2024-01-01,Santa Ana,Ciudad,116,56,55,2024,1,1,1,48.275862068965516,Media,3080
4940,2021-03-22,La Paz,Ciudad,172,53,102,2021,3,22,1,30.813953488372093,Baja,5406
4942,2023-09-15,Sonsonate,Montaña,109,82,44,2023,9,15,3,75.22935779816514,Alta,3608
4943,2021-09-04,Usulutan,Rural,107,48,128,2021,9,4,3,44.85981308411215,Media,6144
4949,2023-04-21,Ahuachapan,Ciudad,58,24,172,2023,4,21,2,41.37931034482759,Media,4128
4950,2023-09-20,Santa Ana,Playa,68,39,106,2023,9,20,3,57.35294117647059,Media,4134
4951,2024-09-04,Santa Ana,Ciudad,184,25,150,2024,9,4,3,13.586956521739129,Baja,3750
4954,2021-10-13,Ahuachapan,Ciudad,63,18,65,2021,10,13,4,28.57142857142857,Baja,1170
4956,2022-04-13,San Miguel,Rural,192,95,129,2022,4,13,2,49.47916666666667,Media,12255
4957,2024-05-07,San Miguel,Montaña,94,40,137,2024,5,7,2,42.5531914893617,Media,5480
4958,2023-07-26,Santa Ana,Montaña,56,55,53,2023,7,26,3,98.21428571428571,Alta,2915
4959,2021-04-30,San Salvador,Ciudad,139,29,107,2021,4,30,2,20.863309352517987,Baja,3103
4960,2023-03-20,San Miguel,Montaña,152,76,166,2023,3,20,1,50.0,Media,12616
4961,2023-07-02,Ahuachapan,Playa,143,94,213,2023,7,2,3,65.73426573426573,Media,20022
4962,2021-08-16,Santa Ana,Montaña,178,140,41,2021,8,16,3,78.65168539325843,Alta,5740
4963,2023-01-17,Sonsonate,Ciudad,108,70,222,2023,1,17,1,64.81481481481481,Media,15540
4964,2022-08-01,La Paz,Playa,43,30,177,2022,8,1,3,69.76744186046511,Media,5310
4966,2021-02-24,Ahuachapan,Rural,93,23,204,2021,2,24,1,24.731182795698924,Baja,4692
4967,2021-07-30,La Libertad,Playa,187,27,171,2021,7,30,3,14.43850267379679,Baja,4617
4969,2023-02-03,Santa Ana,Montaña,160,160,152,2023,2,3,1,100.0,Alta,24320
4972,2022-10-02,Sonsonate,Playa,159,139,164,2022,10,2,4,87.42138364779875,Alta,22796
4974,2023-10-07,Ahuachapan,Montaña,144,5,64,2023,10,7,4,3.4722222222222223,Baja,320
4975,2024-04-03,Usulutan,Rural,130,71,222,2024,4,3,2,54.61538461538461,Media,15762
4976,2023-07-14,Ahuachapan,Ciudad,109,31,45,2023,7,14,3,28.440366972477065,Baja,1395
4977,2023-01-13,Ahuachapan,Playa,188,29,196,2023,1,13,1,15.425531914893616,Baja,5684
4978,2022-10-17,Ahuachapan,Playa,142,123,181,2022,10,17,4,86.61971830985915,Alta,22263
4979,2021-05-28,San Miguel,Rural,193,45,137,2021,5,28,2,23.316062176165804,Baja,6165
4981,2021-08-18,La Libertad,Montaña,195,57,190,2021,8,18,3,29.230769230769234,Baja,10830
4982,2021-04-26,San Miguel,Ciudad,113,79,61,2021,4,26,2,69.91150442477876,Media,4819
4983,2022-08-28,San Salvador,Playa,83,36,104,2022,8,28,3,43.373493975903614,Media,3744
4985,2022-02-27,Santa Ana,Playa,180,110,44,2022,2,27,1,61.111111111111114,Media,4840
4986,2023-11-07,Usulutan,Ciudad,47,19,127,2023,11,7,4,40.42553191489361,Media,2413
4988,2023-07-15,La Libertad,Ciudad,191,46,183,2023,7,15,3,24.083769633507853,Baja,8418
4989,2023-11-06,Ahuachapan,Rural,38,32,108,2023,11,6,4,84.21052631578947,Alta,3456
4990,2021-05-28,Sonsonate,Ciudad,195,68,144,2021,5,28,2,34.87179487179487,Baja,9792
4991,2021-09-24,La Libertad,Ciudad,189,165,113,2021,9,24,3,87.3015873015873,Alta,18645
4992,2024-10-08,San Salvador,Montaña,151,22,78,2024,10,8,4,14.56953642384106,Baja,1716
4993,2022-11-16,Ahuachapan,Montaña,60,53,42,2022,11,16,4,88.33333333333333,Alta,2226
4994,2022-05-17,Santa Ana,Playa,187,48,239,2022,5,17,2,25.668449197860966,Baja,11472
4995,2022-11-05,Sonsonate,Playa,169,5,160,2022,11,5,4,2.9585798816568047,Baja,800
4997,2021-01-02,La Libertad,Ciudad,191,128,183,2021,1,2,1,67.01570680628272,Media,23424
4998,2024-06-15,Sonsonate,Playa,176,141,91,2024,6,15,2,80.11363636363636,Alta,12831
4999,2023-01-14,Santa Ana,Rural,54,32,46,2023,1,14,1,59.25925925925925,Media,1472
5000,2023-04-29,Santa Ana,Montaña,188,110,208,2023,4,29,2,58.51063829787234,Media,22880
